{"config_name": "clock_0days",
 "long": {"backwards_tp": true,
          "delay_between_fills_minutes_close": 420.7916922997534,
          "delay_between_fills_minutes_entry": 479.99197514605663,
          "delay_weight_close": 115.345782135551,
          "delay_weight_entry": 16.157529017299783,
          "ema_dist_close": -0.005425971199040074,
          "ema_dist_entry": -0.004574660018624804,
          "ema_span_0": 2200,
          "ema_span_1": 16.2884567652503,
          "enabled": true,
          "markup_range": 0.03417782735359405,
          "min_markup": 0.01,
          "n_close_orders": 3,
          "qty_pct_close": 0.014738907352740098,
          "qty_pct_entry": 0.011289934867335311,
          "wallet_exposure_limit": 0.3,
          "we_multiplier_close": 103.16410864525352,
          "we_multiplier_entry": 51.80513848855706},
 "short": {"backwards_tp": true,
           "delay_between_fills_minutes_close": 112.88136394038601,
           "delay_between_fills_minutes_entry": 1020.8252241629156,
           "delay_weight_close": 27.016067782043805,
           "delay_weight_entry": 19.900415817114194,
           "ema_dist_close": -0.004892584604568151,
           "ema_dist_entry": 0.004981056330129727,
           "ema_span_0": 541.9230478639483,
           "ema_span_1": 805.069600231018,
           "enabled": false,
           "markup_range": 0.09047865718798276,
           "min_markup": 0.0313143117019766,
           "n_close_orders": 13,
           "qty_pct_close": 0.7346369044117367,
           "qty_pct_entry": 0.388701336025202,
           "wallet_exposure_limit": 1.0,
           "we_multiplier_close": 6.6801039180578625,
           "we_multiplier_entry": 5.856386668005332}}