{"config_name": "recursive_grid_0days",
 "logging_level": 0,
 "long": {"auto_unstuck_ema_dist": 0,
          "auto_unstuck_wallet_exposure_threshold": 0.08118094183344142,
          "backwards_tp": true,
          "ddown_factor": 2.5813552801691495,
          "ema_span_0": 267.36957200614825,
          "ema_span_1": 1120.4266120111595,
          "enabled": true,
          "initial_eprice_ema_dist": 0.007594847074424942,
          "initial_qty_pct": 0.01158977755239063,
          "markup_range": 0.002405520945712619,
          "min_markup": 0.005531834104714597,
          "n_close_orders": 8,
          "rentry_pprice_dist": 0.026064509350476883,
          "rentry_pprice_dist_wallet_exposure_weighting": 3.684553232010556,
          "wallet_exposure_limit": 0.3},
 "short": {"auto_unstuck_ema_dist": -0.005640388115893208,
           "auto_unstuck_wallet_exposure_threshold": 0.0586539784481637,
           "backwards_tp": true,
           "ddown_factor": 0.9224353447083955,
           "ema_span_0": 102.11197164454681,
           "ema_span_1": 661.5638595505491,
           "enabled": false,
           "initial_eprice_ema_dist": -0.06940719701868213,
           "initial_qty_pct": 0.026488050166687198,
           "markup_range": 0.01573205953328247,
           "min_markup": 0.005472837382335756,
           "n_close_orders": 10,
           "rentry_pprice_dist": 0.01560265326372862,
           "rentry_pprice_dist_wallet_exposure_weighting": 0.0,
           "wallet_exposure_limit": 1.0}}