{"config_name": "recursive_grid_0days",
 "logging_level": 0,
 "long": {"auto_unstuck_ema_dist": -0.008343641272734695,
          "auto_unstuck_wallet_exposure_threshold": 0.0780827002148775,
          "backwards_tp": true,
          "ddown_factor": 2.710270487627244,
          "ema_span_0": 272.9668269269803,
          "ema_span_1": 816.3995517118658,
          "enabled": true,
          "initial_eprice_ema_dist": -0.004018936413816894,
          "initial_qty_pct": 0.012714939597683947,
          "markup_range": 0.018695679408955716,
          "min_markup": 0.009925764482408917,
          "n_close_orders": 3,
          "rentry_pprice_dist": 0.04946008200281878,
          "rentry_pprice_dist_wallet_exposure_weighting": 0.0,
          "wallet_exposure_limit": 1},
 "short": {"auto_unstuck_ema_dist": -0.04264948493872396,
           "auto_unstuck_wallet_exposure_threshold": 0.07750404832729134,
           "backwards_tp": true,
           "ddown_factor": 0.8095202390375208,
           "ema_span_0": 657.6234483155157,
           "ema_span_1": 1050.7525183781436,
           "enabled": false,
           "initial_eprice_ema_dist": -0.0790604777516306,
           "initial_qty_pct": 0.0955184792260325,
           "markup_range": 0.005835388367642469,
           "min_markup": 0.009274633244988725,
           "n_close_orders": 6,
           "rentry_pprice_dist": 0.02553413380211217,
           "rentry_pprice_dist_wallet_exposure_weighting": 33.076450824081,
           "wallet_exposure_limit": 1}}