{"config_name": "clock_0days",
 "long": {"backwards_tp": true,
          "delay_between_fills_minutes_close": 435.4894749705317,
          "delay_between_fills_minutes_entry": 277.6882688945963,
          "delay_weight_close": 93.28797762981637,
          "delay_weight_entry": 37.64157326496503,
          "ema_dist_close": -0.7183879923389778,
          "ema_dist_entry": 0.00647623553789707,
          "ema_span_0": 144.86861382018833,
          "ema_span_1": 154.44333151871405,
          "enabled": true,
          "markup_range": 0.020131685933440734,
          "min_markup": 0.005694682223733889,
          "n_close_orders": 2,
          "qty_pct_close": 0.012222964379983478,
          "qty_pct_entry": 0.01911472179342799,
          "wallet_exposure_limit": 0.3,
          "we_multiplier_close": 13.42754258363813,
          "we_multiplier_entry": 136.6549862190828},
 "short": {"backwards_tp": true,
           "delay_between_fills_minutes_close": 35.01163260394691,
           "delay_between_fills_minutes_entry": 1335.0049927072982,
           "delay_weight_close": 37.62488693607725,
           "delay_weight_entry": 4.9606915594652135,
           "ema_dist_close": 0.0065848613179531335,
           "ema_dist_entry": -0.02904197346087668,
           "ema_span_0": 542.341032021436,
           "ema_span_1": 433.57806640596885,
           "enabled": false,
           "markup_range": 0.028535993226869383,
           "min_markup": 0.01949980070259305,
           "n_close_orders": 4,
           "qty_pct_close": 0.2167216099871531,
           "qty_pct_entry": 0.9501103419675342,
           "wallet_exposure_limit": 1.0,
           "we_multiplier_close": 6.9836082495735585,
           "we_multiplier_entry": 42.78763494519745}}