{"config_name": "neat_grid_0days",
 "logging_level": 0,
 "long": {"auto_unstuck_ema_dist": 0.0015803822863177282,
          "auto_unstuck_wallet_exposure_threshold": 0.03,
          "backwards_tp": false,
          "ema_span_0": 621.6232486969974,
          "ema_span_1": 1219.109549293251,
          "enabled": true,
          "eprice_exp_base": 1.0670539715816332,
          "eqty_exp_base": 1.3990395398010986,
          "grid_span": 0.16065711688201362,
          "initial_eprice_ema_dist": -0.004225112202729977,
          "initial_qty_pct": 0.01,
          "markup_range": 0.004609125325647667,
          "max_n_entry_orders": 13,
          "min_markup": 0.004275,
          "n_close_orders": 1,
          "wallet_exposure_limit": 0.2},
 "short": {"auto_unstuck_ema_dist": 0.0010856722336077956,
           "auto_unstuck_wallet_exposure_threshold": 0.055923736632900733,
           "backwards_tp": false,
           "ema_span_0": 872.9897424339508,
           "ema_span_1": 449.2442701305246,
           "enabled": false,
           "eprice_exp_base": 2.9491662762901507,
           "eqty_exp_base": 1.1872258331050416,
           "grid_span": 0.17080447343866884,
           "initial_eprice_ema_dist": -0.021138699630336294,
           "initial_qty_pct": 0.02493271851416664,
           "markup_range": 0.016398837077037532,
           "max_n_entry_orders": 7,
           "min_markup": 0.009301720723679453,
           "n_close_orders": 3,
           "wallet_exposure_limit": 1.0}}