{"config_name": "recursive_grid_0days",
 "logging_level": 0,
 "long": {"auto_unstuck_ema_dist": -0.00394691716574386,
          "auto_unstuck_wallet_exposure_threshold": 0.05,
          "backwards_tp": true,
          "ddown_factor": 1.4541105001657455,
          "ema_span_0": 405.9517163778991,
          "ema_span_1": 568.8328722061436,
          "enabled": true,
          "initial_eprice_ema_dist": 0.0038627282919322754,
          "initial_qty_pct": 0.02963323749229309,
          "markup_range": 0.005928750133030108,
          "min_markup": 0.002058624070461931,
          "n_close_orders": 3,
          "rentry_pprice_dist": 0.022747632249036157,
          "rentry_pprice_dist_wallet_exposure_weighting": 5.559260491985323,
          "wallet_exposure_limit": 0.3},
 "short": {"auto_unstuck_ema_dist": -0.07905060584121754,
           "auto_unstuck_wallet_exposure_threshold": 0.032591819330101135,
           "backwards_tp": true,
           "ddown_factor": 0.5541974535304381,
           "ema_span_0": 354.2603810226659,
           "ema_span_1": 799.8169108225026,
           "enabled": false,
           "initial_eprice_ema_dist": -0.053595896852668475,
           "initial_qty_pct": 0.09572310753727654,
           "markup_range": 0.027872259094029704,
           "min_markup": 0.007481591263190432,
           "n_close_orders": 13,
           "rentry_pprice_dist": 0.028880496205304158,
           "rentry_pprice_dist_wallet_exposure_weighting": 11.912673789566002,
           "wallet_exposure_limit": 1.0}}