{"config_name": "neat_grid_0days",
 "logging_level": 0,
 "long": {"auto_unstuck_ema_dist": 0.003,
          "auto_unstuck_wallet_exposure_threshold": 0.045572062123964655,
          "backwards_tp": false,
          "ema_span_0": 1139.6172257485084,
          "ema_span_1": 1438.212372266457,
          "enabled": true,
          "eprice_exp_base": 1.1192002864774944,
          "eqty_exp_base": 1.8949718224016936,
          "grid_span": 0.14507424007124825,
          "initial_eprice_ema_dist": -0.005,
          "initial_qty_pct": 0.01,
          "markup_range": 0.006120949505170385,
          "max_n_entry_orders": 14,
          "min_markup": 0.004275,
          "n_close_orders": 1,
          "wallet_exposure_limit": 1},
 "short": {"auto_unstuck_ema_dist": -0.099327002876796,
           "auto_unstuck_wallet_exposure_threshold": 0.08482583930685392,
           "backwards_tp": false,
           "ema_span_0": 1398.593967847032,
           "ema_span_1": 160.25532591388003,
           "enabled": false,
           "eprice_exp_base": 1.9817107041492878,
           "eqty_exp_base": 1.140275824493403,
           "grid_span": 0.22012831923343917,
           "initial_eprice_ema_dist": -0.08939942955353268,
           "initial_qty_pct": 0.06672737132058891,
           "markup_range": 0.027910034544925997,
           "max_n_entry_orders": 16,
           "min_markup": 0.0014791941365302152,
           "n_close_orders": 5,
           "wallet_exposure_limit": 1}}