{"config_name": "recursive_grid_0days",
 "logging_level": 0,
 "long": {"auto_unstuck_ema_dist": 0.0029341306879201463,
          "auto_unstuck_wallet_exposure_threshold": 0.05460106256507687,
          "backwards_tp": true,
          "ddown_factor": 2.7271842207904577,
          "ema_span_0": 462.8065533924961,
          "ema_span_1": 675.4608506442701,
          "enabled": true,
          "initial_eprice_ema_dist": -0.01016242468575286,
          "initial_qty_pct": 0.01788448419860081,
          "markup_range": 0.004461039860023573,
          "min_markup": 0.006925817729596919,
          "n_close_orders": 3,
          "rentry_pprice_dist": 0.041729500702902426,
          "rentry_pprice_dist_wallet_exposure_weighting": 3.118377429856546,
          "wallet_exposure_limit": 0.3},
 "short": {"auto_unstuck_ema_dist": -0.04981814892113653,
           "auto_unstuck_wallet_exposure_threshold": 0.08015262704956119,
           "backwards_tp": true,
           "ddown_factor": 1.5996317809181133,
           "ema_span_0": 551.6956515254485,
           "ema_span_1": 502.3608452355102,
           "enabled": false,
           "initial_eprice_ema_dist": -0.05872741250206984,
           "initial_qty_pct": 0.01455251448501095,
           "markup_range": 0.042900893939094686,
           "min_markup": 0.009391373588853093,
           "n_close_orders": 5,
           "rentry_pprice_dist": 0.023630231236736,
           "rentry_pprice_dist_wallet_exposure_weighting": 31.739701347308472,
           "wallet_exposure_limit": 1.0}}