{"config_name": "clock_0days",
 "long": {"backwards_tp": true,
          "delay_between_fills_minutes_close": 494.52014710253405,
          "delay_between_fills_minutes_entry": 212.03850256043157,
          "delay_weight_close": 97.5247364420132,
          "delay_weight_entry": 28.00531902001058,
          "ema_dist_close": 0.0003321152177628815,
          "ema_dist_entry": 0.00892614409196212,
          "ema_span_0": 106.25211132933065,
          "ema_span_1": 166.36618228226675,
          "enabled": true,
          "markup_range": 0.016963430716261073,
          "min_markup": 0.009513987588696864,
          "n_close_orders": 4,
          "qty_pct_close": 0.01,
          "qty_pct_entry": 0.01,
          "wallet_exposure_limit": 0.3,
          "we_multiplier_close": 12.041264733607832,
          "we_multiplier_entry": 55.83571065399771},
 "short": {"backwards_tp": true,
           "delay_between_fills_minutes_close": 127.76230064654466,
           "delay_between_fills_minutes_entry": 105.2483563699179,
           "delay_weight_close": 83.06186139691795,
           "delay_weight_entry": 60.522001825359325,
           "ema_dist_close": -0.03560713026487208,
           "ema_dist_entry": -0.015264203686756829,
           "ema_span_0": 132.62044589267293,
           "ema_span_1": 1229.998142743682,
           "enabled": false,
           "markup_range": 0.07135299136968946,
           "min_markup": 0.035437660426492684,
           "n_close_orders": 9,
           "qty_pct_close": 0.653025420988565,
           "qty_pct_entry": 0.8172028209019774,
           "wallet_exposure_limit": 1.0,
           "we_multiplier_close": 8.189150909639093,
           "we_multiplier_entry": 56.38071150034369}}