{"config_name": "neat_grid_0days",
 "logging_level": 0,
 "long": {"auto_unstuck_ema_dist": 0.09188414376930536,
          "auto_unstuck_wallet_exposure_threshold": 0.5052460421870159,
          "backwards_tp": true,
          "ema_span_0": 1762.6617019853575,
          "ema_span_1": 3839.66080204957,
          "enabled": true,
          "eprice_exp_base": 1.1067842046639036,
          "eqty_exp_base": 1.5720011408369563,
          "grid_span": 0.40419438841490224,
          "initial_eprice_ema_dist": -0.056355215756120264,
          "initial_qty_pct": 0.01,
          "markup_range": 0.001939816679304613,
          "max_n_entry_orders": 8,
          "min_markup": 0.002785128846148415,
          "n_close_orders": 6,
          "wallet_exposure_limit": 0.1},
 "short": {"auto_unstuck_ema_dist": 0.07217169801023703,
           "auto_unstuck_wallet_exposure_threshold": 0.3833086707619443,
           "backwards_tp": true,
           "ema_span_0": 1137.0321210117809,
           "ema_span_1": 471.51741868645104,
           "enabled": true,
           "eprice_exp_base": 1.0721525144981665,
           "eqty_exp_base": 1.6666979104537103,
           "grid_span": 0.48778714785562616,
           "initial_eprice_ema_dist": -0.08381945447417066,
           "initial_qty_pct": 0.01,
           "markup_range": 0.0019412810481285506,
           "max_n_entry_orders": 7,
           "min_markup": 0.0029665623762459444,
           "n_close_orders": 6,
           "wallet_exposure_limit": 0.1}}