{"config_name": "neat_grid_0days",
 "logging_level": 0,
 "long": {"auto_unstuck_ema_dist": 0.003,
          "auto_unstuck_wallet_exposure_threshold": 0.03,
          "backwards_tp": false,
          "ema_span_0": 765.6077547734601,
          "ema_span_1": 855.5763318071914,
          "enabled": true,
          "eprice_exp_base": 1.1663579622936393,
          "eqty_exp_base": 1.447698912550529,
          "grid_span": 0.19246915643865703,
          "initial_eprice_ema_dist": -0.003130049879173729,
          "initial_qty_pct": 0.01,
          "markup_range": 0.002201488596583608,
          "max_n_entry_orders": 4,
          "min_markup": 0.004271159411114895,
          "n_close_orders": 1,
          "wallet_exposure_limit": 0.2},
 "short": {"auto_unstuck_ema_dist": -0.07735887862878542,
           "auto_unstuck_wallet_exposure_threshold": 0.030154031585986885,
           "backwards_tp": false,
           "ema_span_0": 1335.5215025230586,
           "ema_span_1": 142.656698973066,
           "enabled": false,
           "eprice_exp_base": 1.798123807799857,
           "eqty_exp_base": 3.5631397282387676,
           "grid_span": 0.17355724801908257,
           "initial_eprice_ema_dist": -0.09542067459403378,
           "initial_qty_pct": 0.011226705734130494,
           "markup_range": 0.04751048436885764,
           "max_n_entry_orders": 14,
           "min_markup": 0.006658412696791457,
           "n_close_orders": 7,
           "wallet_exposure_limit": 1.0}}