{"config_name": "clock_0days",
 "long": {"delay_between_fills_minutes_close": 1.3743693413452258,
          "delay_between_fills_minutes_entry": 93.57394334198628,
          "delay_weight_close": 183.2045878661065,
          "delay_weight_entry": 31.765958138334764,
          "ema_dist_lower": 0.004339419574986828,
          "ema_dist_upper": -0.012551627378840385,
          "ema_span_0": 5,
          "ema_span_1": 299.54146513292017,
          "enabled": true,
          "markup_range": 0.05131555117682138,
          "min_markup": 0.017534379825017953,
          "n_close_orders": 11,
          "qty_pct_close": 0.05,
          "qty_pct_entry": 0.05,
          "wallet_exposure_limit": 0.25,
          "we_multiplier_close": 8.401064258988589,
          "we_multiplier_entry": 6.739258639585003},
 "short": {"delay_between_fills_minutes_close": 45.23647659376058,
           "delay_between_fills_minutes_entry": 55.67594171479589,
           "delay_weight_close": 132.84293625850376,
           "delay_weight_entry": 57.70791639520439,
           "ema_dist_lower": -0.03752316874306866,
           "ema_dist_upper": 0.00516885316001907,
           "ema_span_0": 39.29749597125007,
           "ema_span_1": 6.952275222221741,
           "enabled": true,
           "markup_range": 0.09453414795374915,
           "min_markup": 0.012680499368003962,
           "n_close_orders": 9,
           "qty_pct_close": 0.05,
           "qty_pct_entry": 0.05,
           "wallet_exposure_limit": 0.1,
           "we_multiplier_close": 148.5073277478749,
           "we_multiplier_entry": 114.07702290033609}}