{"config_name": "recursive_grid_0days",
 "logging_level": 0,
 "long": {"auto_unstuck_ema_dist": 0,
          "auto_unstuck_wallet_exposure_threshold": 0.0,
          "backwards_tp": false,
          "ddown_factor": 1.8238516245501333,
          "ema_span_0": 628.7352966840102,
          "ema_span_1": 701.097792785615,
          "enabled": true,
          "initial_eprice_ema_dist": -0.11284196907003964,
          "initial_qty_pct": 0.005631535937211505,
          "markup_range": 0.05194863386166659,
          "min_markup": 0.009698949038062992,
          "n_close_orders": 5,
          "rentry_pprice_dist": 0.03260302801347745,
          "rentry_pprice_dist_wallet_exposure_weighting": 2.616435855101246,
          "wallet_exposure_limit": 0.2},
 "short": {"auto_unstuck_ema_dist": -0.011949514594468372,
           "auto_unstuck_wallet_exposure_threshold": 0.05775894895488767,
           "backwards_tp": false,
           "ddown_factor": 2.724195821524373,
           "ema_span_0": 671.039248513725,
           "ema_span_1": 792.6413325740658,
           "enabled": false,
           "initial_eprice_ema_dist": -0.06676758513039094,
           "initial_qty_pct": 0.07480526801684104,
           "markup_range": 0.0018833692436210979,
           "min_markup": 0.005605659742595586,
           "n_close_orders": 8,
           "rentry_pprice_dist": 0.041462215823209844,
           "rentry_pprice_dist_wallet_exposure_weighting": 15.819137926377202,
           "wallet_exposure_limit": 1}}