{"config_name": "recursive_grid_0days",
 "logging_level": 0,
 "long": {"auto_unstuck_ema_dist": 0.001899978850598988,
          "auto_unstuck_wallet_exposure_threshold": 0.09009650835378563,
          "backwards_tp": true,
          "ddown_factor": 2.163391610071877,
          "ema_span_0": 333.64683953497877,
          "ema_span_1": 444.13770246182037,
          "enabled": true,
          "initial_eprice_ema_dist": 0.009349956547523968,
          "initial_qty_pct": 0.03490075320641715,
          "markup_range": 0.0020611469569315694,
          "min_markup": 0.00393205528621238,
          "n_close_orders": 9,
          "rentry_pprice_dist": 0.0387047846073834,
          "rentry_pprice_dist_wallet_exposure_weighting": 1.3625653452053401,
          "wallet_exposure_limit": 0.3},
 "short": {"auto_unstuck_ema_dist": -0.004102367506205226,
           "auto_unstuck_wallet_exposure_threshold": 0.062944830548682,
           "backwards_tp": true,
           "ddown_factor": 2.6931884628125733,
           "ema_span_0": 663.6645303102582,
           "ema_span_1": 1374.8546280960265,
           "enabled": false,
           "initial_eprice_ema_dist": -0.019705319516435255,
           "initial_qty_pct": 0.03386441662371699,
           "markup_range": 0.05012318745045056,
           "min_markup": 0.002969225403497142,
           "n_close_orders": 7,
           "rentry_pprice_dist": 0.022210238824684727,
           "rentry_pprice_dist_wallet_exposure_weighting": 34.91957922194517,
           "wallet_exposure_limit": 1.0}}