{"config_name": "clock_0days",
 "long": {"backwards_tp": true,
          "delay_between_fills_minutes_close": 367.0013728508384,
          "delay_between_fills_minutes_entry": 420.1049801911497,
          "delay_weight_close": 49.32214989268448,
          "delay_weight_entry": 23.093193105779157,
          "ema_dist_close": -0.2430229169968794,
          "ema_dist_entry": 0.01,
          "ema_span_0": 324.7197592714603,
          "ema_span_1": 248.3237549808012,
          "enabled": true,
          "markup_range": 0.01663990379764678,
          "min_markup": 0.01,
          "n_close_orders": 2,
          "qty_pct_close": 0.01,
          "qty_pct_entry": 0.01,
          "wallet_exposure_limit": 0.3,
          "we_multiplier_close": 5.75139639113722,
          "we_multiplier_entry": 122.24812919328937},
 "short": {"backwards_tp": true,
           "delay_between_fills_minutes_close": 167.12604514234852,
           "delay_between_fills_minutes_entry": 1388.0848634883441,
           "delay_weight_close": 74.58918747015368,
           "delay_weight_entry": 59.50208412878254,
           "ema_dist_close": -0.035572380544398555,
           "ema_dist_entry": -0.04548255994895358,
           "ema_span_0": 211.13277817041458,
           "ema_span_1": 358.0184986902694,
           "enabled": false,
           "markup_range": 0.06679354192793524,
           "min_markup": 0.028375916561154,
           "n_close_orders": 11,
           "qty_pct_close": 0.17511086136893,
           "qty_pct_entry": 0.5762653966611724,
           "wallet_exposure_limit": 1.0,
           "we_multiplier_close": 8.689741855132791,
           "we_multiplier_entry": 11.879214270362116}}