{"config_name": "recursive_grid_0days",
 "logging_level": 0,
 "long": {"auto_unstuck_ema_dist": -0.0020334922394524956,
          "auto_unstuck_wallet_exposure_threshold": 0.08631909383612388,
          "backwards_tp": true,
          "ddown_factor": 1.8431419906498834,
          "ema_span_0": 344.76504453297804,
          "ema_span_1": 1244.2770901447277,
          "enabled": true,
          "initial_eprice_ema_dist": -0.0007522067121724378,
          "initial_qty_pct": 0.011432873716852384,
          "markup_range": 0.007042793073190971,
          "min_markup": 0.006323071875436824,
          "n_close_orders": 13,
          "rentry_pprice_dist": 0.027728332461219085,
          "rentry_pprice_dist_wallet_exposure_weighting": 0.0,
          "wallet_exposure_limit": 0.3},
 "short": {"auto_unstuck_ema_dist": -0.08218844521842854,
           "auto_unstuck_wallet_exposure_threshold": 0.0869854996406269,
           "backwards_tp": true,
           "ddown_factor": 2.921671072605431,
           "ema_span_0": 179.1836533474035,
           "ema_span_1": 1198.5130391871644,
           "enabled": false,
           "initial_eprice_ema_dist": -0.04475636000526934,
           "initial_qty_pct": 0.06639791360936874,
           "markup_range": 0.052165829458078475,
           "min_markup": 0.008279702488865923,
           "n_close_orders": 5,
           "rentry_pprice_dist": 0.028616292375173293,
           "rentry_pprice_dist_wallet_exposure_weighting": 1.7075642848865735,
           "wallet_exposure_limit": 1.0}}