{"config_name": "recursive_grid_0days",
 "logging_level": 0,
 "long": {"auto_unstuck_ema_dist": 0.004417919103038549,
          "auto_unstuck_wallet_exposure_threshold": 0.07672697242076082,
          "backwards_tp": true,
          "ddown_factor": 1.8655514298983646,
          "ema_span_0": 25.08052579364317,
          "ema_span_1": 1288.0562602583605,
          "enabled": true,
          "initial_eprice_ema_dist": -0.046229524707807716,
          "initial_qty_pct": 0.016741085869135766,
          "markup_range": 0.0035621095692753156,
          "min_markup": 0.006908008639793499,
          "n_close_orders": 4,
          "rentry_pprice_dist": 0.03256151403528977,
          "rentry_pprice_dist_wallet_exposure_weighting": 0.6409585192638998,
          "wallet_exposure_limit": 0.3},
 "short": {"auto_unstuck_ema_dist": -0.0017149723802248606,
           "auto_unstuck_wallet_exposure_threshold": 0.07674413966144855,
           "backwards_tp": true,
           "ddown_factor": 1.0004046966005036,
           "ema_span_0": 237.55196301161595,
           "ema_span_1": 740.0649525167171,
           "enabled": false,
           "initial_eprice_ema_dist": -0.025589390363319767,
           "initial_qty_pct": 0.06195111051025609,
           "markup_range": 0.03454952087630075,
           "min_markup": 0.005472403730500007,
           "n_close_orders": 6,
           "rentry_pprice_dist": 0.04361018752592894,
           "rentry_pprice_dist_wallet_exposure_weighting": 17.15736931435673,
           "wallet_exposure_limit": 1.0}}