{"config_name": "recursive_grid_0days",
 "logging_level": 0,
 "long": {"auto_unstuck_ema_dist": 0,
          "auto_unstuck_wallet_exposure_threshold": 0.0,
          "backwards_tp": true,
          "ddown_factor": 1.6340383281331747,
          "ema_span_0": 689.6879658271514,
          "ema_span_1": 795.8069899393996,
          "enabled": true,
          "initial_eprice_ema_dist": 0.004454367237945752,
          "initial_qty_pct": 0.016790508571151004,
          "markup_range": 0.012039163413308187,
          "min_markup": 0.009390724087961426,
          "n_close_orders": 13,
          "rentry_pprice_dist": 0.031782132587865636,
          "rentry_pprice_dist_wallet_exposure_weighting": 5.21515851692903,
          "wallet_exposure_limit": 0.3},
 "short": {"auto_unstuck_ema_dist": -0.023167669126630097,
           "auto_unstuck_wallet_exposure_threshold": 0.07528210618657133,
           "backwards_tp": true,
           "ddown_factor": 0.9104756304921269,
           "ema_span_0": 280.0251640377391,
           "ema_span_1": 1355.8575959677244,
           "enabled": false,
           "initial_eprice_ema_dist": -0.050129113319944664,
           "initial_qty_pct": 0.046983056558365544,
           "markup_range": 0.029868225784258996,
           "min_markup": 0.007437656299556846,
           "n_close_orders": 8,
           "rentry_pprice_dist": 0.03728180558477746,
           "rentry_pprice_dist_wallet_exposure_weighting": 5.1076617964260045,
           "wallet_exposure_limit": 1}}