{"config_name": "clock_0days",
 "long": {"delay_between_fills_minutes_close": 488.9132064372835,
          "delay_between_fills_minutes_entry": 409.37072136488996,
          "delay_weight_close": 33.95433402848668,
          "delay_weight_entry": 31.33184385439275,
          "ema_dist_lower": -0.9038548904431881,
          "ema_dist_upper": -0.030114724664792814,
          "ema_span_0": 779.022325036909,
          "ema_span_1": 95.99627061426196,
          "enabled": true,
          "markup_range": 0.02914922712139068,
          "min_markup": 0.029216542698093116,
          "n_close_orders": 7,
          "qty_pct_close": 0.01,
          "qty_pct_entry": 0.01,
          "wallet_exposure_limit": 0.25,
          "we_multiplier_close": 101.06235715435274,
          "we_multiplier_entry": 107.9121903304844},
 "short": {"delay_between_fills_minutes_close": 456.60692620668476,
           "delay_between_fills_minutes_entry": 205.20769112642483,
           "delay_weight_close": 127.2854492837693,
           "delay_weight_entry": 12.26663151452278,
           "ema_dist_lower": -0.35394651440829517,
           "ema_dist_upper": 0.009558703751204156,
           "ema_span_0": 899.468505274427,
           "ema_span_1": 622.5940921334322,
           "enabled": true,
           "markup_range": 0.010508844798905839,
           "min_markup": 0.03,
           "n_close_orders": 7,
           "qty_pct_close": 0.01,
           "qty_pct_entry": 0.01,
           "wallet_exposure_limit": 0.1,
           "we_multiplier_close": 89.64371987047352,
           "we_multiplier_entry": 100.80115687634222}}