{"config_name": "recursive_grid_0days",
 "logging_level": 0,
 "long": {"auto_unstuck_ema_dist": 0.006078862682766394,
          "auto_unstuck_wallet_exposure_threshold": 0.009490805456635842,
          "backwards_tp": false,
          "ddown_factor": 1.7259432178084393,
          "ema_span_0": 237.89329581913566,
          "ema_span_1": 97.19318648687076,
          "enabled": true,
          "initial_eprice_ema_dist": 0.002561875749584901,
          "initial_qty_pct": 0.008495715871115531,
          "markup_range": 0.057576593528545814,
          "min_markup": 0.0024509452915092915,
          "n_close_orders": 15,
          "rentry_pprice_dist": 0.032917984415280405,
          "rentry_pprice_dist_wallet_exposure_weighting": 0.0,
          "wallet_exposure_limit": 0.2},
 "short": {"auto_unstuck_ema_dist": -0.01152703398156145,
           "auto_unstuck_wallet_exposure_threshold": 0.08805755441263236,
           "backwards_tp": false,
           "ddown_factor": 2.9697890095196637,
           "ema_span_0": 88.23374921630244,
           "ema_span_1": 1429.2145004739934,
           "enabled": false,
           "initial_eprice_ema_dist": 0.003425798596826596,
           "initial_qty_pct": 0.03914705878352293,
           "markup_range": 0.03991689969133088,
           "min_markup": 0.003380039841083507,
           "n_close_orders": 5,
           "rentry_pprice_dist": 0.02573025594725059,
           "rentry_pprice_dist_wallet_exposure_weighting": 6.490185200039036,
           "wallet_exposure_limit": 1.0}}