{"config_name": "clock_0days",
 "long": {"backwards_tp": true,
          "delay_between_fills_minutes_close": 457.8159706260019,
          "delay_between_fills_minutes_entry": 385.2714121580432,
          "delay_weight_close": 96.19236479964559,
          "delay_weight_entry": 25.338967245807588,
          "ema_dist_close": -0.016496529091773064,
          "ema_dist_entry": -0.40384206882477736,
          "ema_span_0": 836.4883753026974,
          "ema_span_1": 458.1964018568828,
          "enabled": true,
          "markup_range": 0.029322792358125897,
          "min_markup": 0.01,
          "n_close_orders": 9,
          "qty_pct_close": 0.011303122496062778,
          "qty_pct_entry": 0.011463470403576205,
          "wallet_exposure_limit": 0.3,
          "we_multiplier_close": 7.694317457104574,
          "we_multiplier_entry": 11.773370057730329},
 "short": {"backwards_tp": true,
           "delay_between_fills_minutes_close": 159.66112043683245,
           "delay_between_fills_minutes_entry": 915.8364527473917,
           "delay_weight_close": 55.29978128989941,
           "delay_weight_entry": 68.88527824847196,
           "ema_dist_close": 0.0002653298447692423,
           "ema_dist_entry": -0.008324291644682458,
           "ema_span_0": 537.8986561674383,
           "ema_span_1": 770.2778501962157,
           "enabled": false,
           "markup_range": 0.04195287093877839,
           "min_markup": 0.09404892427907538,
           "n_close_orders": 5,
           "qty_pct_close": 0.09693482670151496,
           "qty_pct_entry": 0.4506353800048567,
           "wallet_exposure_limit": 1.0,
           "we_multiplier_close": 7.163142669096725,
           "we_multiplier_entry": 75.86078132723514}}