{"config_name": "recursive_grid_0days",
 "logging_level": 0,
 "long": {"auto_unstuck_ema_dist": -0.038833408164705374,
          "auto_unstuck_wallet_exposure_threshold": 0.025880290267022245,
          "backwards_tp": false,
          "ddown_factor": 2.1429,
          "ema_span_0": 199.479274938164,
          "ema_span_1": 583.6399987681077,
          "enabled": true,
          "initial_eprice_ema_dist": 0.0008931263149196261,
          "initial_qty_pct": 0.0031893,
          "markup_range": 0.028078,
          "min_markup": 0.005709,
          "n_close_orders": 5,
          "rentry_pprice_dist": 0.018515,
          "rentry_pprice_dist_wallet_exposure_weighting": 2.1199,
          "wallet_exposure_limit": 1},
 "short": {"auto_unstuck_ema_dist": -0.057618112519123084,
           "auto_unstuck_wallet_exposure_threshold": 0.05354322866744084,
           "backwards_tp": false,
           "ddown_factor": 1.6036566086590383,
           "ema_span_0": 676.4185186998004,
           "ema_span_1": 1164.4339398874113,
           "enabled": false,
           "initial_eprice_ema_dist": -0.01566335843900018,
           "initial_qty_pct": 0.06498100869011547,
           "markup_range": 0.04307898084841226,
           "min_markup": 0.004025083045893952,
           "n_close_orders": 9,
           "rentry_pprice_dist": 0.0308224017395206,
           "rentry_pprice_dist_wallet_exposure_weighting": 17.750839959780848,
           "wallet_exposure_limit": 1}}