{"config_name": "clock_0days",
 "long": {"backwards_tp": false,
          "delay_between_fills_minutes_close": 1409.9261585043503,
          "delay_between_fills_minutes_entry": 818.9670076916293,
          "delay_weight_close": 51.08050619856147,
          "delay_weight_entry": 28.895509962533083,
          "ema_dist_close": -0.005055007040776358,
          "ema_dist_entry": -0.001989642204575934,
          "ema_span_0": 976.287653924512,
          "ema_span_1": 1440,
          "enabled": true,
          "markup_range": 0.03322088528923722,
          "min_markup": 0.004468293489126017,
          "n_close_orders": 10,
          "qty_pct_close": 0.07538912383191552,
          "qty_pct_entry": 0.01,
          "wallet_exposure_limit": 0.2,
          "we_multiplier_close": 0.11009848379809918,
          "we_multiplier_entry": 92.12729792742067},
 "short": {"backwards_tp": false,
           "delay_between_fills_minutes_close": 59.52606823088881,
           "delay_between_fills_minutes_entry": 734.860594637219,
           "delay_weight_close": 59.6042018065133,
           "delay_weight_entry": 15.886773360250217,
           "ema_dist_close": -0.010450523059849413,
           "ema_dist_entry": -0.007793190678385506,
           "ema_span_0": 520.2760842957665,
           "ema_span_1": 670.3244371165803,
           "enabled": false,
           "markup_range": 0.008558946645605886,
           "min_markup": 0.00546554556110946,
           "n_close_orders": 16,
           "qty_pct_close": 0.040380017392328195,
           "qty_pct_entry": 0.06689451018661861,
           "wallet_exposure_limit": 1.0,
           "we_multiplier_close": 59.58335755260546,
           "we_multiplier_entry": 21.602146394747034}}