{"config_name": "recursive_grid_0days",
 "logging_level": 0,
 "long": {"auto_unstuck_ema_dist": 0,
          "auto_unstuck_wallet_exposure_threshold": 0,
          "backwards_tp": false,
          "ddown_factor": 1.8673045695772752,
          "ema_span_0": 904.0280347264054,
          "ema_span_1": 565.9005627338418,
          "enabled": true,
          "initial_eprice_ema_dist": -0.1,
          "initial_qty_pct": 0.009320436853696198,
          "markup_range": 0.0325752430658614,
          "min_markup": 0.002,
          "n_close_orders": 3,
          "rentry_pprice_dist": 0.024124074581486736,
          "rentry_pprice_dist_wallet_exposure_weighting": 0,
          "wallet_exposure_limit": 0.3},
 "short": {"auto_unstuck_ema_dist": 0.08476326067347548,
           "auto_unstuck_wallet_exposure_threshold": 0.14212609676869717,
           "backwards_tp": false,
           "ddown_factor": 1.3080147458749918,
           "ema_span_0": 1211.7672657678381,
           "ema_span_1": 8991.773426906817,
           "enabled": false,
           "initial_eprice_ema_dist": -0.05552286632318109,
           "initial_qty_pct": 0.026369193081799826,
           "markup_range": 0.004448362360424372,
           "min_markup": 0.00861068074460113,
           "n_close_orders": 15,
           "rentry_pprice_dist": 0.009570955673365902,
           "rentry_pprice_dist_wallet_exposure_weighting": 31.26423898768506,
           "wallet_exposure_limit": 0.1}}