{"config_name": "recursive_grid_0days",
 "logging_level": 0,
 "long": {"auto_unstuck_ema_dist": -0.005578549237112615,
          "auto_unstuck_wallet_exposure_threshold": 0.07890483663666878,
          "backwards_tp": true,
          "ddown_factor": 1.2407500282574877,
          "ema_span_0": 344.1505997549518,
          "ema_span_1": 196.1867181767373,
          "enabled": true,
          "initial_eprice_ema_dist": 0.012974028722337395,
          "initial_qty_pct": 0.05272014387794039,
          "markup_range": 0.010369790816473594,
          "min_markup": 0.005947783523045278,
          "n_close_orders": 4,
          "rentry_pprice_dist": 0.012356663728560919,
          "rentry_pprice_dist_wallet_exposure_weighting": 11.207634004125348,
          "wallet_exposure_limit": 0.3},
 "short": {"auto_unstuck_ema_dist": -0.08013137198164823,
           "auto_unstuck_wallet_exposure_threshold": 0.09307570820477985,
           "backwards_tp": true,
           "ddown_factor": 0.8636038949367427,
           "ema_span_0": 362.8564707555215,
           "ema_span_1": 1276.6514302030828,
           "enabled": false,
           "initial_eprice_ema_dist": -0.006363159935803331,
           "initial_qty_pct": 0.0408833745389112,
           "markup_range": 0.021204274780687673,
           "min_markup": 0.009754784047510904,
           "n_close_orders": 13,
           "rentry_pprice_dist": 0.011629415183812164,
           "rentry_pprice_dist_wallet_exposure_weighting": 15.945765945033079,
           "wallet_exposure_limit": 1.0}}