{"config_name": "recursive_grid_0days",
 "logging_level": 0,
 "long": {"auto_unstuck_ema_dist": 0,
          "auto_unstuck_wallet_exposure_threshold": 0.0,
          "backwards_tp": true,
          "ddown_factor": 2.6588064685470054,
          "ema_span_0": 552.881722759214,
          "ema_span_1": 465.68151723839134,
          "enabled": true,
          "initial_eprice_ema_dist": 0.007854407275067112,
          "initial_qty_pct": 0.013108053769185312,
          "markup_range": 0.004110674301941092,
          "min_markup": 0.005847436003603976,
          "n_close_orders": 9,
          "rentry_pprice_dist": 0.03864944139849893,
          "rentry_pprice_dist_wallet_exposure_weighting": 2.9600595346355365,
          "wallet_exposure_limit": 0.3},
 "short": {"auto_unstuck_ema_dist": -0.09656003448860623,
           "auto_unstuck_wallet_exposure_threshold": 0.053967274942053806,
           "backwards_tp": true,
           "ddown_factor": 2.8292411803689776,
           "ema_span_0": 532.1592473564284,
           "ema_span_1": 1160.8079394416702,
           "enabled": false,
           "initial_eprice_ema_dist": -0.06405765542960182,
           "initial_qty_pct": 0.04180853297092217,
           "markup_range": 0.009334201312757874,
           "min_markup": 0.0047286537862950674,
           "n_close_orders": 2,
           "rentry_pprice_dist": 0.016037697991617514,
           "rentry_pprice_dist_wallet_exposure_weighting": 6.823740042201418,
           "wallet_exposure_limit": 1.0}}