{"config_name": "clock_0days",
 "long": {"backwards_tp": false,
          "delay_between_fills_minutes_close": 1343.495854751192,
          "delay_between_fills_minutes_entry": 838.3160931087449,
          "delay_weight_close": 67.38379517123549,
          "delay_weight_entry": 21.979324515789223,
          "ema_dist_close": -7.785590939462673e-05,
          "ema_dist_entry": -0.025032100885217973,
          "ema_span_0": 1118.7208737554133,
          "ema_span_1": 1440,
          "enabled": true,
          "markup_range": 0.03764407586229236,
          "min_markup": 0.0068727554977779355,
          "n_close_orders": 16,
          "qty_pct_close": 0.1286355262345307,
          "qty_pct_entry": 0.01,
          "wallet_exposure_limit": 0.2,
          "we_multiplier_close": 0.12973813049501043,
          "we_multiplier_entry": 56.80327262726521},
 "short": {"backwards_tp": false,
           "delay_between_fills_minutes_close": 38.41579846298341,
           "delay_between_fills_minutes_entry": 625.8494948566831,
           "delay_weight_close": 13.187092948702572,
           "delay_weight_entry": 92.13058966985925,
           "ema_dist_close": -0.035167381375479784,
           "ema_dist_entry": -0.04428457711783215,
           "ema_span_0": 1208.6975058025369,
           "ema_span_1": 404.5491159709242,
           "enabled": false,
           "markup_range": 0.030345333941459544,
           "min_markup": 0.0063580127317521325,
           "n_close_orders": 4,
           "qty_pct_close": 0.036241256104716284,
           "qty_pct_entry": 0.0271423641213168,
           "wallet_exposure_limit": 1.0,
           "we_multiplier_close": 16.096516216662295,
           "we_multiplier_entry": 49.15630395670215}}