{"config_name": "clock_0days",
 "long": {"backwards_tp": true,
          "delay_between_fills_minutes_close": 541.129802516091,
          "delay_between_fills_minutes_entry": 1490.2549456849385,
          "delay_weight_close": 0.0,
          "delay_weight_entry": 35.35781754816144,
          "ema_dist_close": -0.012014053355632702,
          "ema_dist_entry": 0.003792696961582132,
          "ema_span_0": 1932.2314068362825,
          "ema_span_1": 172.56978965576081,
          "enabled": true,
          "markup_range": 0.00607832486576199,
          "min_markup": 0.007232543666485413,
          "n_close_orders": 8,
          "qty_pct_close": 0.030260899928364008,
          "qty_pct_entry": 0.009217949493087883,
          "wallet_exposure_limit": 0.2,
          "we_multiplier_close": 0.9667094028598241,
          "we_multiplier_entry": 135.7662181894416},
 "short": {"backwards_tp": true,
           "delay_between_fills_minutes_close": 46.4671218814975,
           "delay_between_fills_minutes_entry": 1355.6490687340727,
           "delay_weight_close": 95.59289591163703,
           "delay_weight_entry": 85.20052688791824,
           "ema_dist_close": -0.0003815614035879572,
           "ema_dist_entry": -0.04333449490153806,
           "ema_span_0": 426.7956100207352,
           "ema_span_1": 1300.1631292706743,
           "enabled": false,
           "markup_range": 0.03174749377279274,
           "min_markup": 0.00125932688065627,
           "n_close_orders": 15,
           "qty_pct_close": 0.036481843594847484,
           "qty_pct_entry": 0.08432315112889206,
           "wallet_exposure_limit": 1.0,
           "we_multiplier_close": 72.05356158490653,
           "we_multiplier_entry": 79.16715313886927}}