{"config_name": "clock_0days",
 "long": {"backwards_tp": true,
          "delay_between_fills_minutes_close": 386.03565513508266,
          "delay_between_fills_minutes_entry": 500,
          "delay_weight_close": 66.56697560664617,
          "delay_weight_entry": 16.508823695507456,
          "ema_dist_close": -0.008283705776711685,
          "ema_dist_entry": -0.4907085167537931,
          "ema_span_0": 904.5477560726558,
          "ema_span_1": 759.2718894776726,
          "enabled": true,
          "markup_range": 0.02011007910260555,
          "min_markup": 0.008698375763532796,
          "n_close_orders": 3,
          "qty_pct_close": 0.016591683863419034,
          "qty_pct_entry": 0.010621731469701275,
          "wallet_exposure_limit": 0.3,
          "we_multiplier_close": 13.180180880517165,
          "we_multiplier_entry": 71.05552773273766},
 "short": {"backwards_tp": true,
           "delay_between_fills_minutes_close": 115.51973380084897,
           "delay_between_fills_minutes_entry": 724.8054720365024,
           "delay_weight_close": 97.7839130455649,
           "delay_weight_entry": 0.8960314515808587,
           "ema_dist_close": -0.03550267943632476,
           "ema_dist_entry": -0.0326440365539864,
           "ema_span_0": 10.707728014699141,
           "ema_span_1": 819.3453778956957,
           "enabled": false,
           "markup_range": 0.014529621394613924,
           "min_markup": 0.09997924053068545,
           "n_close_orders": 7,
           "qty_pct_close": 0.8724278151179043,
           "qty_pct_entry": 0.36774555156513195,
           "wallet_exposure_limit": 1.0,
           "we_multiplier_close": 4.794655899011252,
           "we_multiplier_entry": 25.17970582346074}}