{"config_name": "recursive_grid_0days",
 "logging_level": 0,
 "long": {"auto_unstuck_ema_dist": 0.004570480374386513,
          "auto_unstuck_wallet_exposure_threshold": 0.08839499418818623,
          "backwards_tp": true,
          "ddown_factor": 2.930121595283395,
          "ema_span_0": 391.30224131813344,
          "ema_span_1": 384.4689885363462,
          "enabled": true,
          "initial_eprice_ema_dist": 0.005973878590854869,
          "initial_qty_pct": 0.06533991484960193,
          "markup_range": 0.002068514313742155,
          "min_markup": 0.0016764345660917777,
          "n_close_orders": 5,
          "rentry_pprice_dist": 0.0337382880609321,
          "rentry_pprice_dist_wallet_exposure_weighting": 3.1577600234079304,
          "wallet_exposure_limit": 0.3},
 "short": {"auto_unstuck_ema_dist": -0.08974171643086432,
           "auto_unstuck_wallet_exposure_threshold": 0.041917946218902734,
           "backwards_tp": true,
           "ddown_factor": 1.9699891684067539,
           "ema_span_0": 77.94938981780221,
           "ema_span_1": 682.6012601323661,
           "enabled": false,
           "initial_eprice_ema_dist": -0.05336258035277354,
           "initial_qty_pct": 0.06636539218764434,
           "markup_range": 0.0013102245924457166,
           "min_markup": 0.0012520377558693872,
           "n_close_orders": 6,
           "rentry_pprice_dist": 0.026194096139833874,
           "rentry_pprice_dist_wallet_exposure_weighting": 30.5815715785876,
           "wallet_exposure_limit": 1}}