{"config_name": "recursive_grid_0days",
 "logging_level": 0,
 "long": {"auto_unstuck_ema_dist": 0.0,
          "auto_unstuck_wallet_exposure_threshold": 0.0,
          "backwards_tp": true,
          "ddown_factor": 2.0039620736634647,
          "ema_span_0": 448.7460199732428,
          "ema_span_1": 100,
          "enabled": true,
          "initial_eprice_ema_dist": -0.1424004035047182,
          "initial_qty_pct": 0.001,
          "markup_range": 0.0017377448926633931,
          "min_markup": 0.003132660015529415,
          "n_close_orders": 12,
          "rentry_pprice_dist": 0.047374239585433145,
          "rentry_pprice_dist_wallet_exposure_weighting": 2.7641749273419856,
          "wallet_exposure_limit": 0.1},
 "short": {"auto_unstuck_ema_dist": 0.005620326582740217,
           "auto_unstuck_wallet_exposure_threshold": 0.07083910742675871,
           "backwards_tp": true,
           "ddown_factor": 1.990099174469963,
           "ema_span_0": 3373.0682576913655,
           "ema_span_1": 4053.3341481822386,
           "enabled": false,
           "initial_eprice_ema_dist": -0.010342546061820512,
           "initial_qty_pct": 0.015,
           "markup_range": 0.011145221913630519,
           "min_markup": 0.0037345464187561483,
           "n_close_orders": 10,
           "rentry_pprice_dist": 0.0179491743357741,
           "rentry_pprice_dist_wallet_exposure_weighting": 17.950562620380616,
           "wallet_exposure_limit": 0.1}}