{"config_name": "recursive_grid_0days",
 "logging_level": 0,
 "long": {"auto_unstuck_ema_dist": 0,
          "auto_unstuck_wallet_exposure_threshold": 0.0,
          "backwards_tp": false,
          "ddown_factor": 1.2586391085512971,
          "ema_span_0": 159.38672717535877,
          "ema_span_1": 637.1994755748188,
          "enabled": true,
          "initial_eprice_ema_dist": -0.15244105192396343,
          "initial_qty_pct": 0.00479240987242297,
          "markup_range": 0.009000480754177328,
          "min_markup": 0.010561194433435443,
          "n_close_orders": 6,
          "rentry_pprice_dist": 0.02806249442429902,
          "rentry_pprice_dist_wallet_exposure_weighting": 1.1566173294723745,
          "wallet_exposure_limit": 0.2},
 "short": {"auto_unstuck_ema_dist": -0.05423206044328917,
           "auto_unstuck_wallet_exposure_threshold": 0.05138288585579452,
           "backwards_tp": false,
           "ddown_factor": 0.811569199841965,
           "ema_span_0": 1248.815173846447,
           "ema_span_1": 281.5442839645492,
           "enabled": false,
           "initial_eprice_ema_dist": -0.01869889941076823,
           "initial_qty_pct": 0.08220755482768079,
           "markup_range": 0.04828591308685336,
           "min_markup": 0.001653141584065741,
           "n_close_orders": 4,
           "rentry_pprice_dist": 0.008013530169391554,
           "rentry_pprice_dist_wallet_exposure_weighting": 19.04174029738132,
           "wallet_exposure_limit": 1.0}}