{"config_name": "recursive_grid_0days",
 "logging_level": 0,
 "long": {"auto_unstuck_ema_dist": 0.0,
          "auto_unstuck_wallet_exposure_threshold": 0.0,
          "backwards_tp": true,
          "ddown_factor": 1.9717256573586466,
          "ema_span_0": 835.3196410800061,
          "ema_span_1": 974.5563988507313,
          "enabled": true,
          "initial_eprice_ema_dist": -0.0376481033738601,
          "initial_qty_pct": 0.004252312610849766,
          "markup_range": 0.0006622023476106192,
          "min_markup": 0.014447766011530931,
          "n_close_orders": 2,
          "rentry_pprice_dist": 0.04648316899200496,
          "rentry_pprice_dist_wallet_exposure_weighting": 0.0,
          "wallet_exposure_limit": 0.25},
 "short": {"auto_unstuck_ema_dist": 0.0,
           "auto_unstuck_wallet_exposure_threshold": 0.0,
           "backwards_tp": true,
           "ddown_factor": 1.327071615041677,
           "ema_span_0": 241.41619272961697,
           "ema_span_1": 960.5081371911959,
           "enabled": true,
           "initial_eprice_ema_dist": -0.003108002110691969,
           "initial_qty_pct": 0.001901973785188358,
           "markup_range": 0.0129476600677355,
           "min_markup": 0.009390251854835625,
           "n_close_orders": 2,
           "rentry_pprice_dist": 0.03774773659546545,
           "rentry_pprice_dist_wallet_exposure_weighting": 0.0,
           "wallet_exposure_limit": 0.12}}