{"config_name": "recursive_grid_0days",
 "logging_level": 0,
 "long": {"auto_unstuck_ema_dist": 0,
          "auto_unstuck_wallet_exposure_threshold": 0.0,
          "backwards_tp": false,
          "ddown_factor": 2.6364640871828438,
          "ema_span_0": 486.04776328780247,
          "ema_span_1": 283.94895177021033,
          "enabled": true,
          "initial_eprice_ema_dist": -0.05025541693197672,
          "initial_qty_pct": 0.0008235089806582432,
          "markup_range": 0.05194863386166659,
          "min_markup": 0.004269204179523495,
          "n_close_orders": 2,
          "rentry_pprice_dist": 0.021269777949809957,
          "rentry_pprice_dist_wallet_exposure_weighting": 1.7693286235561034,
          "wallet_exposure_limit": 1},
 "short": {"auto_unstuck_ema_dist": -0.021664993015675878,
           "auto_unstuck_wallet_exposure_threshold": 0.0871442907150107,
           "backwards_tp": false,
           "ddown_factor": 1.5156295565706295,
           "ema_span_0": 1139.4350552343876,
           "ema_span_1": 215.65894457982998,
           "enabled": false,
           "initial_eprice_ema_dist": -0.00540568922391764,
           "initial_qty_pct": 0.030454510520911714,
           "markup_range": 0.01102928929525253,
           "min_markup": 0.006047779104415654,
           "n_close_orders": 16,
           "rentry_pprice_dist": 0.01669941426839318,
           "rentry_pprice_dist_wallet_exposure_weighting": 13.938727551705163,
           "wallet_exposure_limit": 1.0}}