{"config_name": "clock_0days",
 "long": {"backwards_tp": true,
          "delay_between_fills_minutes_close": 450.79761850830073,
          "delay_between_fills_minutes_entry": 399.6757782674069,
          "delay_weight_close": 127.78147575680508,
          "delay_weight_entry": 24.9612677465415,
          "ema_dist_close": 0.01,
          "ema_dist_entry": 0.01,
          "ema_span_0": 340.49622383055885,
          "ema_span_1": 460.02925299353427,
          "enabled": true,
          "markup_range": 0.02,
          "min_markup": 0.01,
          "n_close_orders": 5,
          "qty_pct_close": 0.01,
          "qty_pct_entry": 0.01,
          "wallet_exposure_limit": 0.3,
          "we_multiplier_close": 61.40128938422279,
          "we_multiplier_entry": 148.7903621860035},
 "short": {"backwards_tp": true,
           "delay_between_fills_minutes_close": 19.258766029409852,
           "delay_between_fills_minutes_entry": 27.809070507530087,
           "delay_weight_close": 63.68329623334682,
           "delay_weight_entry": 62.48348763308046,
           "ema_dist_close": -0.028710644849601744,
           "ema_dist_entry": -0.03841596235498017,
           "ema_span_0": 463.6394006102938,
           "ema_span_1": 273.8764030484735,
           "enabled": false,
           "markup_range": 0.07933014254795398,
           "min_markup": 0.01617673468256651,
           "n_close_orders": 3,
           "qty_pct_close": 0.737533901128232,
           "qty_pct_entry": 0.9752161827062165,
           "wallet_exposure_limit": 1.0,
           "we_multiplier_close": 2.589629430326006,
           "we_multiplier_entry": 24.98013939788022}}