{"config_name": "clock_0days",
 "long": {"backwards_tp": true,
          "delay_between_fills_minutes_close": 340.38097893283503,
          "delay_between_fills_minutes_entry": 168.48330029090545,
          "delay_weight_close": 66.65162267184951,
          "delay_weight_entry": 44.888292791658266,
          "ema_dist_close": -0.025299533405830982,
          "ema_dist_entry": -0.5610671047305538,
          "ema_span_0": 342.7090319377417,
          "ema_span_1": 489.4237892454373,
          "enabled": true,
          "markup_range": 0.01691302732442352,
          "min_markup": 0.0053656318683451675,
          "n_close_orders": 3,
          "qty_pct_close": 0.01,
          "qty_pct_entry": 0.01,
          "wallet_exposure_limit": 0.3,
          "we_multiplier_close": 99.46886632572475,
          "we_multiplier_entry": 147.4233583940463},
 "short": {"backwards_tp": true,
           "delay_between_fills_minutes_close": 386.6300546761731,
           "delay_between_fills_minutes_entry": 132.1410511910581,
           "delay_weight_close": 74.31263480012379,
           "delay_weight_entry": 13.352527225163069,
           "ema_dist_close": -0.620811867357459,
           "ema_dist_entry": -0.5403124483410271,
           "ema_span_0": 473.0985744135593,
           "ema_span_1": 325.3158555183181,
           "enabled": false,
           "markup_range": 0.01498989941722376,
           "min_markup": 0.04282709416634329,
           "n_close_orders": 2,
           "qty_pct_close": 0.01,
           "qty_pct_entry": 0.01,
           "wallet_exposure_limit": 1.0,
           "we_multiplier_close": 31.606958089501823,
           "we_multiplier_entry": 95.37619849705209}}