{"config_name": "recursive_grid_0days",
 "logging_level": 0,
 "long": {"auto_unstuck_ema_dist": 0.0,
          "auto_unstuck_wallet_exposure_threshold": 0.0,
          "backwards_tp": false,
          "ddown_factor": 1.466245405934495,
          "ema_span_0": 10.850016513577083,
          "ema_span_1": 659.9844881561868,
          "enabled": true,
          "initial_eprice_ema_dist": -0.051252436757535665,
          "initial_qty_pct": 0.0017475932291432436,
          "markup_range": 0.009248276323549564,
          "min_markup": 0.013109519883911867,
          "n_close_orders": 4,
          "rentry_pprice_dist": 0.03594276779934621,
          "rentry_pprice_dist_wallet_exposure_weighting": 0.0,
          "wallet_exposure_limit": 0.25},
 "short": {"auto_unstuck_ema_dist": 0.0,
           "auto_unstuck_wallet_exposure_threshold": 0.0,
           "backwards_tp": false,
           "ddown_factor": 1.338026328109027,
           "ema_span_0": 492.3718911866439,
           "ema_span_1": 685.4770678660668,
           "enabled": true,
           "initial_eprice_ema_dist": -0.03964006826206197,
           "initial_qty_pct": 0.002715326651962837,
           "markup_range": 0.023555263469991587,
           "min_markup": 0.014939129187342155,
           "n_close_orders": 2,
           "rentry_pprice_dist": 0.03754071971418135,
           "rentry_pprice_dist_wallet_exposure_weighting": 0.0,
           "wallet_exposure_limit": 0.12}}