{"config_name": "recursive_grid_0days",
 "logging_level": 0,
 "long": {"auto_unstuck_ema_dist": 0.026440482121779647,
          "auto_unstuck_wallet_exposure_threshold": 0.08068279076122854,
          "backwards_tp": true,
          "ddown_factor": 1.636192158822324,
          "ema_span_0": 633.3438600563868,
          "ema_span_1": 329.8736855296504,
          "enabled": true,
          "initial_eprice_ema_dist": -0.057004322640777746,
          "initial_qty_pct": 0.013430348294564654,
          "markup_range": 0.0015476527500908619,
          "min_markup": 0.003730480657329745,
          "n_close_orders": 12,
          "rentry_pprice_dist": 0.04910996178986785,
          "rentry_pprice_dist_wallet_exposure_weighting": 0.6269588926712908,
          "wallet_exposure_limit": 0.1},
 "short": {"auto_unstuck_ema_dist": 0.08986013330777654,
           "auto_unstuck_wallet_exposure_threshold": 0.2464791615134628,
           "backwards_tp": true,
           "ddown_factor": 1.8997728993922243,
           "ema_span_0": 407.66060567147554,
           "ema_span_1": 4486.3893853566815,
           "enabled": false,
           "initial_eprice_ema_dist": -0.01652040679310254,
           "initial_qty_pct": 0.03393236746219905,
           "markup_range": 0.008474683029083767,
           "min_markup": 0.007558503678760844,
           "n_close_orders": 14,
           "rentry_pprice_dist": 0.005403121226060218,
           "rentry_pprice_dist_wallet_exposure_weighting": 33.26310595183815,
           "wallet_exposure_limit": 0.1}}