{"config_name": "neat_grid_0days",
 "logging_level": 0,
 "long": {"auto_unstuck_ema_dist": -0.0033887622695403683,
          "auto_unstuck_wallet_exposure_threshold": 0.038728057501235535,
          "backwards_tp": false,
          "ema_span_0": 616.6672268806723,
          "ema_span_1": 738.6051491911063,
          "enabled": true,
          "eprice_exp_base": 1.09804715340275,
          "eqty_exp_base": 2.343069528496046,
          "grid_span": 0.20400603233554027,
          "initial_eprice_ema_dist": -0.002449789271598957,
          "initial_qty_pct": 0.00819838292058527,
          "markup_range": 0.00012324262837706002,
          "max_n_entry_orders": 5,
          "min_markup": 0.004275,
          "n_close_orders": 1,
          "wallet_exposure_limit": 0.2},
 "short": {"auto_unstuck_ema_dist": -0.037712899989522916,
           "auto_unstuck_wallet_exposure_threshold": 0.05434347895020242,
           "backwards_tp": false,
           "ema_span_0": 443.0174403439794,
           "ema_span_1": 738.7606689456692,
           "enabled": false,
           "eprice_exp_base": 1.1691034133266363,
           "eqty_exp_base": 2.354568661950728,
           "grid_span": 0.4352580151955213,
           "initial_eprice_ema_dist": -0.060135558832077586,
           "initial_qty_pct": 0.05615266510144538,
           "markup_range": 0.0162642260979721,
           "max_n_entry_orders": 11,
           "min_markup": 0.009960174856111705,
           "n_close_orders": 8,
           "wallet_exposure_limit": 1.0}}