{"config_name": "neat_grid_0days",
 "logging_level": 0,
 "long": {"auto_unstuck_ema_dist": 0.09999995466278377,
          "auto_unstuck_wallet_exposure_threshold": 0.08690534005527181,
          "backwards_tp": true,
          "ema_span_0": 1735.9073759267926,
          "ema_span_1": 491.0678434775111,
          "enabled": true,
          "eprice_exp_base": 1.5048267311545527,
          "eqty_exp_base": 2.117887782065882,
          "grid_span": 0.3667275320981488,
          "initial_eprice_ema_dist": -0.09638830999892606,
          "initial_qty_pct": 0.01,
          "markup_range": 0.000479852493189496,
          "max_n_entry_orders": 10,
          "min_markup": 0.002,
          "n_close_orders": 19,
          "wallet_exposure_limit": 0.1},
 "short": {"auto_unstuck_ema_dist": 0.01920800708033331,
           "auto_unstuck_wallet_exposure_threshold": 0.0012899351458651373,
           "backwards_tp": true,
           "ema_span_0": 10.0,
           "ema_span_1": 6588.7610249181025,
           "enabled": true,
           "eprice_exp_base": 2.6612886610787507,
           "eqty_exp_base": 1.5293393600152045,
           "grid_span": 0.4,
           "initial_eprice_ema_dist": -0.00043048732283208936,
           "initial_qty_pct": 0.01,
           "markup_range": 0.0006998786512580111,
           "max_n_entry_orders": 27,
           "min_markup": 0.002,
           "n_close_orders": 34,
           "wallet_exposure_limit": 0.1}}