{"config_name": "recursive_grid_0days",
 "logging_level": 0,
 "long": {"auto_unstuck_ema_dist": -0.0022553284239859514,
          "auto_unstuck_wallet_exposure_threshold": 0.0534461205847975,
          "backwards_tp": true,
          "ddown_factor": 1.181368781475738,
          "ema_span_0": 612.7725845455735,
          "ema_span_1": 1058.9491739170282,
          "enabled": true,
          "initial_eprice_ema_dist": 0.009107585516648684,
          "initial_qty_pct": 0.02213202422304997,
          "markup_range": 0.0051259188769248055,
          "min_markup": 0.009591346270261406,
          "n_close_orders": 12,
          "rentry_pprice_dist": 0.029076649330274016,
          "rentry_pprice_dist_wallet_exposure_weighting": 3.522509553859953,
          "wallet_exposure_limit": 0.3},
 "short": {"auto_unstuck_ema_dist": -0.02036014415696419,
           "auto_unstuck_wallet_exposure_threshold": 0.07453331492103756,
           "backwards_tp": true,
           "ddown_factor": 0.4436206209620289,
           "ema_span_0": 356.09750586788925,
           "ema_span_1": 665.7824946613017,
           "enabled": false,
           "initial_eprice_ema_dist": -0.03316903377996948,
           "initial_qty_pct": 0.08207309853162492,
           "markup_range": 0.007391362037759337,
           "min_markup": 0.0021529673357514978,
           "n_close_orders": 6,
           "rentry_pprice_dist": 0.04477126425243914,
           "rentry_pprice_dist_wallet_exposure_weighting": 37.68721172849893,
           "wallet_exposure_limit": 1.0}}