{"config_name": "clock_0days",
 "long": {"backwards_tp": false,
          "delay_between_fills_minutes_close": 1364.8641215384414,
          "delay_between_fills_minutes_entry": 702.1193724123337,
          "delay_weight_close": 87.89895480200995,
          "delay_weight_entry": 22.8420983402704,
          "ema_dist_close": -7.785590939462673e-05,
          "ema_dist_entry": -0.005979705789235969,
          "ema_span_0": 911.5425293769626,
          "ema_span_1": 1360.1689420018336,
          "enabled": true,
          "markup_range": 0.03345137317829931,
          "min_markup": 0.005312868041930906,
          "n_close_orders": 7,
          "qty_pct_close": 0.04137760299781912,
          "qty_pct_entry": 0.01,
          "wallet_exposure_limit": 0.2,
          "we_multiplier_close": 0.32272080225964067,
          "we_multiplier_entry": 87.20091174668661},
 "short": {"backwards_tp": false,
           "delay_between_fills_minutes_close": 1219.269601798803,
           "delay_between_fills_minutes_entry": 1340.1985127272208,
           "delay_weight_close": 74.27921755642551,
           "delay_weight_entry": 68.17978109797644,
           "ema_dist_close": -0.031166219487462978,
           "ema_dist_entry": 0.0035557068536682113,
           "ema_span_0": 1312.6651670938081,
           "ema_span_1": 1324.0361202522715,
           "enabled": false,
           "markup_range": 0.03517646954162325,
           "min_markup": 0.0068137603387117655,
           "n_close_orders": 16,
           "qty_pct_close": 0.05659621537473638,
           "qty_pct_entry": 0.0657429889999997,
           "wallet_exposure_limit": 1.0,
           "we_multiplier_close": 7.032416423450593,
           "we_multiplier_entry": 46.25465226743493}}