{"config_name": "recursive_grid_0days",
 "logging_level": 0,
 "long": {"auto_unstuck_ema_dist": 0.0,
          "auto_unstuck_wallet_exposure_threshold": 0.0,
          "backwards_tp": true,
          "ddown_factor": 1.9825611816213589,
          "ema_span_0": 670.3201707258881,
          "ema_span_1": 674.9198425188741,
          "enabled": true,
          "initial_eprice_ema_dist": 0.01031989220945655,
          "initial_qty_pct": 0.01668252491897583,
          "markup_range": 0.004791163388589415,
          "min_markup": 0.002616990237922657,
          "n_close_orders": 2,
          "rentry_pprice_dist": 0.03698830326064043,
          "rentry_pprice_dist_wallet_exposure_weighting": 1.9806450610875401,
          "wallet_exposure_limit": 0.3},
 "short": {"auto_unstuck_ema_dist": -0.05008548977821333,
           "auto_unstuck_wallet_exposure_threshold": 0.0745085782981931,
           "backwards_tp": true,
           "ddown_factor": 2.0922825181457054,
           "ema_span_0": 951.0580108667478,
           "ema_span_1": 748.8152423130358,
           "enabled": false,
           "initial_eprice_ema_dist": -0.04469852321415618,
           "initial_qty_pct": 0.07438750610183915,
           "markup_range": 0.04124928594349694,
           "min_markup": 0.006051656665386584,
           "n_close_orders": 7,
           "rentry_pprice_dist": 0.03719824259225968,
           "rentry_pprice_dist_wallet_exposure_weighting": 14.963594530768047,
           "wallet_exposure_limit": 1}}