{"config_name": "clock_0days",
 "long": {"backwards_tp": true,
          "delay_between_fills_minutes_close": 406.4539710649524,
          "delay_between_fills_minutes_entry": 491.0165368516744,
          "delay_weight_close": 132.19890027420996,
          "delay_weight_entry": 26.94379800508204,
          "ema_dist_close": -0.00738335613673223,
          "ema_dist_entry": 0.008970565752937816,
          "ema_span_0": 919.0162048036796,
          "ema_span_1": 666.1397484360498,
          "enabled": true,
          "markup_range": 0.016977980937813053,
          "min_markup": 0.008270945136707801,
          "n_close_orders": 9,
          "qty_pct_close": 0.011414878982496641,
          "qty_pct_entry": 0.012534517320991707,
          "wallet_exposure_limit": 0.3,
          "we_multiplier_close": 23.60178293764845,
          "we_multiplier_entry": 64.16414541361978},
 "short": {"backwards_tp": true,
           "delay_between_fills_minutes_close": 1076.7113987419375,
           "delay_between_fills_minutes_entry": 1234.2949471571062,
           "delay_weight_close": 12.271957350038743,
           "delay_weight_entry": 45.84362616893619,
           "ema_dist_close": -0.005957610360161188,
           "ema_dist_entry": -0.04889248275379742,
           "ema_span_0": 1188.9692120502236,
           "ema_span_1": 1310.1899491895763,
           "enabled": false,
           "markup_range": 0.03689700182326165,
           "min_markup": 0.0019754028874830057,
           "n_close_orders": 6,
           "qty_pct_close": 0.09827971106791418,
           "qty_pct_entry": 0.06366506949101916,
           "wallet_exposure_limit": 1.0,
           "we_multiplier_close": 23.050595142801523,
           "we_multiplier_entry": 1.0337777410619586}}