{"config_name": "recursive_grid_0days",
 "logging_level": 0,
 "long": {"auto_unstuck_ema_dist": 0.0,
          "auto_unstuck_wallet_exposure_threshold": 0.0,
          "backwards_tp": false,
          "ddown_factor": 2.0166664571275548,
          "ema_span_0": 573.3495183624098,
          "ema_span_1": 599.3320124861427,
          "enabled": true,
          "initial_eprice_ema_dist": -0.03601362473786368,
          "initial_qty_pct": 0.0037237444645201985,
          "markup_range": 0.018841880753283212,
          "min_markup": 0.014986718822390232,
          "n_close_orders": 3,
          "rentry_pprice_dist": 0.04038040220204249,
          "rentry_pprice_dist_wallet_exposure_weighting": 0.0,
          "wallet_exposure_limit": 0.25},
 "short": {"auto_unstuck_ema_dist": 0.0,
           "auto_unstuck_wallet_exposure_threshold": 0.0,
           "backwards_tp": false,
           "ddown_factor": 2.2650617017431225,
           "ema_span_0": 443.35935035469856,
           "ema_span_1": 529.8518872465049,
           "enabled": true,
           "initial_eprice_ema_dist": -0.00521029575186485,
           "initial_qty_pct": 0.0036964121890376922,
           "markup_range": 0.025780032865357756,
           "min_markup": 0.0038500744353792715,
           "n_close_orders": 3,
           "rentry_pprice_dist": 0.030750328673244662,
           "rentry_pprice_dist_wallet_exposure_weighting": 0.0,
           "wallet_exposure_limit": 0.12}}