{"config_name": "clock_0days",
 "long": {"backwards_tp": true,
          "delay_between_fills_minutes_close": 466.721746169531,
          "delay_between_fills_minutes_entry": 270.02513244915133,
          "delay_weight_close": 71.01677115559308,
          "delay_weight_entry": 36.77056521763546,
          "ema_dist_close": -0.11928112524049686,
          "ema_dist_entry": 0.01,
          "ema_span_0": 283.73020731569113,
          "ema_span_1": 305.91735584460685,
          "enabled": true,
          "markup_range": 0.013893128301500522,
          "min_markup": 0.0075518975446731175,
          "n_close_orders": 3,
          "qty_pct_close": 0.01,
          "qty_pct_entry": 0.01,
          "wallet_exposure_limit": 0.3,
          "we_multiplier_close": 31.06689251402852,
          "we_multiplier_entry": 129.79814746527106},
 "short": {"backwards_tp": true,
           "delay_between_fills_minutes_close": 137.59327565961385,
           "delay_between_fills_minutes_entry": 212.16457533970714,
           "delay_weight_close": 82.21016360665618,
           "delay_weight_entry": 60.749736923755016,
           "ema_dist_close": -0.4420041128482487,
           "ema_dist_entry": -0.3631290947772571,
           "ema_span_0": 276.5224093826482,
           "ema_span_1": 122.69120434066384,
           "enabled": false,
           "markup_range": 0.019384092228858726,
           "min_markup": 0.006384565918388174,
           "n_close_orders": 5,
           "qty_pct_close": 0.01,
           "qty_pct_entry": 0.01,
           "wallet_exposure_limit": 1.0,
           "we_multiplier_close": 4.7704952890369245,
           "we_multiplier_entry": 93.75294520314932}}