{"config_name": "neat_grid_0days",
 "logging_level": 0,
 "long": {"auto_unstuck_ema_dist": 0.0013258082486709093,
          "auto_unstuck_wallet_exposure_threshold": 0.03,
          "backwards_tp": false,
          "ema_span_0": 733.2898063264257,
          "ema_span_1": 1008.1597177622447,
          "enabled": true,
          "eprice_exp_base": 1.177360855944755,
          "eqty_exp_base": 3.189166591488978,
          "grid_span": 0.1041126713699642,
          "initial_eprice_ema_dist": -0.0021775090942113273,
          "initial_qty_pct": 0.01,
          "markup_range": 8.234030485179587e-05,
          "max_n_entry_orders": 13,
          "min_markup": 0.004275,
          "n_close_orders": 1,
          "wallet_exposure_limit": 0.2},
 "short": {"auto_unstuck_ema_dist": -0.0886105897493833,
           "auto_unstuck_wallet_exposure_threshold": 0.0918365146056096,
           "backwards_tp": false,
           "ema_span_0": 967.2328699744947,
           "ema_span_1": 549.4177071663199,
           "enabled": false,
           "eprice_exp_base": 3.219633455302193,
           "eqty_exp_base": 3.2927905133714286,
           "grid_span": 0.37671387198321193,
           "initial_eprice_ema_dist": 0.0033794898419988034,
           "initial_qty_pct": 0.09474196763155965,
           "markup_range": 0.024761658093091724,
           "max_n_entry_orders": 9,
           "min_markup": 0.002244432303848744,
           "n_close_orders": 8,
           "wallet_exposure_limit": 1.0}}