{"config_name": "neat_grid_0days",
 "logging_level": 0,
 "long": {"auto_unstuck_ema_dist": 0.0,
          "auto_unstuck_wallet_exposure_threshold": 0.0,
          "backwards_tp": true,
          "ema_span_0": 893.8349842585521,
          "ema_span_1": 2437.7028537581687,
          "enabled": true,
          "eprice_exp_base": 0.4533591093499518,
          "eqty_exp_base": 1.9652378969850557,
          "grid_span": 0.1376067406907284,
          "initial_eprice_ema_dist": -0.13034099239660218,
          "initial_qty_pct": 0.009374228787540856,
          "markup_range": 0.002162107227825755,
          "max_n_entry_orders": 64,
          "min_markup": 0.0011062424242406282,
          "n_close_orders": 11,
          "wallet_exposure_limit": 0.1},
 "short": {"auto_unstuck_ema_dist": 0.014432594336616558,
           "auto_unstuck_wallet_exposure_threshold": 0.028284447982909265,
           "backwards_tp": true,
           "ema_span_0": 1565.4680101653664,
           "ema_span_1": 3682.658074161798,
           "enabled": false,
           "eprice_exp_base": 1.9198992297705242,
           "eqty_exp_base": 2.5775698469994066,
           "grid_span": 0.6603314244248992,
           "initial_eprice_ema_dist": -0.08735844727285204,
           "initial_qty_pct": 0.015,
           "markup_range": 0.014983676129053596,
           "max_n_entry_orders": 16,
           "min_markup": 0.0017987964973206418,
           "n_close_orders": 23,
           "wallet_exposure_limit": 0.1}}