{"config_name": "clock_0days",
 "long": {"backwards_tp": true,
          "delay_between_fills_minutes_close": 484.34037123587734,
          "delay_between_fills_minutes_entry": 325.36451890880767,
          "delay_weight_close": 99.2285588648163,
          "delay_weight_entry": 22.582549082565397,
          "ema_dist_close": -0.05684167667703966,
          "ema_dist_entry": 0.013636200229774402,
          "ema_span_0": 715.2717425431792,
          "ema_span_1": 756.2274073911897,
          "enabled": true,
          "markup_range": 0.017504484803665964,
          "min_markup": 0.008961347157258449,
          "n_close_orders": 7,
          "qty_pct_close": 0.018634393658232967,
          "qty_pct_entry": 0.01387512539510221,
          "wallet_exposure_limit": 0.3,
          "we_multiplier_close": 16.1111088064901,
          "we_multiplier_entry": 139.3881392999782},
 "short": {"backwards_tp": true,
           "delay_between_fills_minutes_close": 352.3186372125722,
           "delay_between_fills_minutes_entry": 12.526757971763457,
           "delay_weight_close": 118.14627901913937,
           "delay_weight_entry": 62.90862377157498,
           "ema_dist_close": -0.8612698787592226,
           "ema_dist_entry": -0.30446892108768275,
           "ema_span_0": 357.6747076348869,
           "ema_span_1": 454.9024359870027,
           "enabled": false,
           "markup_range": 0.012638231409990836,
           "min_markup": 0.014962550670402384,
           "n_close_orders": 4,
           "qty_pct_close": 0.01,
           "qty_pct_entry": 0.01,
           "wallet_exposure_limit": 1.0,
           "we_multiplier_close": 141.10248153658534,
           "we_multiplier_entry": 97.2522796300715}}