{"config_name": "recursive_grid_0days",
 "logging_level": 0,
 "long": {"auto_unstuck_ema_dist": 0.0025,
          "auto_unstuck_wallet_exposure_threshold": 0.02654561750409442,
          "backwards_tp": false,
          "ddown_factor": 2.1429,
          "ema_span_0": 339.28466822081094,
          "ema_span_1": 247.7130219952627,
          "enabled": true,
          "initial_eprice_ema_dist": 0.0025,
          "initial_qty_pct": 0.0031893,
          "markup_range": 0.028078,
          "min_markup": 0.005709,
          "n_close_orders": 5,
          "rentry_pprice_dist": 0.018515,
          "rentry_pprice_dist_wallet_exposure_weighting": 2.1199,
          "wallet_exposure_limit": 0.2},
 "short": {"auto_unstuck_ema_dist": -0.004986449614349978,
           "auto_unstuck_wallet_exposure_threshold": 0.08658419676442437,
           "backwards_tp": false,
           "ddown_factor": 2.544968545937839,
           "ema_span_0": 698.8107618423243,
           "ema_span_1": 398.58405936335544,
           "enabled": false,
           "initial_eprice_ema_dist": -0.08229966025262478,
           "initial_qty_pct": 0.06395596733850324,
           "markup_range": 0.03619848520849798,
           "min_markup": 0.0025534589771772156,
           "n_close_orders": 9,
           "rentry_pprice_dist": 0.038892284278039514,
           "rentry_pprice_dist_wallet_exposure_weighting": 9.173067865604704,
           "wallet_exposure_limit": 1.0}}