{"config_name": "recursive_grid_0days",
 "logging_level": 0,
 "long": {"auto_unstuck_ema_dist": 0,
          "auto_unstuck_wallet_exposure_threshold": 0.0,
          "backwards_tp": false,
          "ddown_factor": 0.4294113148279558,
          "ema_span_0": 316.8140965769324,
          "ema_span_1": 140.91017477963143,
          "enabled": true,
          "initial_eprice_ema_dist": -1.1059009464948767e-05,
          "initial_qty_pct": 0.012004117051520456,
          "markup_range": 0.055948336665009014,
          "min_markup": 0.00270102246370465,
          "n_close_orders": 26,
          "rentry_pprice_dist": 0.03813999044720425,
          "rentry_pprice_dist_wallet_exposure_weighting": 0.0,
          "wallet_exposure_limit": 0.2},
 "short": {"auto_unstuck_ema_dist": -0.028165174243103205,
           "auto_unstuck_wallet_exposure_threshold": 0.04062104458698831,
           "backwards_tp": false,
           "ddown_factor": 1.3277397510734377,
           "ema_span_0": 1270.4546031082768,
           "ema_span_1": 882.5635647243864,
           "enabled": false,
           "initial_eprice_ema_dist": -0.08314829867123126,
           "initial_qty_pct": 0.0200426059454462,
           "markup_range": 0.006986399008202082,
           "min_markup": 0.00449852965736507,
           "n_close_orders": 10,
           "rentry_pprice_dist": 0.02179485568763302,
           "rentry_pprice_dist_wallet_exposure_weighting": 2.6903941468949655,
           "wallet_exposure_limit": 1.0}}