{"config_name": "clock_0days",
 "long": {"backwards_tp": true,
          "delay_between_fills_minutes_close": 500,
          "delay_between_fills_minutes_entry": 457.8293619850428,
          "delay_weight_close": 83.21651168707736,
          "delay_weight_entry": 29.20713600558545,
          "ema_dist_close": -0.047290632389840846,
          "ema_dist_entry": 0.003182689990634424,
          "ema_span_0": 1167.735836596236,
          "ema_span_1": 361.7687655118412,
          "enabled": true,
          "markup_range": 0.05,
          "min_markup": 0.01,
          "n_close_orders": 2,
          "qty_pct_close": 0.015890748751672252,
          "qty_pct_entry": 0.01,
          "wallet_exposure_limit": 0.3,
          "we_multiplier_close": 54.364568888413295,
          "we_multiplier_entry": 132.69782483071134},
 "short": {"backwards_tp": true,
           "delay_between_fills_minutes_close": 116.65640398844356,
           "delay_between_fills_minutes_entry": 457.4305880678306,
           "delay_weight_close": 65.2600520553263,
           "delay_weight_entry": 42.35109817407247,
           "ema_dist_close": -0.0472466089937688,
           "ema_dist_entry": -0.016027120509572557,
           "ema_span_0": 287.86681304510364,
           "ema_span_1": 1064.5535143045574,
           "enabled": false,
           "markup_range": 0.02000803921468021,
           "min_markup": 0.07193610836087151,
           "n_close_orders": 16,
           "qty_pct_close": 0.041799922332189036,
           "qty_pct_entry": 0.6722919922897524,
           "wallet_exposure_limit": 1.0,
           "we_multiplier_close": 7.823135438770635,
           "we_multiplier_entry": 24.127374189508487}}