{"config_name": "clock_0days",
 "long": {"backwards_tp": true,
          "delay_between_fills_minutes_close": 391.0119312055937,
          "delay_between_fills_minutes_entry": 83.65943626225213,
          "delay_weight_close": 121.65413905992352,
          "delay_weight_entry": 27.998856255762593,
          "ema_dist_close": -0.08390199769324004,
          "ema_dist_entry": 0.007749395717523866,
          "ema_span_0": 634.1651093580513,
          "ema_span_1": 66.79174523238143,
          "enabled": true,
          "markup_range": 0.02924527674284418,
          "min_markup": 0.009189291780805861,
          "n_close_orders": 5,
          "qty_pct_close": 0.016341680270775667,
          "qty_pct_entry": 0.02,
          "wallet_exposure_limit": 0.3,
          "we_multiplier_close": 87.87689677984451,
          "we_multiplier_entry": 24.134471935260205},
 "short": {"backwards_tp": true,
           "delay_between_fills_minutes_close": 69.72658393091037,
           "delay_between_fills_minutes_entry": 721.7505641127007,
           "delay_weight_close": 85.6340603415436,
           "delay_weight_entry": 88.454606102913,
           "ema_dist_close": 0.0022193476481183957,
           "ema_dist_entry": -0.0015838613345530925,
           "ema_span_0": 337.3638551532326,
           "ema_span_1": 42.82974436174895,
           "enabled": false,
           "markup_range": 0.019473802475157287,
           "min_markup": 0.04350992132663217,
           "n_close_orders": 7,
           "qty_pct_close": 0.40909401834716214,
           "qty_pct_entry": 0.583388872231179,
           "wallet_exposure_limit": 1.0,
           "we_multiplier_close": 2.410314787310198,
           "we_multiplier_entry": 74.40686137495062}}