{"config_name": "recursive_grid_0days",
 "logging_level": 0,
 "long": {"auto_unstuck_ema_dist": -0.023691843909234525,
          "auto_unstuck_wallet_exposure_threshold": 0.03701661031046424,
          "backwards_tp": false,
          "ddown_factor": 2.1429,
          "ema_span_0": 1257.8167782035362,
          "ema_span_1": 232.97079041012893,
          "enabled": true,
          "initial_eprice_ema_dist": 0.0022071392583407666,
          "initial_qty_pct": 0.0031893,
          "markup_range": 0.028078,
          "min_markup": 0.005709,
          "n_close_orders": 5,
          "rentry_pprice_dist": 0.018515,
          "rentry_pprice_dist_wallet_exposure_weighting": 2.1199,
          "wallet_exposure_limit": 1},
 "short": {"auto_unstuck_ema_dist": -0.09330350184030176,
           "auto_unstuck_wallet_exposure_threshold": 0.06255131409736081,
           "backwards_tp": false,
           "ddown_factor": 1.0585171527248316,
           "ema_span_0": 1333.2966569725445,
           "ema_span_1": 473.4875773352761,
           "enabled": false,
           "initial_eprice_ema_dist": -0.005534647256731071,
           "initial_qty_pct": 0.04305755885417695,
           "markup_range": 0.014680163480166772,
           "min_markup": 0.008316317107601036,
           "n_close_orders": 13,
           "rentry_pprice_dist": 0.022639961852589457,
           "rentry_pprice_dist_wallet_exposure_weighting": 11.403330520164799,
           "wallet_exposure_limit": 1.0}}