{"config_name": "neat_grid_0days",
 "logging_level": 0,
 "long": {"auto_unstuck_ema_dist": 0.003,
          "auto_unstuck_wallet_exposure_threshold": 0.035039345813790604,
          "backwards_tp": false,
          "ema_span_0": 440.44687019635876,
          "ema_span_1": 408.45375548449493,
          "enabled": true,
          "eprice_exp_base": 1,
          "eqty_exp_base": 1.7100903087318602,
          "grid_span": 0.2021805820114919,
          "initial_eprice_ema_dist": -0.001,
          "initial_qty_pct": 0.01,
          "markup_range": 0.0026173513524776044,
          "max_n_entry_orders": 5,
          "min_markup": 0.004275,
          "n_close_orders": 1,
          "wallet_exposure_limit": 0.2},
 "short": {"auto_unstuck_ema_dist": -0.07737000252875688,
           "auto_unstuck_wallet_exposure_threshold": 0.05719866930813598,
           "backwards_tp": false,
           "ema_span_0": 1071.9975230887376,
           "ema_span_1": 450.0460019443375,
           "enabled": false,
           "eprice_exp_base": 1.8747332924555806,
           "eqty_exp_base": 1.1943896753702132,
           "grid_span": 0.3222414875858032,
           "initial_eprice_ema_dist": -0.03248967203475764,
           "initial_qty_pct": 0.012931294772667266,
           "markup_range": 0.014402009430123108,
           "max_n_entry_orders": 15,
           "min_markup": 0.0048440072472132,
           "n_close_orders": 8,
           "wallet_exposure_limit": 1.0}}