{"config_name": "clock_0days",
 "long": {"backwards_tp": true,
          "delay_between_fills_minutes_close": 591.2951683011556,
          "delay_between_fills_minutes_entry": 1377.1652486820246,
          "delay_weight_close": 0,
          "delay_weight_entry": 10.06975620874535,
          "ema_dist_close": -0.0011784738884857012,
          "ema_dist_entry": -0.002708780833275487,
          "ema_span_0": 2000.612082169004,
          "ema_span_1": 188.92276139340746,
          "enabled": true,
          "markup_range": 0.007606457735365217,
          "min_markup": 0.007965054489190769,
          "n_close_orders": 3,
          "qty_pct_close": 0.00345631556223645,
          "qty_pct_entry": 0.008564316270544716,
          "wallet_exposure_limit": 0.2,
          "we_multiplier_close": 0.07694378088073806,
          "we_multiplier_entry": 189.177142899909},
 "short": {"backwards_tp": true,
           "delay_between_fills_minutes_close": 53.95933557043118,
           "delay_between_fills_minutes_entry": 1364.322842733222,
           "delay_weight_close": 16.43488662955711,
           "delay_weight_entry": 29.726157716041367,
           "ema_dist_close": -0.01222816942654513,
           "ema_dist_entry": -0.018498122976489312,
           "ema_span_0": 853.9494734349284,
           "ema_span_1": 1167.862216991374,
           "enabled": false,
           "markup_range": 0.024333252515075968,
           "min_markup": 0.004100501385296508,
           "n_close_orders": 16,
           "qty_pct_close": 0.09073468988405856,
           "qty_pct_entry": 0.041287874724896506,
           "wallet_exposure_limit": 1.0,
           "we_multiplier_close": 58.18215327993155,
           "we_multiplier_entry": 52.96371104553514}}