{"config_name": "recursive_grid_0days",
 "logging_level": 0,
 "long": {"auto_unstuck_ema_dist": -0.00103592770273381,
          "auto_unstuck_wallet_exposure_threshold": 0.06063721497993534,
          "backwards_tp": true,
          "ddown_factor": 2.4002570710768034,
          "ema_span_0": 561.6218721683229,
          "ema_span_1": 723.9512996602432,
          "enabled": true,
          "initial_eprice_ema_dist": 0.01187030990994107,
          "initial_qty_pct": 0.017806176788261057,
          "markup_range": 0.005393005369266795,
          "min_markup": 0.0033682572611921295,
          "n_close_orders": 3,
          "rentry_pprice_dist": 0.024120957862514582,
          "rentry_pprice_dist_wallet_exposure_weighting": 0.0,
          "wallet_exposure_limit": 0.3},
 "short": {"auto_unstuck_ema_dist": -0.08460613215254856,
           "auto_unstuck_wallet_exposure_threshold": 0.07617715300503361,
           "backwards_tp": true,
           "ddown_factor": 0.40072230767999173,
           "ema_span_0": 388.92384876780204,
           "ema_span_1": 1088.9952651805831,
           "enabled": false,
           "initial_eprice_ema_dist": -0.053948132604074266,
           "initial_qty_pct": 0.04649880595522324,
           "markup_range": 0.00851019496127252,
           "min_markup": 0.006325471655367365,
           "n_close_orders": 7,
           "rentry_pprice_dist": 0.010424726195856427,
           "rentry_pprice_dist_wallet_exposure_weighting": 22.630556341002652,
           "wallet_exposure_limit": 1.0}}