{"config_name": "emas_0days",
 "long": {"delay_between_fills_minutes_close": 392.6245433541852,
          "delay_between_fills_minutes_entry": 208.6116317888108,
          "delay_weight_close": -50.44579932082638,
          "delay_weight_entry": 23.528744040392457,
          "ema_dist_lower": 0.0028738705392420717,
          "ema_dist_upper": 0.0015249506744198864,
          "ema_span_0": 1266.029840472286,
          "ema_span_1": 1249.348399743255,
          "enabled": true,
          "markup_range": 0.03,
          "min_markup": 0.02,
          "n_close_orders": 4,
          "qty_pct_close": 0.004410143435254774,
          "qty_pct_entry": 0.0026607729429178532,
          "wallet_exposure_limit": 1.0,
          "we_multiplier_close": 118.0700333790591,
          "we_multiplier_entry": 96.68197982520225},
 "short": {"delay_between_fills_minutes_close": 423.8834406097129,
           "delay_between_fills_minutes_entry": 342.9333195273076,
           "delay_weight_close": 7.231131047819758,
           "delay_weight_entry": 146.0251704491282,
           "ema_dist_lower": 0.007661542665516381,
           "ema_dist_upper": 0.003118612222408921,
           "ema_span_0": 1155.9824200227476,
           "ema_span_1": 458.7109528507408,
           "enabled": false,
           "markup_range": 0.0031186168076224843,
           "min_markup": 0.016515113023407097,
           "n_close_orders": 3,
           "qty_pct_close": 0.022865297246985,
           "qty_pct_entry": 0.038982893669668665,
           "wallet_exposure_limit": 1.0,
           "we_multiplier_close": 107.6511780903369,
           "we_multiplier_entry": 79.46941851680535}}