{"config_name": "recursive_grid_0days",
 "logging_level": 0,
 "long": {"auto_unstuck_ema_dist": 0,
          "auto_unstuck_wallet_exposure_threshold": 0.0,
          "backwards_tp": true,
          "ddown_factor": 2.831540011052075,
          "ema_span_0": 325.9403940702647,
          "ema_span_1": 540.519178667871,
          "enabled": true,
          "initial_eprice_ema_dist": 0.012518266244905991,
          "initial_qty_pct": 0.021891000263533862,
          "markup_range": 0.0035794571663317946,
          "min_markup": 0.005717919719191738,
          "n_close_orders": 3,
          "rentry_pprice_dist": 0.04139869993676155,
          "rentry_pprice_dist_wallet_exposure_weighting": 2.881790104740932,
          "wallet_exposure_limit": 0.3},
 "short": {"auto_unstuck_ema_dist": -0.09742703732860683,
           "auto_unstuck_wallet_exposure_threshold": 0.06306022304382683,
           "backwards_tp": true,
           "ddown_factor": 0.6848057881953841,
           "ema_span_0": 1148.1649310739167,
           "ema_span_1": 24.95698078828365,
           "enabled": false,
           "initial_eprice_ema_dist": -0.0459205822810292,
           "initial_qty_pct": 0.04156574440170972,
           "markup_range": 0.0438049101653868,
           "min_markup": 0.007811396121546833,
           "n_close_orders": 7,
           "rentry_pprice_dist": 0.019955303431070954,
           "rentry_pprice_dist_wallet_exposure_weighting": 0.3294907753788867,
           "wallet_exposure_limit": 1.0}}