{"config_name": "recursive_grid_0days",
 "logging_level": 0,
 "long": {"auto_unstuck_ema_dist": 0.0,
          "auto_unstuck_wallet_exposure_threshold": 0.0,
          "backwards_tp": true,
          "ddown_factor": 2.379769728394773,
          "ema_span_0": 570.4886346755662,
          "ema_span_1": 572.9184289348548,
          "enabled": true,
          "initial_eprice_ema_dist": -0.005297722225372367,
          "initial_qty_pct": 0.0018588413718880886,
          "markup_range": 0.004530336528802431,
          "min_markup": 0.0021109290197373434,
          "n_close_orders": 7,
          "rentry_pprice_dist": 0.028357969025207284,
          "rentry_pprice_dist_wallet_exposure_weighting": 2.0815874475231904,
          "wallet_exposure_limit": 0.1},
 "short": {"auto_unstuck_ema_dist": 0.011615058874480624,
           "auto_unstuck_wallet_exposure_threshold": 0.07887837963510604,
           "backwards_tp": true,
           "ddown_factor": 0.05,
           "ema_span_0": 2344.216702829851,
           "ema_span_1": 1264.1178288198928,
           "enabled": false,
           "initial_eprice_ema_dist": -0.06725010736255775,
           "initial_qty_pct": 0.015,
           "markup_range": 0.025638296433018248,
           "min_markup": 0.002658432092031984,
           "n_close_orders": 8,
           "rentry_pprice_dist": 0.021769614918264256,
           "rentry_pprice_dist_wallet_exposure_weighting": 44.02602067141422,
           "wallet_exposure_limit": 0.1}}