{"config_name": "recursive_grid_0days",
 "logging_level": 0,
 "long": {"auto_unstuck_ema_dist": -0.006890420166138033,
          "auto_unstuck_wallet_exposure_threshold": 0.06818331139996242,
          "backwards_tp": true,
          "ddown_factor": 1.9162931092732907,
          "ema_span_0": 382.7119674975618,
          "ema_span_1": 1076.9757258570971,
          "enabled": true,
          "initial_eprice_ema_dist": -0.006639631981471758,
          "initial_qty_pct": 0.018799282737664437,
          "markup_range": 0.004264319894378518,
          "min_markup": 0.004134539177892712,
          "n_close_orders": 5,
          "rentry_pprice_dist": 0.019413173222601485,
          "rentry_pprice_dist_wallet_exposure_weighting": 6.066683280493223,
          "wallet_exposure_limit": 0.3},
 "short": {"auto_unstuck_ema_dist": -0.014276993476496247,
           "auto_unstuck_wallet_exposure_threshold": 0.09426523255549905,
           "backwards_tp": true,
           "ddown_factor": 0.896878280347854,
           "ema_span_0": 365.491222712567,
           "ema_span_1": 215.9409675296991,
           "enabled": false,
           "initial_eprice_ema_dist": -0.0851708580410448,
           "initial_qty_pct": 0.08829146835339165,
           "markup_range": 0.05305870749213043,
           "min_markup": 0.006781949140117734,
           "n_close_orders": 7,
           "rentry_pprice_dist": 0.025656115303776476,
           "rentry_pprice_dist_wallet_exposure_weighting": 22.84303168332314,
           "wallet_exposure_limit": 1.0}}