{"config_name": "clock_0days",
 "long": {"backwards_tp": true,
          "delay_between_fills_minutes_close": 667.603689244246,
          "delay_between_fills_minutes_entry": 597.5354552382216,
          "delay_weight_close": 0,
          "delay_weight_entry": 30.282585624609645,
          "ema_dist_close": -0.0060210553739616784,
          "ema_dist_entry": -0.00392444102971429,
          "ema_span_0": 734.8892861069644,
          "ema_span_1": 460.11597057249037,
          "enabled": true,
          "markup_range": 0.007557632406559046,
          "min_markup": 0.007743899988896101,
          "n_close_orders": 2,
          "qty_pct_close": 0.012804975766999918,
          "qty_pct_entry": 0.007483154340234178,
          "wallet_exposure_limit": 0.2,
          "we_multiplier_close": 0.37806066022629997,
          "we_multiplier_entry": 32.68956521672088},
 "short": {"backwards_tp": true,
           "delay_between_fills_minutes_close": 1072.0023173221714,
           "delay_between_fills_minutes_entry": 496.5718055428001,
           "delay_weight_close": 44.835137935034275,
           "delay_weight_entry": 34.39708977696356,
           "ema_dist_close": -0.014484791698747501,
           "ema_dist_entry": -0.01579335298685868,
           "ema_span_0": 834.1081541535808,
           "ema_span_1": 981.9119136998027,
           "enabled": false,
           "markup_range": 0.04709070763134027,
           "min_markup": 0.0018491788608875283,
           "n_close_orders": 9,
           "qty_pct_close": 0.058356347673773123,
           "qty_pct_entry": 0.04189340285299019,
           "wallet_exposure_limit": 1.0,
           "we_multiplier_close": 20.429944717523007,
           "we_multiplier_entry": 3.3363375037869014}}