{"config_name": "clock_0days",
 "long": {"backwards_tp": true,
          "delay_between_fills_minutes_close": 404.3826768654811,
          "delay_between_fills_minutes_entry": 288.5011440741214,
          "delay_weight_close": 97.93069116287833,
          "delay_weight_entry": 16.499530242384512,
          "ema_dist_close": -0.0921107470121234,
          "ema_dist_entry": -0.0013642859913278304,
          "ema_span_0": 647.2699375635952,
          "ema_span_1": 489.87245007231104,
          "enabled": true,
          "markup_range": 0.014611357647293205,
          "min_markup": 0.00922459365595707,
          "n_close_orders": 8,
          "qty_pct_close": 0.010134067532867282,
          "qty_pct_entry": 0.010837953527781998,
          "wallet_exposure_limit": 0.3,
          "we_multiplier_close": 6.525368690831071,
          "we_multiplier_entry": 99.42473247480756},
 "short": {"backwards_tp": true,
           "delay_between_fills_minutes_close": 101.91352885508051,
           "delay_between_fills_minutes_entry": 841.4812769733827,
           "delay_weight_close": 7.357518207363922,
           "delay_weight_entry": 22.752869413161424,
           "ema_dist_close": -0.0069981495271904184,
           "ema_dist_entry": -0.01398228075123227,
           "ema_span_0": 323.8753356605786,
           "ema_span_1": 974.99127286645,
           "enabled": false,
           "markup_range": 0.038366555118460356,
           "min_markup": 0.06564005267333564,
           "n_close_orders": 8,
           "qty_pct_close": 0.9698449158501782,
           "qty_pct_entry": 0.710441811227526,
           "wallet_exposure_limit": 1.0,
           "we_multiplier_close": 7.699956985232989,
           "we_multiplier_entry": 70.03491793667595}}