{"config_name": "recursive_grid_0days",
 "logging_level": 0,
 "long": {"auto_unstuck_ema_dist": -0.0029665952398366634,
          "auto_unstuck_wallet_exposure_threshold": 0.05,
          "backwards_tp": true,
          "ddown_factor": 2.307211988300759,
          "ema_span_0": 328.62337381902717,
          "ema_span_1": 471.8440243611717,
          "enabled": true,
          "initial_eprice_ema_dist": 0.003240466833495119,
          "initial_qty_pct": 0.01868676687610203,
          "markup_range": 0.003355177200545498,
          "min_markup": 0.00535422505255099,
          "n_close_orders": 15,
          "rentry_pprice_dist": 0.028473976431233006,
          "rentry_pprice_dist_wallet_exposure_weighting": 3.400913690006795,
          "wallet_exposure_limit": 0.3},
 "short": {"auto_unstuck_ema_dist": -0.046162581632555995,
           "auto_unstuck_wallet_exposure_threshold": 0.05952819797937977,
           "backwards_tp": true,
           "ddown_factor": 0.7959758349490723,
           "ema_span_0": 14.32718480719256,
           "ema_span_1": 1248.624856019811,
           "enabled": false,
           "initial_eprice_ema_dist": -0.04542782792808146,
           "initial_qty_pct": 0.026053122556816237,
           "markup_range": 0.05749954535367069,
           "min_markup": 0.0018661927277554308,
           "n_close_orders": 7,
           "rentry_pprice_dist": 0.02649401832230498,
           "rentry_pprice_dist_wallet_exposure_weighting": 35.5335790872948,
           "wallet_exposure_limit": 1.0}}