{"config_name": "clock_0days",
 "long": {"backwards_tp": true,
          "delay_between_fills_minutes_close": 500,
          "delay_between_fills_minutes_entry": 494.18545001954044,
          "delay_weight_close": 67.83678395538703,
          "delay_weight_entry": 28.89310951010947,
          "ema_dist_close": -0.0018789189035027486,
          "ema_dist_entry": 0.01,
          "ema_span_0": 85.61223859626436,
          "ema_span_1": 405.96451582217924,
          "enabled": true,
          "markup_range": 0.02,
          "min_markup": 0.009567642121039973,
          "n_close_orders": 3,
          "qty_pct_close": 0.01,
          "qty_pct_entry": 0.01,
          "wallet_exposure_limit": 0.3,
          "we_multiplier_close": 9.88750474188828,
          "we_multiplier_entry": 89.25577635729718},
 "short": {"backwards_tp": true,
           "delay_between_fills_minutes_close": 1045.5712531881798,
           "delay_between_fills_minutes_entry": 963.8809709040308,
           "delay_weight_close": 43.457326307512545,
           "delay_weight_entry": 79.02014610665348,
           "ema_dist_close": -0.0295168388258255,
           "ema_dist_entry": -0.03879565239903545,
           "ema_span_0": 464.09966220830967,
           "ema_span_1": 697.6921477536407,
           "enabled": false,
           "markup_range": 0.04857536495605464,
           "min_markup": 0.007928960054928692,
           "n_close_orders": 9,
           "qty_pct_close": 0.07734674466908147,
           "qty_pct_entry": 0.07240532811496159,
           "wallet_exposure_limit": 1.0,
           "we_multiplier_close": 40.627709087023504,
           "we_multiplier_entry": 88.2367590122121}}