{"config_name": "recursive_grid_0days",
 "logging_level": 0,
 "long": {"auto_unstuck_ema_dist": 0,
          "auto_unstuck_wallet_exposure_threshold": 0.0,
          "backwards_tp": false,
          "ddown_factor": 0.3566566079944107,
          "ema_span_0": 167.4786298931399,
          "ema_span_1": 595.064539557777,
          "enabled": true,
          "initial_eprice_ema_dist": -0.08075134446186008,
          "initial_qty_pct": 0.0024745858571172705,
          "markup_range": 0.051656614616133065,
          "min_markup": 0.010561194433435443,
          "n_close_orders": 8,
          "rentry_pprice_dist": 0.03425842014282715,
          "rentry_pprice_dist_wallet_exposure_weighting": 3.9218211116780397,
          "wallet_exposure_limit": 0.2},
 "short": {"auto_unstuck_ema_dist": -0.016092139557952356,
           "auto_unstuck_wallet_exposure_threshold": 0.053270684786271366,
           "backwards_tp": false,
           "ddown_factor": 1.0613792652228744,
           "ema_span_0": 67.01041754362214,
           "ema_span_1": 660.832236497021,
           "enabled": false,
           "initial_eprice_ema_dist": -0.09693651139087825,
           "initial_qty_pct": 0.015207933824991974,
           "markup_range": 0.05011028586925199,
           "min_markup": 0.008296070793689197,
           "n_close_orders": 3,
           "rentry_pprice_dist": 0.014691829993928127,
           "rentry_pprice_dist_wallet_exposure_weighting": 9.188617264901215,
           "wallet_exposure_limit": 1.0}}