{"config_name": "recursive_grid_0days",
 "logging_level": 0,
 "long": {"auto_unstuck_ema_dist": -0.0017670084297828608,
          "auto_unstuck_wallet_exposure_threshold": 0.07430963332384248,
          "backwards_tp": true,
          "ddown_factor": 1.1802843624066135,
          "ema_span_0": 389.6576065444665,
          "ema_span_1": 680.0227762173183,
          "enabled": true,
          "initial_eprice_ema_dist": -0.016151188588711486,
          "initial_qty_pct": 0.021976607160677165,
          "markup_range": 0.004657607700871019,
          "min_markup": 0.0063631521675175,
          "n_close_orders": 5,
          "rentry_pprice_dist": 0.027567295360762405,
          "rentry_pprice_dist_wallet_exposure_weighting": 0.6282401962645867,
          "wallet_exposure_limit": 0.3},
 "short": {"auto_unstuck_ema_dist": -0.08639750451398025,
           "auto_unstuck_wallet_exposure_threshold": 0.07817683573279796,
           "backwards_tp": true,
           "ddown_factor": 0.24765961336479034,
           "ema_span_0": 665.930743275821,
           "ema_span_1": 1417.3727157480475,
           "enabled": false,
           "initial_eprice_ema_dist": -0.0013645379615450036,
           "initial_qty_pct": 0.03455177213783332,
           "markup_range": 0.011468609589534747,
           "min_markup": 0.002823538837144407,
           "n_close_orders": 11,
           "rentry_pprice_dist": 0.04575692749000291,
           "rentry_pprice_dist_wallet_exposure_weighting": 17.365701185028087,
           "wallet_exposure_limit": 1.0}}