{"config_name": "recursive_grid_0days",
 "logging_level": 0,
 "long": {"auto_unstuck_ema_dist": 0,
          "auto_unstuck_wallet_exposure_threshold": 0.0,
          "backwards_tp": false,
          "ddown_factor": 0.32137024027480005,
          "ema_span_0": 603.97870962766,
          "ema_span_1": 798.8205615235252,
          "enabled": true,
          "initial_eprice_ema_dist": -0.17216504948701836,
          "initial_qty_pct": 0.0012184111871127296,
          "markup_range": 0.051168671966960934,
          "min_markup": 0.010405179998110232,
          "n_close_orders": 8,
          "rentry_pprice_dist": 0.03425842014282715,
          "rentry_pprice_dist_wallet_exposure_weighting": 3.9218211116780397,
          "wallet_exposure_limit": 0.2},
 "short": {"auto_unstuck_ema_dist": -0.07105777373497296,
           "auto_unstuck_wallet_exposure_threshold": 0.048058523667502975,
           "backwards_tp": false,
           "ddown_factor": 2.3769305014857767,
           "ema_span_0": 87.66483111839982,
           "ema_span_1": 291.5121256493557,
           "enabled": false,
           "initial_eprice_ema_dist": -0.07006043334192927,
           "initial_qty_pct": 0.050796535829479184,
           "markup_range": 0.03388086185046814,
           "min_markup": 0.0027002199300251804,
           "n_close_orders": 13,
           "rentry_pprice_dist": 0.0112234838156321,
           "rentry_pprice_dist_wallet_exposure_weighting": 17.958449748863607,
           "wallet_exposure_limit": 1.0}}