{"config_name": "recursive_grid_0days",
 "logging_level": 0,
 "long": {"auto_unstuck_ema_dist": 0,
          "auto_unstuck_wallet_exposure_threshold": 0.0,
          "backwards_tp": false,
          "ddown_factor": 1.2444740344280731,
          "ema_span_0": 227.4973802491309,
          "ema_span_1": 329.21653626360165,
          "enabled": true,
          "initial_eprice_ema_dist": -0.06675168629174777,
          "initial_qty_pct": 0.005859832869808108,
          "markup_range": 0.05164711075315813,
          "min_markup": 0.010561194433435443,
          "n_close_orders": 7,
          "rentry_pprice_dist": 0.03020130707607431,
          "rentry_pprice_dist_wallet_exposure_weighting": 2.8829643925180712,
          "wallet_exposure_limit": 0.2},
 "short": {"auto_unstuck_ema_dist": -0.044783481600770954,
           "auto_unstuck_wallet_exposure_threshold": 0.06801248519315588,
           "backwards_tp": false,
           "ddown_factor": 2.0851570078875024,
           "ema_span_0": 628.2518881260742,
           "ema_span_1": 208.28743156366778,
           "enabled": false,
           "initial_eprice_ema_dist": -0.02376308851252318,
           "initial_qty_pct": 0.03650190112054234,
           "markup_range": 0.031108190678947236,
           "min_markup": 0.008430883741166737,
           "n_close_orders": 9,
           "rentry_pprice_dist": 0.03386056890508255,
           "rentry_pprice_dist_wallet_exposure_weighting": 7.466829070015475,
           "wallet_exposure_limit": 1.0}}