{"config_name": "recursive_grid_0days",
 "logging_level": 0,
 "long": {"auto_unstuck_ema_dist": 0.005811992193280285,
          "auto_unstuck_wallet_exposure_threshold": 0.6080282802906164,
          "backwards_tp": true,
          "ddown_factor": 0.5862206653334832,
          "ema_span_0": 182.312185489587,
          "ema_span_1": 274.5749742220448,
          "enabled": true,
          "initial_eprice_ema_dist": -0.018294485335453137,
          "initial_qty_pct": 0.02019072765129602,
          "markup_range": 0.003825911313972408,
          "min_markup": 0.005,
          "n_close_orders": 10,
          "rentry_pprice_dist": 0.024620650055678945,
          "rentry_pprice_dist_wallet_exposure_weighting": 0.6838835603323185,
          "wallet_exposure_limit": 0.1},
 "short": {"auto_unstuck_ema_dist": 0.05135774314615572,
           "auto_unstuck_wallet_exposure_threshold": 0.8747079853103683,
           "backwards_tp": true,
           "ddown_factor": 2.760058474626615,
           "ema_span_0": 3922.4436684051575,
           "ema_span_1": 2164.8457981674096,
           "enabled": true,
           "initial_eprice_ema_dist": -0.0033374106434386776,
           "initial_qty_pct": 0.018225112864030408,
           "markup_range": 0.003060510658629225,
           "min_markup": 0.00800092616996304,
           "n_close_orders": 6,
           "rentry_pprice_dist": 0.024196130844892656,
           "rentry_pprice_dist_wallet_exposure_weighting": 22.637794588038847,
           "wallet_exposure_limit": 0.1}}