{"config_name": "recursive_grid_0days",
 "logging_level": 0,
 "long": {"auto_unstuck_ema_dist": 0.0,
          "auto_unstuck_wallet_exposure_threshold": 0.0,
          "backwards_tp": true,
          "ddown_factor": 0.6870048700443989,
          "ema_span_0": 555.5975551989022,
          "ema_span_1": 555.9436166049294,
          "enabled": true,
          "initial_eprice_ema_dist": -0.047832822235765134,
          "initial_qty_pct": 0.0045890866018329386,
          "markup_range": 0.0048620297774241514,
          "min_markup": 0.003215821223332572,
          "n_close_orders": 12,
          "rentry_pprice_dist": 0.03297436375539458,
          "rentry_pprice_dist_wallet_exposure_weighting": 0,
          "wallet_exposure_limit": 0.1},
 "short": {"auto_unstuck_ema_dist": 0.08568726843605899,
           "auto_unstuck_wallet_exposure_threshold": 0.04566202160150437,
           "backwards_tp": true,
           "ddown_factor": 0.8507447035310969,
           "ema_span_0": 2904.3536466642063,
           "ema_span_1": 6861.990062054571,
           "enabled": false,
           "initial_eprice_ema_dist": -0.09265754114662722,
           "initial_qty_pct": 0.015,
           "markup_range": 0,
           "min_markup": 0.0029136228994353255,
           "n_close_orders": 8,
           "rentry_pprice_dist": 0.013871622942651539,
           "rentry_pprice_dist_wallet_exposure_weighting": 34.42636403732042,
           "wallet_exposure_limit": 0.1}}