{"config_name": "recursive_grid_0days",
 "logging_level": 0,
 "long": {"auto_unstuck_ema_dist": 0,
          "auto_unstuck_wallet_exposure_threshold": 0.0,
          "backwards_tp": true,
          "ddown_factor": 1.9888917899469882,
          "ema_span_0": 360.5648260969116,
          "ema_span_1": 360.57904077249174,
          "enabled": true,
          "initial_eprice_ema_dist": 0.0022987103462945527,
          "initial_qty_pct": 0.01665790661666754,
          "markup_range": 0.0015789851048895614,
          "min_markup": 0.002504472284637075,
          "n_close_orders": 2,
          "rentry_pprice_dist": 0.03235671918596802,
          "rentry_pprice_dist_wallet_exposure_weighting": 2.268925034753594,
          "wallet_exposure_limit": 0.3},
 "short": {"auto_unstuck_ema_dist": -0.0568295301170543,
           "auto_unstuck_wallet_exposure_threshold": 0.05036942092390211,
           "backwards_tp": true,
           "ddown_factor": 2.966868807881228,
           "ema_span_0": 283.14016200031347,
           "ema_span_1": 804.0627652135313,
           "enabled": false,
           "initial_eprice_ema_dist": -0.07205731972333201,
           "initial_qty_pct": 0.031465917280358066,
           "markup_range": 0.032530366080974094,
           "min_markup": 0.009538036024892844,
           "n_close_orders": 5,
           "rentry_pprice_dist": 0.04295186843888757,
           "rentry_pprice_dist_wallet_exposure_weighting": 1.7426133852865577,
           "wallet_exposure_limit": 1.0}}