{"config_name": "clock_0days",
 "long": {"backwards_tp": true,
          "delay_between_fills_minutes_close": 268.90508830824245,
          "delay_between_fills_minutes_entry": 442.010266201892,
          "delay_weight_close": 118.20452679026153,
          "delay_weight_entry": 34.915459409476746,
          "ema_dist_close": -0.04061249354310074,
          "ema_dist_entry": 0.010876032064167485,
          "ema_span_0": 892.7120136658579,
          "ema_span_1": 446.83998136163785,
          "enabled": true,
          "markup_range": 0.05,
          "min_markup": 0.002609445387973353,
          "n_close_orders": 2,
          "qty_pct_close": 0.01601960112469958,
          "qty_pct_entry": 0.018956874866299944,
          "wallet_exposure_limit": 0.3,
          "we_multiplier_close": 10.742317410871014,
          "we_multiplier_entry": 127.21679965817049},
 "short": {"backwards_tp": true,
           "delay_between_fills_minutes_close": 148.66259705653047,
           "delay_between_fills_minutes_entry": 164.79053427745458,
           "delay_weight_close": 39.95297724386807,
           "delay_weight_entry": 20.891563199750596,
           "ema_dist_close": -0.025664227377512623,
           "ema_dist_entry": 0.008445592265172878,
           "ema_span_0": 555.4292175042038,
           "ema_span_1": 819.1355994909842,
           "enabled": false,
           "markup_range": 0.021373107143253925,
           "min_markup": 0.00914652335896442,
           "n_close_orders": 15,
           "qty_pct_close": 0.6141615364982357,
           "qty_pct_entry": 0.18155347266743702,
           "wallet_exposure_limit": 1.0,
           "we_multiplier_close": 9.085594741453196,
           "we_multiplier_entry": 10.067552261886348}}