{"config_name": "clock_0days",
 "long": {"backwards_tp": false,
          "delay_between_fills_minutes_close": 1405.7332300209182,
          "delay_between_fills_minutes_entry": 1326.899887155795,
          "delay_weight_close": 82.91298407465604,
          "delay_weight_entry": 18.000618387420108,
          "ema_dist_close": 0.0035972300160112755,
          "ema_dist_entry": 0.004,
          "ema_span_0": 1213.6778206632978,
          "ema_span_1": 929.8427097885592,
          "enabled": true,
          "markup_range": 0.04,
          "min_markup": 0.01,
          "n_close_orders": 14,
          "qty_pct_close": 0.0440939235737096,
          "qty_pct_entry": 0.01,
          "wallet_exposure_limit": 0.2,
          "we_multiplier_close": 0,
          "we_multiplier_entry": 41.07664487749026},
 "short": {"backwards_tp": false,
           "delay_between_fills_minutes_close": 261.76364033019416,
           "delay_between_fills_minutes_entry": 685.268191546788,
           "delay_weight_close": 15.836697899757324,
           "delay_weight_entry": 51.75508493841977,
           "ema_dist_close": -0.026608872354207218,
           "ema_dist_entry": -0.048323993195327236,
           "ema_span_0": 777.010619629681,
           "ema_span_1": 915.598209186067,
           "enabled": false,
           "markup_range": 0.022668217025171633,
           "min_markup": 0.009023497753254187,
           "n_close_orders": 3,
           "qty_pct_close": 0.029656058240832513,
           "qty_pct_entry": 0.07162163706220075,
           "wallet_exposure_limit": 1.0,
           "we_multiplier_close": 57.51287228556801,
           "we_multiplier_entry": 86.59950091321782}}