{"config_name": "recursive_grid_0days",
 "logging_level": 0,
 "long": {"auto_unstuck_ema_dist": 0.003841869615377521,
          "auto_unstuck_wallet_exposure_threshold": 0.06387890972857722,
          "backwards_tp": true,
          "ddown_factor": 1.7671969970603918,
          "ema_span_0": 20.14146793285733,
          "ema_span_1": 1000.8583062818226,
          "enabled": true,
          "initial_eprice_ema_dist": -0.004691653234611207,
          "initial_qty_pct": 0.01980824956897189,
          "markup_range": 0.003119312480974136,
          "min_markup": 0.006765640196021637,
          "n_close_orders": 8,
          "rentry_pprice_dist": 0.01967912787656171,
          "rentry_pprice_dist_wallet_exposure_weighting": 3.835548794392112,
          "wallet_exposure_limit": 0.3},
 "short": {"auto_unstuck_ema_dist": -0.04497656808313947,
           "auto_unstuck_wallet_exposure_threshold": 0.05989183937816894,
           "backwards_tp": true,
           "ddown_factor": 2.7521119018847457,
           "ema_span_0": 450.31795703987785,
           "ema_span_1": 286.6995359327455,
           "enabled": false,
           "initial_eprice_ema_dist": -0.040979731573296554,
           "initial_qty_pct": 0.024178331622469195,
           "markup_range": 0.02496981722081553,
           "min_markup": 0.007415554195262995,
           "n_close_orders": 7,
           "rentry_pprice_dist": 0.005448615487371202,
           "rentry_pprice_dist_wallet_exposure_weighting": 12.719723159495686,
           "wallet_exposure_limit": 1.0}}