{"config_name": "recursive_grid_0days",
 "logging_level": 0,
 "long": {"auto_unstuck_ema_dist": 0.0010310561789074874,
          "auto_unstuck_wallet_exposure_threshold": 0.08949514364841434,
          "backwards_tp": true,
          "ddown_factor": 0.7223426369632788,
          "ema_span_0": 167.3507322989837,
          "ema_span_1": 199.72401918530073,
          "enabled": true,
          "initial_eprice_ema_dist": -0.0914412774861178,
          "initial_qty_pct": 0.016470332703326426,
          "markup_range": 0.0018367024405855103,
          "min_markup": 0.0033600101581235165,
          "n_close_orders": 6,
          "rentry_pprice_dist": 0.024390661180207402,
          "rentry_pprice_dist_wallet_exposure_weighting": 0,
          "wallet_exposure_limit": 0.1},
 "short": {"auto_unstuck_ema_dist": 0.03818394051471673,
           "auto_unstuck_wallet_exposure_threshold": 0.21509072355668307,
           "backwards_tp": true,
           "ddown_factor": 2.8202129105409606,
           "ema_span_0": 3058.5617694968864,
           "ema_span_1": 10080,
           "enabled": false,
           "initial_eprice_ema_dist": -0.05518660465060186,
           "initial_qty_pct": 0.04601090228601303,
           "markup_range": 0.022505477092177054,
           "min_markup": 0.014310602615163861,
           "n_close_orders": 13,
           "rentry_pprice_dist": 0.03359858866759372,
           "rentry_pprice_dist_wallet_exposure_weighting": 46.34340801516043,
           "wallet_exposure_limit": 0.1}}