{"config_name": "neat_grid_0days",
 "logging_level": 0,
 "long": {"auto_unstuck_ema_dist": 0.07773763780519415,
          "auto_unstuck_wallet_exposure_threshold": 0.08548609669328912,
          "backwards_tp": true,
          "ema_span_0": 1448.2942217178643,
          "ema_span_1": 623.8330266911163,
          "enabled": true,
          "eprice_exp_base": 1.4926886875046494,
          "eqty_exp_base": 1.804210530102443,
          "grid_span": 0.40911264143769915,
          "initial_eprice_ema_dist": -0.04539513482138829,
          "initial_qty_pct": 0.01,
          "markup_range": 0.002430558430533314,
          "max_n_entry_orders": 8,
          "min_markup": 0.002,
          "n_close_orders": 9,
          "wallet_exposure_limit": 0.1},
 "short": {"auto_unstuck_ema_dist": 0.06789449261738993,
           "auto_unstuck_wallet_exposure_threshold": 0.027091663724343115,
           "backwards_tp": true,
           "ema_span_0": 1245.189679812158,
           "ema_span_1": 2407.551124124254,
           "enabled": true,
           "eprice_exp_base": 1.241162100175959,
           "eqty_exp_base": 2.473985969121732,
           "grid_span": 0.40023841744632443,
           "initial_eprice_ema_dist": -0.0447166020557254,
           "initial_qty_pct": 0.01,
           "markup_range": 0.002883046723830212,
           "max_n_entry_orders": 8,
           "min_markup": 0.002,
           "n_close_orders": 13,
           "wallet_exposure_limit": 0.1}}