{"config_name": "recursive_grid_0days",
 "logging_level": 0,
 "long": {"auto_unstuck_ema_dist": 0.0,
          "auto_unstuck_wallet_exposure_threshold": 0.0,
          "backwards_tp": false,
          "ddown_factor": 1.0432055982491575,
          "ema_span_0": 324.9251585450118,
          "ema_span_1": 124.0787271192002,
          "enabled": true,
          "initial_eprice_ema_dist": -0.02391396575032975,
          "initial_qty_pct": 0.005513731900093022,
          "markup_range": 0.04504993905145439,
          "min_markup": 0.007371732614971765,
          "n_close_orders": 2,
          "rentry_pprice_dist": 0.028769568353500252,
          "rentry_pprice_dist_wallet_exposure_weighting": 3.256840662961205,
          "wallet_exposure_limit": 0.2},
 "short": {"auto_unstuck_ema_dist": -0.05129280449186904,
           "auto_unstuck_wallet_exposure_threshold": 0.08456001788814954,
           "backwards_tp": false,
           "ddown_factor": 1.6474063810360775,
           "ema_span_0": 522.1593006133893,
           "ema_span_1": 626.8307283851559,
           "enabled": false,
           "initial_eprice_ema_dist": -0.0719174445125528,
           "initial_qty_pct": 0.07196902900778127,
           "markup_range": 0.03369367368804325,
           "min_markup": 0.008384657999551182,
           "n_close_orders": 13,
           "rentry_pprice_dist": 0.03544978933308581,
           "rentry_pprice_dist_wallet_exposure_weighting": 13.011677092335788,
           "wallet_exposure_limit": 1.0}}