{"config_name": "recursive_grid_0days",
 "logging_level": 0,
 "long": {"auto_unstuck_ema_dist": 0.004985904867878458,
          "auto_unstuck_wallet_exposure_threshold": 0.05,
          "backwards_tp": true,
          "ddown_factor": 2.629879532093896,
          "ema_span_0": 629.9775828446916,
          "ema_span_1": 625.0496206360485,
          "enabled": true,
          "initial_eprice_ema_dist": 0.006420876134282105,
          "initial_qty_pct": 0.012673794474739337,
          "markup_range": 0.006607086132773471,
          "min_markup": 0.006688212832684835,
          "n_close_orders": 5,
          "rentry_pprice_dist": 0.03025027361349554,
          "rentry_pprice_dist_wallet_exposure_weighting": 3.73595635526502,
          "wallet_exposure_limit": 0.3},
 "short": {"auto_unstuck_ema_dist": -0.03202872198476206,
           "auto_unstuck_wallet_exposure_threshold": 0.08847958331458454,
           "backwards_tp": true,
           "ddown_factor": 1.9036434336575996,
           "ema_span_0": 240.76246407853728,
           "ema_span_1": 1337.5047448778332,
           "enabled": false,
           "initial_eprice_ema_dist": -0.011841139524046945,
           "initial_qty_pct": 0.09622304495610205,
           "markup_range": 0.0526898465271793,
           "min_markup": 0.007979874573917203,
           "n_close_orders": 16,
           "rentry_pprice_dist": 0.0464796648878018,
           "rentry_pprice_dist_wallet_exposure_weighting": 16.064263953884264,
           "wallet_exposure_limit": 1.0}}