{"config_name": "recursive_grid_0days",
 "logging_level": 0,
 "long": {"auto_unstuck_ema_dist": 0.0006359256390114137,
          "auto_unstuck_wallet_exposure_threshold": 0.06311570746989277,
          "backwards_tp": true,
          "ddown_factor": 2.7734697545262836,
          "ema_span_0": 370.83164624568377,
          "ema_span_1": 487.7953081334756,
          "enabled": true,
          "initial_eprice_ema_dist": -0.0066491012462819455,
          "initial_qty_pct": 0.01755041055983499,
          "markup_range": 0.00581002703418944,
          "min_markup": 0.0021069397361092672,
          "n_close_orders": 2,
          "rentry_pprice_dist": 0.02514510721341252,
          "rentry_pprice_dist_wallet_exposure_weighting": 0.19956806305261932,
          "wallet_exposure_limit": 0.3},
 "short": {"auto_unstuck_ema_dist": -0.05154455741244531,
           "auto_unstuck_wallet_exposure_threshold": 0.0681305750560773,
           "backwards_tp": true,
           "ddown_factor": 1.544901207487819,
           "ema_span_0": 476.4339509315753,
           "ema_span_1": 67.36163838721012,
           "enabled": false,
           "initial_eprice_ema_dist": -0.09469462523020909,
           "initial_qty_pct": 0.06818462912408506,
           "markup_range": 0.008834782471590308,
           "min_markup": 0.006660316728379735,
           "n_close_orders": 3,
           "rentry_pprice_dist": 0.0271114902686043,
           "rentry_pprice_dist_wallet_exposure_weighting": 19.9118077023382,
           "wallet_exposure_limit": 1.0}}