{"config_name": "recursive_grid_0days",
 "logging_level": 0,
 "long": {"auto_unstuck_ema_dist": 0.00400515666685983,
          "auto_unstuck_wallet_exposure_threshold": 0.07986825159365031,
          "backwards_tp": true,
          "ddown_factor": 1.6120116634408765,
          "ema_span_0": 243.0630194713172,
          "ema_span_1": 88.35579258074729,
          "enabled": true,
          "initial_eprice_ema_dist": 0.005039478343540682,
          "initial_qty_pct": 0.02177240464698436,
          "markup_range": 0.006462072024817386,
          "min_markup": 0.004764010536276584,
          "n_close_orders": 3,
          "rentry_pprice_dist": 0.03761986251773694,
          "rentry_pprice_dist_wallet_exposure_weighting": 1.4430914071798455,
          "wallet_exposure_limit": 0.3},
 "short": {"auto_unstuck_ema_dist": -0.09675745566187327,
           "auto_unstuck_wallet_exposure_threshold": 0.04458491569442842,
           "backwards_tp": true,
           "ddown_factor": 0.29344606101835435,
           "ema_span_0": 269.95948280756926,
           "ema_span_1": 73.81455090444382,
           "enabled": false,
           "initial_eprice_ema_dist": 0.006321793396065201,
           "initial_qty_pct": 0.08289630977491677,
           "markup_range": 0.01493045682060976,
           "min_markup": 0.0015043822934105834,
           "n_close_orders": 7,
           "rentry_pprice_dist": 0.04815563834870049,
           "rentry_pprice_dist_wallet_exposure_weighting": 27.007120603112575,
           "wallet_exposure_limit": 1.0}}