{"config_name": "clock_0days",
 "long": {"backwards_tp": true,
          "delay_between_fills_minutes_close": 355.50546743854403,
          "delay_between_fills_minutes_entry": 466.9650210263482,
          "delay_weight_close": 101.05175802927366,
          "delay_weight_entry": 26.694338649792808,
          "ema_dist_close": -0.8656310515802383,
          "ema_dist_entry": -0.6849945769641339,
          "ema_span_0": 2158.7395245460375,
          "ema_span_1": 339.167481868364,
          "enabled": true,
          "markup_range": 0.049492458489005756,
          "min_markup": 0.008590599788445414,
          "n_close_orders": 7,
          "qty_pct_close": 0.011091490230044406,
          "qty_pct_entry": 0.012036674396488091,
          "wallet_exposure_limit": 0.3,
          "we_multiplier_close": 1.54522850867939,
          "we_multiplier_entry": 25.219436286645106},
 "short": {"backwards_tp": true,
           "delay_between_fills_minutes_close": 36.84397304860782,
           "delay_between_fills_minutes_entry": 885.0326338570816,
           "delay_weight_close": 81.55345897082857,
           "delay_weight_entry": 32.47264154454249,
           "ema_dist_close": -0.003016847004192913,
           "ema_dist_entry": -0.009190258068728446,
           "ema_span_0": 342.0070900858782,
           "ema_span_1": 107.62733014729393,
           "enabled": false,
           "markup_range": 0.008401350551541332,
           "min_markup": 0.06882905706543253,
           "n_close_orders": 11,
           "qty_pct_close": 0.7658502146335818,
           "qty_pct_entry": 0.3817761371927749,
           "wallet_exposure_limit": 1.0,
           "we_multiplier_close": 2.078024925672012,
           "we_multiplier_entry": 41.264930165548265}}