{"config_name": "recursive_grid_0days",
 "logging_level": 0,
 "long": {"auto_unstuck_ema_dist": 0.0,
          "auto_unstuck_wallet_exposure_threshold": 0.0,
          "backwards_tp": true,
          "ddown_factor": 1.0,
          "ema_span_0": 20.275921886635825,
          "ema_span_1": 206.96651372093115,
          "enabled": true,
          "initial_eprice_ema_dist": -0.07689309168439803,
          "initial_qty_pct": 0.001631846118813796,
          "markup_range": 0.014989063708447794,
          "min_markup": 0.01713816833586399,
          "n_close_orders": 2,
          "rentry_pprice_dist": 0.04643528225510977,
          "rentry_pprice_dist_wallet_exposure_weighting": 0.0,
          "wallet_exposure_limit": 0.25},
 "short": {"auto_unstuck_ema_dist": 0.0,
           "auto_unstuck_wallet_exposure_threshold": 0.0,
           "backwards_tp": true,
           "ddown_factor": 1.8325645046003145,
           "ema_span_0": 309.1849503405853,
           "ema_span_1": 695.5929254558064,
           "enabled": true,
           "initial_eprice_ema_dist": -0.014341635351440164,
           "initial_qty_pct": 0.0024151639765937097,
           "markup_range": 0.028925162086087745,
           "min_markup": 0.019688646599479935,
           "n_close_orders": 1,
           "rentry_pprice_dist": 0.03895110738935945,
           "rentry_pprice_dist_wallet_exposure_weighting": 0.0,
           "wallet_exposure_limit": 0.12}}