{"config_name": "clock_0days",
 "long": {"backwards_tp": true,
          "delay_between_fills_minutes_close": 303.58253635521555,
          "delay_between_fills_minutes_entry": 376.24940974682613,
          "delay_weight_close": 131.23578545282368,
          "delay_weight_entry": 32.202025941193156,
          "ema_dist_close": -0.06532242446765184,
          "ema_dist_entry": 0.012248334956845096,
          "ema_span_0": 599.8176376105071,
          "ema_span_1": 466.5113428468371,
          "enabled": true,
          "markup_range": 0.029985652937847114,
          "min_markup": 0.009461079382892928,
          "n_close_orders": 7,
          "qty_pct_close": 0.011198879225711495,
          "qty_pct_entry": 0.01190663141759792,
          "wallet_exposure_limit": 0.3,
          "we_multiplier_close": 4.906658393268623,
          "we_multiplier_entry": 85.43270173162843},
 "short": {"backwards_tp": true,
           "delay_between_fills_minutes_close": 67.18447202249808,
           "delay_between_fills_minutes_entry": 716.9904693967617,
           "delay_weight_close": 37.156866259798115,
           "delay_weight_entry": 88.89194329561873,
           "ema_dist_close": -0.013215846736572931,
           "ema_dist_entry": -0.03615372182962201,
           "ema_span_0": 461.0924274136893,
           "ema_span_1": 744.4948581930086,
           "enabled": false,
           "markup_range": 0.022304924584570375,
           "min_markup": 0.0142485349272084,
           "n_close_orders": 14,
           "qty_pct_close": 0.582363906514221,
           "qty_pct_entry": 0.0947614681737203,
           "wallet_exposure_limit": 1.0,
           "we_multiplier_close": 7.980590551225242,
           "we_multiplier_entry": 1.779598309798891}}