{"config_name": "clock_0days",
 "long": {"backwards_tp": false,
          "delay_between_fills_minutes_close": 463.87054437863304,
          "delay_between_fills_minutes_entry": 470.52093889613707,
          "delay_weight_close": 50.44251862824264,
          "delay_weight_entry": 16.916670739344696,
          "ema_dist_close": 0.02,
          "ema_dist_entry": 0.006066900642818433,
          "ema_span_0": 521.5728766878583,
          "ema_span_1": 746.8805413920986,
          "enabled": true,
          "markup_range": 0.01733990193953482,
          "min_markup": 0.01025696508069436,
          "n_close_orders": 4,
          "qty_pct_close": 0.011347327167548122,
          "qty_pct_entry": 0.017075046836555682,
          "wallet_exposure_limit": 0.3,
          "we_multiplier_close": 104.40054417579995,
          "we_multiplier_entry": 30.489807328526105},
 "short": {"backwards_tp": false,
           "delay_between_fills_minutes_close": 106.57072096168308,
           "delay_between_fills_minutes_entry": 1362.6055264110726,
           "delay_weight_close": 75.56993070780744,
           "delay_weight_entry": 1.8199539538960807,
           "ema_dist_close": -0.03072215895017872,
           "ema_dist_entry": -0.006166509029319769,
           "ema_span_0": 534.3127230885931,
           "ema_span_1": 972.0381360178247,
           "enabled": false,
           "markup_range": 0.06835663357041855,
           "min_markup": 0.014158107501491764,
           "n_close_orders": 12,
           "qty_pct_close": 0.5784782921776531,
           "qty_pct_entry": 0.2769559681635313,
           "wallet_exposure_limit": 1.0,
           "we_multiplier_close": 0.7537714351130864,
           "we_multiplier_entry": 31.9371840156239}}