{"config_name": "recursive_grid_0days",
 "logging_level": 0,
 "long": {"auto_unstuck_ema_dist": 0.005954279838083683,
          "auto_unstuck_wallet_exposure_threshold": 0.01714414733320224,
          "backwards_tp": true,
          "ddown_factor": 0.9361442602015874,
          "ema_span_0": 513.3722208777649,
          "ema_span_1": 58.524066735725356,
          "enabled": true,
          "initial_eprice_ema_dist": -0.1,
          "initial_qty_pct": 0.004028424133259173,
          "markup_range": 0.03588636322862278,
          "min_markup": 0.002493004168582176,
          "n_close_orders": 27,
          "rentry_pprice_dist": 0.03622295138193786,
          "rentry_pprice_dist_wallet_exposure_weighting": 0.0,
          "wallet_exposure_limit": 1},
 "short": {"auto_unstuck_ema_dist": -0.002507715883453998,
           "auto_unstuck_wallet_exposure_threshold": 0.04606548355276236,
           "backwards_tp": true,
           "ddown_factor": 2.0970671538415004,
           "ema_span_0": 575.9504388740683,
           "ema_span_1": 1356.8298645580137,
           "enabled": false,
           "initial_eprice_ema_dist": -0.021837050486945477,
           "initial_qty_pct": 0.09181550100220115,
           "markup_range": 0.05380278787725642,
           "min_markup": 0.00787138243714153,
           "n_close_orders": 14,
           "rentry_pprice_dist": 0.03665211205696772,
           "rentry_pprice_dist_wallet_exposure_weighting": 5.028783276994677,
           "wallet_exposure_limit": 1}}