{"config_name": "neat_grid_0days",
 "logging_level": 0,
 "long": {"auto_unstuck_ema_dist": 0.003,
          "auto_unstuck_wallet_exposure_threshold": 0.031566274289234454,
          "backwards_tp": false,
          "ema_span_0": 1234.1139609007619,
          "ema_span_1": 1156.1619934057403,
          "enabled": true,
          "eprice_exp_base": 1.0863030939911273,
          "eqty_exp_base": 1.4091153360111406,
          "grid_span": 0.19406528182808083,
          "initial_eprice_ema_dist": -0.0026502759649494594,
          "initial_qty_pct": 0.009994109753545614,
          "markup_range": 0.004304597347701504,
          "max_n_entry_orders": 9,
          "min_markup": 0.004275,
          "n_close_orders": 1,
          "wallet_exposure_limit": 1},
 "short": {"auto_unstuck_ema_dist": -0.09575326925009373,
           "auto_unstuck_wallet_exposure_threshold": 0.03530514486527297,
           "backwards_tp": false,
           "ema_span_0": 931.6203379844476,
           "ema_span_1": 1268.5574918856391,
           "enabled": false,
           "eprice_exp_base": 2.8908811492360353,
           "eqty_exp_base": 1.5563916007931213,
           "grid_span": 0.14531405081373333,
           "initial_eprice_ema_dist": 0.0025675427843194765,
           "initial_qty_pct": 0.011615011806693791,
           "markup_range": 0.009551846291825391,
           "max_n_entry_orders": 8,
           "min_markup": 0.0019635167415951913,
           "n_close_orders": 11,
           "wallet_exposure_limit": 1}}