{"config_name": "recursive_grid_0days",
 "logging_level": 0,
 "long": {"auto_unstuck_ema_dist": 0.0007645836629102728,
          "auto_unstuck_wallet_exposure_threshold": 0.08955294225807772,
          "backwards_tp": true,
          "ddown_factor": 2.9025329893015064,
          "ema_span_0": 670.6853227432503,
          "ema_span_1": 801.0744076610384,
          "enabled": true,
          "initial_eprice_ema_dist": 0.005979810340494765,
          "initial_qty_pct": 0.030137195866546816,
          "markup_range": 0.0036300465114054753,
          "min_markup": 0.008308150958149817,
          "n_close_orders": 12,
          "rentry_pprice_dist": 0.023294258094011828,
          "rentry_pprice_dist_wallet_exposure_weighting": 1.9027263274760164,
          "wallet_exposure_limit": 0.3},
 "short": {"auto_unstuck_ema_dist": -0.045205486121460824,
           "auto_unstuck_wallet_exposure_threshold": 0.08409383819412669,
           "backwards_tp": true,
           "ddown_factor": 2.1761581975533626,
           "ema_span_0": 140.41522730982572,
           "ema_span_1": 678.9471944435758,
           "enabled": false,
           "initial_eprice_ema_dist": 0.001952492627852756,
           "initial_qty_pct": 0.04196684205733201,
           "markup_range": 0.031858009885059935,
           "min_markup": 0.008952519593052887,
           "n_close_orders": 13,
           "rentry_pprice_dist": 0.01733619088873647,
           "rentry_pprice_dist_wallet_exposure_weighting": 32.43270058468675,
           "wallet_exposure_limit": 1.0}}