{"config_name": "recursive_grid_0days",
 "logging_level": 0,
 "long": {"auto_unstuck_ema_dist": 0.0005680656167489231,
          "auto_unstuck_wallet_exposure_threshold": 0.05479330173456149,
          "backwards_tp": true,
          "ddown_factor": 1.7470324550558842,
          "ema_span_0": 602.0775633891153,
          "ema_span_1": 997.187436489636,
          "enabled": true,
          "initial_eprice_ema_dist": -0.1310533733788108,
          "initial_qty_pct": 0.002186525505981215,
          "markup_range": 0.017719878216096475,
          "min_markup": 0.010335174631986724,
          "n_close_orders": 7,
          "rentry_pprice_dist": 0.03310601480811893,
          "rentry_pprice_dist_wallet_exposure_weighting": 2.4729002106782665,
          "wallet_exposure_limit": 0.2},
 "short": {"auto_unstuck_ema_dist": -0.03318511627025124,
           "auto_unstuck_wallet_exposure_threshold": 0.06441273710859058,
           "backwards_tp": true,
           "ddown_factor": 2.7313968142255067,
           "ema_span_0": 804.8598560084297,
           "ema_span_1": 685.1804232662979,
           "enabled": false,
           "initial_eprice_ema_dist": -0.024329320146059707,
           "initial_qty_pct": 0.06556579546339733,
           "markup_range": 0.029129289176149303,
           "min_markup": 0.004430526484674327,
           "n_close_orders": 7,
           "rentry_pprice_dist": 0.00934606731167414,
           "rentry_pprice_dist_wallet_exposure_weighting": 5.335393589292994,
           "wallet_exposure_limit": 1.0}}