{"config_name": "clock_0days",
 "long": {"backwards_tp": true,
          "delay_between_fills_minutes_close": 467.583359092116,
          "delay_between_fills_minutes_entry": 248.49924097927033,
          "delay_weight_close": 41.46673507784536,
          "delay_weight_entry": 20.127658131354735,
          "ema_dist_close": -0.022093779912264185,
          "ema_dist_entry": 0.010126731590923541,
          "ema_span_0": 134.86340892576487,
          "ema_span_1": 613.9169664788843,
          "enabled": true,
          "markup_range": 0.029494146059913608,
          "min_markup": 0.009800040707010488,
          "n_close_orders": 8,
          "qty_pct_close": 0.014357068743850857,
          "qty_pct_entry": 0.012760152379344723,
          "wallet_exposure_limit": 0.3,
          "we_multiplier_close": 57.84224857261734,
          "we_multiplier_entry": 139.3013039530797},
 "short": {"backwards_tp": true,
           "delay_between_fills_minutes_close": 155.41570853186138,
           "delay_between_fills_minutes_entry": 424.3528739433032,
           "delay_weight_close": 51.8422952051672,
           "delay_weight_entry": 87.61127165177079,
           "ema_dist_close": -0.001259503260496099,
           "ema_dist_entry": -0.04158353209147423,
           "ema_span_0": 196.8937021878452,
           "ema_span_1": 1412.3636164439974,
           "enabled": false,
           "markup_range": 0.04293556724561699,
           "min_markup": 0.04594652978469554,
           "n_close_orders": 10,
           "qty_pct_close": 0.7219906165621137,
           "qty_pct_entry": 0.04948416974353138,
           "wallet_exposure_limit": 1.0,
           "we_multiplier_close": 7.904337869979789,
           "we_multiplier_entry": 9.791390096449993}}