{"config_name": "neat_grid_0days",
 "logging_level": 0,
 "long": {"auto_unstuck_ema_dist": 0,
          "auto_unstuck_wallet_exposure_threshold": 0,
          "backwards_tp": true,
          "ema_span_0": 10,
          "ema_span_1": 148.34900931408086,
          "enabled": true,
          "eprice_exp_base": 1.0852935098727996,
          "eqty_exp_base": 1.3553554628219164,
          "grid_span": 0.3575845791864801,
          "initial_eprice_ema_dist": -0.1,
          "initial_qty_pct": 0.011915609188250596,
          "markup_range": 0.021445421354949538,
          "max_n_entry_orders": 8,
          "min_markup": 0.002,
          "n_close_orders": 6,
          "wallet_exposure_limit": 1.0},
 "short": {"auto_unstuck_ema_dist": 0,
           "auto_unstuck_wallet_exposure_threshold": 0,
           "backwards_tp": true,
           "ema_span_0": 4075.86452367765,
           "ema_span_1": 5224.001292270488,
           "enabled": true,
           "eprice_exp_base": 1.0512412391200747,
           "eqty_exp_base": 1.5949855417467562,
           "grid_span": 0.2513905367782297,
           "initial_eprice_ema_dist": -0.011663133057501543,
           "initial_qty_pct": 0.010974942215638581,
           "markup_range": 0.01678309258560767,
           "max_n_entry_orders": 8,
           "min_markup": 0.005380238505138462,
           "n_close_orders": 6,
           "wallet_exposure_limit": 0.1}}