{"config_name": "clock_0days",
 "long": {"backwards_tp": true,
          "delay_between_fills_minutes_close": 500,
          "delay_between_fills_minutes_entry": 287.25348102750644,
          "delay_weight_close": 98.03785726549522,
          "delay_weight_entry": 25.99567233718429,
          "ema_dist_close": -0.029556532737638055,
          "ema_dist_entry": 0.005030430032373679,
          "ema_span_0": 232.5353345099261,
          "ema_span_1": 130.70281236757353,
          "enabled": true,
          "markup_range": 0.02301129297725731,
          "min_markup": 0.004754452374437919,
          "n_close_orders": 5,
          "qty_pct_close": 0.012178108884701699,
          "qty_pct_entry": 0.013960892672405446,
          "wallet_exposure_limit": 0.3,
          "we_multiplier_close": 19.232070347750458,
          "we_multiplier_entry": 134.45889247202118},
 "short": {"backwards_tp": true,
           "delay_between_fills_minutes_close": 141.06985914841724,
           "delay_between_fills_minutes_entry": 266.0047534684255,
           "delay_weight_close": 39.09462810368265,
           "delay_weight_entry": 48.99576689269658,
           "ema_dist_close": -0.018551627177692785,
           "ema_dist_entry": 0.009842971642052625,
           "ema_span_0": 556.0063090981334,
           "ema_span_1": 954.6227293202501,
           "enabled": false,
           "markup_range": 0.04112739987040981,
           "min_markup": 0.07686006676545068,
           "n_close_orders": 7,
           "qty_pct_close": 0.9438828060153673,
           "qty_pct_entry": 0.6307101365553882,
           "wallet_exposure_limit": 1.0,
           "we_multiplier_close": 6.8596763001012775,
           "we_multiplier_entry": 25.9755369570969}}