{"config_name": "clock_0days",
 "long": {"backwards_tp": true,
          "delay_between_fills_minutes_close": 441.782455795188,
          "delay_between_fills_minutes_entry": 492.6269657043095,
          "delay_weight_close": 131.94811775951706,
          "delay_weight_entry": 39.43924538618445,
          "ema_dist_close": -0.013045219987942062,
          "ema_dist_entry": 0.0056073339663865965,
          "ema_span_0": 173.032302520688,
          "ema_span_1": 272.58465199131376,
          "enabled": true,
          "markup_range": 0.01905590183201347,
          "min_markup": 0.006076711404341252,
          "n_close_orders": 4,
          "qty_pct_close": 0.01,
          "qty_pct_entry": 0.01,
          "wallet_exposure_limit": 0.3,
          "we_multiplier_close": 25.18670473200095,
          "we_multiplier_entry": 116.02410071708445},
 "short": {"backwards_tp": true,
           "delay_between_fills_minutes_close": 519.336156216321,
           "delay_between_fills_minutes_entry": 305.3001328118117,
           "delay_weight_close": 33.040522821594784,
           "delay_weight_entry": 57.407084201708145,
           "ema_dist_close": -0.029374196624196904,
           "ema_dist_entry": -0.027749897268239836,
           "ema_span_0": 929.8806873502604,
           "ema_span_1": 663.487992486368,
           "enabled": false,
           "markup_range": 0.054453906244422375,
           "min_markup": 0.0024964022233152075,
           "n_close_orders": 16,
           "qty_pct_close": 0.027846632606261933,
           "qty_pct_entry": 0.040898174403409086,
           "wallet_exposure_limit": 1.0,
           "we_multiplier_close": 90.64341423726509,
           "we_multiplier_entry": 28.202912927266066}}