{"config_name": "recursive_grid_0days",
 "logging_level": 0,
 "long": {"auto_unstuck_ema_dist": 0.0,
          "auto_unstuck_wallet_exposure_threshold": 0.0,
          "backwards_tp": true,
          "ddown_factor": 1.027854270134175,
          "ema_span_0": 720,
          "ema_span_1": 1065.870185053423,
          "enabled": true,
          "initial_eprice_ema_dist": 0.006093736403908632,
          "initial_qty_pct": 0.01953170189144159,
          "markup_range": 0.005662452432621498,
          "min_markup": 0.0041215240619180546,
          "n_close_orders": 2,
          "rentry_pprice_dist": 0.024432636653537346,
          "rentry_pprice_dist_wallet_exposure_weighting": 3.999065337369841,
          "wallet_exposure_limit": 0.3},
 "short": {"auto_unstuck_ema_dist": -0.05412494709862574,
           "auto_unstuck_wallet_exposure_threshold": 0.0777407320122872,
           "backwards_tp": true,
           "ddown_factor": 0.1,
           "ema_span_0": 1424.0593269644946,
           "ema_span_1": 1346.0235242718397,
           "enabled": false,
           "initial_eprice_ema_dist": -0.030784169660956137,
           "initial_qty_pct": 0.09147853166663862,
           "markup_range": 0.0054445744510612055,
           "min_markup": 0.007326167446550015,
           "n_close_orders": 8,
           "rentry_pprice_dist": 0.029536380154905097,
           "rentry_pprice_dist_wallet_exposure_weighting": 7.988487428838383,
           "wallet_exposure_limit": 1}}