{"config_name": "recursive_grid_0days",
 "logging_level": 0,
 "long": {"auto_unstuck_ema_dist": 0,
          "auto_unstuck_wallet_exposure_threshold": 0.0,
          "backwards_tp": false,
          "ddown_factor": 1.1869672428236842,
          "ema_span_0": 518.9093184719206,
          "ema_span_1": 126.14085123065628,
          "enabled": true,
          "initial_eprice_ema_dist": 0.004535986026109324,
          "initial_qty_pct": 0.005881721106299577,
          "markup_range": 0.058550106223278955,
          "min_markup": 0.0026871085202176503,
          "n_close_orders": 25,
          "rentry_pprice_dist": 0.03676804515646292,
          "rentry_pprice_dist_wallet_exposure_weighting": 0.0,
          "wallet_exposure_limit": 1},
 "short": {"auto_unstuck_ema_dist": -0.09936911991600568,
           "auto_unstuck_wallet_exposure_threshold": 0.08228388552495286,
           "backwards_tp": false,
           "ddown_factor": 0.26052791582218304,
           "ema_span_0": 905.4208589447649,
           "ema_span_1": 83.13196419329026,
           "enabled": false,
           "initial_eprice_ema_dist": -0.0658194787626122,
           "initial_qty_pct": 0.02978363514592721,
           "markup_range": 0.020633375049960673,
           "min_markup": 0.009606068705150447,
           "n_close_orders": 11,
           "rentry_pprice_dist": 0.02753841456743318,
           "rentry_pprice_dist_wallet_exposure_weighting": 0.9632354553731104,
           "wallet_exposure_limit": 1.0}}