{"config_name": "neat_grid_0days",
 "logging_level": 0,
 "long": {"auto_unstuck_ema_dist": 0,
          "auto_unstuck_wallet_exposure_threshold": 0,
          "backwards_tp": true,
          "ema_span_0": 1564.9106845383105,
          "ema_span_1": 1710.202291105772,
          "enabled": true,
          "eprice_exp_base": 1.5793194492451237,
          "eqty_exp_base": 1.952680107624906,
          "grid_span": 0.1484852234683397,
          "initial_eprice_ema_dist": 0,
          "initial_qty_pct": 0.01,
          "markup_range": 0.0014639815058220002,
          "max_n_entry_orders": 5,
          "min_markup": 0.003,
          "n_close_orders": 18,
          "wallet_exposure_limit": 0.1},
 "short": {"auto_unstuck_ema_dist": 0,
           "auto_unstuck_wallet_exposure_threshold": 0,
           "backwards_tp": true,
           "ema_span_0": 709.0787385669455,
           "ema_span_1": 240.46453199168542,
           "enabled": true,
           "eprice_exp_base": 1.0253561077827074,
           "eqty_exp_base": 2.0071142327669085,
           "grid_span": 0.1777928193183552,
           "initial_eprice_ema_dist": -0.08879755904331406,
           "initial_qty_pct": 0.01,
           "markup_range": 0.0007380378923286221,
           "max_n_entry_orders": 14,
           "min_markup": 0.003,
           "n_close_orders": 11,
           "wallet_exposure_limit": 0.1}}