{"config_name": "recursive_grid_0days",
 "logging_level": 0,
 "long": {"auto_unstuck_ema_dist": -0.005454371439639765,
          "auto_unstuck_wallet_exposure_threshold": 0.07966681410375323,
          "backwards_tp": true,
          "ddown_factor": 2.4985243393388075,
          "ema_span_0": 646.2366658089659,
          "ema_span_1": 884.9384227143253,
          "enabled": true,
          "initial_eprice_ema_dist": 0.011476423554611918,
          "initial_qty_pct": 0.026436353287786575,
          "markup_range": 0.0018521907971509822,
          "min_markup": 0.005220761886390048,
          "n_close_orders": 2,
          "rentry_pprice_dist": 0.02127474378673078,
          "rentry_pprice_dist_wallet_exposure_weighting": 2.7253067610519754,
          "wallet_exposure_limit": 0.3},
 "short": {"auto_unstuck_ema_dist": -0.04272709587795815,
           "auto_unstuck_wallet_exposure_threshold": 0.08708252580577075,
           "backwards_tp": true,
           "ddown_factor": 2.1506347991535018,
           "ema_span_0": 602.5267790616351,
           "ema_span_1": 879.6340331868648,
           "enabled": false,
           "initial_eprice_ema_dist": -0.09302640238667373,
           "initial_qty_pct": 0.027129995369629907,
           "markup_range": 0.007214506416809425,
           "min_markup": 0.007002466974645414,
           "n_close_orders": 5,
           "rentry_pprice_dist": 0.013355076640866156,
           "rentry_pprice_dist_wallet_exposure_weighting": 20.234909652831334,
           "wallet_exposure_limit": 1.0}}