{"config_name": "recursive_grid_0days",
 "logging_level": 0,
 "long": {"auto_unstuck_ema_dist": 0.0,
          "auto_unstuck_wallet_exposure_threshold": 0.0,
          "backwards_tp": false,
          "ddown_factor": 5.12627019260503,
          "ema_span_0": 197.51226349896265,
          "ema_span_1": 22.40716141634222,
          "enabled": true,
          "initial_eprice_ema_dist": 0.0006467644895170132,
          "initial_qty_pct": 0.005770711774522269,
          "markup_range": 0.050263945598924,
          "min_markup": 0.002118491001814148,
          "n_close_orders": 2,
          "rentry_pprice_dist": 0.0356225599187139,
          "rentry_pprice_dist_wallet_exposure_weighting": 0.0,
          "wallet_exposure_limit": 0.2},
 "short": {"auto_unstuck_ema_dist": -0.0687097526419907,
           "auto_unstuck_wallet_exposure_threshold": 0.06474682654937264,
           "backwards_tp": false,
           "ddown_factor": 2.7846749926452006,
           "ema_span_0": 704.3856855212777,
           "ema_span_1": 1301.4801066805844,
           "enabled": false,
           "initial_eprice_ema_dist": -0.06315351366198771,
           "initial_qty_pct": 0.046706468053765264,
           "markup_range": 0.007531534889545626,
           "min_markup": 0.009516034159863296,
           "n_close_orders": 10,
           "rentry_pprice_dist": 0.005232203623144622,
           "rentry_pprice_dist_wallet_exposure_weighting": 0.5620144826268048,
           "wallet_exposure_limit": 1.0}}