{"config_name": "clock_0days",
 "long": {"backwards_tp": true,
          "delay_between_fills_minutes_close": 404.83555373643657,
          "delay_between_fills_minutes_entry": 293.93097709235843,
          "delay_weight_close": 53.622614056160515,
          "delay_weight_entry": 19.09618008831399,
          "ema_dist_close": -0.4592620655772268,
          "ema_dist_entry": 0.006754961124153377,
          "ema_span_0": 235.88731153010872,
          "ema_span_1": 412.2990634919727,
          "enabled": true,
          "markup_range": 0.010287241061551159,
          "min_markup": 0.005426314679216125,
          "n_close_orders": 4,
          "qty_pct_close": 0.013392413482414076,
          "qty_pct_entry": 0.012714268610465929,
          "wallet_exposure_limit": 0.3,
          "we_multiplier_close": 3.559176813761009,
          "we_multiplier_entry": 146.98224906073548},
 "short": {"backwards_tp": true,
           "delay_between_fills_minutes_close": 14.890486348940096,
           "delay_between_fills_minutes_entry": 272.3625437951175,
           "delay_weight_close": 3.0065591812140746,
           "delay_weight_entry": 86.32351094569938,
           "ema_dist_close": -0.9436205696472919,
           "ema_dist_entry": -0.5913422948238322,
           "ema_span_0": 437.0687028447326,
           "ema_span_1": 462.41408790219907,
           "enabled": false,
           "markup_range": 0.01812792983037881,
           "min_markup": 0.039924847504576644,
           "n_close_orders": 4,
           "qty_pct_close": 0.01,
           "qty_pct_entry": 0.01,
           "wallet_exposure_limit": 1.0,
           "we_multiplier_close": 126.28592034346678,
           "we_multiplier_entry": 86.59091128250066}}