{"config_name": "recursive_grid_0days",
 "logging_level": 0,
 "long": {"auto_unstuck_ema_dist": 0,
          "auto_unstuck_wallet_exposure_threshold": 0.0,
          "backwards_tp": true,
          "ddown_factor": 0.32137024027480005,
          "ema_span_0": 874.380497267535,
          "ema_span_1": 967.7642242773155,
          "enabled": true,
          "initial_eprice_ema_dist": -0.1369320729342061,
          "initial_qty_pct": 0.0028933842457456644,
          "markup_range": 0.007470787671177509,
          "min_markup": 0.010259153200571051,
          "n_close_orders": 1,
          "rentry_pprice_dist": 0.03306882202839633,
          "rentry_pprice_dist_wallet_exposure_weighting": 3.390362158740123,
          "wallet_exposure_limit": 0.2},
 "short": {"auto_unstuck_ema_dist": -0.056050867421053516,
           "auto_unstuck_wallet_exposure_threshold": 0.054731463679641185,
           "backwards_tp": true,
           "ddown_factor": 1.3355207856996338,
           "ema_span_0": 238.2594997702998,
           "ema_span_1": 965.9409046825572,
           "enabled": false,
           "initial_eprice_ema_dist": 0.0008671956362430594,
           "initial_qty_pct": 0.03328581475127353,
           "markup_range": 0.031027970975285507,
           "min_markup": 0.0013953274523432742,
           "n_close_orders": 15,
           "rentry_pprice_dist": 0.03863362617183225,
           "rentry_pprice_dist_wallet_exposure_weighting": 16.70604258603445,
           "wallet_exposure_limit": 1.0}}