{"config_name": "clock_0days",
 "long": {"backwards_tp": false,
          "delay_between_fills_minutes_close": 1415.7881357792016,
          "delay_between_fills_minutes_entry": 1104.227644436527,
          "delay_weight_close": 65.90717314502959,
          "delay_weight_entry": 21.77343952229011,
          "ema_dist_close": -0.01918081156509633,
          "ema_dist_entry": -0.005480420812277522,
          "ema_span_0": 873.1182389138991,
          "ema_span_1": 1406.296913144454,
          "enabled": true,
          "markup_range": 0.04143619740796824,
          "min_markup": 0.006887980602966998,
          "n_close_orders": 14,
          "qty_pct_close": 0.08373718960796042,
          "qty_pct_entry": 0.01,
          "wallet_exposure_limit": 0.2,
          "we_multiplier_close": 0.01645682991043741,
          "we_multiplier_entry": 57.42926527758547},
 "short": {"backwards_tp": false,
           "delay_between_fills_minutes_close": 530.6321956850607,
           "delay_between_fills_minutes_entry": 843.6211761302898,
           "delay_weight_close": 93.10468926794448,
           "delay_weight_entry": 56.81665102471325,
           "ema_dist_close": 0.0010177155266836366,
           "ema_dist_entry": -0.019368426470387102,
           "ema_span_0": 489.29088544832103,
           "ema_span_1": 127.23313404614659,
           "enabled": false,
           "markup_range": 0.02844339006538485,
           "min_markup": 0.008939032321190706,
           "n_close_orders": 12,
           "qty_pct_close": 0.02644948293506673,
           "qty_pct_entry": 0.08602814314793789,
           "wallet_exposure_limit": 1.0,
           "we_multiplier_close": 86.67285415599565,
           "we_multiplier_entry": 97.85672231628205}}