{"config_name": "recursive_grid_0days",
 "logging_level": 0,
 "long": {"auto_unstuck_ema_dist": 0.09422411268353326,
          "auto_unstuck_wallet_exposure_threshold": 0.00827833430405009,
          "backwards_tp": true,
          "ddown_factor": 1.6635056614753796,
          "ema_span_0": 438.96237378437405,
          "ema_span_1": 382.20676935835263,
          "enabled": true,
          "initial_eprice_ema_dist": 0.016960472122240045,
          "initial_qty_pct": 0.010758815747378666,
          "markup_range": 0.006343187215311187,
          "min_markup": 0.0022158238298016445,
          "n_close_orders": 2,
          "rentry_pprice_dist": 0.02094974577818025,
          "rentry_pprice_dist_wallet_exposure_weighting": 5.718215269728163,
          "wallet_exposure_limit": 1.0},
 "short": {"auto_unstuck_ema_dist": 0.0663404798406673,
           "auto_unstuck_wallet_exposure_threshold": 0.01713094981973689,
           "backwards_tp": true,
           "ddown_factor": 1.0862816246899611,
           "ema_span_0": 3498.0096283594885,
           "ema_span_1": 1758.211454596782,
           "enabled": false,
           "initial_eprice_ema_dist": -0.0810996781729064,
           "initial_qty_pct": 0.015,
           "markup_range": 0.015494898311416401,
           "min_markup": 0.0022694670846285757,
           "n_close_orders": 14,
           "rentry_pprice_dist": 0.04505887349903765,
           "rentry_pprice_dist_wallet_exposure_weighting": 74.93522641678679,
           "wallet_exposure_limit": 0.1}}