{"config_name": "clock_0days",
 "long": {"backwards_tp": true,
          "delay_between_fills_minutes_close": 442.938662953685,
          "delay_between_fills_minutes_entry": 394.379854867588,
          "delay_weight_close": 106.89618851253523,
          "delay_weight_entry": 24.546100651181884,
          "ema_dist_close": -0.8049051453655667,
          "ema_dist_entry": 0.009666219031170958,
          "ema_span_0": 132.0530766769847,
          "ema_span_1": 119.40495505960702,
          "enabled": true,
          "markup_range": 0.019911626350351302,
          "min_markup": 0.007617605692561239,
          "n_close_orders": 3,
          "qty_pct_close": 0.01,
          "qty_pct_entry": 0.01,
          "wallet_exposure_limit": 0.3,
          "we_multiplier_close": 16.471606358062942,
          "we_multiplier_entry": 52.985015897427886},
 "short": {"backwards_tp": true,
           "delay_between_fills_minutes_close": 228.32593274617298,
           "delay_between_fills_minutes_entry": 829.619227763841,
           "delay_weight_close": 42.34236905798687,
           "delay_weight_entry": 81.52226280215099,
           "ema_dist_close": -0.026043974873154026,
           "ema_dist_entry": -0.030449410155685735,
           "ema_span_0": 436.74308326222445,
           "ema_span_1": 890.4577284917477,
           "enabled": false,
           "markup_range": 0.011201733215537623,
           "min_markup": 0.00905138242927683,
           "n_close_orders": 15,
           "qty_pct_close": 0.0711402719238383,
           "qty_pct_entry": 0.07211010950489388,
           "wallet_exposure_limit": 1.0,
           "we_multiplier_close": 97.64400293874269,
           "we_multiplier_entry": 98.08261494012595}}