{"config_name": "recursive_grid_0days",
 "logging_level": 0,
 "long": {"auto_unstuck_ema_dist": 0,
          "auto_unstuck_wallet_exposure_threshold": 0.0,
          "backwards_tp": true,
          "ddown_factor": 3.3887474866731204,
          "ema_span_0": 746.2931737598898,
          "ema_span_1": 827.1901547570376,
          "enabled": true,
          "initial_eprice_ema_dist": -0.10318645379180008,
          "initial_qty_pct": 0.004013476277669429,
          "markup_range": 0.03502219316202819,
          "min_markup": 0.004442025778273561,
          "n_close_orders": 1,
          "rentry_pprice_dist": 0.0292200243193932,
          "rentry_pprice_dist_wallet_exposure_weighting": 1.8575326306387459,
          "wallet_exposure_limit": 0.2},
 "short": {"auto_unstuck_ema_dist": -0.07127825579441116,
           "auto_unstuck_wallet_exposure_threshold": 0.040416567725039224,
           "backwards_tp": true,
           "ddown_factor": 1.7658325762276543,
           "ema_span_0": 522.228212315669,
           "ema_span_1": 1132.8132292221144,
           "enabled": false,
           "initial_eprice_ema_dist": -0.06695521780153729,
           "initial_qty_pct": 0.08720709358199397,
           "markup_range": 0.02225830808651635,
           "min_markup": 0.006343861296717193,
           "n_close_orders": 13,
           "rentry_pprice_dist": 0.023385996919460902,
           "rentry_pprice_dist_wallet_exposure_weighting": 16.382177653071945,
           "wallet_exposure_limit": 1.0}}