{"config_name": "clock_0days",
 "long": {"backwards_tp": true,
          "delay_between_fills_minutes_close": 401.92785175619804,
          "delay_between_fills_minutes_entry": 452.9265565018019,
          "delay_weight_close": 143.38975325432793,
          "delay_weight_entry": 24.76020728130733,
          "ema_dist_close": -0.041949658960872396,
          "ema_dist_entry": 0.0052237656721038014,
          "ema_span_0": 891.8693188724164,
          "ema_span_1": 497.7398263382793,
          "enabled": true,
          "markup_range": 0.012204916495634014,
          "min_markup": 0.004904981392941712,
          "n_close_orders": 9,
          "qty_pct_close": 0.014305676257403203,
          "qty_pct_entry": 0.013278483793569185,
          "wallet_exposure_limit": 0.3,
          "we_multiplier_close": 0,
          "we_multiplier_entry": 92.75364850648111},
 "short": {"backwards_tp": true,
           "delay_between_fills_minutes_close": 434.295984309051,
           "delay_between_fills_minutes_entry": 334.90032685933465,
           "delay_weight_close": 77.5014037565988,
           "delay_weight_entry": 25.228793263857728,
           "ema_dist_close": -0.010198308333250125,
           "ema_dist_entry": -0.018520264908474617,
           "ema_span_0": 130.3719863776297,
           "ema_span_1": 1306.7040883271295,
           "enabled": false,
           "markup_range": 0.03493716961576716,
           "min_markup": 0.005992730403971465,
           "n_close_orders": 10,
           "qty_pct_close": 0.060964279269405966,
           "qty_pct_entry": 0.07919984021973885,
           "wallet_exposure_limit": 1,
           "we_multiplier_close": 88.66207547951421,
           "we_multiplier_entry": 39.88663767280536}}