{"config_name": "recursive_grid_0days",
 "logging_level": 0,
 "long": {"auto_unstuck_ema_dist": 0,
          "auto_unstuck_wallet_exposure_threshold": 0,
          "backwards_tp": false,
          "ddown_factor": 1.1512094913733506,
          "ema_span_0": 802.0473930781395,
          "ema_span_1": 370.3983364108965,
          "enabled": true,
          "initial_eprice_ema_dist": -0.1,
          "initial_qty_pct": 0.0024966473973066436,
          "markup_range": 0.035338174853659116,
          "min_markup": 0.01860356783327425,
          "n_close_orders": 2,
          "rentry_pprice_dist": 0.04468216972685602,
          "rentry_pprice_dist_wallet_exposure_weighting": 0,
          "wallet_exposure_limit": 0.25},
 "short": {"auto_unstuck_ema_dist": 0.0,
           "auto_unstuck_wallet_exposure_threshold": 0,
           "backwards_tp": false,
           "ddown_factor": 2.5153966069417346,
           "ema_span_0": 888.162055796526,
           "ema_span_1": 63.19762981967629,
           "enabled": true,
           "initial_eprice_ema_dist": -0.1,
           "initial_qty_pct": 0.004188440672991133,
           "markup_range": 0.010988022776250526,
           "min_markup": 0.0049033841113332345,
           "n_close_orders": 2,
           "rentry_pprice_dist": 0.04561021143251278,
           "rentry_pprice_dist_wallet_exposure_weighting": 0,
           "wallet_exposure_limit": 0.12}}