{"config_name": "neat_grid_0days",
 "logging_level": 0,
 "long": {"auto_unstuck_ema_dist": 0,
          "auto_unstuck_wallet_exposure_threshold": 0,
          "backwards_tp": true,
          "ema_span_0": 854.0270483494869,
          "ema_span_1": 1734.10396985928,
          "enabled": true,
          "eprice_exp_base": 1.0782316657900644,
          "eqty_exp_base": 2.202912663298112,
          "grid_span": 0.15094453742439748,
          "initial_eprice_ema_dist": -0.1,
          "initial_qty_pct": 0.010787667748888223,
          "markup_range": 0.01931326810343983,
          "max_n_entry_orders": 9,
          "min_markup": 0.002,
          "n_close_orders": 5,
          "wallet_exposure_limit": 1},
 "short": {"auto_unstuck_ema_dist": 0,
           "auto_unstuck_wallet_exposure_threshold": 0,
           "backwards_tp": true,
           "ema_span_0": 2169.0894689797824,
           "ema_span_1": 2459.3176405720606,
           "enabled": true,
           "eprice_exp_base": 1.3078102748388203,
           "eqty_exp_base": 1.7541150290090692,
           "grid_span": 0.5696121929100516,
           "initial_eprice_ema_dist": -0.09214946772769012,
           "initial_qty_pct": 0.010677008898614887,
           "markup_range": 0.02941343276678494,
           "max_n_entry_orders": 6,
           "min_markup": 0.008713450565130638,
           "n_close_orders": 8,
           "wallet_exposure_limit": 0.1}}