{"config_name": "recursive_grid_0days",
 "logging_level": 0,
 "long": {"auto_unstuck_ema_dist": 0,
          "auto_unstuck_wallet_exposure_threshold": 0.0,
          "backwards_tp": false,
          "ddown_factor": 1.0887961078978272,
          "ema_span_0": 307.3058842103111,
          "ema_span_1": 277.31236017105516,
          "enabled": true,
          "initial_eprice_ema_dist": -0.15994447642706133,
          "initial_qty_pct": 0.0008073730821128106,
          "markup_range": 0.0498080277396413,
          "min_markup": 0.010415120171031904,
          "n_close_orders": 7,
          "rentry_pprice_dist": 0.03183588808750928,
          "rentry_pprice_dist_wallet_exposure_weighting": 3.0675269314406184,
          "wallet_exposure_limit": 0.2},
 "short": {"auto_unstuck_ema_dist": -0.0686756075247921,
           "auto_unstuck_wallet_exposure_threshold": 0.050592694500687076,
           "backwards_tp": false,
           "ddown_factor": 2.6898686287327154,
           "ema_span_0": 696.5532234754387,
           "ema_span_1": 238.86413544567299,
           "enabled": false,
           "initial_eprice_ema_dist": -0.05646605295316203,
           "initial_qty_pct": 0.06571530897984067,
           "markup_range": 0.012281005886846663,
           "min_markup": 0.006057622630442012,
           "n_close_orders": 6,
           "rentry_pprice_dist": 0.019034958875202443,
           "rentry_pprice_dist_wallet_exposure_weighting": 16.748209331817453,
           "wallet_exposure_limit": 1.0}}