{"config_name": "neat_grid_0days",
 "logging_level": 0,
 "long": {"auto_unstuck_ema_dist": 0,
          "auto_unstuck_wallet_exposure_threshold": 0,
          "backwards_tp": true,
          "ema_span_0": 23.870672957692324,
          "ema_span_1": 12.53699755856086,
          "enabled": true,
          "eprice_exp_base": 1.0844452401221236,
          "eqty_exp_base": 2.2635886316456375,
          "grid_span": 0.17630933328579296,
          "initial_eprice_ema_dist": -0.08531948019866159,
          "initial_qty_pct": 0.023032522100875627,
          "markup_range": 0.003386143928876377,
          "max_n_entry_orders": 8,
          "min_markup": 0.002,
          "n_close_orders": 5,
          "wallet_exposure_limit": 1},
 "short": {"auto_unstuck_ema_dist": 0.0,
           "auto_unstuck_wallet_exposure_threshold": 0,
           "backwards_tp": true,
           "ema_span_0": 909.7506331852389,
           "ema_span_1": 709.8305584836062,
           "enabled": true,
           "eprice_exp_base": 1.002634994498245,
           "eqty_exp_base": 1.3825971000873776,
           "grid_span": 0.22753698467133376,
           "initial_eprice_ema_dist": -0.028457910988314523,
           "initial_qty_pct": 0.007,
           "markup_range": 0.0027910654198822016,
           "max_n_entry_orders": 16,
           "min_markup": 0.0070294519775518875,
           "n_close_orders": 17,
           "wallet_exposure_limit": 0.1}}