{"config_name": "neat_grid_0days",
 "logging_level": 0,
 "long": {"auto_unstuck_ema_dist": 0.027084262853042797,
          "auto_unstuck_wallet_exposure_threshold": 0.28505372929709183,
          "backwards_tp": false,
          "ema_span_0": 42.51055509631749,
          "ema_span_1": 433.25838133190194,
          "enabled": true,
          "eprice_exp_base": 0.9291685328588266,
          "eqty_exp_base": 2.016644516029136,
          "grid_span": 0.18463319374130543,
          "initial_eprice_ema_dist": -0.1,
          "initial_qty_pct": 0.00658613847489048,
          "markup_range": 0.03923023542336063,
          "max_n_entry_orders": 12,
          "min_markup": 0.019040112951680045,
          "n_close_orders": 4,
          "wallet_exposure_limit": 1},
 "short": {"auto_unstuck_ema_dist": 0.09600522508170121,
           "auto_unstuck_wallet_exposure_threshold": 0.30168887968266905,
           "backwards_tp": false,
           "ema_span_0": 1041.9014528445196,
           "ema_span_1": 6817.350993488812,
           "enabled": false,
           "eprice_exp_base": 3.4828132156776728,
           "eqty_exp_base": 4.340159094126042,
           "grid_span": 0.31530221193247704,
           "initial_eprice_ema_dist": -0.03135216680478228,
           "initial_qty_pct": 0.015,
           "markup_range": 0.04532060345722829,
           "max_n_entry_orders": 18,
           "min_markup": 0.0056789412928334665,
           "n_close_orders": 19,
           "wallet_exposure_limit": 0.1}}