{"config_name": "recursive_grid_0days",
 "logging_level": 0,
 "long": {"auto_unstuck_ema_dist": 0,
          "auto_unstuck_wallet_exposure_threshold": 0.0,
          "backwards_tp": false,
          "ddown_factor": 2.479177450016531,
          "ema_span_0": 437.1899628143397,
          "ema_span_1": 496.8973528497391,
          "enabled": true,
          "initial_eprice_ema_dist": -0.015,
          "initial_qty_pct": 0.004069706260714585,
          "markup_range": 0.027335967540212096,
          "min_markup": 0.003300246935769468,
          "n_close_orders": 1,
          "rentry_pprice_dist": 0.03398454016375892,
          "rentry_pprice_dist_wallet_exposure_weighting": 1.1627912430868832,
          "wallet_exposure_limit": 0.2},
 "short": {"auto_unstuck_ema_dist": -0.03399106456454351,
           "auto_unstuck_wallet_exposure_threshold": 0.042569894737871546,
           "backwards_tp": false,
           "ddown_factor": 1.8796379159799403,
           "ema_span_0": 1405.771500125165,
           "ema_span_1": 974.6166305406953,
           "enabled": false,
           "initial_eprice_ema_dist": -0.0011985248875173576,
           "initial_qty_pct": 0.01914507526651782,
           "markup_range": 0.03188880635573729,
           "min_markup": 0.006873618188447601,
           "n_close_orders": 11,
           "rentry_pprice_dist": 0.025580169736438493,
           "rentry_pprice_dist_wallet_exposure_weighting": 12.712987173634762,
           "wallet_exposure_limit": 1.0}}