{"config_name": "recursive_grid_0days",
 "logging_level": 0,
 "long": {"auto_unstuck_ema_dist": -0.0036812578920046276,
          "auto_unstuck_wallet_exposure_threshold": 0.09529887602216913,
          "backwards_tp": true,
          "ddown_factor": 2.531597503291875,
          "ema_span_0": 150.81114505868598,
          "ema_span_1": 1038.608168108884,
          "enabled": true,
          "initial_eprice_ema_dist": 0.0020022805007547007,
          "initial_qty_pct": 0.018730092326963828,
          "markup_range": 0.0042161354250688345,
          "min_markup": 0.005443903575516932,
          "n_close_orders": 15,
          "rentry_pprice_dist": 0.037580778305474176,
          "rentry_pprice_dist_wallet_exposure_weighting": 1.2423319452655188,
          "wallet_exposure_limit": 0.3},
 "short": {"auto_unstuck_ema_dist": -0.037372403713062066,
           "auto_unstuck_wallet_exposure_threshold": 0.03954490647870825,
           "backwards_tp": true,
           "ddown_factor": 2.583169635580271,
           "ema_span_0": 500.58356327322537,
           "ema_span_1": 1319.2632799437893,
           "enabled": false,
           "initial_eprice_ema_dist": -0.07989610536250738,
           "initial_qty_pct": 0.05521122701486104,
           "markup_range": 0.034691636441683125,
           "min_markup": 0.00408843388179864,
           "n_close_orders": 10,
           "rentry_pprice_dist": 0.02540539484550366,
           "rentry_pprice_dist_wallet_exposure_weighting": 18.380501551206876,
           "wallet_exposure_limit": 1.0}}