{"config_name": "recursive_grid_0days",
 "logging_level": 0,
 "long": {"auto_unstuck_ema_dist": 0.00484070160278392,
          "auto_unstuck_wallet_exposure_threshold": 0.05755114890220145,
          "backwards_tp": true,
          "ddown_factor": 2.1866451378311536,
          "ema_span_0": 70.30916356238342,
          "ema_span_1": 171.19301850548047,
          "enabled": true,
          "initial_eprice_ema_dist": -0.03626482559212573,
          "initial_qty_pct": 0.012468589191645592,
          "markup_range": 0.002453897294985634,
          "min_markup": 0.004771220444643691,
          "n_close_orders": 2,
          "rentry_pprice_dist": 0.01566328627150659,
          "rentry_pprice_dist_wallet_exposure_weighting": 4.339603200122736,
          "wallet_exposure_limit": 0.3},
 "short": {"auto_unstuck_ema_dist": -0.06669621093642056,
           "auto_unstuck_wallet_exposure_threshold": 0.06067551500116422,
           "backwards_tp": true,
           "ddown_factor": 1.8004463844029421,
           "ema_span_0": 377.8353100912233,
           "ema_span_1": 1342.1827443243783,
           "enabled": false,
           "initial_eprice_ema_dist": -0.05645406069041099,
           "initial_qty_pct": 0.07847778136629946,
           "markup_range": 0.010082262121966667,
           "min_markup": 0.0017507880134194716,
           "n_close_orders": 10,
           "rentry_pprice_dist": 0.026072046004994277,
           "rentry_pprice_dist_wallet_exposure_weighting": 21.966692733475643,
           "wallet_exposure_limit": 1}}