{"config_name": "recursive_grid_0days",
 "logging_level": 0,
 "long": {"auto_unstuck_ema_dist": 0.0,
          "auto_unstuck_wallet_exposure_threshold": 0.06263418725536575,
          "backwards_tp": true,
          "ddown_factor": 1.5592522744849444,
          "ema_span_0": 501.65066044879154,
          "ema_span_1": 263.35664389489176,
          "enabled": true,
          "initial_eprice_ema_dist": -0.013681014442512393,
          "initial_qty_pct": 0.01017796459336769,
          "markup_range": 0.0007829700920129579,
          "min_markup": 0.0019100052737802797,
          "n_close_orders": 15,
          "rentry_pprice_dist": 0.018647385354903356,
          "rentry_pprice_dist_wallet_exposure_weighting": 1.2253178842670143,
          "wallet_exposure_limit": 0.3},
 "short": {"auto_unstuck_ema_dist": -0.040715993148884654,
           "auto_unstuck_wallet_exposure_threshold": 0.049724897122097655,
           "backwards_tp": true,
           "ddown_factor": 2.602442435495532,
           "ema_span_0": 536.5115573464335,
           "ema_span_1": 349.8914709987468,
           "enabled": false,
           "initial_eprice_ema_dist": -0.058615952844540596,
           "initial_qty_pct": 0.046321088452780726,
           "markup_range": 0.03941478574774983,
           "min_markup": 0.007787687809767618,
           "n_close_orders": 13,
           "rentry_pprice_dist": 0.041132203646092935,
           "rentry_pprice_dist_wallet_exposure_weighting": 0.7074543925123011,
           "wallet_exposure_limit": 1}}