{"config_name": "recursive_grid_0days",
 "logging_level": 0,
 "long": {"auto_unstuck_ema_dist": 0,
          "auto_unstuck_wallet_exposure_threshold": 0.0,
          "backwards_tp": false,
          "ddown_factor": 3.94174395922324,
          "ema_span_0": 73.24181595475507,
          "ema_span_1": 80.8530354986361,
          "enabled": true,
          "initial_eprice_ema_dist": -0.1310305654365446,
          "initial_qty_pct": 0.0038970828100721813,
          "markup_range": 0.021447630879902205,
          "min_markup": 0.0026917098212326383,
          "n_close_orders": 2,
          "rentry_pprice_dist": 0.002804619482880308,
          "rentry_pprice_dist_wallet_exposure_weighting": 0.9188466072373198,
          "wallet_exposure_limit": 0.2},
 "short": {"auto_unstuck_ema_dist": -0.0315118740880863,
           "auto_unstuck_wallet_exposure_threshold": 0.07937096732473088,
           "backwards_tp": false,
           "ddown_factor": 1.8427267482941927,
           "ema_span_0": 310.91269086644803,
           "ema_span_1": 1290.5133545942504,
           "enabled": false,
           "initial_eprice_ema_dist": -0.05163140017504342,
           "initial_qty_pct": 0.07750011289211202,
           "markup_range": 0.01755069340097513,
           "min_markup": 0.007985562180171234,
           "n_close_orders": 8,
           "rentry_pprice_dist": 0.02761015441250906,
           "rentry_pprice_dist_wallet_exposure_weighting": 16.07661617002923,
           "wallet_exposure_limit": 1.0}}