{"config_name": "neat_grid_0days",
 "logging_level": 0,
 "long": {"auto_unstuck_ema_dist": 0.06379117368283138,
          "auto_unstuck_wallet_exposure_threshold": 0.006868632398463554,
          "backwards_tp": true,
          "ema_span_0": 142.9533449566176,
          "ema_span_1": 138.05180629170118,
          "enabled": true,
          "eprice_exp_base": 1.2,
          "eqty_exp_base": 1.6004400759329507,
          "grid_span": 0.30259429523202735,
          "initial_eprice_ema_dist": -0.09789617416856822,
          "initial_qty_pct": 0.01,
          "markup_range": 0.002914652762515233,
          "max_n_entry_orders": 9,
          "min_markup": 0.002,
          "n_close_orders": 11,
          "wallet_exposure_limit": 1},
 "short": {"auto_unstuck_ema_dist": 0.09188260070071169,
           "auto_unstuck_wallet_exposure_threshold": 0.027453991990189715,
           "backwards_tp": true,
           "ema_span_0": 93.09271619935973,
           "ema_span_1": 23.42101274209849,
           "enabled": true,
           "eprice_exp_base": 2.293042262745961,
           "eqty_exp_base": 2.4605644586503033,
           "grid_span": 0.4591777178676187,
           "initial_eprice_ema_dist": -0.016140593114277332,
           "initial_qty_pct": 0.01,
           "markup_range": 0.0028035728796127926,
           "max_n_entry_orders": 13,
           "min_markup": 0.002,
           "n_close_orders": 5,
           "wallet_exposure_limit": 0.1}}