{"config_name": "recursive_grid_0days",
 "logging_level": 0,
 "long": {"auto_unstuck_ema_dist": 0,
          "auto_unstuck_wallet_exposure_threshold": 0.0,
          "backwards_tp": false,
          "ddown_factor": 1.4978417640149428,
          "ema_span_0": 598.9487644545801,
          "ema_span_1": 538.1085790838665,
          "enabled": true,
          "initial_eprice_ema_dist": -0.1,
          "initial_qty_pct": 0.006887013400177669,
          "markup_range": 0.04,
          "min_markup": 0.0031348215670835367,
          "n_close_orders": 5,
          "rentry_pprice_dist": 0.02290336561391115,
          "rentry_pprice_dist_wallet_exposure_weighting": 0.0,
          "wallet_exposure_limit": 0.25},
 "short": {"auto_unstuck_ema_dist": 0,
           "auto_unstuck_wallet_exposure_threshold": 0,
           "backwards_tp": false,
           "ddown_factor": 1.3895703075244854,
           "ema_span_0": 10.617223965139306,
           "ema_span_1": 38.96028298421139,
           "enabled": true,
           "initial_eprice_ema_dist": -0.1,
           "initial_qty_pct": 0.004840921744052094,
           "markup_range": 0.02863915377188708,
           "min_markup": 0.004799732155277211,
           "n_close_orders": 2,
           "rentry_pprice_dist": 0.045376266075755074,
           "rentry_pprice_dist_wallet_exposure_weighting": 0,
           "wallet_exposure_limit": 0.12}}