{"config_name": "clock_0days",
 "long": {"backwards_tp": true,
          "delay_between_fills_minutes_close": 393.7015641096962,
          "delay_between_fills_minutes_entry": 474.040916431465,
          "delay_weight_close": 64.88922664097812,
          "delay_weight_entry": 25.161410527797763,
          "ema_dist_close": -0.6213655442013679,
          "ema_dist_entry": -0.19126980849917624,
          "ema_span_0": 968.2958180699669,
          "ema_span_1": 190.29373199443694,
          "enabled": true,
          "markup_range": 0.02755775663557155,
          "min_markup": 0.007004197927941647,
          "n_close_orders": 5,
          "qty_pct_close": 0.013035771300127823,
          "qty_pct_entry": 0.011471509507125886,
          "wallet_exposure_limit": 0.3,
          "we_multiplier_close": 8.18197392705299,
          "we_multiplier_entry": 12.586948589297881},
 "short": {"backwards_tp": true,
           "delay_between_fills_minutes_close": 33.43040565727598,
           "delay_between_fills_minutes_entry": 894.2641605205044,
           "delay_weight_close": 62.799592846156656,
           "delay_weight_entry": 52.41419302296172,
           "ema_dist_close": -0.03702267812076601,
           "ema_dist_entry": -0.044980990777472946,
           "ema_span_0": 23.21753097796076,
           "ema_span_1": 1353.4551363810638,
           "enabled": false,
           "markup_range": 0.04373756082467814,
           "min_markup": 0.03393753991540371,
           "n_close_orders": 9,
           "qty_pct_close": 0.5926840356597214,
           "qty_pct_entry": 0.06304517689737803,
           "wallet_exposure_limit": 1.0,
           "we_multiplier_close": 1.584903538554242,
           "we_multiplier_entry": 40.54390375639178}}