{"config_name": "recursive_grid_0days",
 "logging_level": 0,
 "long": {"auto_unstuck_ema_dist": 0.009973537089533167,
          "auto_unstuck_wallet_exposure_threshold": 0.00909365097388039,
          "backwards_tp": true,
          "ddown_factor": 1.1671173241576864,
          "ema_span_0": 676.1464447719534,
          "ema_span_1": 826.9545382740964,
          "enabled": true,
          "initial_eprice_ema_dist": 0.007142808159156407,
          "initial_qty_pct": 0.01720711938831863,
          "markup_range": 0.004346972831332096,
          "min_markup": 0.006930076621356048,
          "n_close_orders": 5,
          "rentry_pprice_dist": 0.03470380545216573,
          "rentry_pprice_dist_wallet_exposure_weighting": 2.757745507262568,
          "wallet_exposure_limit": 1},
 "short": {"auto_unstuck_ema_dist": 0.07418846470313924,
           "auto_unstuck_wallet_exposure_threshold": 0.02275027317839913,
           "backwards_tp": true,
           "ddown_factor": 1.0215072223347925,
           "ema_span_0": 1907.6477870448693,
           "ema_span_1": 763.7738090773313,
           "enabled": false,
           "initial_eprice_ema_dist": -0.0396899684148627,
           "initial_qty_pct": 0.015,
           "markup_range": 0.0213900077844427,
           "min_markup": 0.0011212721502369587,
           "n_close_orders": 10,
           "rentry_pprice_dist": 0.021463024542126896,
           "rentry_pprice_dist_wallet_exposure_weighting": 84.04054500231575,
           "wallet_exposure_limit": 0.1}}