{"config_name": "recursive_grid_0days",
 "logging_level": 0,
 "long": {"auto_unstuck_ema_dist": -0.0031895564355360834,
          "auto_unstuck_wallet_exposure_threshold": 0.07322078426956319,
          "backwards_tp": false,
          "ddown_factor": 2.1429,
          "ema_span_0": 1300.1007650267925,
          "ema_span_1": 741.9266406432358,
          "enabled": true,
          "initial_eprice_ema_dist": -0.007912294020757608,
          "initial_qty_pct": 0.0031893,
          "markup_range": 0.028078,
          "min_markup": 0.005709,
          "n_close_orders": 5,
          "rentry_pprice_dist": 0.018515,
          "rentry_pprice_dist_wallet_exposure_weighting": 2.1199,
          "wallet_exposure_limit": 0.2},
 "short": {"auto_unstuck_ema_dist": -0.011088774054171788,
           "auto_unstuck_wallet_exposure_threshold": 0.06795221811734481,
           "backwards_tp": false,
           "ddown_factor": 2.8073219380425796,
           "ema_span_0": 1250.1535374763769,
           "ema_span_1": 343.72380959149314,
           "enabled": false,
           "initial_eprice_ema_dist": -0.015808246866473252,
           "initial_qty_pct": 0.05314653552656634,
           "markup_range": 0.03346654561132423,
           "min_markup": 0.007685351245697693,
           "n_close_orders": 11,
           "rentry_pprice_dist": 0.035805832848913186,
           "rentry_pprice_dist_wallet_exposure_weighting": 5.213130696563968,
           "wallet_exposure_limit": 1.0}}