{"config_name": "clock_0days",
 "long": {"backwards_tp": false,
          "delay_between_fills_minutes_close": 1284.5519287436437,
          "delay_between_fills_minutes_entry": 924.3685690168111,
          "delay_weight_close": 30.68792283585089,
          "delay_weight_entry": 19.63845479867952,
          "ema_dist_close": 0.003979925883702362,
          "ema_dist_entry": 0.004,
          "ema_span_0": 1037.8241068398656,
          "ema_span_1": 328.78404380417743,
          "enabled": true,
          "markup_range": 0.036609336697762854,
          "min_markup": 0.009543904625033624,
          "n_close_orders": 15,
          "qty_pct_close": 0.02563830410227745,
          "qty_pct_entry": 0.01,
          "wallet_exposure_limit": 0.2,
          "we_multiplier_close": 0,
          "we_multiplier_entry": 41.53131694271536},
 "short": {"backwards_tp": false,
           "delay_between_fills_minutes_close": 1078.6723667406975,
           "delay_between_fills_minutes_entry": 198.36883104751277,
           "delay_weight_close": 55.895476370994366,
           "delay_weight_entry": 46.50181364945688,
           "ema_dist_close": -0.004084316239877692,
           "ema_dist_entry": -0.005854774201424537,
           "ema_span_0": 535.5148204156916,
           "ema_span_1": 1147.0841488938422,
           "enabled": false,
           "markup_range": 0.0032726330399616365,
           "min_markup": 0.009590328131236295,
           "n_close_orders": 16,
           "qty_pct_close": 0.02693156255511124,
           "qty_pct_entry": 0.06910749623359587,
           "wallet_exposure_limit": 1.0,
           "we_multiplier_close": 77.84088862291689,
           "we_multiplier_entry": 59.36324996975585}}