{"config_name": "recursive_grid_0days",
 "logging_level": 0,
 "long": {"auto_unstuck_ema_dist": 0,
          "auto_unstuck_wallet_exposure_threshold": 0.0,
          "backwards_tp": false,
          "ddown_factor": 0.950329681719299,
          "ema_span_0": 25.61685048662608,
          "ema_span_1": 22.751736136209157,
          "enabled": true,
          "initial_eprice_ema_dist": -0.05306057706576368,
          "initial_qty_pct": 0.006139964684201836,
          "markup_range": 0.007202309883877448,
          "min_markup": 0.005139320049275825,
          "n_close_orders": 3,
          "rentry_pprice_dist": 0.02891482955720118,
          "rentry_pprice_dist_wallet_exposure_weighting": 1.7295990124157696,
          "wallet_exposure_limit": 0.2},
 "short": {"auto_unstuck_ema_dist": -0.09130426208352724,
           "auto_unstuck_wallet_exposure_threshold": 0.0637451430967551,
           "backwards_tp": false,
           "ddown_factor": 1.9677212603942518,
           "ema_span_0": 1400.7946729462274,
           "ema_span_1": 804.4486779123004,
           "enabled": false,
           "initial_eprice_ema_dist": -0.03352954199904419,
           "initial_qty_pct": 0.08766118285474704,
           "markup_range": 0.035793211928384125,
           "min_markup": 0.0027711045395820626,
           "n_close_orders": 7,
           "rentry_pprice_dist": 0.02661161905136986,
           "rentry_pprice_dist_wallet_exposure_weighting": 5.8709308030189655,
           "wallet_exposure_limit": 1.0}}