{"config_name": "clock_0days",
 "long": {"backwards_tp": true,
          "delay_between_fills_minutes_close": 386.6245265450954,
          "delay_between_fills_minutes_entry": 353.03475068589506,
          "delay_weight_close": 125.06254260955478,
          "delay_weight_entry": 19.472132355303533,
          "ema_dist_close": -0.5975099962610577,
          "ema_dist_entry": 0.007794705242078814,
          "ema_span_0": 831.2738047046107,
          "ema_span_1": 738.4081818994057,
          "enabled": true,
          "markup_range": 0.015921128550821572,
          "min_markup": 0.004599769457494265,
          "n_close_orders": 10,
          "qty_pct_close": 0.0120728738049634,
          "qty_pct_entry": 0.010486219959596152,
          "wallet_exposure_limit": 0.3,
          "we_multiplier_close": 2.0934053797515917,
          "we_multiplier_entry": 88.72376805356986},
 "short": {"backwards_tp": true,
           "delay_between_fills_minutes_close": 1389.3462623933779,
           "delay_between_fills_minutes_entry": 1212.9354905014943,
           "delay_weight_close": 8.117561324076716,
           "delay_weight_entry": 11.837357424541107,
           "ema_dist_close": -0.0013832799675083801,
           "ema_dist_entry": -0.0005588197417242188,
           "ema_span_0": 642.4715776436498,
           "ema_span_1": 1070.24718875837,
           "enabled": false,
           "markup_range": 0.040350991915701656,
           "min_markup": 0.007649081663308065,
           "n_close_orders": 4,
           "qty_pct_close": 0.011638764655481073,
           "qty_pct_entry": 0.05278226004981788,
           "wallet_exposure_limit": 1.0,
           "we_multiplier_close": 21.060286792083726,
           "we_multiplier_entry": 36.17155253056828}}