{"config_name": "clock_0days",
 "long": {"backwards_tp": true,
          "delay_between_fills_minutes_close": 494.88082562258654,
          "delay_between_fills_minutes_entry": 197.9395676901353,
          "delay_weight_close": 61.65994982094852,
          "delay_weight_entry": 32.891995072568115,
          "ema_dist_close": -0.6060809692702271,
          "ema_dist_entry": 0.01,
          "ema_span_0": 203.6793383324673,
          "ema_span_1": 430.83947553735294,
          "enabled": true,
          "markup_range": 0.01756618368575491,
          "min_markup": 0.009897310627180597,
          "n_close_orders": 3,
          "qty_pct_close": 0.01,
          "qty_pct_entry": 0.01,
          "wallet_exposure_limit": 0.3,
          "we_multiplier_close": 88.95201173428237,
          "we_multiplier_entry": 133.18119378432556},
 "short": {"backwards_tp": true,
           "delay_between_fills_minutes_close": 289.70503310481155,
           "delay_between_fills_minutes_entry": 38.095264820246335,
           "delay_weight_close": 28.42893442295818,
           "delay_weight_entry": 107.6615816500533,
           "ema_dist_close": -0.618153519199746,
           "ema_dist_entry": -0.3815799620662268,
           "ema_span_0": 78.61244518523358,
           "ema_span_1": 133.013784389666,
           "enabled": false,
           "markup_range": 0.018481437071925202,
           "min_markup": 0.07235003782174475,
           "n_close_orders": 4,
           "qty_pct_close": 0.01,
           "qty_pct_entry": 0.01,
           "wallet_exposure_limit": 1.0,
           "we_multiplier_close": 33.54024508489946,
           "we_multiplier_entry": 52.221741575560884}}