{"config_name": "clock_0days",
 "long": {"backwards_tp": true,
          "delay_between_fills_minutes_close": 185.89208202677915,
          "delay_between_fills_minutes_entry": 437.3975325034648,
          "delay_weight_close": 87.77882686248283,
          "delay_weight_entry": 26.762300906341846,
          "ema_dist_close": -0.8247683245310566,
          "ema_dist_entry": -0.6453299780398243,
          "ema_span_0": 175.01905588486557,
          "ema_span_1": 373.3995467820289,
          "enabled": true,
          "markup_range": 0.017576261568042734,
          "min_markup": 0.004220678835716732,
          "n_close_orders": 3,
          "qty_pct_close": 0.01,
          "qty_pct_entry": 0.01,
          "wallet_exposure_limit": 0.3,
          "we_multiplier_close": 1.3718519690295607,
          "we_multiplier_entry": 85.17299312167735},
 "short": {"backwards_tp": true,
           "delay_between_fills_minutes_close": 87.66116921939674,
           "delay_between_fills_minutes_entry": 347.50284601223785,
           "delay_weight_close": 65.2424203798013,
           "delay_weight_entry": 8.620020935940515,
           "ema_dist_close": -0.9358231148572135,
           "ema_dist_entry": -0.8629982127751678,
           "ema_span_0": 140.2268322349884,
           "ema_span_1": 172.82384645885398,
           "enabled": false,
           "markup_range": 0.018443029904302737,
           "min_markup": 0.0722408617555564,
           "n_close_orders": 2,
           "qty_pct_close": 0.01,
           "qty_pct_entry": 0.01,
           "wallet_exposure_limit": 1.0,
           "we_multiplier_close": 100.20366415402414,
           "we_multiplier_entry": 32.158487813321024}}