{"config_name": "clock_0days",
 "long": {"backwards_tp": true,
          "delay_between_fills_minutes_close": 464.74324131861965,
          "delay_between_fills_minutes_entry": 356.76934610975536,
          "delay_weight_close": 99.87194190019247,
          "delay_weight_entry": 44.56433122073199,
          "ema_dist_close": -0.6402069201735672,
          "ema_dist_entry": -0.001083633193157723,
          "ema_span_0": 577.0354630506434,
          "ema_span_1": 25.51031940346883,
          "enabled": true,
          "markup_range": 0.02934443650767289,
          "min_markup": 0.007103487248880623,
          "n_close_orders": 8,
          "qty_pct_close": 0.013291735720353843,
          "qty_pct_entry": 0.0198503631745616,
          "wallet_exposure_limit": 0.3,
          "we_multiplier_close": 79.23975847290558,
          "we_multiplier_entry": 146.42696344647027},
 "short": {"backwards_tp": true,
           "delay_between_fills_minutes_close": 1173.014123357196,
           "delay_between_fills_minutes_entry": 191.15688895556644,
           "delay_weight_close": 47.472821715779745,
           "delay_weight_entry": 47.788153740994375,
           "ema_dist_close": -0.02112313160483581,
           "ema_dist_entry": -0.04173431573893854,
           "ema_span_0": 1421.905335401773,
           "ema_span_1": 701.6048911643015,
           "enabled": false,
           "markup_range": 0.04464743120485647,
           "min_markup": 0.004684115439321071,
           "n_close_orders": 11,
           "qty_pct_close": 0.06166372692060804,
           "qty_pct_entry": 0.021337687676281962,
           "wallet_exposure_limit": 1.0,
           "we_multiplier_close": 19.535697564203435,
           "we_multiplier_entry": 14.540673823012707}}