{"config_name": "clock_0days",
 "long": {"backwards_tp": true,
          "delay_between_fills_minutes_close": 497.64164166480276,
          "delay_between_fills_minutes_entry": 355.727645222786,
          "delay_weight_close": 131.7050424031875,
          "delay_weight_entry": 21.171713741039124,
          "ema_dist_close": -0.5942698779748963,
          "ema_dist_entry": -0.5166188715312688,
          "ema_span_0": 59.112095662592424,
          "ema_span_1": 234.11173476521935,
          "enabled": true,
          "markup_range": 0.016007752874022944,
          "min_markup": 0.008157087048128373,
          "n_close_orders": 3,
          "qty_pct_close": 0.01,
          "qty_pct_entry": 0.01,
          "wallet_exposure_limit": 0.3,
          "we_multiplier_close": 0,
          "we_multiplier_entry": 24.560786301209717},
 "short": {"backwards_tp": true,
           "delay_between_fills_minutes_close": 137.27396873066147,
           "delay_between_fills_minutes_entry": 93.65946442454904,
           "delay_weight_close": 59.514885960762186,
           "delay_weight_entry": 46.46862121257627,
           "ema_dist_close": -0.0189901740675978,
           "ema_dist_entry": -0.01425952994405777,
           "ema_span_0": 42.511403327393005,
           "ema_span_1": 1160.0047683055182,
           "enabled": false,
           "markup_range": 0.09993857677139695,
           "min_markup": 0.06910821238449985,
           "n_close_orders": 13,
           "qty_pct_close": 0.2852134837328028,
           "qty_pct_entry": 0.28807054719894853,
           "wallet_exposure_limit": 1.0,
           "we_multiplier_close": 4.9018833466269065,
           "we_multiplier_entry": 0.8365002063141724}}