{"config_name": "recursive_grid_0days",
 "logging_level": 0,
 "long": {"auto_unstuck_ema_dist": 0,
          "auto_unstuck_wallet_exposure_threshold": 0.0,
          "backwards_tp": false,
          "ddown_factor": 3.0043258613322967,
          "ema_span_0": 794.3818610609659,
          "ema_span_1": 942.6919378721526,
          "enabled": true,
          "initial_eprice_ema_dist": -0.015,
          "initial_qty_pct": 0.00527731249148105,
          "markup_range": 0.05194863386166659,
          "min_markup": 0.001786221111553333,
          "n_close_orders": 2,
          "rentry_pprice_dist": 0.025076576139996504,
          "rentry_pprice_dist_wallet_exposure_weighting": 2.294309954200354,
          "wallet_exposure_limit": 1},
 "short": {"auto_unstuck_ema_dist": -0.0864570247071022,
           "auto_unstuck_wallet_exposure_threshold": 0.03276077245275274,
           "backwards_tp": false,
           "ddown_factor": 2.9891192480721926,
           "ema_span_0": 1325.7976640557888,
           "ema_span_1": 971.4468093273605,
           "enabled": false,
           "initial_eprice_ema_dist": -0.08257630822559811,
           "initial_qty_pct": 0.051684014641837965,
           "markup_range": 0.02551154507185205,
           "min_markup": 0.005983165826607916,
           "n_close_orders": 7,
           "rentry_pprice_dist": 0.011228991643818204,
           "rentry_pprice_dist_wallet_exposure_weighting": 15.122566783743519,
           "wallet_exposure_limit": 1.0}}