{"config_name": "clock_0days",
 "long": {"backwards_tp": true,
          "delay_between_fills_minutes_close": 281.88132058025343,
          "delay_between_fills_minutes_entry": 408.49553292307786,
          "delay_weight_close": 14.782730740318687,
          "delay_weight_entry": 32.83261129608457,
          "ema_dist_close": 0.00020229080634246723,
          "ema_dist_entry": 0.01,
          "ema_span_0": 333.1461395849505,
          "ema_span_1": 42.83872640710271,
          "enabled": true,
          "markup_range": 0.01276604483091198,
          "min_markup": 0.009936933033799753,
          "n_close_orders": 2,
          "qty_pct_close": 0.01,
          "qty_pct_entry": 0.01,
          "wallet_exposure_limit": 0.3,
          "we_multiplier_close": 93.2964852561407,
          "we_multiplier_entry": 144.06205828476593},
 "short": {"backwards_tp": true,
           "delay_between_fills_minutes_close": 99.0815191518025,
           "delay_between_fills_minutes_entry": 1060.4121901889812,
           "delay_weight_close": 37.39206979240598,
           "delay_weight_entry": 20.930242354107477,
           "ema_dist_close": -0.02277053991992212,
           "ema_dist_entry": -0.03655793037900227,
           "ema_span_0": 23.839631348018038,
           "ema_span_1": 138.8035535319011,
           "enabled": false,
           "markup_range": 0.025701271607446553,
           "min_markup": 0.004886789867700379,
           "n_close_orders": 13,
           "qty_pct_close": 0.3813362797554898,
           "qty_pct_entry": 0.6732360817185847,
           "wallet_exposure_limit": 1.0,
           "we_multiplier_close": 1.6101872678918172,
           "we_multiplier_entry": 65.75729377961989}}