{"config_name": "recursive_grid_0days",
 "logging_level": 0,
 "long": {"auto_unstuck_ema_dist": 0,
          "auto_unstuck_wallet_exposure_threshold": 0.0,
          "backwards_tp": false,
          "ddown_factor": 3.3628166143957214,
          "ema_span_0": 683.1095331040971,
          "ema_span_1": 51.98509452120559,
          "enabled": true,
          "initial_eprice_ema_dist": -0.044052642066211616,
          "initial_qty_pct": 0.002519017250063326,
          "markup_range": 0.07625911270408137,
          "min_markup": 0.007268238259105447,
          "n_close_orders": 2,
          "rentry_pprice_dist": 0.03732637527891534,
          "rentry_pprice_dist_wallet_exposure_weighting": 5.157004435835665,
          "wallet_exposure_limit": 0.2},
 "short": {"auto_unstuck_ema_dist": 0.00030824230262412045,
           "auto_unstuck_wallet_exposure_threshold": 0.04428447214437237,
           "backwards_tp": false,
           "ddown_factor": 0.2885463399331963,
           "ema_span_0": 1019.9019369287306,
           "ema_span_1": 393.6651013287239,
           "enabled": false,
           "initial_eprice_ema_dist": -0.06855386120367288,
           "initial_qty_pct": 0.08061331631259339,
           "markup_range": 0.041903949371753055,
           "min_markup": 0.005866429784022733,
           "n_close_orders": 7,
           "rentry_pprice_dist": 0.02361624647840406,
           "rentry_pprice_dist_wallet_exposure_weighting": 16.550513733455304,
           "wallet_exposure_limit": 1.0}}