{"config_name": "recursive_grid_0days",
 "logging_level": 0,
 "long": {"auto_unstuck_ema_dist": 0,
          "auto_unstuck_wallet_exposure_threshold": 0.0,
          "backwards_tp": true,
          "ddown_factor": 2.875700905558249,
          "ema_span_0": 467.3071317296649,
          "ema_span_1": 889.661033757635,
          "enabled": true,
          "initial_eprice_ema_dist": 0.010255096970793923,
          "initial_qty_pct": 0.01,
          "markup_range": 0.002439210726672744,
          "min_markup": 0.0027040147481918273,
          "n_close_orders": 3,
          "rentry_pprice_dist": 0.01972059373759144,
          "rentry_pprice_dist_wallet_exposure_weighting": 3.5882279891919477,
          "wallet_exposure_limit": 0.3},
 "short": {"auto_unstuck_ema_dist": -0.029072283137971264,
           "auto_unstuck_wallet_exposure_threshold": 0.08998328130704589,
           "backwards_tp": true,
           "ddown_factor": 1.5422542566255442,
           "ema_span_0": 462.3009472963054,
           "ema_span_1": 969.4754741575298,
           "enabled": false,
           "initial_eprice_ema_dist": -0.006887446017465257,
           "initial_qty_pct": 0.02929876029035612,
           "markup_range": 0.02837867689058746,
           "min_markup": 0.005603511638126929,
           "n_close_orders": 14,
           "rentry_pprice_dist": 0.04967126830567082,
           "rentry_pprice_dist_wallet_exposure_weighting": 1.0664447990900716,
           "wallet_exposure_limit": 1.0}}