{"config_name": "recursive_grid_0days",
 "logging_level": 0,
 "long": {"auto_unstuck_ema_dist": 0.0,
          "auto_unstuck_wallet_exposure_threshold": 0.08744318287304495,
          "backwards_tp": true,
          "ddown_factor": 2.9631932970350956,
          "ema_span_0": 560.7141786671352,
          "ema_span_1": 702.090751862013,
          "enabled": true,
          "initial_eprice_ema_dist": 0.009040567230213958,
          "initial_qty_pct": 0.02311568018213752,
          "markup_range": 0.002066595444574691,
          "min_markup": 0.001965685593328702,
          "n_close_orders": 16,
          "rentry_pprice_dist": 0.018375792672796504,
          "rentry_pprice_dist_wallet_exposure_weighting": 8.077479095517957,
          "wallet_exposure_limit": 0.3},
 "short": {"auto_unstuck_ema_dist": -0.022686272931039572,
           "auto_unstuck_wallet_exposure_threshold": 0.075013382285717,
           "backwards_tp": true,
           "ddown_factor": 1.7796272486114466,
           "ema_span_0": 1301.397091818636,
           "ema_span_1": 991.0637936604841,
           "enabled": false,
           "initial_eprice_ema_dist": -0.011044775713755811,
           "initial_qty_pct": 0.0986396010024724,
           "markup_range": 0.030985177358600638,
           "min_markup": 0.004761256730512488,
           "n_close_orders": 14,
           "rentry_pprice_dist": 0.034392581858317395,
           "rentry_pprice_dist_wallet_exposure_weighting": 14.316697645690596,
           "wallet_exposure_limit": 1.0}}