{"config_name": "neat_grid_0days",
 "logging_level": 0,
 "long": {"auto_unstuck_ema_dist": 0.003,
          "auto_unstuck_wallet_exposure_threshold": 0.03,
          "backwards_tp": false,
          "ema_span_0": 103.63,
          "ema_span_1": 223.88182230677708,
          "enabled": true,
          "eprice_exp_base": 1.0932767898441134,
          "eqty_exp_base": 1.375,
          "grid_span": 0.11295018510174194,
          "initial_eprice_ema_dist": -0.00369729695259687,
          "initial_qty_pct": 0.01,
          "markup_range": 0.0006357073828952475,
          "max_n_entry_orders": 6,
          "min_markup": 0.004266535747031089,
          "n_close_orders": 1,
          "wallet_exposure_limit": 1},
 "short": {"auto_unstuck_ema_dist": -0.06715000140706263,
           "auto_unstuck_wallet_exposure_threshold": 0.08056744788302349,
           "backwards_tp": false,
           "ema_span_0": 909.5909575286192,
           "ema_span_1": 1288.1799916967811,
           "enabled": false,
           "eprice_exp_base": 3.1667281286159925,
           "eqty_exp_base": 3.3825317874546905,
           "grid_span": 0.16889003622937093,
           "initial_eprice_ema_dist": -0.030337825510368344,
           "initial_qty_pct": 0.09095164360232393,
           "markup_range": 0.04107349440525885,
           "max_n_entry_orders": 19,
           "min_markup": 0.00218615176467912,
           "n_close_orders": 3,
           "wallet_exposure_limit": 1}}