{"config_name": "recursive_grid_0days",
 "logging_level": 0,
 "long": {"auto_unstuck_ema_dist": 0.0025,
          "auto_unstuck_wallet_exposure_threshold": 0.02559985573057496,
          "backwards_tp": false,
          "ddown_factor": 2.1429,
          "ema_span_0": 1440,
          "ema_span_1": 701.872220468147,
          "enabled": true,
          "initial_eprice_ema_dist": 0.0012473184000802626,
          "initial_qty_pct": 0.0031893,
          "markup_range": 0.028078,
          "min_markup": 0.005709,
          "n_close_orders": 5,
          "rentry_pprice_dist": 0.018515,
          "rentry_pprice_dist_wallet_exposure_weighting": 2.1199,
          "wallet_exposure_limit": 0.2},
 "short": {"auto_unstuck_ema_dist": -0.07673389670757215,
           "auto_unstuck_wallet_exposure_threshold": 0.08683796401502172,
           "backwards_tp": false,
           "ddown_factor": 0.29625129105788595,
           "ema_span_0": 1199.260666145704,
           "ema_span_1": 817.9864069745133,
           "enabled": false,
           "initial_eprice_ema_dist": -0.07623685809680891,
           "initial_qty_pct": 0.07488375247710745,
           "markup_range": 0.013765330567630019,
           "min_markup": 0.008066171143797027,
           "n_close_orders": 15,
           "rentry_pprice_dist": 0.03465532249875582,
           "rentry_pprice_dist_wallet_exposure_weighting": 17.822631334186163,
           "wallet_exposure_limit": 1.0}}