{"config_name": "recursive_grid_0days",
 "logging_level": 0,
 "long": {"auto_unstuck_ema_dist": 0,
          "auto_unstuck_wallet_exposure_threshold": 0.0,
          "backwards_tp": true,
          "ddown_factor": 2.9391449614201286,
          "ema_span_0": 295.8989910344167,
          "ema_span_1": 438.6100986598825,
          "enabled": true,
          "initial_eprice_ema_dist": -0.00290741307013042,
          "initial_qty_pct": 0.021450533950886835,
          "markup_range": 0.004315469369646843,
          "min_markup": 0.003293754260381047,
          "n_close_orders": 11,
          "rentry_pprice_dist": 0.0336507917616125,
          "rentry_pprice_dist_wallet_exposure_weighting": 5.0717299860324365,
          "wallet_exposure_limit": 0.3},
 "short": {"auto_unstuck_ema_dist": 0.0015362671652258408,
           "auto_unstuck_wallet_exposure_threshold": 0.09864113706858448,
           "backwards_tp": true,
           "ddown_factor": 2.3111520915735237,
           "ema_span_0": 1009.5601421862864,
           "ema_span_1": 617.4315327123098,
           "enabled": false,
           "initial_eprice_ema_dist": -0.04947807042500763,
           "initial_qty_pct": 0.05063418545655742,
           "markup_range": 0.0391635278825623,
           "min_markup": 0.0025935344267776876,
           "n_close_orders": 4,
           "rentry_pprice_dist": 0.01122651086126154,
           "rentry_pprice_dist_wallet_exposure_weighting": 6.708673927798907,
           "wallet_exposure_limit": 1.0}}