{"config_name": "recursive_grid_0days",
 "logging_level": 0,
 "long": {"auto_unstuck_ema_dist": 0,
          "auto_unstuck_wallet_exposure_threshold": 0.0,
          "backwards_tp": false,
          "ddown_factor": 0.6412772711975523,
          "ema_span_0": 218.70839966861206,
          "ema_span_1": 315.86816598399446,
          "enabled": true,
          "initial_eprice_ema_dist": -0.13458210653392969,
          "initial_qty_pct": 0.0057286778344409536,
          "markup_range": 0.010550724524466436,
          "min_markup": 0.010561194433435443,
          "n_close_orders": 8,
          "rentry_pprice_dist": 0.032566429493669585,
          "rentry_pprice_dist_wallet_exposure_weighting": 2.8804995329556853,
          "wallet_exposure_limit": 0.2},
 "short": {"auto_unstuck_ema_dist": -0.03702593310817562,
           "auto_unstuck_wallet_exposure_threshold": 0.06574813172566243,
           "backwards_tp": false,
           "ddown_factor": 2.9620172559368054,
           "ema_span_0": 287.1076629095618,
           "ema_span_1": 971.9326873039254,
           "enabled": false,
           "initial_eprice_ema_dist": -0.07193208422752449,
           "initial_qty_pct": 0.06493176229637825,
           "markup_range": 0.05772154744003215,
           "min_markup": 0.006750757767645078,
           "n_close_orders": 12,
           "rentry_pprice_dist": 0.04720703287759776,
           "rentry_pprice_dist_wallet_exposure_weighting": 2.489352384402721,
           "wallet_exposure_limit": 1}}