{"config_name": "clock_0days",
 "long": {"backwards_tp": false,
          "delay_between_fills_minutes_close": 1326.6233838456992,
          "delay_between_fills_minutes_entry": 900.0350609088673,
          "delay_weight_close": 166.99232895775287,
          "delay_weight_entry": 15.440441090904859,
          "ema_dist_close": 0.003,
          "ema_dist_entry": 0.000872196602692981,
          "ema_span_0": 851.931436479159,
          "ema_span_1": 1074.2963509236656,
          "enabled": true,
          "markup_range": 0.04,
          "min_markup": 0.01,
          "n_close_orders": 2,
          "qty_pct_close": 0.014699757665184755,
          "qty_pct_entry": 0.014368906677282401,
          "wallet_exposure_limit": 0.25,
          "we_multiplier_close": 0,
          "we_multiplier_entry": 117.00817112967877},
 "short": {"backwards_tp": false,
           "delay_between_fills_minutes_close": 1313.2036504182547,
           "delay_between_fills_minutes_entry": 1006.9334103550941,
           "delay_weight_close": 22.614667259221257,
           "delay_weight_entry": 85.78767161238468,
           "ema_dist_close": -0.040796571954624244,
           "ema_dist_entry": -0.014066239508461892,
           "ema_span_0": 748.9356036864689,
           "ema_span_1": 185.72832973116994,
           "enabled": false,
           "markup_range": 0.05886262951773281,
           "min_markup": 0.008043184715837136,
           "n_close_orders": 4,
           "qty_pct_close": 0.0980916052225158,
           "qty_pct_entry": 0.04040765175294362,
           "wallet_exposure_limit": 1.0,
           "we_multiplier_close": 54.39062476892482,
           "we_multiplier_entry": 58.27951272509435}}