{"config_name": "clock_0days",
 "long": {"backwards_tp": false,
          "delay_between_fills_minutes_close": 1440,
          "delay_between_fills_minutes_entry": 1074.273970564259,
          "delay_weight_close": 84.93356992771737,
          "delay_weight_entry": 24.640970072828466,
          "ema_dist_close": -0.00012969733740792524,
          "ema_dist_entry": -0.014596740032500994,
          "ema_span_0": 642.3148558867765,
          "ema_span_1": 1202.5124337185025,
          "enabled": true,
          "markup_range": 0.037763523796725595,
          "min_markup": 0.005942521157842316,
          "n_close_orders": 16,
          "qty_pct_close": 0.08079804669479734,
          "qty_pct_entry": 0.01,
          "wallet_exposure_limit": 1.0,
          "we_multiplier_close": 0.34615766284571786,
          "we_multiplier_entry": 48.96588831916009},
 "short": {"backwards_tp": false,
           "delay_between_fills_minutes_close": 127.21277188699034,
           "delay_between_fills_minutes_entry": 363.9813279723833,
           "delay_weight_close": 43.351575619592644,
           "delay_weight_entry": 14.591035142591124,
           "ema_dist_close": -0.025858730825099534,
           "ema_dist_entry": -0.0003188785943685101,
           "ema_span_0": 180.6834821829955,
           "ema_span_1": 1389.8080297650195,
           "enabled": false,
           "markup_range": 0.016230714162977406,
           "min_markup": 0.0018450229836723816,
           "n_close_orders": 10,
           "qty_pct_close": 0.07476895077297094,
           "qty_pct_entry": 0.013446785428739332,
           "wallet_exposure_limit": 1.0,
           "we_multiplier_close": 81.43845360142977,
           "we_multiplier_entry": 89.32870821145185}}