{"config_name": "recursive_grid_0days",
 "logging_level": 0,
 "long": {"auto_unstuck_ema_dist": -0.002892947279042034,
          "auto_unstuck_wallet_exposure_threshold": 0.06094725277633958,
          "backwards_tp": true,
          "ddown_factor": 1.2592160545247035,
          "ema_span_0": 364.0889406164131,
          "ema_span_1": 863.2994864801462,
          "enabled": true,
          "initial_eprice_ema_dist": 0.01167253460299749,
          "initial_qty_pct": 0.02211954534747727,
          "markup_range": 0.011015078340766924,
          "min_markup": 0.006545544016600858,
          "n_close_orders": 9,
          "rentry_pprice_dist": 0.03466322395862328,
          "rentry_pprice_dist_wallet_exposure_weighting": 1.4569298207690853,
          "wallet_exposure_limit": 0.3},
 "short": {"auto_unstuck_ema_dist": -0.032615690072250014,
           "auto_unstuck_wallet_exposure_threshold": 0.061719587119205,
           "backwards_tp": true,
           "ddown_factor": 1.0672719075520851,
           "ema_span_0": 187.26260890418547,
           "ema_span_1": 708.2897406754354,
           "enabled": false,
           "initial_eprice_ema_dist": -0.011544590807056873,
           "initial_qty_pct": 0.06556692828697895,
           "markup_range": 0.017497185740828303,
           "min_markup": 0.004930629589953131,
           "n_close_orders": 10,
           "rentry_pprice_dist": 0.040347684776444126,
           "rentry_pprice_dist_wallet_exposure_weighting": 3.884575806909818,
           "wallet_exposure_limit": 1.0}}