{"config_name": "recursive_grid_0days",
 "logging_level": 0,
 "long": {"auto_unstuck_ema_dist": 0.0148785161903636,
          "auto_unstuck_wallet_exposure_threshold": 0.6114861424367414,
          "backwards_tp": true,
          "ddown_factor": 0.9657220386876914,
          "ema_span_0": 123.15133119086924,
          "ema_span_1": 199.42877610052585,
          "enabled": true,
          "initial_eprice_ema_dist": -0.0503601506408249,
          "initial_qty_pct": 0.010805439530896906,
          "markup_range": 0.002921977750064002,
          "min_markup": 0.0038796714433432743,
          "n_close_orders": 10,
          "rentry_pprice_dist": 0.020043708177643366,
          "rentry_pprice_dist_wallet_exposure_weighting": 4.681248946471891,
          "wallet_exposure_limit": 0.1},
 "short": {"auto_unstuck_ema_dist": 0.052853845405913424,
           "auto_unstuck_wallet_exposure_threshold": 0.013039061833695381,
           "backwards_tp": true,
           "ddown_factor": 1.983915886593863,
           "ema_span_0": 2537.1054647816895,
           "ema_span_1": 3945.645780848203,
           "enabled": false,
           "initial_eprice_ema_dist": -0.00035080031395612885,
           "initial_qty_pct": 0.027901527333054035,
           "markup_range": 0.012520069971595337,
           "min_markup": 0.013705230738883325,
           "n_close_orders": 15,
           "rentry_pprice_dist": 0.009722947159362377,
           "rentry_pprice_dist_wallet_exposure_weighting": 31.865467479380204,
           "wallet_exposure_limit": 0.1}}