{"config_name": "clock_0days",
 "long": {"backwards_tp": true,
          "delay_between_fills_minutes_close": 496.5726564793332,
          "delay_between_fills_minutes_entry": 238.7184429040032,
          "delay_weight_close": 38.1836915231294,
          "delay_weight_entry": 30.18155469083039,
          "ema_dist_close": -0.032140705576144527,
          "ema_dist_entry": 0.00979246803504119,
          "ema_span_0": 272.5537737655019,
          "ema_span_1": 491.7046440740975,
          "enabled": true,
          "markup_range": 0.02,
          "min_markup": 0.009367940327930955,
          "n_close_orders": 2,
          "qty_pct_close": 0.01,
          "qty_pct_entry": 0.01,
          "wallet_exposure_limit": 0.3,
          "we_multiplier_close": 122.55570824162217,
          "we_multiplier_entry": 150},
 "short": {"backwards_tp": true,
           "delay_between_fills_minutes_close": 30.936091483143368,
           "delay_between_fills_minutes_entry": 175.0854317791017,
           "delay_weight_close": 96.1511269151239,
           "delay_weight_entry": 59.741412879525825,
           "ema_dist_close": -0.0031636353682580956,
           "ema_dist_entry": -0.03822771651286885,
           "ema_span_0": 261.63338362492664,
           "ema_span_1": 937.9641002670189,
           "enabled": false,
           "markup_range": 0.029666903982046813,
           "min_markup": 0.06826715847142875,
           "n_close_orders": 15,
           "qty_pct_close": 0.4039242322748015,
           "qty_pct_entry": 0.5087636064523214,
           "wallet_exposure_limit": 1.0,
           "we_multiplier_close": 7.980725569391261,
           "we_multiplier_entry": 48.84934176638275}}