{"config_name": "recursive_grid_0days",
 "logging_level": 0,
 "long": {"auto_unstuck_ema_dist": 0.004105425321503529,
          "auto_unstuck_wallet_exposure_threshold": 0.041258481422414096,
          "backwards_tp": true,
          "ddown_factor": 0.9460021392546685,
          "ema_span_0": 238.52366528549737,
          "ema_span_1": 49.42377632059767,
          "enabled": true,
          "initial_eprice_ema_dist": -0.1,
          "initial_qty_pct": 0.004243970599729211,
          "markup_range": 0.006596245535250837,
          "min_markup": 0.0025029578933541043,
          "n_close_orders": 26,
          "rentry_pprice_dist": 0.029499404510751174,
          "rentry_pprice_dist_wallet_exposure_weighting": 0.0,
          "wallet_exposure_limit": 1},
 "short": {"auto_unstuck_ema_dist": -0.0708359223241082,
           "auto_unstuck_wallet_exposure_threshold": 0.04609460444628072,
           "backwards_tp": true,
           "ddown_factor": 2.2720456552850266,
           "ema_span_0": 1380.0683463062455,
           "ema_span_1": 1264.5227534096866,
           "enabled": false,
           "initial_eprice_ema_dist": -0.03939298347713825,
           "initial_qty_pct": 0.059135896072916284,
           "markup_range": 0.006827206171876785,
           "min_markup": 0.0070693092353063414,
           "n_close_orders": 9,
           "rentry_pprice_dist": 0.048363918189974514,
           "rentry_pprice_dist_wallet_exposure_weighting": 8.894979517842073,
           "wallet_exposure_limit": 1.0}}