{"config_name": "recursive_grid_0days",
 "logging_level": 0,
 "long": {"auto_unstuck_ema_dist": 0,
          "auto_unstuck_wallet_exposure_threshold": 0.0,
          "backwards_tp": true,
          "ddown_factor": 2.9942864820046418,
          "ema_span_0": 332.388228940599,
          "ema_span_1": 713.0934592824134,
          "enabled": true,
          "initial_eprice_ema_dist": 0.012617534538294742,
          "initial_qty_pct": 0.014450437421364992,
          "markup_range": 0.002901715089673085,
          "min_markup": 0.004265472086253603,
          "n_close_orders": 9,
          "rentry_pprice_dist": 0.017506443658778043,
          "rentry_pprice_dist_wallet_exposure_weighting": 22.986260510310835,
          "wallet_exposure_limit": 0.3},
 "short": {"auto_unstuck_ema_dist": -0.029998906827984076,
           "auto_unstuck_wallet_exposure_threshold": 0.055469413698066836,
           "backwards_tp": true,
           "ddown_factor": 0.5670923919719791,
           "ema_span_0": 833.7471548174503,
           "ema_span_1": 719.1036180239657,
           "enabled": false,
           "initial_eprice_ema_dist": -0.015432540126265576,
           "initial_qty_pct": 0.08754895911722119,
           "markup_range": 0.0065853044299829635,
           "min_markup": 0.003031655251608681,
           "n_close_orders": 3,
           "rentry_pprice_dist": 0.01034309449068235,
           "rentry_pprice_dist_wallet_exposure_weighting": 2.300836408522764,
           "wallet_exposure_limit": 1.0}}