{"config_name": "clock_0days",
 "long": {"backwards_tp": true,
          "delay_between_fills_minutes_close": 500,
          "delay_between_fills_minutes_entry": 427.02693527672136,
          "delay_weight_close": 75.47494575512442,
          "delay_weight_entry": 21.56814380656452,
          "ema_dist_close": -0.8194669783136422,
          "ema_dist_entry": 0.006839836855818765,
          "ema_span_0": 796.4416075064489,
          "ema_span_1": 744.9225941654972,
          "enabled": true,
          "markup_range": 0.019599277989982945,
          "min_markup": 0.006058418904553189,
          "n_close_orders": 6,
          "qty_pct_close": 0.01162380795680381,
          "qty_pct_entry": 0.011391066288819094,
          "wallet_exposure_limit": 0.3,
          "we_multiplier_close": 3.21895057241416,
          "we_multiplier_entry": 117.2571028649285},
 "short": {"backwards_tp": true,
           "delay_between_fills_minutes_close": 75.70571973181495,
           "delay_between_fills_minutes_entry": 948.6970828286194,
           "delay_weight_close": 29.51482066141874,
           "delay_weight_entry": 79.35354139634292,
           "ema_dist_close": -0.01940838509491742,
           "ema_dist_entry": 0.0005075849621734851,
           "ema_span_0": 341.3780217935215,
           "ema_span_1": 948.7987919794217,
           "enabled": false,
           "markup_range": 0.02811071247356515,
           "min_markup": 0.04641697507272272,
           "n_close_orders": 12,
           "qty_pct_close": 0.353593752338434,
           "qty_pct_entry": 0.9256798756076168,
           "wallet_exposure_limit": 1.0,
           "we_multiplier_close": 5.207202756851828,
           "we_multiplier_entry": 22.243622951252775}}