{"config_name": "emas_0days",
 "long": {"delay_between_fills_minutes_close": 456.4044282398146,
          "delay_between_fills_minutes_entry": 500,
          "delay_weight_close": -63.36412087578619,
          "delay_weight_entry": 31.774424579424444,
          "ema_dist_lower": 0.005886085437398,
          "ema_dist_upper": 0.000986669414331742,
          "ema_span_0": 645.5514786752691,
          "ema_span_1": 643.3530307584908,
          "enabled": true,
          "markup_range": 0.017560433894946725,
          "min_markup": 0.02,
          "n_close_orders": 2,
          "qty_pct_close": 0.05895991475431072,
          "qty_pct_entry": 0.009285728210254663,
          "wallet_exposure_limit": 1,
          "we_multiplier_close": 104.58139427149906,
          "we_multiplier_entry": 80.66683248528034},
 "short": {"delay_between_fills_minutes_close": 128.0407875719387,
           "delay_between_fills_minutes_entry": 180.17123138071835,
           "delay_weight_close": 53.04329324543107,
           "delay_weight_entry": 146.89549340491575,
           "ema_dist_lower": 0.016823817494133007,
           "ema_dist_upper": 0.005887345797016515,
           "ema_span_0": 52.4003612967456,
           "ema_span_1": 2129.1149912032824,
           "enabled": false,
           "markup_range": 0.00542555656099442,
           "min_markup": 0.003251320141282183,
           "n_close_orders": 4,
           "qty_pct_close": 0.038976144601633116,
           "qty_pct_entry": 0.004474360124314527,
           "wallet_exposure_limit": 1.0,
           "we_multiplier_close": 22.000401109946882,
           "we_multiplier_entry": 137.64118866257326}}