{"config_name": "clock_0days",
 "long": {"backwards_tp": true,
          "delay_between_fills_minutes_close": 463.8965228935242,
          "delay_between_fills_minutes_entry": 336.038518224337,
          "delay_weight_close": 23.278173682514456,
          "delay_weight_entry": 31.496653587397425,
          "ema_dist_close": -0.0004823226870311623,
          "ema_dist_entry": 0.007563603279244592,
          "ema_span_0": 136.67438183933908,
          "ema_span_1": 184.21871214123829,
          "enabled": true,
          "markup_range": 0.02350372234404605,
          "min_markup": 0.0097778728976068,
          "n_close_orders": 9,
          "qty_pct_close": 0.01054698244361373,
          "qty_pct_entry": 0.011932163017322773,
          "wallet_exposure_limit": 0.3,
          "we_multiplier_close": 93.48023140493193,
          "we_multiplier_entry": 131.14137185368395},
 "short": {"backwards_tp": true,
           "delay_between_fills_minutes_close": 30.708813852577023,
           "delay_between_fills_minutes_entry": 724.0517502433476,
           "delay_weight_close": 49.55330823450094,
           "delay_weight_entry": 85.50105705700493,
           "ema_dist_close": -0.02490454806505302,
           "ema_dist_entry": -0.03434732217004054,
           "ema_span_0": 484.1717311122159,
           "ema_span_1": 1179.3593642900605,
           "enabled": false,
           "markup_range": 0.061721874752197016,
           "min_markup": 0.0017106403006004627,
           "n_close_orders": 12,
           "qty_pct_close": 0.29626060786529435,
           "qty_pct_entry": 0.908311655121952,
           "wallet_exposure_limit": 1.0,
           "we_multiplier_close": 2.954765776894752,
           "we_multiplier_entry": 43.80159140912397}}