{"config_name": "recursive_grid_0days",
 "logging_level": 0,
 "long": {"auto_unstuck_ema_dist": 0.006122952215290562,
          "auto_unstuck_wallet_exposure_threshold": 0.009735441914441843,
          "backwards_tp": false,
          "ddown_factor": 1.4893347749611778,
          "ema_span_0": 434.6392611763757,
          "ema_span_1": 47.73528966309965,
          "enabled": true,
          "initial_eprice_ema_dist": 0.0017562631389761289,
          "initial_qty_pct": 0.020693409015331062,
          "markup_range": 0.05876083789481795,
          "min_markup": 0.0026962263629903495,
          "n_close_orders": 21,
          "rentry_pprice_dist": 0.03294648122033823,
          "rentry_pprice_dist_wallet_exposure_weighting": 0.0,
          "wallet_exposure_limit": 0.2},
 "short": {"auto_unstuck_ema_dist": -0.09207353146357453,
           "auto_unstuck_wallet_exposure_threshold": 0.060692685110262504,
           "backwards_tp": false,
           "ddown_factor": 2.5283218462777683,
           "ema_span_0": 1149.5553372459015,
           "ema_span_1": 269.4524676028792,
           "enabled": false,
           "initial_eprice_ema_dist": -0.09477650727735777,
           "initial_qty_pct": 0.02912968665936433,
           "markup_range": 0.04902862236091896,
           "min_markup": 0.004705614845346921,
           "n_close_orders": 8,
           "rentry_pprice_dist": 0.018898270839323588,
           "rentry_pprice_dist_wallet_exposure_weighting": 16.3186527693833,
           "wallet_exposure_limit": 1.0}}