{"config_name": "clock_0days",
 "long": {"backwards_tp": true,
          "delay_between_fills_minutes_close": 367.0876554306347,
          "delay_between_fills_minutes_entry": 500,
          "delay_weight_close": 18.879727600365154,
          "delay_weight_entry": 13.774120093880255,
          "ema_dist_close": 0.005232661076256084,
          "ema_dist_entry": -0.008734441425088656,
          "ema_span_0": 376.05337621127717,
          "ema_span_1": 28.81899675231999,
          "enabled": true,
          "markup_range": 0.014095866181347658,
          "min_markup": 0.006280084598884343,
          "n_close_orders": 4,
          "qty_pct_close": 0.01,
          "qty_pct_entry": 0.01,
          "wallet_exposure_limit": 0.2,
          "we_multiplier_close": 0,
          "we_multiplier_entry": 15.267580685189456},
 "short": {"backwards_tp": true,
           "delay_between_fills_minutes_close": 266.56564811276417,
           "delay_between_fills_minutes_entry": 447.68907772664437,
           "delay_weight_close": 68.00222869882677,
           "delay_weight_entry": 19.093233996271135,
           "ema_dist_close": -0.005008277376257498,
           "ema_dist_entry": 0.01,
           "ema_span_0": 451.82322186470543,
           "ema_span_1": 119.17004424345586,
           "enabled": true,
           "markup_range": 0.02,
           "min_markup": 0.01,
           "n_close_orders": 3,
           "qty_pct_close": 0.01,
           "qty_pct_entry": 0.01,
           "wallet_exposure_limit": 0.1,
           "we_multiplier_close": 98.15070860165352,
           "we_multiplier_entry": 58.87688048669449}}