{"config_name": "clock_0days",
 "long": {"backwards_tp": true,
          "delay_between_fills_minutes_close": 228.83778330233258,
          "delay_between_fills_minutes_entry": 425.9842781750478,
          "delay_weight_close": 150,
          "delay_weight_entry": 21.500938767777843,
          "ema_dist_close": -0.007465685723756554,
          "ema_dist_entry": -0.28249294984412304,
          "ema_span_0": 1768.8577240173881,
          "ema_span_1": 671.488624640958,
          "enabled": true,
          "markup_range": 0.023538830192892272,
          "min_markup": 0.0027480059137843234,
          "n_close_orders": 5,
          "qty_pct_close": 0.010650567973178685,
          "qty_pct_entry": 0.015188354986018374,
          "wallet_exposure_limit": 0.3,
          "we_multiplier_close": 3.577384731787677,
          "we_multiplier_entry": 52.23256665177453},
 "short": {"backwards_tp": true,
           "delay_between_fills_minutes_close": 14.753005023207782,
           "delay_between_fills_minutes_entry": 1194.703786355661,
           "delay_weight_close": 23.816597153112294,
           "delay_weight_entry": 5.668444630740654,
           "ema_dist_close": -0.005889572927962362,
           "ema_dist_entry": -0.011452829721936245,
           "ema_span_0": 547.2661130666637,
           "ema_span_1": 295.542900201222,
           "enabled": false,
           "markup_range": 0.062008141332248246,
           "min_markup": 0.00497245704994427,
           "n_close_orders": 3,
           "qty_pct_close": 0.23864836210195509,
           "qty_pct_entry": 0.1725161258802037,
           "wallet_exposure_limit": 1.0,
           "we_multiplier_close": 5.938912492037515,
           "we_multiplier_entry": 93.68893761869218}}