{"config_name": "recursive_grid_0days",
 "logging_level": 0,
 "long": {"auto_unstuck_ema_dist": 0,
          "auto_unstuck_wallet_exposure_threshold": 0.0,
          "backwards_tp": true,
          "ddown_factor": 0.9874900251029688,
          "ema_span_0": 812.9288150098865,
          "ema_span_1": 908.67314794371,
          "enabled": true,
          "initial_eprice_ema_dist": -0.017400427214419308,
          "initial_qty_pct": 0.005900990141030767,
          "markup_range": 0.04435449712230406,
          "min_markup": 0.009518905731142016,
          "n_close_orders": 1,
          "rentry_pprice_dist": 0.031188067204867345,
          "rentry_pprice_dist_wallet_exposure_weighting": 1.0787376043230588,
          "wallet_exposure_limit": 0.2},
 "short": {"auto_unstuck_ema_dist": -0.038792058991751824,
           "auto_unstuck_wallet_exposure_threshold": 0.09713376725428276,
           "backwards_tp": true,
           "ddown_factor": 0.8829850586280907,
           "ema_span_0": 68.80576290401824,
           "ema_span_1": 318.17755086165084,
           "enabled": false,
           "initial_eprice_ema_dist": -0.09891519863971562,
           "initial_qty_pct": 0.017100096544167033,
           "markup_range": 0.057599351997311365,
           "min_markup": 0.006299931779089838,
           "n_close_orders": 15,
           "rentry_pprice_dist": 0.01721301659600141,
           "rentry_pprice_dist_wallet_exposure_weighting": 15.011056270480864,
           "wallet_exposure_limit": 1}}