{"config_name": "recursive_grid_0days",
 "logging_level": 0,
 "long": {"auto_unstuck_ema_dist": -0.00024387657155131647,
          "auto_unstuck_wallet_exposure_threshold": 0.070334773412168,
          "backwards_tp": true,
          "ddown_factor": 1.5599907000921256,
          "ema_span_0": 699.9366905161706,
          "ema_span_1": 662.0806406687154,
          "enabled": true,
          "initial_eprice_ema_dist": 0.010959012378384895,
          "initial_qty_pct": 0.030233203284217667,
          "markup_range": 0.004526744213648963,
          "min_markup": 0.005584642271673525,
          "n_close_orders": 2,
          "rentry_pprice_dist": 0.031106179191252248,
          "rentry_pprice_dist_wallet_exposure_weighting": 0.0,
          "wallet_exposure_limit": 0.3},
 "short": {"auto_unstuck_ema_dist": -0.05790214280778936,
           "auto_unstuck_wallet_exposure_threshold": 0.04844940266462597,
           "backwards_tp": true,
           "ddown_factor": 1.8176194474882628,
           "ema_span_0": 665.5078331213455,
           "ema_span_1": 867.8365261353375,
           "enabled": false,
           "initial_eprice_ema_dist": -0.02498076843633168,
           "initial_qty_pct": 0.08312335535131363,
           "markup_range": 0.04181915373181817,
           "min_markup": 0.0031304618176320434,
           "n_close_orders": 2,
           "rentry_pprice_dist": 0.04801278093732696,
           "rentry_pprice_dist_wallet_exposure_weighting": 38.00694001739815,
           "wallet_exposure_limit": 1.0}}