{"config_name": "recursive_grid_0days",
 "logging_level": 0,
 "long": {"auto_unstuck_ema_dist": 0.003938215036132195,
          "auto_unstuck_wallet_exposure_threshold": 0.05839840763897658,
          "backwards_tp": true,
          "ddown_factor": 1.1917939158239763,
          "ema_span_0": 683.7617691764541,
          "ema_span_1": 1075.354616912132,
          "enabled": true,
          "initial_eprice_ema_dist": -0.0021211507546500066,
          "initial_qty_pct": 0.025842284068431354,
          "markup_range": 0.004639326226120721,
          "min_markup": 0.0035854163758967453,
          "n_close_orders": 7,
          "rentry_pprice_dist": 0.022710769537712037,
          "rentry_pprice_dist_wallet_exposure_weighting": 2.8392917161874154,
          "wallet_exposure_limit": 0.3},
 "short": {"auto_unstuck_ema_dist": -0.009615085350337421,
           "auto_unstuck_wallet_exposure_threshold": 0.0490321699224833,
           "backwards_tp": true,
           "ddown_factor": 1.6781485055744632,
           "ema_span_0": 832.3410033216638,
           "ema_span_1": 703.1661318180579,
           "enabled": false,
           "initial_eprice_ema_dist": -0.07234050415710568,
           "initial_qty_pct": 0.06779356717650074,
           "markup_range": 0.018333554176672005,
           "min_markup": 0.008447286495559257,
           "n_close_orders": 12,
           "rentry_pprice_dist": 0.047019970160704465,
           "rentry_pprice_dist_wallet_exposure_weighting": 12.0575692710838,
           "wallet_exposure_limit": 1.0}}