{"config_name": "recursive_grid_0days",
 "logging_level": 0,
 "long": {"auto_unstuck_ema_dist": 0.00021169287279764734,
          "auto_unstuck_wallet_exposure_threshold": 0.1,
          "backwards_tp": true,
          "ddown_factor": 2.579139018387609,
          "ema_span_0": 92.97456689337137,
          "ema_span_1": 1004.419278447834,
          "enabled": true,
          "initial_eprice_ema_dist": -0.03852401095712728,
          "initial_qty_pct": 0.014214171014767059,
          "markup_range": 0.001731197273781356,
          "min_markup": 0.009791818687510905,
          "n_close_orders": 13,
          "rentry_pprice_dist": 0.022218622027188627,
          "rentry_pprice_dist_wallet_exposure_weighting": 0.0,
          "wallet_exposure_limit": 0.3},
 "short": {"auto_unstuck_ema_dist": -0.05273815006512985,
           "auto_unstuck_wallet_exposure_threshold": 0.061272408913576465,
           "backwards_tp": true,
           "ddown_factor": 2.5928429502953247,
           "ema_span_0": 240.01895251652851,
           "ema_span_1": 904.4796387087487,
           "enabled": false,
           "initial_eprice_ema_dist": -0.06502787732232194,
           "initial_qty_pct": 0.03781469296894324,
           "markup_range": 0.05667295301193073,
           "min_markup": 0.00400319392157481,
           "n_close_orders": 12,
           "rentry_pprice_dist": 0.009017141661813667,
           "rentry_pprice_dist_wallet_exposure_weighting": 22.942133884548774,
           "wallet_exposure_limit": 1.0}}