{"config_name": "emas_0days",
 "long": {"delay_between_fills_minutes_close": 374.47392064147317,
          "delay_between_fills_minutes_entry": 441.31893238729975,
          "delay_weight_close": 11.922998630870737,
          "delay_weight_entry": 59.38736639361624,
          "ema_dist_lower": 0.0071574504503376535,
          "ema_dist_upper": -0.13200095965334957,
          "ema_span_0": 201.97760098116734,
          "ema_span_1": 181.48243482413346,
          "enabled": true,
          "markup_range": 0.02817912272762624,
          "min_markup": 0.0158395218491655,
          "n_close_orders": 3,
          "qty_pct_close": 0.03785738110448537,
          "qty_pct_entry": 0.005649303926612578,
          "wallet_exposure_limit": 1,
          "we_multiplier_close": 64.09313645262964,
          "we_multiplier_entry": 150},
 "short": {"delay_between_fills_minutes_close": 415.95836555850804,
           "delay_between_fills_minutes_entry": 259.70863567177383,
           "delay_weight_close": 95.06712291069087,
           "delay_weight_entry": 122.52778526354588,
           "ema_dist_lower": 0.015824326916384232,
           "ema_dist_upper": 0.003042876888184245,
           "ema_span_0": 753.8355821656937,
           "ema_span_1": 3677.815887928779,
           "enabled": false,
           "markup_range": 0.011820704005621827,
           "min_markup": 0.008963096881414105,
           "n_close_orders": 3,
           "qty_pct_close": 0.04719526637505961,
           "qty_pct_entry": 0.0037527121933274782,
           "wallet_exposure_limit": 1.0,
           "we_multiplier_close": 125.76294763364226,
           "we_multiplier_entry": 53.21542667960595}}