{"config_name": "clock_0days",
 "long": {"delay_between_fills_minutes_close": 175.20305511507996,
          "delay_between_fills_minutes_entry": 269.7140150316321,
          "delay_weight_close": 147.67985381432814,
          "delay_weight_entry": 39.529664803220285,
          "ema_dist_lower": 0.004504460718181095,
          "ema_dist_upper": -0.021788603181693622,
          "ema_span_0": 10,
          "ema_span_1": 615.5192608651903,
          "enabled": true,
          "markup_range": 0.02318738626099525,
          "min_markup": 0.0298842169785071,
          "n_close_orders": 6,
          "qty_pct_close": 0.012656400415865883,
          "qty_pct_entry": 0.014568054701935907,
          "wallet_exposure_limit": 0.3,
          "we_multiplier_close": 70.493716955834,
          "we_multiplier_entry": 70.23128298529866},
 "short": {"delay_between_fills_minutes_close": 1027.9118753620976,
           "delay_between_fills_minutes_entry": 414.870038237238,
           "delay_weight_close": 18.657486103794792,
           "delay_weight_entry": 9.28074146489198,
           "ema_dist_lower": 0.0005564503029082579,
           "ema_dist_upper": 0.01937990936178311,
           "ema_span_0": 449.82083219175183,
           "ema_span_1": 738.4756816724163,
           "enabled": false,
           "markup_range": 0.07406399695877618,
           "min_markup": 0.05958233955210708,
           "n_close_orders": 7,
           "qty_pct_close": 0.0691396893402907,
           "qty_pct_entry": 0.027583698188302835,
           "wallet_exposure_limit": 1.0,
           "we_multiplier_close": 3.8150943193561373,
           "we_multiplier_entry": 20.89390546595237}}