{"config_name": "clock_0days",
 "long": {"backwards_tp": false,
          "delay_between_fills_minutes_close": 495.9988005286571,
          "delay_between_fills_minutes_entry": 366.6179731479874,
          "delay_weight_close": 71.6384823815026,
          "delay_weight_entry": 37.969085078895,
          "ema_dist_close": 0.02,
          "ema_dist_entry": 0.005089756180310699,
          "ema_span_0": 858.990911301748,
          "ema_span_1": 800,
          "enabled": true,
          "markup_range": 0.03131847173326163,
          "min_markup": 0.0031516410143597215,
          "n_close_orders": 8,
          "qty_pct_close": 0.014497906236695734,
          "qty_pct_entry": 0.01746381837024839,
          "wallet_exposure_limit": 0.3,
          "we_multiplier_close": 53.23651657094006,
          "we_multiplier_entry": 77.14740239814226},
 "short": {"backwards_tp": false,
           "delay_between_fills_minutes_close": 76.83479205351168,
           "delay_between_fills_minutes_entry": 991.3623718280172,
           "delay_weight_close": 85.96170809387559,
           "delay_weight_entry": 35.953744601013604,
           "ema_dist_close": -0.01265230433985974,
           "ema_dist_entry": -0.01226514421353262,
           "ema_span_0": 553.0624974843957,
           "ema_span_1": 150.88717875080536,
           "enabled": false,
           "markup_range": 0.021094573236450864,
           "min_markup": 0.010435948783353913,
           "n_close_orders": 13,
           "qty_pct_close": 0.7536866664953843,
           "qty_pct_entry": 0.6054861303754703,
           "wallet_exposure_limit": 1.0,
           "we_multiplier_close": 2.067547758211262,
           "we_multiplier_entry": 69.9427532347669}}