{"config_name": "recursive_grid_0days",
 "logging_level": 0,
 "long": {"auto_unstuck_ema_dist": 0,
          "auto_unstuck_wallet_exposure_threshold": 0.0,
          "backwards_tp": false,
          "ddown_factor": 1.8165042240542677,
          "ema_span_0": 316.38412775717643,
          "ema_span_1": 341.9392604877406,
          "enabled": true,
          "initial_eprice_ema_dist": -0.10121316458575128,
          "initial_qty_pct": 0.005022026771975595,
          "markup_range": 0.05096795210457216,
          "min_markup": 0.0011518747607692564,
          "n_close_orders": 2,
          "rentry_pprice_dist": 0.03000485800103816,
          "rentry_pprice_dist_wallet_exposure_weighting": 3.296049480420111,
          "wallet_exposure_limit": 0.2},
 "short": {"auto_unstuck_ema_dist": -0.00571445488860922,
           "auto_unstuck_wallet_exposure_threshold": 0.07443195359276078,
           "backwards_tp": false,
           "ddown_factor": 2.676805617332048,
           "ema_span_0": 724.2739614684383,
           "ema_span_1": 1102.2841441785051,
           "enabled": false,
           "initial_eprice_ema_dist": -0.09062103363483774,
           "initial_qty_pct": 0.07007267415885941,
           "markup_range": 0.05410414654162241,
           "min_markup": 0.006313920190452305,
           "n_close_orders": 12,
           "rentry_pprice_dist": 0.03794490864868438,
           "rentry_pprice_dist_wallet_exposure_weighting": 19.21605219044454,
           "wallet_exposure_limit": 1.0}}