{"config_name": "neat_grid_0days",
 "logging_level": 0,
 "long": {"auto_unstuck_ema_dist": 0.014936287676563843,
          "auto_unstuck_wallet_exposure_threshold": 0.04044930441606396,
          "backwards_tp": false,
          "ema_span_0": 672.3753133880911,
          "ema_span_1": 1000,
          "enabled": true,
          "eprice_exp_base": 0.9351614145426727,
          "eqty_exp_base": 1.6855255795512882,
          "grid_span": 0.14708858976064668,
          "initial_eprice_ema_dist": -0.1,
          "initial_qty_pct": 0.003115723160311605,
          "markup_range": 0.03814560642085508,
          "max_n_entry_orders": 20,
          "min_markup": 0.00996164940961993,
          "n_close_orders": 5,
          "wallet_exposure_limit": 1},
 "short": {"auto_unstuck_ema_dist": 0.056779421841921945,
           "auto_unstuck_wallet_exposure_threshold": 0.05864106401453568,
           "backwards_tp": false,
           "ema_span_0": 2625.0686693516727,
           "ema_span_1": 1123.522152025605,
           "enabled": false,
           "eprice_exp_base": 1.4600801396230445,
           "eqty_exp_base": 4.845512407476057,
           "grid_span": 0.3044470620910701,
           "initial_eprice_ema_dist": -0.012543181730841443,
           "initial_qty_pct": 0.015,
           "markup_range": 0.049684121922672415,
           "max_n_entry_orders": 15,
           "min_markup": 0.007207071703729107,
           "n_close_orders": 12,
           "wallet_exposure_limit": 0.1}}