{"config_name": "clock_0days",
 "long": {"backwards_tp": true,
          "delay_between_fills_minutes_close": 475.73693421101467,
          "delay_between_fills_minutes_entry": 471.9934671674979,
          "delay_weight_close": 106.55664171889197,
          "delay_weight_entry": 28.42116794528151,
          "ema_dist_close": -0.044597175273479825,
          "ema_dist_entry": 0.011393220799172068,
          "ema_span_0": 352.1274217907513,
          "ema_span_1": 185.6482442715039,
          "enabled": true,
          "markup_range": 0.015679947707699367,
          "min_markup": 0.005565844122195475,
          "n_close_orders": 2,
          "qty_pct_close": 0.017070885385140906,
          "qty_pct_entry": 0.014397746512446453,
          "wallet_exposure_limit": 0.3,
          "we_multiplier_close": 94.6746369239575,
          "we_multiplier_entry": 132.2497322023998},
 "short": {"backwards_tp": true,
           "delay_between_fills_minutes_close": 1179.021764795051,
           "delay_between_fills_minutes_entry": 1167.2559849722152,
           "delay_weight_close": 64.12437844632777,
           "delay_weight_entry": 18.537177444840978,
           "ema_dist_close": -0.00010679136657148341,
           "ema_dist_entry": -0.03213187025430897,
           "ema_span_0": 1038.197613088849,
           "ema_span_1": 1232.0469294326658,
           "enabled": false,
           "markup_range": 0.05768610003844494,
           "min_markup": 0.0026341553977849816,
           "n_close_orders": 7,
           "qty_pct_close": 0.06508374700198619,
           "qty_pct_entry": 0.05950378071444206,
           "wallet_exposure_limit": 1,
           "we_multiplier_close": 67.68172111553096,
           "we_multiplier_entry": 35.08074915536176}}