{"config_name": "clock_0days",
 "long": {"backwards_tp": true,
          "delay_between_fills_minutes_close": 500,
          "delay_between_fills_minutes_entry": 478.86168083235697,
          "delay_weight_close": 23.828351325080725,
          "delay_weight_entry": 24.654074370693376,
          "ema_dist_close": -0.0001425178343116805,
          "ema_dist_entry": 0.01236250148730974,
          "ema_span_0": 954.1155826567558,
          "ema_span_1": 773.1528671819228,
          "enabled": true,
          "markup_range": 0.015124478166204675,
          "min_markup": 0.007005372674565798,
          "n_close_orders": 2,
          "qty_pct_close": 0.016987359563326414,
          "qty_pct_entry": 0.010447575545492516,
          "wallet_exposure_limit": 0.3,
          "we_multiplier_close": 119.71581767371269,
          "we_multiplier_entry": 70.82927230705164},
 "short": {"backwards_tp": false,
           "delay_between_fills_minutes_close": 30.931330390367428,
           "delay_between_fills_minutes_entry": 193.3132455010084,
           "delay_weight_close": 56.79724359945406,
           "delay_weight_entry": 10.251875694773416,
           "ema_dist_close": -0.0051480968305678415,
           "ema_dist_entry": -0.02853107675133722,
           "ema_span_0": 416.02612092477403,
           "ema_span_1": 1063.2812254553185,
           "enabled": false,
           "markup_range": 0.07344225182538287,
           "min_markup": 0.0739967696575444,
           "n_close_orders": 10,
           "qty_pct_close": 0.7777016099422787,
           "qty_pct_entry": 0.6720335362565615,
           "wallet_exposure_limit": 1.0,
           "we_multiplier_close": 6.385004135729937,
           "we_multiplier_entry": 56.142632539383285}}