{"config_name": "clock_0days",
 "long": {"backwards_tp": true,
          "delay_between_fills_minutes_close": 496.25135512301466,
          "delay_between_fills_minutes_entry": 239.86714291899924,
          "delay_weight_close": 65.17605810023863,
          "delay_weight_entry": 15.037625946508895,
          "ema_dist_close": -0.8369212800825276,
          "ema_dist_entry": 0.009500575223999334,
          "ema_span_0": 334.68276335461377,
          "ema_span_1": 121.37335638436514,
          "enabled": true,
          "markup_range": 0.037149607395750905,
          "min_markup": 0.009963739756813346,
          "n_close_orders": 2,
          "qty_pct_close": 0.0130697862305872,
          "qty_pct_entry": 0.016394610372877094,
          "wallet_exposure_limit": 0.3,
          "we_multiplier_close": 4.626093118786213,
          "we_multiplier_entry": 144.82004462484485},
 "short": {"backwards_tp": true,
           "delay_between_fills_minutes_close": 73.25909887279772,
           "delay_between_fills_minutes_entry": 267.4190160479774,
           "delay_weight_close": 78.1212323415739,
           "delay_weight_entry": 70.9788789310955,
           "ema_dist_close": -0.022912575331010432,
           "ema_dist_entry": -0.007348836341628355,
           "ema_span_0": 399.40676927558866,
           "ema_span_1": 795.4630543569037,
           "enabled": false,
           "markup_range": 0.02849652979213372,
           "min_markup": 0.018744625245753058,
           "n_close_orders": 11,
           "qty_pct_close": 0.5337818953179464,
           "qty_pct_entry": 0.208687363569882,
           "wallet_exposure_limit": 1.0,
           "we_multiplier_close": 2.0973831671719703,
           "we_multiplier_entry": 3.7104446595310536}}