{"config_name": "recursive_grid_0days",
 "logging_level": 0,
 "long": {"auto_unstuck_ema_dist": -0.005233671203792856,
          "auto_unstuck_wallet_exposure_threshold": 0.07163296560371797,
          "backwards_tp": false,
          "ddown_factor": 2.1429,
          "ema_span_0": 1149.7719326046297,
          "ema_span_1": 1403.6520249693003,
          "enabled": true,
          "initial_eprice_ema_dist": -0.0062292557349588485,
          "initial_qty_pct": 0.0031893,
          "markup_range": 0.028078,
          "min_markup": 0.005709,
          "n_close_orders": 5,
          "rentry_pprice_dist": 0.018515,
          "rentry_pprice_dist_wallet_exposure_weighting": 2.1199,
          "wallet_exposure_limit": 1},
 "short": {"auto_unstuck_ema_dist": -0.0017835564999520853,
           "auto_unstuck_wallet_exposure_threshold": 0.0849713612012273,
           "backwards_tp": false,
           "ddown_factor": 0.6424607645842035,
           "ema_span_0": 540.7988308568418,
           "ema_span_1": 23.713782359748265,
           "enabled": false,
           "initial_eprice_ema_dist": -0.09035364555150284,
           "initial_qty_pct": 0.04484899826610449,
           "markup_range": 0.00798639617228202,
           "min_markup": 0.00994141136701978,
           "n_close_orders": 13,
           "rentry_pprice_dist": 0.024681060474150234,
           "rentry_pprice_dist_wallet_exposure_weighting": 13.516223301394346,
           "wallet_exposure_limit": 1.0}}