{"config_name": "emas_0days",
 "long": {"delay_between_fills_minutes_close": 497.0878315032914,
          "delay_between_fills_minutes_entry": 230.8210538936829,
          "delay_weight_close": -94.76142859886254,
          "delay_weight_entry": 12.329355325549047,
          "ema_dist_lower": 0,
          "ema_dist_upper": 0.002330388534645908,
          "ema_span_0": 517.8704432268593,
          "ema_span_1": 1027.9519693063592,
          "enabled": true,
          "markup_range": 0.02928273250182296,
          "min_markup": 0.02,
          "n_close_orders": 5,
          "qty_pct_close": 0.04408425300044033,
          "qty_pct_entry": 0.015568034422464846,
          "wallet_exposure_limit": 1,
          "we_multiplier_close": 117.25627603107043,
          "we_multiplier_entry": 24.437198385497705},
 "short": {"delay_between_fills_minutes_close": 464.96726494268495,
           "delay_between_fills_minutes_entry": 100.49981715033836,
           "delay_weight_close": 83.69072504703118,
           "delay_weight_entry": 42.29333379996456,
           "ema_dist_lower": 0.0067092977019710355,
           "ema_dist_upper": 0.00886281890272401,
           "ema_span_0": 1139.0956701978866,
           "ema_span_1": 1823.2186299795983,
           "enabled": false,
           "markup_range": 0.02168125392003806,
           "min_markup": 0.010309480292338646,
           "n_close_orders": 3,
           "qty_pct_close": 0.060288687866624766,
           "qty_pct_entry": 0.032759487642442665,
           "wallet_exposure_limit": 1.0,
           "we_multiplier_close": 142.8165060569612,
           "we_multiplier_entry": 149.62285993882313}}