{"config_name": "recursive_grid_0days",
 "logging_level": 0,
 "long": {"auto_unstuck_ema_dist": 0.005878112812868964,
          "auto_unstuck_wallet_exposure_threshold": 0.009578887497176922,
          "backwards_tp": true,
          "ddown_factor": 0.44291978303381296,
          "ema_span_0": 360.73059812786437,
          "ema_span_1": 83.70573734789646,
          "enabled": true,
          "initial_eprice_ema_dist": -0.1,
          "initial_qty_pct": 0.004590562443149951,
          "markup_range": 0.04507115766059824,
          "min_markup": 0.0021287446290017675,
          "n_close_orders": 13,
          "rentry_pprice_dist": 0.03194974849473838,
          "rentry_pprice_dist_wallet_exposure_weighting": 0.0,
          "wallet_exposure_limit": 1},
 "short": {"auto_unstuck_ema_dist": -0.022564266172409916,
           "auto_unstuck_wallet_exposure_threshold": 0.03257122246669774,
           "backwards_tp": true,
           "ddown_factor": 1.165155087836823,
           "ema_span_0": 783.5366030454869,
           "ema_span_1": 981.9425967788615,
           "enabled": false,
           "initial_eprice_ema_dist": -0.09093896103254162,
           "initial_qty_pct": 0.04193239526798032,
           "markup_range": 0.014289303574171672,
           "min_markup": 0.009447769193131568,
           "n_close_orders": 11,
           "rentry_pprice_dist": 0.006480548225241572,
           "rentry_pprice_dist_wallet_exposure_weighting": 5.210123232562969,
           "wallet_exposure_limit": 1}}