{"config_name": "recursive_grid_0days",
 "logging_level": 0,
 "long": {"auto_unstuck_ema_dist": 0.0025,
          "auto_unstuck_wallet_exposure_threshold": 0.03551179458528718,
          "backwards_tp": false,
          "ddown_factor": 2.1429,
          "ema_span_0": 709.0154386052927,
          "ema_span_1": 568.2088373100573,
          "enabled": true,
          "initial_eprice_ema_dist": 0.001743779354748396,
          "initial_qty_pct": 0.0031893,
          "markup_range": 0.028078,
          "min_markup": 0.005709,
          "n_close_orders": 5,
          "rentry_pprice_dist": 0.018515,
          "rentry_pprice_dist_wallet_exposure_weighting": 2.1199,
          "wallet_exposure_limit": 0.2},
 "short": {"auto_unstuck_ema_dist": -0.007590863875065551,
           "auto_unstuck_wallet_exposure_threshold": 0.048288624117409674,
           "backwards_tp": false,
           "ddown_factor": 1.731237063903427,
           "ema_span_0": 1226.531281166298,
           "ema_span_1": 488.39317801657046,
           "enabled": false,
           "initial_eprice_ema_dist": -0.09077885093870415,
           "initial_qty_pct": 0.06510438086753897,
           "markup_range": 0.057287802300116104,
           "min_markup": 0.0012770532359569029,
           "n_close_orders": 12,
           "rentry_pprice_dist": 0.022741547234762207,
           "rentry_pprice_dist_wallet_exposure_weighting": 14.113272291194301,
           "wallet_exposure_limit": 1.0}}