{"config_name": "recursive_grid_0days",
 "logging_level": 0,
 "long": {"auto_unstuck_ema_dist": 0.0025,
          "auto_unstuck_wallet_exposure_threshold": 0.025186544072496295,
          "backwards_tp": false,
          "ddown_factor": 2.1429,
          "ema_span_0": 942.5719413878217,
          "ema_span_1": 887.8941907353161,
          "enabled": true,
          "initial_eprice_ema_dist": 0.00044260630575095224,
          "initial_qty_pct": 0.0031893,
          "markup_range": 0.028078,
          "min_markup": 0.005709,
          "n_close_orders": 5,
          "rentry_pprice_dist": 0.018515,
          "rentry_pprice_dist_wallet_exposure_weighting": 2.1199,
          "wallet_exposure_limit": 0.2},
 "short": {"auto_unstuck_ema_dist": -0.009077968472810255,
           "auto_unstuck_wallet_exposure_threshold": 0.04114148623228581,
           "backwards_tp": false,
           "ddown_factor": 2.2252993687958296,
           "ema_span_0": 633.5147179189794,
           "ema_span_1": 1284.7035427136952,
           "enabled": false,
           "initial_eprice_ema_dist": -0.04748492139534454,
           "initial_qty_pct": 0.05196144942342235,
           "markup_range": 0.04148258840766233,
           "min_markup": 0.0038436566704069955,
           "n_close_orders": 13,
           "rentry_pprice_dist": 0.03588140268541299,
           "rentry_pprice_dist_wallet_exposure_weighting": 8.810134476184858,
           "wallet_exposure_limit": 1.0}}