{"config_name": "clock_0days",
 "long": {"backwards_tp": true,
          "delay_between_fills_minutes_close": 405.2673167635107,
          "delay_between_fills_minutes_entry": 411.05223611401595,
          "delay_weight_close": 79.74112600519327,
          "delay_weight_entry": 76.71691465656448,
          "ema_dist_close": -0.919662995422339,
          "ema_dist_entry": 0.0034715706199105884,
          "ema_span_0": 443.1141843263617,
          "ema_span_1": 470.96715973049976,
          "enabled": true,
          "markup_range": 0.0266276882760235,
          "min_markup": 0.008273222640623955,
          "n_close_orders": 2,
          "qty_pct_close": 0.01342631542890796,
          "qty_pct_entry": 0.016715179383052732,
          "wallet_exposure_limit": 0.3,
          "we_multiplier_close": 6.122348838625458,
          "we_multiplier_entry": 30.92094749487142},
 "short": {"backwards_tp": true,
           "delay_between_fills_minutes_close": 72.726406674764,
           "delay_between_fills_minutes_entry": 794.2448481859832,
           "delay_weight_close": 75.86686282746177,
           "delay_weight_entry": 36.97488356545134,
           "ema_dist_close": -0.022211643867744237,
           "ema_dist_entry": -0.03953748838850851,
           "ema_span_0": 313.4404063738257,
           "ema_span_1": 784.3943915611281,
           "enabled": false,
           "markup_range": 0.006978337800316744,
           "min_markup": 0.040973264064455735,
           "n_close_orders": 6,
           "qty_pct_close": 0.11660005992277932,
           "qty_pct_entry": 0.5848137704670954,
           "wallet_exposure_limit": 1.0,
           "we_multiplier_close": 8.820459430139467,
           "we_multiplier_entry": 84.57538387849527}}