{"config_name": "neat_grid_0days",
 "logging_level": 0,
 "long": {"auto_unstuck_ema_dist": -0.009989041703467713,
          "auto_unstuck_wallet_exposure_threshold": 0.05018665567991441,
          "backwards_tp": false,
          "ema_span_0": 747.4776124091916,
          "ema_span_1": 455.8261695600278,
          "enabled": true,
          "eprice_exp_base": 1.1523952168910079,
          "eqty_exp_base": 1.375,
          "grid_span": 0.17230420930025545,
          "initial_eprice_ema_dist": -0.0024724042660189604,
          "initial_qty_pct": 0.0058369602569218,
          "markup_range": 0.0036575665399406704,
          "max_n_entry_orders": 5,
          "min_markup": 0.003889583080143696,
          "n_close_orders": 1,
          "wallet_exposure_limit": 1},
 "short": {"auto_unstuck_ema_dist": -0.024685955239430138,
           "auto_unstuck_wallet_exposure_threshold": 0.0378583193242721,
           "backwards_tp": false,
           "ema_span_0": 633.0784069620946,
           "ema_span_1": 915.0944713363905,
           "enabled": false,
           "eprice_exp_base": 2.2182018486176496,
           "eqty_exp_base": 3.7625744500193385,
           "grid_span": 0.5079914110759144,
           "initial_eprice_ema_dist": -0.03270672733810347,
           "initial_qty_pct": 0.03500070293356942,
           "markup_range": 0.004515567772311795,
           "max_n_entry_orders": 16,
           "min_markup": 0.0030836787572811287,
           "n_close_orders": 8,
           "wallet_exposure_limit": 1}}