{"config_name": "clock_0days",
 "long": {"backwards_tp": true,
          "delay_between_fills_minutes_close": 439.5171175414691,
          "delay_between_fills_minutes_entry": 433.028534952941,
          "delay_weight_close": 126.37587028299981,
          "delay_weight_entry": 21.45959590999875,
          "ema_dist_close": 0.0030973450121142706,
          "ema_dist_entry": 0.01,
          "ema_span_0": 473.3992608650224,
          "ema_span_1": 469.63151285128436,
          "enabled": true,
          "markup_range": 0.019941457108772424,
          "min_markup": 0.007954870441039045,
          "n_close_orders": 3,
          "qty_pct_close": 0.01,
          "qty_pct_entry": 0.01,
          "wallet_exposure_limit": 0.3,
          "we_multiplier_close": 9.035528874387486,
          "we_multiplier_entry": 110.73798848509901},
 "short": {"backwards_tp": true,
           "delay_between_fills_minutes_close": 778.8151606520632,
           "delay_between_fills_minutes_entry": 1075.5924208424678,
           "delay_weight_close": 49.9111500895565,
           "delay_weight_entry": 41.83791344493042,
           "ema_dist_close": -0.026988682089953985,
           "ema_dist_entry": -0.024171214731315487,
           "ema_span_0": 893.8077970851687,
           "ema_span_1": 601.9023198740871,
           "enabled": false,
           "markup_range": 0.05547285566966211,
           "min_markup": 0.007499039361987209,
           "n_close_orders": 4,
           "qty_pct_close": 0.09836472596973547,
           "qty_pct_entry": 0.07372779252620162,
           "wallet_exposure_limit": 1.0,
           "we_multiplier_close": 35.438343663367334,
           "we_multiplier_entry": 85.2642506558287}}