{"config_name": "recursive_grid_0days",
 "logging_level": 0,
 "long": {"auto_unstuck_ema_dist": 0,
          "auto_unstuck_wallet_exposure_threshold": 0.0,
          "backwards_tp": true,
          "ddown_factor": 1.9556145299293752,
          "ema_span_0": 660.7779579517764,
          "ema_span_1": 693.1558824368292,
          "enabled": true,
          "initial_eprice_ema_dist": 0.01481280732988097,
          "initial_qty_pct": 0.01319530990871883,
          "markup_range": 0.0033519081856089343,
          "min_markup": 0.003677923883396093,
          "n_close_orders": 5,
          "rentry_pprice_dist": 0.021154300195137556,
          "rentry_pprice_dist_wallet_exposure_weighting": 4.280250950550948,
          "wallet_exposure_limit": 0.3},
 "short": {"auto_unstuck_ema_dist": -0.011100779791774276,
           "auto_unstuck_wallet_exposure_threshold": 0.09759395436638552,
           "backwards_tp": true,
           "ddown_factor": 1.8656835024627798,
           "ema_span_0": 1336.2050050446585,
           "ema_span_1": 586.4146395630306,
           "enabled": false,
           "initial_eprice_ema_dist": -0.05853191658835151,
           "initial_qty_pct": 0.09602457066292618,
           "markup_range": 9.692957207501074e-05,
           "min_markup": 0.0016201329670250796,
           "n_close_orders": 14,
           "rentry_pprice_dist": 0.04464226107771402,
           "rentry_pprice_dist_wallet_exposure_weighting": 0.12946513023767814,
           "wallet_exposure_limit": 1.0}}