{"config_name": "recursive_grid_0days",
 "logging_level": 0,
 "long": {"auto_unstuck_ema_dist": 0,
          "auto_unstuck_wallet_exposure_threshold": 0.0,
          "backwards_tp": true,
          "ddown_factor": 2.9796246948665956,
          "ema_span_0": 270.9139214263561,
          "ema_span_1": 731.0697246442854,
          "enabled": true,
          "initial_eprice_ema_dist": 0.009601398167752033,
          "initial_qty_pct": 0.021810906778662622,
          "markup_range": 0.0006933015872446493,
          "min_markup": 0.002224112717873876,
          "n_close_orders": 9,
          "rentry_pprice_dist": 0.024941483330872913,
          "rentry_pprice_dist_wallet_exposure_weighting": 6.583066278636423,
          "wallet_exposure_limit": 0.3},
 "short": {"auto_unstuck_ema_dist": -0.029859047760814245,
           "auto_unstuck_wallet_exposure_threshold": 0.06917272010936402,
           "backwards_tp": true,
           "ddown_factor": 0.4466659619023209,
           "ema_span_0": 1392.51361155809,
           "ema_span_1": 993.8762486355618,
           "enabled": false,
           "initial_eprice_ema_dist": -0.054835462197404684,
           "initial_qty_pct": 0.016105768921928436,
           "markup_range": 0.0512545001921055,
           "min_markup": 0.006553421628652386,
           "n_close_orders": 3,
           "rentry_pprice_dist": 0.020888731380888034,
           "rentry_pprice_dist_wallet_exposure_weighting": 6.775429089676694,
           "wallet_exposure_limit": 1.0}}