{"config_name": "neat_grid_0days",
 "logging_level": 0,
 "long": {"auto_unstuck_ema_dist": 0.003,
          "auto_unstuck_wallet_exposure_threshold": 0.031581105017457645,
          "backwards_tp": false,
          "ema_span_0": 1172.3398893669364,
          "ema_span_1": 719.9095267210668,
          "enabled": true,
          "eprice_exp_base": 1.1668846239633026,
          "eqty_exp_base": 1.375,
          "grid_span": 0.11817507799687857,
          "initial_eprice_ema_dist": -0.004569677640801872,
          "initial_qty_pct": 0.01,
          "markup_range": 0.0046831557524206245,
          "max_n_entry_orders": 7,
          "min_markup": 0.004115848998845077,
          "n_close_orders": 1,
          "wallet_exposure_limit": 1},
 "short": {"auto_unstuck_ema_dist": -0.05698109370918755,
           "auto_unstuck_wallet_exposure_threshold": 0.06597002854921696,
           "backwards_tp": false,
           "ema_span_0": 734.6260658336632,
           "ema_span_1": 32.52982548343212,
           "enabled": false,
           "eprice_exp_base": 2.1410034040866974,
           "eqty_exp_base": 3.2715748707053827,
           "grid_span": 0.22653962110680798,
           "initial_eprice_ema_dist": -0.0624576403339891,
           "initial_qty_pct": 0.029151661725483953,
           "markup_range": 0.0567200950262864,
           "max_n_entry_orders": 20,
           "min_markup": 0.005266290877532891,
           "n_close_orders": 5,
           "wallet_exposure_limit": 1.0}}