{"config_name": "recursive_grid_0days",
 "logging_level": 0,
 "long": {"auto_unstuck_ema_dist": 0,
          "auto_unstuck_wallet_exposure_threshold": 0.0,
          "backwards_tp": false,
          "ddown_factor": 1.438120791167312,
          "ema_span_0": 21.62042277744505,
          "ema_span_1": 96.93982103297277,
          "enabled": true,
          "initial_eprice_ema_dist": -0.03951423154547184,
          "initial_qty_pct": 0.004430257194467418,
          "markup_range": 0.008035630497631436,
          "min_markup": 0.010063708863637284,
          "n_close_orders": 4,
          "rentry_pprice_dist": 0.02377807816140917,
          "rentry_pprice_dist_wallet_exposure_weighting": 0.6371731373794791,
          "wallet_exposure_limit": 0.2},
 "short": {"auto_unstuck_ema_dist": -0.07492311301833847,
           "auto_unstuck_wallet_exposure_threshold": 0.061645506243218726,
           "backwards_tp": false,
           "ddown_factor": 0.8737265791892448,
           "ema_span_0": 126.5206333265186,
           "ema_span_1": 440.61324470290793,
           "enabled": false,
           "initial_eprice_ema_dist": -0.04837083022776617,
           "initial_qty_pct": 0.03741568049612338,
           "markup_range": 0.039781769817483006,
           "min_markup": 0.005493541459812109,
           "n_close_orders": 10,
           "rentry_pprice_dist": 0.03236651646342956,
           "rentry_pprice_dist_wallet_exposure_weighting": 12.668612824203013,
           "wallet_exposure_limit": 1.0}}