{"config_name": "recursive_grid_0days",
 "logging_level": 0,
 "long": {"auto_unstuck_ema_dist": 0.0,
          "auto_unstuck_wallet_exposure_threshold": 0.0,
          "backwards_tp": false,
          "ddown_factor": 2.1429,
          "ema_span_0": 298.8547762484236,
          "ema_span_1": 384.8721733020309,
          "enabled": true,
          "initial_eprice_ema_dist": -0.09394804857929456,
          "initial_qty_pct": 0.0031893,
          "markup_range": 0.028078,
          "min_markup": 0.005709,
          "n_close_orders": 5,
          "rentry_pprice_dist": 0.018515,
          "rentry_pprice_dist_wallet_exposure_weighting": 2.1199,
          "wallet_exposure_limit": 0.2},
 "short": {"auto_unstuck_ema_dist": -0.08991834791737817,
           "auto_unstuck_wallet_exposure_threshold": 0.06412580640040026,
           "backwards_tp": false,
           "ddown_factor": 2.796797187686429,
           "ema_span_0": 265.62458637365035,
           "ema_span_1": 972.4380667900559,
           "enabled": false,
           "initial_eprice_ema_dist": -0.08297976308444921,
           "initial_qty_pct": 0.08630628007238707,
           "markup_range": 0.04972643482528467,
           "min_markup": 0.00702074027817995,
           "n_close_orders": 9,
           "rentry_pprice_dist": 0.016087498511414052,
           "rentry_pprice_dist_wallet_exposure_weighting": 19.281286682839816,
           "wallet_exposure_limit": 1.0}}