{"config_name": "clock_0days",
 "long": {"backwards_tp": false,
          "delay_between_fills_minutes_close": 945.9975889121282,
          "delay_between_fills_minutes_entry": 899.8829702390678,
          "delay_weight_close": 66.63398198838131,
          "delay_weight_entry": 23.689718744998668,
          "ema_dist_close": -0.0013108825334342804,
          "ema_dist_entry": -0.04821218041089334,
          "ema_span_0": 1202.1166502489525,
          "ema_span_1": 1169.131420447587,
          "enabled": true,
          "markup_range": 0.04071240079981691,
          "min_markup": 0.006630967791835862,
          "n_close_orders": 13,
          "qty_pct_close": 0.49371236993930906,
          "qty_pct_entry": 0.01,
          "wallet_exposure_limit": 0.2,
          "we_multiplier_close": 1.5021171547662884,
          "we_multiplier_entry": 63.76045328262831},
 "short": {"backwards_tp": false,
           "delay_between_fills_minutes_close": 137.1992559233797,
           "delay_between_fills_minutes_entry": 424.44883175239727,
           "delay_weight_close": 52.24866421790563,
           "delay_weight_entry": 94.196642764894,
           "ema_dist_close": -0.014383082528885073,
           "ema_dist_entry": -0.02442201214270387,
           "ema_span_0": 887.7957509985735,
           "ema_span_1": 240.81083375842408,
           "enabled": false,
           "markup_range": 0.04097589048239527,
           "min_markup": 0.006321440791361179,
           "n_close_orders": 8,
           "qty_pct_close": 0.07203259075988423,
           "qty_pct_entry": 0.03780596402141452,
           "wallet_exposure_limit": 1.0,
           "we_multiplier_close": 30.845818557942405,
           "we_multiplier_entry": 72.71976605519704}}