{"config_name": "recursive_grid_0days",
 "logging_level": 0,
 "long": {"auto_unstuck_ema_dist": 0.004982593005482758,
          "auto_unstuck_wallet_exposure_threshold": 0.05013172142250815,
          "backwards_tp": true,
          "ddown_factor": 1.5453898621890547,
          "ema_span_0": 10,
          "ema_span_1": 340.42847498777553,
          "enabled": true,
          "initial_eprice_ema_dist": -0.07958006142665215,
          "initial_qty_pct": 0.019647328637879165,
          "markup_range": 0.001088646748913402,
          "min_markup": 0.0034477929206327045,
          "n_close_orders": 8,
          "rentry_pprice_dist": 0.03286272205372427,
          "rentry_pprice_dist_wallet_exposure_weighting": 0.8514486980584972,
          "wallet_exposure_limit": 0.3},
 "short": {"auto_unstuck_ema_dist": -0.04690372986009513,
           "auto_unstuck_wallet_exposure_threshold": 0.07527877878422029,
           "backwards_tp": true,
           "ddown_factor": 1.236625653361206,
           "ema_span_0": 151.07740732747513,
           "ema_span_1": 1361.9379970321843,
           "enabled": false,
           "initial_eprice_ema_dist": -0.027301596729168057,
           "initial_qty_pct": 0.04584790770011342,
           "markup_range": 0.002323529149837071,
           "min_markup": 0.0024114819216076496,
           "n_close_orders": 9,
           "rentry_pprice_dist": 0.03037072130869882,
           "rentry_pprice_dist_wallet_exposure_weighting": 18.72034918710295,
           "wallet_exposure_limit": 1.0}}