{"config_name": "recursive_grid_0days",
 "logging_level": 0,
 "long": {"auto_unstuck_ema_dist": 0.004832842706811803,
          "auto_unstuck_wallet_exposure_threshold": 0.05452728515638303,
          "backwards_tp": true,
          "ddown_factor": 1.8990579728112134,
          "ema_span_0": 166.44603050501007,
          "ema_span_1": 30.228735189898924,
          "enabled": true,
          "initial_eprice_ema_dist": -0.09456457644550134,
          "initial_qty_pct": 0.04368564190345294,
          "markup_range": 0.006790109419438076,
          "min_markup": 0.00974865382969859,
          "n_close_orders": 2,
          "rentry_pprice_dist": 0.01926613282616098,
          "rentry_pprice_dist_wallet_exposure_weighting": 6.022049818557283,
          "wallet_exposure_limit": 0.3},
 "short": {"auto_unstuck_ema_dist": -0.06031326119294517,
           "auto_unstuck_wallet_exposure_threshold": 0.08303405321959625,
           "backwards_tp": true,
           "ddown_factor": 0.34617758237061375,
           "ema_span_0": 36.265965465091554,
           "ema_span_1": 1376.9586856796748,
           "enabled": false,
           "initial_eprice_ema_dist": 0.0013740849260736043,
           "initial_qty_pct": 0.085245945291949,
           "markup_range": 0.00020878834409275625,
           "min_markup": 0.004720465425578207,
           "n_close_orders": 11,
           "rentry_pprice_dist": 0.028450124157007872,
           "rentry_pprice_dist_wallet_exposure_weighting": 38.382035130899695,
           "wallet_exposure_limit": 1.0}}