{"config_name": "recursive_grid_0days",
 "logging_level": 0,
 "long": {"auto_unstuck_ema_dist": 0,
          "auto_unstuck_wallet_exposure_threshold": 0.0,
          "backwards_tp": false,
          "ddown_factor": 3.5181887142824917,
          "ema_span_0": 560.689100559472,
          "ema_span_1": 551.3234923157165,
          "enabled": true,
          "initial_eprice_ema_dist": -0.05670261533467452,
          "initial_qty_pct": 0.0013663628273303389,
          "markup_range": 0.0314975486148052,
          "min_markup": 0.005475118128567013,
          "n_close_orders": 5,
          "rentry_pprice_dist": 0.03425842014282715,
          "rentry_pprice_dist_wallet_exposure_weighting": 0.851219885521209,
          "wallet_exposure_limit": 0.2},
 "short": {"auto_unstuck_ema_dist": -0.05271416597184637,
           "auto_unstuck_wallet_exposure_threshold": 0.06716361249327138,
           "backwards_tp": false,
           "ddown_factor": 2.2123129960409287,
           "ema_span_0": 189.1231150408396,
           "ema_span_1": 799.3997183115591,
           "enabled": false,
           "initial_eprice_ema_dist": -0.062153267921506175,
           "initial_qty_pct": 0.06598090434925956,
           "markup_range": 0.059549314058428005,
           "min_markup": 0.004794541721193741,
           "n_close_orders": 5,
           "rentry_pprice_dist": 0.034021737275458284,
           "rentry_pprice_dist_wallet_exposure_weighting": 11.574269710601913,
           "wallet_exposure_limit": 1.0}}