{"config_name": "recursive_grid_0days",
 "logging_level": 0,
 "long": {"auto_unstuck_ema_dist": 0.0051266248940153416,
          "auto_unstuck_wallet_exposure_threshold": 0.014151713490459059,
          "backwards_tp": true,
          "ddown_factor": 1.0293024819325782,
          "ema_span_0": 563.5159599678036,
          "ema_span_1": 21.625474784759348,
          "enabled": true,
          "initial_eprice_ema_dist": -0.1,
          "initial_qty_pct": 0.004893349520096021,
          "markup_range": 0.014912975925604147,
          "min_markup": 0.00250335283953159,
          "n_close_orders": 6,
          "rentry_pprice_dist": 0.03517618470909405,
          "rentry_pprice_dist_wallet_exposure_weighting": 0.0,
          "wallet_exposure_limit": 1.0},
 "short": {"auto_unstuck_ema_dist": -0.06282962981360489,
           "auto_unstuck_wallet_exposure_threshold": 0.06851041305180386,
           "backwards_tp": true,
           "ddown_factor": 0.6379245379739931,
           "ema_span_0": 860.3938305415537,
           "ema_span_1": 781.9395275660141,
           "enabled": false,
           "initial_eprice_ema_dist": -0.005336425545613019,
           "initial_qty_pct": 0.06929728343520414,
           "markup_range": 0.007636515673721815,
           "min_markup": 0.006248360042068886,
           "n_close_orders": 13,
           "rentry_pprice_dist": 0.04458047073953748,
           "rentry_pprice_dist_wallet_exposure_weighting": 19.676934672294465,
           "wallet_exposure_limit": 1}}