{"config_name": "recursive_grid_0days",
 "logging_level": 0,
 "long": {"auto_unstuck_ema_dist": -0.0005369422586991544,
          "auto_unstuck_wallet_exposure_threshold": 0.057434748402418696,
          "backwards_tp": true,
          "ddown_factor": 2.650028772779656,
          "ema_span_0": 526.9730687644567,
          "ema_span_1": 891.1132321967664,
          "enabled": true,
          "initial_eprice_ema_dist": 0.013038444023877348,
          "initial_qty_pct": 0.02659057668704389,
          "markup_range": 0.006259161509179593,
          "min_markup": 0.009477921797148008,
          "n_close_orders": 9,
          "rentry_pprice_dist": 0.02644212477753638,
          "rentry_pprice_dist_wallet_exposure_weighting": 1.8576597243576498,
          "wallet_exposure_limit": 0.3},
 "short": {"auto_unstuck_ema_dist": -0.027680889474669013,
           "auto_unstuck_wallet_exposure_threshold": 0.04557012298970484,
           "backwards_tp": true,
           "ddown_factor": 0.6714408162918029,
           "ema_span_0": 211.75258214393602,
           "ema_span_1": 78.53989317455306,
           "enabled": false,
           "initial_eprice_ema_dist": 0.0002418795768780735,
           "initial_qty_pct": 0.02652966070597164,
           "markup_range": 0.0208292574581793,
           "min_markup": 0.001162622584462756,
           "n_close_orders": 7,
           "rentry_pprice_dist": 0.011745603310564796,
           "rentry_pprice_dist_wallet_exposure_weighting": 37.568523235990206,
           "wallet_exposure_limit": 1.0}}