{"config_name": "recursive_grid_0days",
 "logging_level": 0,
 "long": {"auto_unstuck_ema_dist": 0,
          "auto_unstuck_wallet_exposure_threshold": 0.0,
          "backwards_tp": true,
          "ddown_factor": 1.8975709681277335,
          "ema_span_0": 183.42468690370512,
          "ema_span_1": 264.4573529442488,
          "enabled": true,
          "initial_eprice_ema_dist": 0.009281595689399649,
          "initial_qty_pct": 0.018901786733157212,
          "markup_range": 0.0032093959199985,
          "min_markup": 0.0038593417500591013,
          "n_close_orders": 6,
          "rentry_pprice_dist": 0.026191300392001734,
          "rentry_pprice_dist_wallet_exposure_weighting": 3.724841395504606,
          "wallet_exposure_limit": 0.3},
 "short": {"auto_unstuck_ema_dist": -0.08268886324685665,
           "auto_unstuck_wallet_exposure_threshold": 0.03282257956458942,
           "backwards_tp": true,
           "ddown_factor": 0.6347339562234696,
           "ema_span_0": 1315.0656460340804,
           "ema_span_1": 1092.3113816694922,
           "enabled": false,
           "initial_eprice_ema_dist": -0.07207535410033787,
           "initial_qty_pct": 0.05121630101795123,
           "markup_range": 0.012536871919751684,
           "min_markup": 0.001991711542512694,
           "n_close_orders": 7,
           "rentry_pprice_dist": 0.034039302711625814,
           "rentry_pprice_dist_wallet_exposure_weighting": 4.385365627891302,
           "wallet_exposure_limit": 1}}