{"config_name": "clock_0days",
 "long": {"backwards_tp": true,
          "delay_between_fills_minutes_close": 395.4255639231935,
          "delay_between_fills_minutes_entry": 311.7571972662151,
          "delay_weight_close": 113.51410769163984,
          "delay_weight_entry": 31.79261741122959,
          "ema_dist_close": -0.04287664325462204,
          "ema_dist_entry": 0.010062944620963781,
          "ema_span_0": 183.244071327705,
          "ema_span_1": 103.54534573379307,
          "enabled": true,
          "markup_range": 0.02699844764196796,
          "min_markup": 0.002896022382968754,
          "n_close_orders": 3,
          "qty_pct_close": 0.015378429059531008,
          "qty_pct_entry": 0.015471239901015043,
          "wallet_exposure_limit": 0.3,
          "we_multiplier_close": 6.54893630520943,
          "we_multiplier_entry": 108.70263323458053},
 "short": {"backwards_tp": true,
           "delay_between_fills_minutes_close": 170.49912822640914,
           "delay_between_fills_minutes_entry": 1199.1816751789504,
           "delay_weight_close": 11.823293791666094,
           "delay_weight_entry": 79.51049020560768,
           "ema_dist_close": 0.0007464242424904954,
           "ema_dist_entry": -0.041521081171302564,
           "ema_span_0": 447.5737819421757,
           "ema_span_1": 124.71930685818347,
           "enabled": false,
           "markup_range": 0.06671735092009184,
           "min_markup": 0.03596260851296394,
           "n_close_orders": 13,
           "qty_pct_close": 0.3286844826834588,
           "qty_pct_entry": 0.7969474753173572,
           "wallet_exposure_limit": 1.0,
           "we_multiplier_close": 6.4075849597480445,
           "we_multiplier_entry": 42.089885073556054}}