{"config_name": "clock_0days",
 "long": {"backwards_tp": false,
          "delay_between_fills_minutes_close": 402.18811600803906,
          "delay_between_fills_minutes_entry": 292.6027266467437,
          "delay_weight_close": 110.77539736557951,
          "delay_weight_entry": 27.24843852072476,
          "ema_dist_close": -0.010297323867310956,
          "ema_dist_entry": 0.010763853715606137,
          "ema_span_0": 899.5330564212564,
          "ema_span_1": 373.0881777548371,
          "enabled": true,
          "markup_range": 0.012338878437311001,
          "min_markup": 0.01096173036087647,
          "n_close_orders": 8,
          "qty_pct_close": 0.0160989456464186,
          "qty_pct_entry": 0.010729747187539159,
          "wallet_exposure_limit": 0.3,
          "we_multiplier_close": 19.8982476150351,
          "we_multiplier_entry": 52.08472303023188},
 "short": {"backwards_tp": false,
           "delay_between_fills_minutes_close": 202.68898795533772,
           "delay_between_fills_minutes_entry": 164.64545613581845,
           "delay_weight_close": 21.085056284222592,
           "delay_weight_entry": 23.60944798287541,
           "ema_dist_close": -0.047308835180882726,
           "ema_dist_entry": -0.02676394989969869,
           "ema_span_0": 1190.9094443404804,
           "ema_span_1": 589.9618476541256,
           "enabled": false,
           "markup_range": 0.05961416712558588,
           "min_markup": 0.003914496877096938,
           "n_close_orders": 3,
           "qty_pct_close": 0.07299093366852083,
           "qty_pct_entry": 0.0518886232916208,
           "wallet_exposure_limit": 1.0,
           "we_multiplier_close": 23.13941979288939,
           "we_multiplier_entry": 32.707330750165184}}