{"config_name": "recursive_grid_0days",
 "logging_level": 0,
 "long": {"auto_unstuck_ema_dist": 0.0,
          "auto_unstuck_wallet_exposure_threshold": 0.0,
          "backwards_tp": false,
          "ddown_factor": 1.4390659515733553,
          "ema_span_0": 492.00411231113645,
          "ema_span_1": 794.3009821844296,
          "enabled": true,
          "initial_eprice_ema_dist": -0.1,
          "initial_qty_pct": 0.002491326822229262,
          "markup_range": 0.028853440905443874,
          "min_markup": 0.009327521263927906,
          "n_close_orders": 3,
          "rentry_pprice_dist": 0.02706085735597058,
          "rentry_pprice_dist_wallet_exposure_weighting": 0.0,
          "wallet_exposure_limit": 0.25},
 "short": {"auto_unstuck_ema_dist": 0.0,
           "auto_unstuck_wallet_exposure_threshold": 0.0,
           "backwards_tp": false,
           "ddown_factor": 1.460521600441091,
           "ema_span_0": 137.8584937215656,
           "ema_span_1": 754.3307851541077,
           "enabled": true,
           "initial_eprice_ema_dist": -0.011444555908299528,
           "initial_qty_pct": 0.003346024240107071,
           "markup_range": 0.00532592997045603,
           "min_markup": 0.011765067891559648,
           "n_close_orders": 2,
           "rentry_pprice_dist": 0.04393022338880383,
           "rentry_pprice_dist_wallet_exposure_weighting": 0.0,
           "wallet_exposure_limit": 0.12}}