{"config_name": "recursive_grid_0days",
 "logging_level": 0,
 "long": {"auto_unstuck_ema_dist": -0.0014783819550956447,
          "auto_unstuck_wallet_exposure_threshold": 0.06064640710408014,
          "backwards_tp": false,
          "ddown_factor": 2.1429,
          "ema_span_0": 427.39143489172284,
          "ema_span_1": 153.0946480624584,
          "enabled": true,
          "initial_eprice_ema_dist": 0.0005861646345921522,
          "initial_qty_pct": 0.0031893,
          "markup_range": 0.028078,
          "min_markup": 0.005709,
          "n_close_orders": 5,
          "rentry_pprice_dist": 0.018515,
          "rentry_pprice_dist_wallet_exposure_weighting": 2.1199,
          "wallet_exposure_limit": 0.2},
 "short": {"auto_unstuck_ema_dist": -0.04297413117832009,
           "auto_unstuck_wallet_exposure_threshold": 0.03582146092814298,
           "backwards_tp": false,
           "ddown_factor": 0.14086277396605307,
           "ema_span_0": 861.5322494593671,
           "ema_span_1": 123.2865392110931,
           "enabled": false,
           "initial_eprice_ema_dist": -0.0417293728476294,
           "initial_qty_pct": 0.05150348418061415,
           "markup_range": 0.05241701175639657,
           "min_markup": 0.008665562977816687,
           "n_close_orders": 4,
           "rentry_pprice_dist": 0.045311991373194874,
           "rentry_pprice_dist_wallet_exposure_weighting": 13.491530326991889,
           "wallet_exposure_limit": 1.0}}