{"config_name": "neat_grid_0days",
 "logging_level": 0,
 "long": {"auto_unstuck_ema_dist": 0,
          "auto_unstuck_wallet_exposure_threshold": 0,
          "backwards_tp": true,
          "ema_span_0": 723.6820254117995,
          "ema_span_1": 263.89279363814785,
          "enabled": true,
          "eprice_exp_base": 1.2242890863611091,
          "eqty_exp_base": 2.7568054380406264,
          "grid_span": 0.3153677029058359,
          "initial_eprice_ema_dist": -0.09128728373788748,
          "initial_qty_pct": 0.015165237374185195,
          "markup_range": 0.0021946531189981355,
          "max_n_entry_orders": 10,
          "min_markup": 0.002,
          "n_close_orders": 6,
          "wallet_exposure_limit": 1},
 "short": {"auto_unstuck_ema_dist": 0,
           "auto_unstuck_wallet_exposure_threshold": 0,
           "backwards_tp": true,
           "ema_span_0": 181.75576453723806,
           "ema_span_1": 319.7794113509211,
           "enabled": true,
           "eprice_exp_base": 1.5675045851190004,
           "eqty_exp_base": 2.3064488805408763,
           "grid_span": 0.5198255841687722,
           "initial_eprice_ema_dist": -0.03565795326616236,
           "initial_qty_pct": 0.011960635541744171,
           "markup_range": 0.007286207005469977,
           "max_n_entry_orders": 13,
           "min_markup": 0.006940465628392012,
           "n_close_orders": 8,
           "wallet_exposure_limit": 0.1}}