{"config_name": "clock_0days",
 "long": {"delay_between_fills_minutes_close": 448.98261192307393,
          "delay_between_fills_minutes_entry": 232.56218703215788,
          "delay_weight_close": 46.89709667535405,
          "delay_weight_entry": 28.49254599620888,
          "ema_dist_lower": -0.8427845600442598,
          "ema_dist_upper": -0.056042877335787944,
          "ema_span_0": 962.6010417550303,
          "ema_span_1": 499.5504359850908,
          "enabled": true,
          "markup_range": 0.011979881054904669,
          "min_markup": 0.025508346379512048,
          "n_close_orders": 5,
          "qty_pct_close": 0.01,
          "qty_pct_entry": 0.01,
          "wallet_exposure_limit": 0.25,
          "we_multiplier_close": 138.42003996194566,
          "we_multiplier_entry": 118.35659289290984},
 "short": {"delay_between_fills_minutes_close": 385.50314049879864,
           "delay_between_fills_minutes_entry": 357.22910903947707,
           "delay_weight_close": 85.67035926404564,
           "delay_weight_entry": 28.494059037221202,
           "ema_dist_lower": -0.0018456551077402194,
           "ema_dist_upper": -0.49416567596772676,
           "ema_span_0": 857.8487312288896,
           "ema_span_1": 766.1700449057784,
           "enabled": true,
           "markup_range": 0.026670148729126937,
           "min_markup": 0.02857738931364275,
           "n_close_orders": 9,
           "qty_pct_close": 0.01,
           "qty_pct_entry": 0.01,
           "wallet_exposure_limit": 0.1,
           "we_multiplier_close": 9.118076913503662,
           "we_multiplier_entry": 78.13342691207646}}