{"config_name": "recursive_grid_0days",
 "logging_level": 0,
 "long": {"auto_unstuck_ema_dist": 0.0,
          "auto_unstuck_wallet_exposure_threshold": 0.0,
          "backwards_tp": true,
          "ddown_factor": 0.5174411839334296,
          "ema_span_0": 946.7717747479597,
          "ema_span_1": 363.6148432013074,
          "enabled": true,
          "initial_eprice_ema_dist": -0.026110691199019993,
          "initial_qty_pct": 0.009054753673057154,
          "markup_range": 0.004156362008382411,
          "min_markup": 0.0031202345697417745,
          "n_close_orders": 8,
          "rentry_pprice_dist": 0.021238655823312157,
          "rentry_pprice_dist_wallet_exposure_weighting": 3.725719540902334,
          "wallet_exposure_limit": 0.1},
 "short": {"auto_unstuck_ema_dist": 0.0,
           "auto_unstuck_wallet_exposure_threshold": 0.0,
           "backwards_tp": true,
           "ddown_factor": 2.0637388823927587,
           "ema_span_0": 185.14281040897788,
           "ema_span_1": 902.2815069440661,
           "enabled": true,
           "initial_eprice_ema_dist": -0.0029467575978603705,
           "initial_qty_pct": 0.030745335939542526,
           "markup_range": 0.0015873329214126852,
           "min_markup": 0.0036468066207464103,
           "n_close_orders": 6,
           "rentry_pprice_dist": 0.02428826995742574,
           "rentry_pprice_dist_wallet_exposure_weighting": 0.2613299953603343,
           "wallet_exposure_limit": 0.1}}