{"config_name": "recursive_grid_0days",
 "logging_level": 0,
 "long": {"auto_unstuck_ema_dist": 0.003694250097220123,
          "auto_unstuck_wallet_exposure_threshold": 0.050479771041979704,
          "backwards_tp": true,
          "ddown_factor": 1.2849420205660231,
          "ema_span_0": 536.570894788488,
          "ema_span_1": 338.7087723565737,
          "enabled": true,
          "initial_eprice_ema_dist": 0.015609977793495154,
          "initial_qty_pct": 0.02232732571248877,
          "markup_range": 0.016065834694515044,
          "min_markup": 0.01,
          "n_close_orders": 5,
          "rentry_pprice_dist": 0.04169516575850947,
          "rentry_pprice_dist_wallet_exposure_weighting": 1.2864946576173608,
          "wallet_exposure_limit": 0.3},
 "short": {"auto_unstuck_ema_dist": -0.05593518313790179,
           "auto_unstuck_wallet_exposure_threshold": 0.059028225115554236,
           "backwards_tp": true,
           "ddown_factor": 0.1872658417408036,
           "ema_span_0": 125.71611066949649,
           "ema_span_1": 1385.2052016503908,
           "enabled": false,
           "initial_eprice_ema_dist": -0.054652720527798966,
           "initial_qty_pct": 0.04438001842726544,
           "markup_range": 0.04184600067130375,
           "min_markup": 0.00975769813089523,
           "n_close_orders": 10,
           "rentry_pprice_dist": 0.0337347569974815,
           "rentry_pprice_dist_wallet_exposure_weighting": 23.091221963038,
           "wallet_exposure_limit": 1.0}}