{"config_name": "recursive_grid_0days",
 "logging_level": 0,
 "long": {"auto_unstuck_ema_dist": 0,
          "auto_unstuck_wallet_exposure_threshold": 0.0,
          "backwards_tp": false,
          "ddown_factor": 2.575888415298874,
          "ema_span_0": 161.87079359705533,
          "ema_span_1": 11.622606249771286,
          "enabled": true,
          "initial_eprice_ema_dist": 0.0022144637732755107,
          "initial_qty_pct": 0.00487858081168466,
          "markup_range": 0.020323359053082107,
          "min_markup": 0.0025737191597919634,
          "n_close_orders": 26,
          "rentry_pprice_dist": 0.03710357897791955,
          "rentry_pprice_dist_wallet_exposure_weighting": 0.0,
          "wallet_exposure_limit": 1},
 "short": {"auto_unstuck_ema_dist": -0.06286634584226485,
           "auto_unstuck_wallet_exposure_threshold": 0.048187113698970135,
           "backwards_tp": false,
           "ddown_factor": 0.954401906018557,
           "ema_span_0": 70.49227626997543,
           "ema_span_1": 114.50565798380416,
           "enabled": false,
           "initial_eprice_ema_dist": -0.043752364860723286,
           "initial_qty_pct": 0.07613509639061211,
           "markup_range": 0.03517442453401606,
           "min_markup": 0.004371771455154993,
           "n_close_orders": 13,
           "rentry_pprice_dist": 0.042613854052992936,
           "rentry_pprice_dist_wallet_exposure_weighting": 4.704809550591362,
           "wallet_exposure_limit": 1}}