{"config_name": "recursive_grid_0days",
 "logging_level": 0,
 "long": {"auto_unstuck_ema_dist": 0.008569056277975811,
          "auto_unstuck_wallet_exposure_threshold": 0.0026999709837914154,
          "backwards_tp": true,
          "ddown_factor": 3,
          "ema_span_0": 584.5423837806264,
          "ema_span_1": 130.35073446164455,
          "enabled": true,
          "initial_eprice_ema_dist": -0.013615707662322764,
          "initial_qty_pct": 0.02369116078415842,
          "markup_range": 0.001736288079174642,
          "min_markup": 0.0037689783732374376,
          "n_close_orders": 9,
          "rentry_pprice_dist": 0.03337982562202782,
          "rentry_pprice_dist_wallet_exposure_weighting": 0.0,
          "wallet_exposure_limit": 1},
 "short": {"auto_unstuck_ema_dist": 0.028121685470961184,
           "auto_unstuck_wallet_exposure_threshold": 0.04483285741705835,
           "backwards_tp": true,
           "ddown_factor": 2.4325680834387464,
           "ema_span_0": 938.2597474370128,
           "ema_span_1": 7067.904083640326,
           "enabled": false,
           "initial_eprice_ema_dist": -0.01864988083571975,
           "initial_qty_pct": 0.015,
           "markup_range": 0.017415049732114912,
           "min_markup": 0.0034241744739468283,
           "n_close_orders": 6,
           "rentry_pprice_dist": 0.023498800384568655,
           "rentry_pprice_dist_wallet_exposure_weighting": 7.506273632723093,
           "wallet_exposure_limit": 0.1}}