{"config_name": "clock_0days",
 "long": {"backwards_tp": true,
          "delay_between_fills_minutes_close": 323.6706946637269,
          "delay_between_fills_minutes_entry": 399.59896183278875,
          "delay_weight_close": 76.22595386719658,
          "delay_weight_entry": 23.337120567321623,
          "ema_dist_close": 0.004858560281521339,
          "ema_dist_entry": 0.012197074028634958,
          "ema_span_0": 196.5979700294887,
          "ema_span_1": 826.1575905760474,
          "enabled": true,
          "markup_range": 0.01528152412020632,
          "min_markup": 0.006135596951952155,
          "n_close_orders": 8,
          "qty_pct_close": 0.011509676090232502,
          "qty_pct_entry": 0.0177160223563701,
          "wallet_exposure_limit": 0.3,
          "we_multiplier_close": 9.635084221321142,
          "we_multiplier_entry": 37.52688153500221},
 "short": {"backwards_tp": true,
           "delay_between_fills_minutes_close": 155.99597203441337,
           "delay_between_fills_minutes_entry": 649.9592777471028,
           "delay_weight_close": 18.43694280576752,
           "delay_weight_entry": 71.80684985767054,
           "ema_dist_close": -0.02463428011803264,
           "ema_dist_entry": -0.022343800846198473,
           "ema_span_0": 661.1685356588818,
           "ema_span_1": 558.8315448714081,
           "enabled": false,
           "markup_range": 0.09344232935531442,
           "min_markup": 0.07669080704535172,
           "n_close_orders": 5,
           "qty_pct_close": 0.5610492362077343,
           "qty_pct_entry": 0.15809698132605568,
           "wallet_exposure_limit": 1.0,
           "we_multiplier_close": 8.61655379828279,
           "we_multiplier_entry": 18.798710966823258}}