{"config_name": "neat_grid_0days",
 "logging_level": 0,
 "long": {"auto_unstuck_ema_dist": 0.07849135230630096,
          "auto_unstuck_wallet_exposure_threshold": 0.007693834706438007,
          "backwards_tp": true,
          "ema_span_0": 10,
          "ema_span_1": 10,
          "enabled": true,
          "eprice_exp_base": 1.285514562787399,
          "eqty_exp_base": 1.817641550814696,
          "grid_span": 0.3668227467060603,
          "initial_eprice_ema_dist": -0.07743859315897632,
          "initial_qty_pct": 0.01,
          "markup_range": 0.005077826032467959,
          "max_n_entry_orders": 9,
          "min_markup": 0.002,
          "n_close_orders": 2,
          "wallet_exposure_limit": 1},
 "short": {"auto_unstuck_ema_dist": 0.08094574136483208,
           "auto_unstuck_wallet_exposure_threshold": 0.024857588567333812,
           "backwards_tp": true,
           "ema_span_0": 40.05696265837311,
           "ema_span_1": 10,
           "enabled": true,
           "eprice_exp_base": 1.2445111078069604,
           "eqty_exp_base": 1.6845085738141186,
           "grid_span": 0.5506225916609486,
           "initial_eprice_ema_dist": 0,
           "initial_qty_pct": 0.01,
           "markup_range": 0.014455399535753217,
           "max_n_entry_orders": 8,
           "min_markup": 0.002,
           "n_close_orders": 3,
           "wallet_exposure_limit": 1}}