{"config_name": "recursive_grid_0days",
 "logging_level": 0,
 "long": {"auto_unstuck_ema_dist": 0,
          "auto_unstuck_wallet_exposure_threshold": 0.08271477222324541,
          "backwards_tp": true,
          "ddown_factor": 1.860356692674846,
          "ema_span_0": 347.6631863226406,
          "ema_span_1": 564.3878143932651,
          "enabled": true,
          "initial_eprice_ema_dist": -0.0012413129867278486,
          "initial_qty_pct": 0.02388836878958883,
          "markup_range": 0.006799843139201599,
          "min_markup": 0.006102026629635587,
          "n_close_orders": 10,
          "rentry_pprice_dist": 0.024875225635612827,
          "rentry_pprice_dist_wallet_exposure_weighting": 1.8981027223181002,
          "wallet_exposure_limit": 0.3},
 "short": {"auto_unstuck_ema_dist": 0.03682040525668643,
           "auto_unstuck_wallet_exposure_threshold": 0.013909497042824289,
           "backwards_tp": true,
           "ddown_factor": 0.9765840156281357,
           "ema_span_0": 2247.0855296905775,
           "ema_span_1": 9607.722813267896,
           "enabled": false,
           "initial_eprice_ema_dist": -0.0628486514661005,
           "initial_qty_pct": 0.015,
           "markup_range": 0.0018621739725982489,
           "min_markup": 0.003967813927702771,
           "n_close_orders": 13,
           "rentry_pprice_dist": 0.0335686397491433,
           "rentry_pprice_dist_wallet_exposure_weighting": 70.23146191554933,
           "wallet_exposure_limit": 0.1}}