{"config_name": "recursive_grid_0days",
 "logging_level": 0,
 "long": {"auto_unstuck_ema_dist": 0,
          "auto_unstuck_wallet_exposure_threshold": 0.0,
          "backwards_tp": false,
          "ddown_factor": 1.0638647628927689,
          "ema_span_0": 696.0785947932937,
          "ema_span_1": 743.8299320277989,
          "enabled": true,
          "initial_eprice_ema_dist": -0.176856504384884,
          "initial_qty_pct": 0.002158847688650217,
          "markup_range": 0.04856834860985387,
          "min_markup": 0.010561194433435443,
          "n_close_orders": 8,
          "rentry_pprice_dist": 0.03425842014282715,
          "rentry_pprice_dist_wallet_exposure_weighting": 2.8896167299150535,
          "wallet_exposure_limit": 0.2},
 "short": {"auto_unstuck_ema_dist": -0.00195213885677481,
           "auto_unstuck_wallet_exposure_threshold": 0.05335490299295544,
           "backwards_tp": false,
           "ddown_factor": 0.15959505521113762,
           "ema_span_0": 440.84882426873213,
           "ema_span_1": 93.89655327999479,
           "enabled": false,
           "initial_eprice_ema_dist": -0.034057299615117415,
           "initial_qty_pct": 0.0620033228998051,
           "markup_range": 0.04340854681050593,
           "min_markup": 0.00694716934355677,
           "n_close_orders": 6,
           "rentry_pprice_dist": 0.027161288203795958,
           "rentry_pprice_dist_wallet_exposure_weighting": 15.47973614696904,
           "wallet_exposure_limit": 1.0}}