{"config_name": "clock_0days",
 "long": {"delay_between_fills_minutes_close": 452.31760163481135,
          "delay_between_fills_minutes_entry": 388.68055877031827,
          "delay_weight_close": 103.58078347153688,
          "delay_weight_entry": 30.43878632320455,
          "ema_dist_lower": 0.011398260576054167,
          "ema_dist_upper": -0.02691510417711965,
          "ema_span_0": 95.40497280198426,
          "ema_span_1": 110.28020398298163,
          "enabled": true,
          "markup_range": 0.02993654875139692,
          "min_markup": 0.025086355386439965,
          "n_close_orders": 7,
          "qty_pct_close": 0.010204647035390204,
          "qty_pct_entry": 0.019603750822963804,
          "wallet_exposure_limit": 0.3,
          "we_multiplier_close": 17.070411420677317,
          "we_multiplier_entry": 122.04165054946061},
 "short": {"delay_between_fills_minutes_close": 389.0720324552636,
           "delay_between_fills_minutes_entry": 771.6466513099626,
           "delay_weight_close": 13.999652711089803,
           "delay_weight_entry": 14.088570413546766,
           "ema_dist_lower": 0.010301256741282657,
           "ema_dist_upper": 0.017290832826045238,
           "ema_span_0": 251.6194668945082,
           "ema_span_1": 2457.9952718671616,
           "enabled": false,
           "markup_range": 0.0179331057537245,
           "min_markup": 0.016191750754124126,
           "n_close_orders": 4,
           "qty_pct_close": 0.09470288991736417,
           "qty_pct_entry": 0.041365700295660765,
           "wallet_exposure_limit": 1.0,
           "we_multiplier_close": 6.318239222324589,
           "we_multiplier_entry": 16.508691830059767}}