{"config_name": "recursive_grid_0days",
 "logging_level": 0,
 "long": {"auto_unstuck_ema_dist": 0,
          "auto_unstuck_wallet_exposure_threshold": 0.0,
          "backwards_tp": false,
          "ddown_factor": 0.5765845086884588,
          "ema_span_0": 173.84939245327942,
          "ema_span_1": 41.76854446364845,
          "enabled": true,
          "initial_eprice_ema_dist": 0.0044026966413853235,
          "initial_qty_pct": 0.011123272615376663,
          "markup_range": 0.05858614743268186,
          "min_markup": 0.0013228561185048052,
          "n_close_orders": 5,
          "rentry_pprice_dist": 0.03156720753805363,
          "rentry_pprice_dist_wallet_exposure_weighting": 0.0,
          "wallet_exposure_limit": 0.2},
 "short": {"auto_unstuck_ema_dist": -0.005840402943574102,
           "auto_unstuck_wallet_exposure_threshold": 0.058985438029850124,
           "backwards_tp": false,
           "ddown_factor": 2.1730001317312415,
           "ema_span_0": 1257.284112385545,
           "ema_span_1": 550.174829709157,
           "enabled": false,
           "initial_eprice_ema_dist": -0.07708200023385593,
           "initial_qty_pct": 0.09582926572387825,
           "markup_range": 0.005931496550605872,
           "min_markup": 0.006813326269971773,
           "n_close_orders": 5,
           "rentry_pprice_dist": 0.03409062040678448,
           "rentry_pprice_dist_wallet_exposure_weighting": 0.42725351332449035,
           "wallet_exposure_limit": 1.0}}