{"config_name": "recursive_grid_0days",
 "logging_level": 0,
 "long": {"auto_unstuck_ema_dist": -0.0035961459779860444,
          "auto_unstuck_wallet_exposure_threshold": 0.08336437196608348,
          "backwards_tp": true,
          "ddown_factor": 2.9036907039806725,
          "ema_span_0": 718.8251576377072,
          "ema_span_1": 1225.1941387799654,
          "enabled": true,
          "initial_eprice_ema_dist": 0.013405997342531163,
          "initial_qty_pct": 0.06354944377593552,
          "markup_range": 0.004170288908151173,
          "min_markup": 0.01,
          "n_close_orders": 7,
          "rentry_pprice_dist": 0.0316675277782626,
          "rentry_pprice_dist_wallet_exposure_weighting": 4.861299605006054,
          "wallet_exposure_limit": 0.3},
 "short": {"auto_unstuck_ema_dist": -0.07614371640192732,
           "auto_unstuck_wallet_exposure_threshold": 0.06985051389770314,
           "backwards_tp": true,
           "ddown_factor": 2.335938177134223,
           "ema_span_0": 518.5267603148346,
           "ema_span_1": 251.5241163921815,
           "enabled": false,
           "initial_eprice_ema_dist": 0.0013493949612683742,
           "initial_qty_pct": 0.027859128489241422,
           "markup_range": 0.05556215890486658,
           "min_markup": 0.00112139393644486,
           "n_close_orders": 8,
           "rentry_pprice_dist": 0.036763755886111214,
           "rentry_pprice_dist_wallet_exposure_weighting": 30.608299739602597,
           "wallet_exposure_limit": 1.0}}