{"config_name": "recursive_grid_0days",
 "logging_level": 0,
 "long": {"auto_unstuck_ema_dist": -0.007919339064804125,
          "auto_unstuck_wallet_exposure_threshold": 0.05,
          "backwards_tp": true,
          "ddown_factor": 2.552717568264565,
          "ema_span_0": 719.4603876500279,
          "ema_span_1": 1417.8454354908636,
          "enabled": true,
          "initial_eprice_ema_dist": 0.005460464417147851,
          "initial_qty_pct": 0.012408463851256117,
          "markup_range": 0.00593029219954564,
          "min_markup": 0.008316989979905676,
          "n_close_orders": 5,
          "rentry_pprice_dist": 0.025538647574111548,
          "rentry_pprice_dist_wallet_exposure_weighting": 1.2877857408839577,
          "wallet_exposure_limit": 0.3},
 "short": {"auto_unstuck_ema_dist": -0.040814607314409265,
           "auto_unstuck_wallet_exposure_threshold": 0.0639081314865694,
           "backwards_tp": true,
           "ddown_factor": 1.7751987151646347,
           "ema_span_0": 611.6642280945847,
           "ema_span_1": 264.4962986910601,
           "enabled": false,
           "initial_eprice_ema_dist": 0.0016799986642332676,
           "initial_qty_pct": 0.0933792266287706,
           "markup_range": 0.03486706717074837,
           "min_markup": 0.0028160695938953175,
           "n_close_orders": 10,
           "rentry_pprice_dist": 0.009852007833449956,
           "rentry_pprice_dist_wallet_exposure_weighting": 1.0893487659523782,
           "wallet_exposure_limit": 1.0}}