{"config_name": "recursive_grid_0days",
 "logging_level": 0,
 "long": {"auto_unstuck_ema_dist": 0.005,
          "auto_unstuck_wallet_exposure_threshold": 0.0587713157821844,
          "backwards_tp": true,
          "ddown_factor": 2.770100414579571,
          "ema_span_0": 599.8177104022179,
          "ema_span_1": 618.1501699422075,
          "enabled": true,
          "initial_eprice_ema_dist": -0.014297615365441432,
          "initial_qty_pct": 0.025389986104311955,
          "markup_range": 0.004643112543472403,
          "min_markup": 0.006895395137055634,
          "n_close_orders": 3,
          "rentry_pprice_dist": 0.04307007873197829,
          "rentry_pprice_dist_wallet_exposure_weighting": 2.5500515919097517,
          "wallet_exposure_limit": 0.3},
 "short": {"auto_unstuck_ema_dist": -0.09615688888676957,
           "auto_unstuck_wallet_exposure_threshold": 0.08735653490980153,
           "backwards_tp": true,
           "ddown_factor": 2.1726157607863277,
           "ema_span_0": 481.5744376233418,
           "ema_span_1": 60.9066066012662,
           "enabled": false,
           "initial_eprice_ema_dist": -0.0198662587485936,
           "initial_qty_pct": 0.04475524537945954,
           "markup_range": 0.02290591177229141,
           "min_markup": 0.0037891618429108684,
           "n_close_orders": 4,
           "rentry_pprice_dist": 0.04584467554608348,
           "rentry_pprice_dist_wallet_exposure_weighting": 3.8638764118229707,
           "wallet_exposure_limit": 1.0}}