{"config_name": "recursive_grid_0days",
 "logging_level": 0,
 "long": {"auto_unstuck_ema_dist": 0.00012239333925633195,
          "auto_unstuck_wallet_exposure_threshold": 0.07197121738625081,
          "backwards_tp": true,
          "ddown_factor": 3,
          "ema_span_0": 402.38193607342083,
          "ema_span_1": 477.81280697847376,
          "enabled": true,
          "initial_eprice_ema_dist": 0.0035483246040789547,
          "initial_qty_pct": 0.02041121085860923,
          "markup_range": 0.002325139904496683,
          "min_markup": 0.006024920678315671,
          "n_close_orders": 8,
          "rentry_pprice_dist": 0.03423340309123342,
          "rentry_pprice_dist_wallet_exposure_weighting": 3.6591220943186427,
          "wallet_exposure_limit": 0.3},
 "short": {"auto_unstuck_ema_dist": -0.008964660813191083,
           "auto_unstuck_wallet_exposure_threshold": 0.05210794592883826,
           "backwards_tp": true,
           "ddown_factor": 2.992916133337596,
           "ema_span_0": 17.39627892112255,
           "ema_span_1": 578.9424885110792,
           "enabled": false,
           "initial_eprice_ema_dist": -0.09665670867214744,
           "initial_qty_pct": 0.07955072177933488,
           "markup_range": 0.03876823928730427,
           "min_markup": 0.0010647957644304429,
           "n_close_orders": 6,
           "rentry_pprice_dist": 0.013614538861577947,
           "rentry_pprice_dist_wallet_exposure_weighting": 8.290218253685673,
           "wallet_exposure_limit": 1.0}}