{"config_name": "recursive_grid_0days",
 "logging_level": 0,
 "long": {"auto_unstuck_ema_dist": 0.004351756478865835,
          "auto_unstuck_wallet_exposure_threshold": 0.05192620318661375,
          "backwards_tp": true,
          "ddown_factor": 0.32266941197777177,
          "ema_span_0": 884.3431823998864,
          "ema_span_1": 736.0988096148507,
          "enabled": true,
          "initial_eprice_ema_dist": -0.022644991207016282,
          "initial_qty_pct": 0.0017855003640240641,
          "markup_range": 0.02712097053679325,
          "min_markup": 0.010264968591272865,
          "n_close_orders": 3,
          "rentry_pprice_dist": 0.025590335491886235,
          "rentry_pprice_dist_wallet_exposure_weighting": 3.5338932088149737,
          "wallet_exposure_limit": 0.2},
 "short": {"auto_unstuck_ema_dist": -0.004320917849541195,
           "auto_unstuck_wallet_exposure_threshold": 0.06049405111426867,
           "backwards_tp": true,
           "ddown_factor": 2.9370678335204214,
           "ema_span_0": 213.344689338307,
           "ema_span_1": 289.06516361928817,
           "enabled": false,
           "initial_eprice_ema_dist": -0.04820989688399413,
           "initial_qty_pct": 0.07453908746460505,
           "markup_range": 0.034229987552215756,
           "min_markup": 0.005988214875985447,
           "n_close_orders": 12,
           "rentry_pprice_dist": 0.008942249670407753,
           "rentry_pprice_dist_wallet_exposure_weighting": 2.856652080458726,
           "wallet_exposure_limit": 1.0}}