{"config_name": "recursive_grid_0days",
 "logging_level": 0,
 "long": {"auto_unstuck_ema_dist": 0,
          "auto_unstuck_wallet_exposure_threshold": 0.0,
          "backwards_tp": false,
          "ddown_factor": 2.1429,
          "ema_span_0": 118.38980598472921,
          "ema_span_1": 364.42615859839884,
          "enabled": true,
          "initial_eprice_ema_dist": -0.00908104700207279,
          "initial_qty_pct": 0.0031893,
          "markup_range": 0.028078,
          "min_markup": 0.005709,
          "n_close_orders": 5,
          "rentry_pprice_dist": 0.018515,
          "rentry_pprice_dist_wallet_exposure_weighting": 2.1199,
          "wallet_exposure_limit": 0.2},
 "short": {"auto_unstuck_ema_dist": -0.09806341406939686,
           "auto_unstuck_wallet_exposure_threshold": 0.08269662967621881,
           "backwards_tp": false,
           "ddown_factor": 0.8832680407770205,
           "ema_span_0": 1284.3202995974905,
           "ema_span_1": 1265.5696879322186,
           "enabled": false,
           "initial_eprice_ema_dist": -0.03312526100340739,
           "initial_qty_pct": 0.0821287043066369,
           "markup_range": 0.05221734015679369,
           "min_markup": 0.0069579544826994235,
           "n_close_orders": 7,
           "rentry_pprice_dist": 0.038827680532626,
           "rentry_pprice_dist_wallet_exposure_weighting": 8.363906011441022,
           "wallet_exposure_limit": 1.0}}