{"config_name": "recursive_grid_0days",
 "logging_level": 0,
 "long": {"auto_unstuck_ema_dist": 0,
          "auto_unstuck_wallet_exposure_threshold": 0.0,
          "backwards_tp": true,
          "ddown_factor": 2.1203244724901333,
          "ema_span_0": 408.26601056419776,
          "ema_span_1": 1351.7218507001187,
          "enabled": true,
          "initial_eprice_ema_dist": 0.003614031516528709,
          "initial_qty_pct": 0.011755443938611602,
          "markup_range": 0.008422550052793094,
          "min_markup": 0.003459331017388753,
          "n_close_orders": 14,
          "rentry_pprice_dist": 0.031187071666646728,
          "rentry_pprice_dist_wallet_exposure_weighting": 1.5420376285517992,
          "wallet_exposure_limit": 0.3},
 "short": {"auto_unstuck_ema_dist": -0.003518444983915736,
           "auto_unstuck_wallet_exposure_threshold": 0.0866719318824411,
           "backwards_tp": true,
           "ddown_factor": 1.6380390346410898,
           "ema_span_0": 994.2139877219815,
           "ema_span_1": 719.8309679791906,
           "enabled": false,
           "initial_eprice_ema_dist": -0.09178310030349407,
           "initial_qty_pct": 0.042563605048040305,
           "markup_range": 0.03972518431820794,
           "min_markup": 0.0055040658920760205,
           "n_close_orders": 13,
           "rentry_pprice_dist": 0.04490121436952341,
           "rentry_pprice_dist_wallet_exposure_weighting": 6.020077605161198,
           "wallet_exposure_limit": 1}}