{"config_name": "recursive_grid_0days",
 "logging_level": 0,
 "long": {"auto_unstuck_ema_dist": 0.0009394566716119531,
          "auto_unstuck_wallet_exposure_threshold": 0.0930982252061731,
          "backwards_tp": true,
          "ddown_factor": 1.5114044554670973,
          "ema_span_0": 171.00254159455986,
          "ema_span_1": 113.04564491551207,
          "enabled": true,
          "initial_eprice_ema_dist": -0.0009379929370364408,
          "initial_qty_pct": 0.027939522214209693,
          "markup_range": 0.01016387262669499,
          "min_markup": 0.005254175757732144,
          "n_close_orders": 2,
          "rentry_pprice_dist": 0.03016752545360251,
          "rentry_pprice_dist_wallet_exposure_weighting": 0.0,
          "wallet_exposure_limit": 0.3},
 "short": {"auto_unstuck_ema_dist": -0.035639763613067116,
           "auto_unstuck_wallet_exposure_threshold": 0.039394197127181355,
           "backwards_tp": true,
           "ddown_factor": 1.0807025707193825,
           "ema_span_0": 255.48508055567245,
           "ema_span_1": 681.6787110189748,
           "enabled": false,
           "initial_eprice_ema_dist": -0.09196713748930616,
           "initial_qty_pct": 0.03625847351215352,
           "markup_range": 0.04541690621967796,
           "min_markup": 0.008069502384877511,
           "n_close_orders": 1,
           "rentry_pprice_dist": 0.02058195269841871,
           "rentry_pprice_dist_wallet_exposure_weighting": 19.329139943708633,
           "wallet_exposure_limit": 1.0}}