{"config_name": "recursive_grid_0days",
 "logging_level": 0,
 "long": {"auto_unstuck_ema_dist": 0.0,
          "auto_unstuck_wallet_exposure_threshold": 0.0,
          "backwards_tp": false,
          "ddown_factor": 1.750757375813885,
          "ema_span_0": 174.52089370083763,
          "ema_span_1": 209.54586989490147,
          "enabled": true,
          "initial_eprice_ema_dist": -0.09363918366264268,
          "initial_qty_pct": 0.005900990141030767,
          "markup_range": 0.04886890637360668,
          "min_markup": 0.009737311792477022,
          "n_close_orders": 4,
          "rentry_pprice_dist": 0.03216295067617259,
          "rentry_pprice_dist_wallet_exposure_weighting": 1.5817793167057754,
          "wallet_exposure_limit": 0.2},
 "short": {"auto_unstuck_ema_dist": -0.09138291934977552,
           "auto_unstuck_wallet_exposure_threshold": 0.06539631426521655,
           "backwards_tp": false,
           "ddown_factor": 1.8211464311790098,
           "ema_span_0": 988.7505357965371,
           "ema_span_1": 48.15403420081258,
           "enabled": false,
           "initial_eprice_ema_dist": -0.06244350915857684,
           "initial_qty_pct": 0.08573858053603493,
           "markup_range": 0.0024857276643172276,
           "min_markup": 0.00888880063774277,
           "n_close_orders": 16,
           "rentry_pprice_dist": 0.029164875871025255,
           "rentry_pprice_dist_wallet_exposure_weighting": 12.123418209195219,
           "wallet_exposure_limit": 1.0}}