{"config_name": "recursive_grid_0days",
 "logging_level": 0,
 "long": {"auto_unstuck_ema_dist": 0,
          "auto_unstuck_wallet_exposure_threshold": 0.0,
          "backwards_tp": true,
          "ddown_factor": 2.3695528887634896,
          "ema_span_0": 531.9122413853643,
          "ema_span_1": 379.47330187559714,
          "enabled": true,
          "initial_eprice_ema_dist": 0.007743137344360087,
          "initial_qty_pct": 0.02067628240412627,
          "markup_range": 0.0004535932371804642,
          "min_markup": 0.003908318618790628,
          "n_close_orders": 2,
          "rentry_pprice_dist": 0.035950062172074436,
          "rentry_pprice_dist_wallet_exposure_weighting": 3.3635871719438937,
          "wallet_exposure_limit": 0.3},
 "short": {"auto_unstuck_ema_dist": -0.0861037714770333,
           "auto_unstuck_wallet_exposure_threshold": 0.09424469791152314,
           "backwards_tp": true,
           "ddown_factor": 1.8550411966057379,
           "ema_span_0": 725.8289485559021,
           "ema_span_1": 194.84645638159603,
           "enabled": false,
           "initial_eprice_ema_dist": -0.08998416034615782,
           "initial_qty_pct": 0.056502839262118756,
           "markup_range": 0.004530582364362661,
           "min_markup": 0.003135695065587916,
           "n_close_orders": 10,
           "rentry_pprice_dist": 0.009188681222632783,
           "rentry_pprice_dist_wallet_exposure_weighting": 4.290706574225805,
           "wallet_exposure_limit": 1.0}}