{"config_name": "emas_0days",
 "long": {"delay_between_fills_minutes_close": 457.61040910413567,
          "delay_between_fills_minutes_entry": 370.7656034851865,
          "delay_weight_close": -34.675950322716496,
          "delay_weight_entry": 22.17435227704034,
          "ema_dist_lower": 0.009312099323621708,
          "ema_dist_upper": 0.006894871496055991,
          "ema_span_0": 585.7204937239649,
          "ema_span_1": 497.2196532997328,
          "enabled": true,
          "markup_range": 0.027469797116078172,
          "min_markup": 0.018123547885623488,
          "n_close_orders": 3,
          "qty_pct_close": 0.01830773053869285,
          "qty_pct_entry": 0.004594144409798319,
          "wallet_exposure_limit": 1,
          "we_multiplier_close": 42.69436686754723,
          "we_multiplier_entry": 78.96384788434369},
 "short": {"delay_between_fills_minutes_close": 34.080648903039396,
           "delay_between_fills_minutes_entry": 121.62990778692449,
           "delay_weight_close": -36.26749617691398,
           "delay_weight_entry": 25.384603699086817,
           "ema_dist_lower": 0.015184186590289191,
           "ema_dist_upper": 0.0057551766567152645,
           "ema_span_0": 303.3610237114963,
           "ema_span_1": 971.9430533047077,
           "enabled": false,
           "markup_range": 0.005577235716362712,
           "min_markup": 0.013765435896875518,
           "n_close_orders": 3,
           "qty_pct_close": 0.012273323851603339,
           "qty_pct_entry": 0.006876111186033059,
           "wallet_exposure_limit": 1.0,
           "we_multiplier_close": 39.775350513770825,
           "we_multiplier_entry": 1.907502769180025}}