{"config_name": "recursive_grid_0days",
 "logging_level": 0,
 "long": {"auto_unstuck_ema_dist": 0.005,
          "auto_unstuck_wallet_exposure_threshold": 0.05,
          "backwards_tp": true,
          "ddown_factor": 3.952098592145771,
          "ema_span_0": 870.7644162264567,
          "ema_span_1": 395.6892673989697,
          "enabled": true,
          "initial_eprice_ema_dist": -0.022843074404965035,
          "initial_qty_pct": 0.005895292860288672,
          "markup_range": 0.03154564581760507,
          "min_markup": 0.010321253500987402,
          "n_close_orders": 1,
          "rentry_pprice_dist": 0.028833905590905276,
          "rentry_pprice_dist_wallet_exposure_weighting": 2.7524797891742163,
          "wallet_exposure_limit": 0.2},
 "short": {"auto_unstuck_ema_dist": -0.033259817399730385,
           "auto_unstuck_wallet_exposure_threshold": 0.070794980687543,
           "backwards_tp": true,
           "ddown_factor": 0.24845606829502823,
           "ema_span_0": 1274.3806280673473,
           "ema_span_1": 981.1760505389767,
           "enabled": false,
           "initial_eprice_ema_dist": -0.028494539795866622,
           "initial_qty_pct": 0.09594984174503692,
           "markup_range": 0.040575810072023426,
           "min_markup": 0.006701797340376201,
           "n_close_orders": 13,
           "rentry_pprice_dist": 0.01077202529394922,
           "rentry_pprice_dist_wallet_exposure_weighting": 11.106395986146822,
           "wallet_exposure_limit": 1.0}}