{"config_name": "recursive_grid_0days",
 "logging_level": 0,
 "long": {"auto_unstuck_ema_dist": -0.0007426047528042503,
          "auto_unstuck_wallet_exposure_threshold": 0.06317412206407552,
          "backwards_tp": true,
          "ddown_factor": 2.7378912672666598,
          "ema_span_0": 227.39060149811962,
          "ema_span_1": 1002.1088165751793,
          "enabled": true,
          "initial_eprice_ema_dist": -0.00788745524510286,
          "initial_qty_pct": 0.017830658636679122,
          "markup_range": 0.0027679377574920147,
          "min_markup": 0.004313879546930171,
          "n_close_orders": 14,
          "rentry_pprice_dist": 0.025818580639303628,
          "rentry_pprice_dist_wallet_exposure_weighting": 0.0,
          "wallet_exposure_limit": 0.3},
 "short": {"auto_unstuck_ema_dist": -0.02046271637595215,
           "auto_unstuck_wallet_exposure_threshold": 0.04337053599433317,
           "backwards_tp": true,
           "ddown_factor": 2.0514505836171018,
           "ema_span_0": 268.8028514208,
           "ema_span_1": 397.27797455454765,
           "enabled": false,
           "initial_eprice_ema_dist": -0.0013555734424465782,
           "initial_qty_pct": 0.061162422516585935,
           "markup_range": 0.000193528835556358,
           "min_markup": 0.008443016135295828,
           "n_close_orders": 14,
           "rentry_pprice_dist": 0.031237807006045785,
           "rentry_pprice_dist_wallet_exposure_weighting": 24.368493901190377,
           "wallet_exposure_limit": 1.0}}