{"config_name": "recursive_grid_0days",
 "logging_level": 0,
 "long": {"auto_unstuck_ema_dist": 0,
          "auto_unstuck_wallet_exposure_threshold": 0.0,
          "backwards_tp": false,
          "ddown_factor": 2.5746817852803456,
          "ema_span_0": 483.4201883303482,
          "ema_span_1": 129.719470771281,
          "enabled": true,
          "initial_eprice_ema_dist": -0.026842129269838675,
          "initial_qty_pct": 0.005857744557772823,
          "markup_range": 0.046595617672630346,
          "min_markup": 0.002846303947230687,
          "n_close_orders": 2,
          "rentry_pprice_dist": 0.027248459647474955,
          "rentry_pprice_dist_wallet_exposure_weighting": 3.3218036444837247,
          "wallet_exposure_limit": 0.2},
 "short": {"auto_unstuck_ema_dist": -0.09118168255271829,
           "auto_unstuck_wallet_exposure_threshold": 0.08255251938753387,
           "backwards_tp": false,
           "ddown_factor": 1.2902132832473239,
           "ema_span_0": 1321.5668781551065,
           "ema_span_1": 794.0070356510241,
           "enabled": false,
           "initial_eprice_ema_dist": -0.09628596875937372,
           "initial_qty_pct": 0.04342705517353255,
           "markup_range": 0.033765024305859814,
           "min_markup": 0.0028560023523827257,
           "n_close_orders": 13,
           "rentry_pprice_dist": 0.04047652106952034,
           "rentry_pprice_dist_wallet_exposure_weighting": 18.628485705016008,
           "wallet_exposure_limit": 1.0}}