{"config_name": "recursive_grid_0days",
 "logging_level": 0,
 "long": {"auto_unstuck_ema_dist": 0.0035186201839526293,
          "auto_unstuck_wallet_exposure_threshold": 0.053921581485131855,
          "backwards_tp": true,
          "ddown_factor": 1.874305994137568,
          "ema_span_0": 160.89083262476433,
          "ema_span_1": 974.4849935292995,
          "enabled": true,
          "initial_eprice_ema_dist": -0.026322307018039528,
          "initial_qty_pct": 0.0033671300561699887,
          "markup_range": 0.03651744571267886,
          "min_markup": 0.010561194433435443,
          "n_close_orders": 2,
          "rentry_pprice_dist": 0.033418063186882736,
          "rentry_pprice_dist_wallet_exposure_weighting": 0.7671179170244266,
          "wallet_exposure_limit": 0.2},
 "short": {"auto_unstuck_ema_dist": -0.06775665090543787,
           "auto_unstuck_wallet_exposure_threshold": 0.04909259604110955,
           "backwards_tp": true,
           "ddown_factor": 1.5411858328112942,
           "ema_span_0": 754.2692639360286,
           "ema_span_1": 1184.7248417128183,
           "enabled": false,
           "initial_eprice_ema_dist": -0.06271187566085384,
           "initial_qty_pct": 0.07318040027076572,
           "markup_range": 0.005784724860046149,
           "min_markup": 0.008104996808549012,
           "n_close_orders": 8,
           "rentry_pprice_dist": 0.041877181214247536,
           "rentry_pprice_dist_wallet_exposure_weighting": 17.443114443390066,
           "wallet_exposure_limit": 1.0}}