{"config_name": "clock_0days",
 "long": {"backwards_tp": true,
          "delay_between_fills_minutes_close": 400.5449899410317,
          "delay_between_fills_minutes_entry": 442.202690432919,
          "delay_weight_close": 45.81162089979153,
          "delay_weight_entry": 29.659888698943327,
          "ema_dist_close": -0.005217362960627902,
          "ema_dist_entry": -0.681620649987428,
          "ema_span_0": 107.54851356500906,
          "ema_span_1": 462.1828574725019,
          "enabled": true,
          "markup_range": 0.014759756261488951,
          "min_markup": 0.010081301215219433,
          "n_close_orders": 7,
          "qty_pct_close": 0.010554020176092159,
          "qty_pct_entry": 0.01,
          "wallet_exposure_limit": 0.3,
          "we_multiplier_close": 123.93400730136001,
          "we_multiplier_entry": 111.18041692014208},
 "short": {"backwards_tp": false,
           "delay_between_fills_minutes_close": 158.8387070792493,
           "delay_between_fills_minutes_entry": 188.20315931282462,
           "delay_weight_close": 74.1072122177552,
           "delay_weight_entry": 86.80053861385484,
           "ema_dist_close": -0.0013382833870990013,
           "ema_dist_entry": -0.004662739970449137,
           "ema_span_0": 69.1800163104453,
           "ema_span_1": 720.8152625911329,
           "enabled": false,
           "markup_range": 0.05613379930586657,
           "min_markup": 0.05890093024307831,
           "n_close_orders": 14,
           "qty_pct_close": 0.9057095457881279,
           "qty_pct_entry": 0.742474212150704,
           "wallet_exposure_limit": 1.0,
           "we_multiplier_close": 3.078654917668444,
           "we_multiplier_entry": 76.19359504481828}}