{"config_name": "clock_0days",
 "long": {"backwards_tp": true,
          "delay_between_fills_minutes_close": 396.1904340691363,
          "delay_between_fills_minutes_entry": 485.18626884615975,
          "delay_weight_close": 62.79141401490465,
          "delay_weight_entry": 25.131735348670713,
          "ema_dist_close": -0.82461100502149,
          "ema_dist_entry": -0.7665009184476463,
          "ema_span_0": 197.5369617864634,
          "ema_span_1": 186.82374203560096,
          "enabled": true,
          "markup_range": 0.019181670470271722,
          "min_markup": 0.009617417442945222,
          "n_close_orders": 2,
          "qty_pct_close": 0.01,
          "qty_pct_entry": 0.01,
          "wallet_exposure_limit": 0.3,
          "we_multiplier_close": 9.441706261459792,
          "we_multiplier_entry": 18.00315914509982},
 "short": {"backwards_tp": true,
           "delay_between_fills_minutes_close": 124.0636412050317,
           "delay_between_fills_minutes_entry": 138.48240696589687,
           "delay_weight_close": 30.510068657897648,
           "delay_weight_entry": 22.440721539573182,
           "ema_dist_close": -0.04346802451884903,
           "ema_dist_entry": -0.016853242887981262,
           "ema_span_0": 339.57489286489835,
           "ema_span_1": 210.84033617537384,
           "enabled": false,
           "markup_range": 0.028898326606899807,
           "min_markup": 0.06058908203651807,
           "n_close_orders": 16,
           "qty_pct_close": 0.6951624764447847,
           "qty_pct_entry": 0.03825823202596723,
           "wallet_exposure_limit": 1.0,
           "we_multiplier_close": 9.735086072647881,
           "we_multiplier_entry": 68.5590310798925}}