{"config_name": "neat_grid_0days",
 "logging_level": 0,
 "long": {"auto_unstuck_ema_dist": 0,
          "auto_unstuck_wallet_exposure_threshold": 0,
          "backwards_tp": true,
          "ema_span_0": 386.3198629168129,
          "ema_span_1": 389.24206980471695,
          "enabled": true,
          "eprice_exp_base": 1.586507790034778,
          "eqty_exp_base": 2.895088457341221,
          "grid_span": 0.1344479625152575,
          "initial_eprice_ema_dist": -0.049540897678649845,
          "initial_qty_pct": 0.01,
          "markup_range": 0.00153301414497882,
          "max_n_entry_orders": 7,
          "min_markup": 0.002,
          "n_close_orders": 13,
          "wallet_exposure_limit": 1},
 "short": {"auto_unstuck_ema_dist": 0,
           "auto_unstuck_wallet_exposure_threshold": 0,
           "backwards_tp": true,
           "ema_span_0": 3259.730805398613,
           "ema_span_1": 3622.0080342864335,
           "enabled": true,
           "eprice_exp_base": 2.907798227591018,
           "eqty_exp_base": 2.192122580917127,
           "grid_span": 0.18715521691418766,
           "initial_eprice_ema_dist": -0.08333590760252803,
           "initial_qty_pct": 0.01,
           "markup_range": 0.0187522208081123,
           "max_n_entry_orders": 15,
           "min_markup": 0.007221061077721424,
           "n_close_orders": 6,
           "wallet_exposure_limit": 0.1662625973871446}}