{"config_name": "recursive_grid_0days",
 "logging_level": 0,
 "long": {"auto_unstuck_ema_dist": 0,
          "auto_unstuck_wallet_exposure_threshold": 0.0,
          "backwards_tp": false,
          "ddown_factor": 1.992696964480503,
          "ema_span_0": 189.22255121073252,
          "ema_span_1": 167.90767345149186,
          "enabled": true,
          "initial_eprice_ema_dist": -0.15201617282981406,
          "initial_qty_pct": 0.0016955236768993796,
          "markup_range": 0.03324518131709491,
          "min_markup": 0.008708763606489265,
          "n_close_orders": 2,
          "rentry_pprice_dist": 0.023349492951218277,
          "rentry_pprice_dist_wallet_exposure_weighting": 3.1334424115934416,
          "wallet_exposure_limit": 1},
 "short": {"auto_unstuck_ema_dist": -0.009308473027247424,
           "auto_unstuck_wallet_exposure_threshold": 0.09404565160419641,
           "backwards_tp": false,
           "ddown_factor": 1.2362652193928065,
           "ema_span_0": 765.6490256290697,
           "ema_span_1": 673.480044396199,
           "enabled": false,
           "initial_eprice_ema_dist": -0.03363776213404296,
           "initial_qty_pct": 0.045756405575160634,
           "markup_range": 0.026412777507836774,
           "min_markup": 0.0012068702324902953,
           "n_close_orders": 12,
           "rentry_pprice_dist": 0.015632325441631373,
           "rentry_pprice_dist_wallet_exposure_weighting": 12.533016168054344,
           "wallet_exposure_limit": 1.0}}