{"config_name": "recursive_grid_0days",
 "logging_level": 0,
 "long": {"auto_unstuck_ema_dist": 0.0033411092304093267,
          "auto_unstuck_wallet_exposure_threshold": 0.07927183082961924,
          "backwards_tp": true,
          "ddown_factor": 1.3294540229820513,
          "ema_span_0": 288.27519218070114,
          "ema_span_1": 697.9846183018443,
          "enabled": true,
          "initial_eprice_ema_dist": 0.00856891487922887,
          "initial_qty_pct": 0.015942262044719515,
          "markup_range": 0.010168839403466743,
          "min_markup": 0.004347377928970266,
          "n_close_orders": 6,
          "rentry_pprice_dist": 0.02349658659681621,
          "rentry_pprice_dist_wallet_exposure_weighting": 3.2924894905048747,
          "wallet_exposure_limit": 0.3},
 "short": {"auto_unstuck_ema_dist": -0.07458150330718014,
           "auto_unstuck_wallet_exposure_threshold": 0.04834749334191331,
           "backwards_tp": true,
           "ddown_factor": 0.8007038608647966,
           "ema_span_0": 671.6372966175728,
           "ema_span_1": 413.96313680477994,
           "enabled": false,
           "initial_eprice_ema_dist": -0.014731061408473994,
           "initial_qty_pct": 0.025660475963241357,
           "markup_range": 0.01892869904255051,
           "min_markup": 0.006885242306920599,
           "n_close_orders": 4,
           "rentry_pprice_dist": 0.04049533057393582,
           "rentry_pprice_dist_wallet_exposure_weighting": 10.832796443231079,
           "wallet_exposure_limit": 1}}