{"config_name": "recursive_grid_0days",
 "logging_level": 0,
 "long": {"auto_unstuck_ema_dist": -0.0026251510875805505,
          "auto_unstuck_wallet_exposure_threshold": 0.07982314401121136,
          "backwards_tp": true,
          "ddown_factor": 2.4045115350063995,
          "ema_span_0": 671.2855003137662,
          "ema_span_1": 951.572357172003,
          "enabled": true,
          "initial_eprice_ema_dist": 0.008359822980627016,
          "initial_qty_pct": 0.03496704927946357,
          "markup_range": 0.006452012533276197,
          "min_markup": 0.003640521477752223,
          "n_close_orders": 15,
          "rentry_pprice_dist": 0.047556059697700555,
          "rentry_pprice_dist_wallet_exposure_weighting": 2.392069777014414,
          "wallet_exposure_limit": 0.3},
 "short": {"auto_unstuck_ema_dist": -0.09734203707804544,
           "auto_unstuck_wallet_exposure_threshold": 0.06835464446691757,
           "backwards_tp": true,
           "ddown_factor": 2.2499823510929415,
           "ema_span_0": 691.0165411921489,
           "ema_span_1": 24.84699529284979,
           "enabled": false,
           "initial_eprice_ema_dist": -0.031973983250054974,
           "initial_qty_pct": 0.08093874640432631,
           "markup_range": 0.009709182908332597,
           "min_markup": 0.006228570105448624,
           "n_close_orders": 4,
           "rentry_pprice_dist": 0.020469083178533173,
           "rentry_pprice_dist_wallet_exposure_weighting": 28.79057952190557,
           "wallet_exposure_limit": 1.0}}