{"config_name": "recursive_grid_0days",
 "logging_level": 0,
 "long": {"auto_unstuck_ema_dist": 0.01650753497898869,
          "auto_unstuck_wallet_exposure_threshold": 0.0474245762303667,
          "backwards_tp": false,
          "ddown_factor": 3,
          "ema_span_0": 49.074831342508205,
          "ema_span_1": 229.7513558205601,
          "enabled": true,
          "initial_eprice_ema_dist": -0.1,
          "initial_qty_pct": 0.006449196764798042,
          "markup_range": 0.037766018764856975,
          "min_markup": 0.004824859171807315,
          "n_close_orders": 4,
          "rentry_pprice_dist": 0.025351122144319577,
          "rentry_pprice_dist_wallet_exposure_weighting": 0,
          "wallet_exposure_limit": 0.25},
 "short": {"auto_unstuck_ema_dist": 0.01943089955001873,
           "auto_unstuck_wallet_exposure_threshold": 0.03798475064177502,
           "backwards_tp": false,
           "ddown_factor": 1.8707563396965792,
           "ema_span_0": 523.9555788249052,
           "ema_span_1": 875.2596597776298,
           "enabled": true,
           "initial_eprice_ema_dist": -0.1,
           "initial_qty_pct": 0.002940910163546173,
           "markup_range": 0.011463197593699119,
           "min_markup": 0.01283448851250726,
           "n_close_orders": 4,
           "rentry_pprice_dist": 0.03991993554801925,
           "rentry_pprice_dist_wallet_exposure_weighting": 0,
           "wallet_exposure_limit": 0.12}}