{"config_name": "clock_0days",
 "long": {"backwards_tp": true,
          "delay_between_fills_minutes_close": 469.53182932755726,
          "delay_between_fills_minutes_entry": 464.3617075164817,
          "delay_weight_close": 24.040145463948786,
          "delay_weight_entry": 22.0194606967678,
          "ema_dist_close": -0.011136128063207608,
          "ema_dist_entry": -0.5270784208271336,
          "ema_span_0": 2193.0267371891996,
          "ema_span_1": 413.37125703318156,
          "enabled": true,
          "markup_range": 0.03632745808689365,
          "min_markup": 0.00993328013493091,
          "n_close_orders": 8,
          "qty_pct_close": 0.010880880633815105,
          "qty_pct_entry": 0.01088937633871337,
          "wallet_exposure_limit": 0.3,
          "we_multiplier_close": 92.32134462306684,
          "we_multiplier_entry": 33.784760219769055},
 "short": {"backwards_tp": true,
           "delay_between_fills_minutes_close": 44.468141770510115,
           "delay_between_fills_minutes_entry": 933.6498913314081,
           "delay_weight_close": 49.539167611577675,
           "delay_weight_entry": 20.562129850874456,
           "ema_dist_close": -0.005750653102971917,
           "ema_dist_entry": -0.04704936744631858,
           "ema_span_0": 291.18591666852143,
           "ema_span_1": 493.9079054201841,
           "enabled": false,
           "markup_range": 0.029860222877368472,
           "min_markup": 0.030342680183743483,
           "n_close_orders": 7,
           "qty_pct_close": 0.9167158232573771,
           "qty_pct_entry": 0.5248934433365371,
           "wallet_exposure_limit": 1.0,
           "we_multiplier_close": 8.683308128834632,
           "we_multiplier_entry": 0.6121238668791218}}