{"config_name": "neat_grid_0days",
 "logging_level": 0,
 "long": {"auto_unstuck_ema_dist": 0.08707022910534182,
          "auto_unstuck_wallet_exposure_threshold": 0.5683267968391787,
          "backwards_tp": true,
          "ema_span_0": 458.9946263558398,
          "ema_span_1": 468.2756741371619,
          "enabled": true,
          "eprice_exp_base": 1.2662725609202234,
          "eqty_exp_base": 1.5,
          "grid_span": 0.4,
          "initial_eprice_ema_dist": -0.09379075299436195,
          "initial_qty_pct": 0.01,
          "markup_range": 0.002,
          "max_n_entry_orders": 8,
          "min_markup": 0.002790208308241734,
          "n_close_orders": 11,
          "wallet_exposure_limit": 0.1},
 "short": {"auto_unstuck_ema_dist": 0.07191853057404923,
           "auto_unstuck_wallet_exposure_threshold": 0.2571892585582569,
           "backwards_tp": true,
           "ema_span_0": 1966.507285021996,
           "ema_span_1": 6026.944303121269,
           "enabled": true,
           "eprice_exp_base": 1.4287220388019841,
           "eqty_exp_base": 2.4392907843993603,
           "grid_span": 0.5731882854956765,
           "initial_eprice_ema_dist": -0.03737710521791561,
           "initial_qty_pct": 0.01,
           "markup_range": 0.0017245729800013602,
           "max_n_entry_orders": 8,
           "min_markup": 0.002684530626232607,
           "n_close_orders": 15,
           "wallet_exposure_limit": 0.1}}