{"config_name": "clock_0days",
 "long": {"backwards_tp": false,
          "delay_between_fills_minutes_close": 1440,
          "delay_between_fills_minutes_entry": 1416.4209071090168,
          "delay_weight_close": 7.744455484950298,
          "delay_weight_entry": 15.133157968858278,
          "ema_dist_close": 0.0002724107801090883,
          "ema_dist_entry": -0.0007967631269991431,
          "ema_span_0": 185.83860663071076,
          "ema_span_1": 1362.0934340663146,
          "enabled": true,
          "markup_range": 0.04,
          "min_markup": 0.009575920765750982,
          "n_close_orders": 9,
          "qty_pct_close": 0.01,
          "qty_pct_entry": 0.01135068677901299,
          "wallet_exposure_limit": 0.2,
          "we_multiplier_close": 0,
          "we_multiplier_entry": 69.01743874709392},
 "short": {"backwards_tp": false,
           "delay_between_fills_minutes_close": 579.561656362343,
           "delay_between_fills_minutes_entry": 329.40236692827244,
           "delay_weight_close": 59.07784799114447,
           "delay_weight_entry": 42.19682870142537,
           "ema_dist_close": -0.04276053407304171,
           "ema_dist_entry": -0.0266508043380961,
           "ema_span_0": 822.3214796120099,
           "ema_span_1": 550.510488255104,
           "enabled": false,
           "markup_range": 0.024714647986592665,
           "min_markup": 0.0018080929329048392,
           "n_close_orders": 16,
           "qty_pct_close": 0.09821573703993301,
           "qty_pct_entry": 0.06450019218526754,
           "wallet_exposure_limit": 1.0,
           "we_multiplier_close": 72.7341181922949,
           "we_multiplier_entry": 95.6477043284633}}