{"config_name": "recursive_grid_0days",
 "logging_level": 0,
 "long": {"auto_unstuck_ema_dist": -0.0008755117011818503,
          "auto_unstuck_wallet_exposure_threshold": 0.05895684194767633,
          "backwards_tp": true,
          "ddown_factor": 1.407989680122293,
          "ema_span_0": 617.6484209861135,
          "ema_span_1": 123.62894107358203,
          "enabled": true,
          "initial_eprice_ema_dist": -0.007777777203299333,
          "initial_qty_pct": 0.016654969688424098,
          "markup_range": 0.010322677066062741,
          "min_markup": 0.008691092570660607,
          "n_close_orders": 2,
          "rentry_pprice_dist": 0.027181416236496204,
          "rentry_pprice_dist_wallet_exposure_weighting": 3.0703305771224594,
          "wallet_exposure_limit": 0.3},
 "short": {"auto_unstuck_ema_dist": -0.09492799162480313,
           "auto_unstuck_wallet_exposure_threshold": 0.07886258259571824,
           "backwards_tp": true,
           "ddown_factor": 1.6629532272080043,
           "ema_span_0": 418.0849291079324,
           "ema_span_1": 271.47691441089285,
           "enabled": false,
           "initial_eprice_ema_dist": -0.024142456269417842,
           "initial_qty_pct": 0.049395724384935454,
           "markup_range": 0.019262282789160937,
           "min_markup": 0.009394278672703274,
           "n_close_orders": 4,
           "rentry_pprice_dist": 0.03327475476801356,
           "rentry_pprice_dist_wallet_exposure_weighting": 22.888954016903526,
           "wallet_exposure_limit": 1}}