{"config_name": "recursive_grid_0days",
 "logging_level": 0,
 "long": {"auto_unstuck_ema_dist": 0.0031920647912281417,
          "auto_unstuck_wallet_exposure_threshold": 0.07294827572264428,
          "backwards_tp": true,
          "ddown_factor": 2.4490681968803236,
          "ema_span_0": 507.1464031429807,
          "ema_span_1": 1026.9166824082674,
          "enabled": true,
          "initial_eprice_ema_dist": -0.013240555794077891,
          "initial_qty_pct": 0.07758422375726938,
          "markup_range": 0.006257513425079491,
          "min_markup": 0.008035398357894406,
          "n_close_orders": 6,
          "rentry_pprice_dist": 0.017551348624320746,
          "rentry_pprice_dist_wallet_exposure_weighting": 8.83088247902223,
          "wallet_exposure_limit": 0.3},
 "short": {"auto_unstuck_ema_dist": -0.09717939165915296,
           "auto_unstuck_wallet_exposure_threshold": 0.06553926157131143,
           "backwards_tp": true,
           "ddown_factor": 0.8925474399344825,
           "ema_span_0": 616.0559651027562,
           "ema_span_1": 1303.0169332914584,
           "enabled": false,
           "initial_eprice_ema_dist": -0.04191008145026392,
           "initial_qty_pct": 0.010635847605245274,
           "markup_range": 0.027801314896197027,
           "min_markup": 0.004358323904644905,
           "n_close_orders": 5,
           "rentry_pprice_dist": 0.01019174457575112,
           "rentry_pprice_dist_wallet_exposure_weighting": 14.283078328308733,
           "wallet_exposure_limit": 1.0}}