{"config_name": "recursive_grid_0days",
 "logging_level": 0,
 "long": {"auto_unstuck_ema_dist": 0,
          "auto_unstuck_wallet_exposure_threshold": 0,
          "backwards_tp": false,
          "ddown_factor": 2.8740257847155237,
          "ema_span_0": 386.8265671476386,
          "ema_span_1": 383.40088196113476,
          "enabled": true,
          "initial_eprice_ema_dist": -0.1,
          "initial_qty_pct": 0.007139152289261044,
          "markup_range": 0.03945764073293955,
          "min_markup": 0.002,
          "n_close_orders": 3,
          "rentry_pprice_dist": 0.03292103904207587,
          "rentry_pprice_dist_wallet_exposure_weighting": 0,
          "wallet_exposure_limit": 0.3},
 "short": {"auto_unstuck_ema_dist": 0.03638714505872237,
           "auto_unstuck_wallet_exposure_threshold": 0.48991543299336227,
           "backwards_tp": false,
           "ddown_factor": 1.3256126366547745,
           "ema_span_0": 2433.3705796612408,
           "ema_span_1": 7959.0565309178755,
           "enabled": false,
           "initial_eprice_ema_dist": -0.09167871353095725,
           "initial_qty_pct": 0.023845617599103513,
           "markup_range": 0.03710005731188291,
           "min_markup": 0.003928935026712021,
           "n_close_orders": 8,
           "rentry_pprice_dist": 0.020059875805179733,
           "rentry_pprice_dist_wallet_exposure_weighting": 54.613158711212826,
           "wallet_exposure_limit": 0.1}}