{"config_name": "clock_0days",
 "long": {"backwards_tp": false,
          "delay_between_fills_minutes_close": 1375.6135718372866,
          "delay_between_fills_minutes_entry": 923.694760537073,
          "delay_weight_close": 85.43468882474312,
          "delay_weight_entry": 28.27054992746678,
          "ema_dist_close": -0.002796498714808882,
          "ema_dist_entry": -0.033692812030074445,
          "ema_span_0": 425.2606100628743,
          "ema_span_1": 947.7872656869943,
          "enabled": true,
          "markup_range": 0.02564446432913765,
          "min_markup": 0.004090831673715587,
          "n_close_orders": 16,
          "qty_pct_close": 0.06427193940207468,
          "qty_pct_entry": 0.01,
          "wallet_exposure_limit": 1,
          "we_multiplier_close": 0.023207339505799757,
          "we_multiplier_entry": 88.4340216064812},
 "short": {"backwards_tp": false,
           "delay_between_fills_minutes_close": 1318.9277464834845,
           "delay_between_fills_minutes_entry": 941.1663012995785,
           "delay_weight_close": 85.60706900461012,
           "delay_weight_entry": 62.68264971296358,
           "ema_dist_close": -0.03578693307396601,
           "ema_dist_entry": -0.008111596450911807,
           "ema_span_0": 262.0974828569951,
           "ema_span_1": 753.848071186903,
           "enabled": false,
           "markup_range": 0.023113538055449186,
           "min_markup": 0.004400133487729958,
           "n_close_orders": 6,
           "qty_pct_close": 0.05466496805670108,
           "qty_pct_entry": 0.08812038514664093,
           "wallet_exposure_limit": 1.0,
           "we_multiplier_close": 16.183260456451986,
           "we_multiplier_entry": 59.53383766759972}}