{"config_name": "recursive_grid_0days",
 "logging_level": 0,
 "long": {"auto_unstuck_ema_dist": 0,
          "auto_unstuck_wallet_exposure_threshold": 0.0,
          "backwards_tp": true,
          "ddown_factor": 2.086698097200064,
          "ema_span_0": 716.0963534057637,
          "ema_span_1": 698.3151165763986,
          "enabled": true,
          "initial_eprice_ema_dist": -0.0545795719825606,
          "initial_qty_pct": 0.005608859515007111,
          "markup_range": 0.0320823547353224,
          "min_markup": 0.004858749321699291,
          "n_close_orders": 1,
          "rentry_pprice_dist": 0.03358753043058937,
          "rentry_pprice_dist_wallet_exposure_weighting": 0.3842081136020565,
          "wallet_exposure_limit": 0.2},
 "short": {"auto_unstuck_ema_dist": -0.044300532294322285,
           "auto_unstuck_wallet_exposure_threshold": 0.03977079383309587,
           "backwards_tp": true,
           "ddown_factor": 1.6969989415271125,
           "ema_span_0": 213.99994848624567,
           "ema_span_1": 507.1042810815451,
           "enabled": false,
           "initial_eprice_ema_dist": -0.05068531156230435,
           "initial_qty_pct": 0.03808071695077306,
           "markup_range": 0.0,
           "min_markup": 0.0018973633463591605,
           "n_close_orders": 11,
           "rentry_pprice_dist": 0.020754255335456776,
           "rentry_pprice_dist_wallet_exposure_weighting": 16.778492177380475,
           "wallet_exposure_limit": 1.0}}