{"config_name": "recursive_grid_0days",
 "logging_level": 0,
 "long": {"auto_unstuck_ema_dist": 0,
          "auto_unstuck_wallet_exposure_threshold": 0.0,
          "backwards_tp": false,
          "ddown_factor": 0.6526314374568796,
          "ema_span_0": 838.8957961088673,
          "ema_span_1": 80.8530354986361,
          "enabled": true,
          "initial_eprice_ema_dist": -0.04347997089047251,
          "initial_qty_pct": 0.0018534149623295913,
          "markup_range": 0.03874048748146756,
          "min_markup": 0.010561194433435443,
          "n_close_orders": 6,
          "rentry_pprice_dist": 0.028529498590480883,
          "rentry_pprice_dist_wallet_exposure_weighting": 1.0736857360690661,
          "wallet_exposure_limit": 0.2},
 "short": {"auto_unstuck_ema_dist": -0.08129591627180556,
           "auto_unstuck_wallet_exposure_threshold": 0.05072808795839035,
           "backwards_tp": false,
           "ddown_factor": 0.8586689367361171,
           "ema_span_0": 1414.9880406313755,
           "ema_span_1": 165.9543401532496,
           "enabled": false,
           "initial_eprice_ema_dist": -0.06875959168234916,
           "initial_qty_pct": 0.02514004111930475,
           "markup_range": 0.05245667846226454,
           "min_markup": 0.0015924053345358312,
           "n_close_orders": 15,
           "rentry_pprice_dist": 0.026858069304300288,
           "rentry_pprice_dist_wallet_exposure_weighting": 4.787829817914053,
           "wallet_exposure_limit": 1.0}}