{"config_name": "recursive_grid_0days",
 "logging_level": 0,
 "long": {"auto_unstuck_ema_dist": 0.0,
          "auto_unstuck_wallet_exposure_threshold": 0.0,
          "backwards_tp": true,
          "ddown_factor": 2.0794594199576864,
          "ema_span_0": 348.10405213181485,
          "ema_span_1": 445.22108378691604,
          "enabled": true,
          "initial_eprice_ema_dist": -0.00795411407908275,
          "initial_qty_pct": 0.012361484444985032,
          "markup_range": 0.00438465172397911,
          "min_markup": 0.003159050096957712,
          "n_close_orders": 9,
          "rentry_pprice_dist": 0.03500422293584482,
          "rentry_pprice_dist_wallet_exposure_weighting": 0.6011973933984869,
          "wallet_exposure_limit": 0.1},
 "short": {"auto_unstuck_ema_dist": 0.04486632539191099,
           "auto_unstuck_wallet_exposure_threshold": 0.06816196995810204,
           "backwards_tp": true,
           "ddown_factor": 1.2967148078514525,
           "ema_span_0": 2369.855565348948,
           "ema_span_1": 1512.3146987137138,
           "enabled": false,
           "initial_eprice_ema_dist": -0.07057705238265095,
           "initial_qty_pct": 0.015,
           "markup_range": 0.012806242693963727,
           "min_markup": 0.0032169525806948667,
           "n_close_orders": 10,
           "rentry_pprice_dist": 0.013604063903343913,
           "rentry_pprice_dist_wallet_exposure_weighting": 21.98481512152013,
           "wallet_exposure_limit": 0.1}}