{"config_name": "recursive_grid_0days",
 "logging_level": 0,
 "long": {"auto_unstuck_ema_dist": 0,
          "auto_unstuck_wallet_exposure_threshold": 0,
          "backwards_tp": true,
          "ddown_factor": 1.14702537651831,
          "ema_span_0": 255.41635726113444,
          "ema_span_1": 169.270928729769,
          "enabled": true,
          "initial_eprice_ema_dist": -0.08399993049167193,
          "initial_qty_pct": 0.02136200688299894,
          "markup_range": 0.004622082328564022,
          "min_markup": 0.005,
          "n_close_orders": 8,
          "rentry_pprice_dist": 0.007367058775918359,
          "rentry_pprice_dist_wallet_exposure_weighting": 45.867090361826904,
          "wallet_exposure_limit": 0.1},
 "short": {"auto_unstuck_ema_dist": 0.08540194531964428,
           "auto_unstuck_wallet_exposure_threshold": 0,
           "backwards_tp": true,
           "ddown_factor": 2.8512386588282888,
           "ema_span_0": 2862.527404254947,
           "ema_span_1": 4198.558022128027,
           "enabled": true,
           "initial_eprice_ema_dist": -0.08395991370240992,
           "initial_qty_pct": 0.0412285319275552,
           "markup_range": 0.0006802604622169442,
           "min_markup": 0.024306336889813443,
           "n_close_orders": 11,
           "rentry_pprice_dist": 0.04389663782342673,
           "rentry_pprice_dist_wallet_exposure_weighting": 2.2893060595926693,
           "wallet_exposure_limit": 0.1}}