{"config_name": "clock_0days",
 "long": {"backwards_tp": true,
          "delay_between_fills_minutes_close": 477.88343798155375,
          "delay_between_fills_minutes_entry": 345.7954623297786,
          "delay_weight_close": 146.57416529856272,
          "delay_weight_entry": 43.928573455463976,
          "ema_dist_close": -0.00785162231381964,
          "ema_dist_entry": 0.004193379333147933,
          "ema_span_0": 719.8985019366976,
          "ema_span_1": 782.8328329734377,
          "enabled": true,
          "markup_range": 0.012381212125034102,
          "min_markup": 0.004110939511249956,
          "n_close_orders": 7,
          "qty_pct_close": 0.012485202321135614,
          "qty_pct_entry": 0.015735876114516035,
          "wallet_exposure_limit": 0.3,
          "we_multiplier_close": 19.172025355285328,
          "we_multiplier_entry": 120.51008717879267},
 "short": {"backwards_tp": true,
           "delay_between_fills_minutes_close": 150.05317510089762,
           "delay_between_fills_minutes_entry": 422.7351412811941,
           "delay_weight_close": 114.95684048501374,
           "delay_weight_entry": 74.08228486618542,
           "ema_dist_close": -0.2150355064981042,
           "ema_dist_entry": -0.42283232539501237,
           "ema_span_0": 374.524110366431,
           "ema_span_1": 269.1316103873586,
           "enabled": false,
           "markup_range": 0.01522524655105872,
           "min_markup": 0.056543090320078405,
           "n_close_orders": 4,
           "qty_pct_close": 0.01,
           "qty_pct_entry": 0.01,
           "wallet_exposure_limit": 1.0,
           "we_multiplier_close": 146.355985601571,
           "we_multiplier_entry": 51.36387969441424}}