{"config_name": "clock_0days",
 "long": {"backwards_tp": true,
          "delay_between_fills_minutes_close": 499.53059562287433,
          "delay_between_fills_minutes_entry": 100.02983965072723,
          "delay_weight_close": 118.20247461076217,
          "delay_weight_entry": 60.1398850267541,
          "ema_dist_close": -0.7047053219291151,
          "ema_dist_entry": -0.22666097990220668,
          "ema_span_0": 123.67788744523253,
          "ema_span_1": 205.38295359195965,
          "enabled": true,
          "markup_range": 0.02,
          "min_markup": 0.01,
          "n_close_orders": 2,
          "qty_pct_close": 0.01,
          "qty_pct_entry": 0.01,
          "wallet_exposure_limit": 0.3,
          "we_multiplier_close": 67.05441771881796,
          "we_multiplier_entry": 54.24149834390777},
 "short": {"backwards_tp": true,
           "delay_between_fills_minutes_close": 121.04365674833912,
           "delay_between_fills_minutes_entry": 105.84065285377298,
           "delay_weight_close": 79.64579500617124,
           "delay_weight_entry": 13.8362798851417,
           "ema_dist_close": 0.009165038054458875,
           "ema_dist_entry": -0.031836531360432824,
           "ema_span_0": 356.74671490004766,
           "ema_span_1": 692.6027170037817,
           "enabled": false,
           "markup_range": 0.043949163600928966,
           "min_markup": 0.0315266728650972,
           "n_close_orders": 14,
           "qty_pct_close": 0.862014909753821,
           "qty_pct_entry": 0.4461259883574844,
           "wallet_exposure_limit": 1.0,
           "we_multiplier_close": 9.27992425140809,
           "we_multiplier_entry": 87.78184357504418}}