{"config_name": "recursive_grid_0days",
 "logging_level": 0,
 "long": {"auto_unstuck_ema_dist": 0,
          "auto_unstuck_wallet_exposure_threshold": 0.0,
          "backwards_tp": false,
          "ddown_factor": 1.1943566128822585,
          "ema_span_0": 847.8174672819192,
          "ema_span_1": 953.1250895645807,
          "enabled": true,
          "initial_eprice_ema_dist": -0.09631418611748901,
          "initial_qty_pct": 0.0029731428518812806,
          "markup_range": 0.04996603083038957,
          "min_markup": 0.006442915503369027,
          "n_close_orders": 2,
          "rentry_pprice_dist": 0.03287253970056381,
          "rentry_pprice_dist_wallet_exposure_weighting": 1.1850955166073411,
          "wallet_exposure_limit": 1},
 "short": {"auto_unstuck_ema_dist": -0.01868674217755846,
           "auto_unstuck_wallet_exposure_threshold": 0.08004026817016528,
           "backwards_tp": false,
           "ddown_factor": 1.8024793185059265,
           "ema_span_0": 879.4384792222629,
           "ema_span_1": 397.9258019001743,
           "enabled": false,
           "initial_eprice_ema_dist": -0.07862064765458637,
           "initial_qty_pct": 0.02835907625369332,
           "markup_range": 0.04353276701477485,
           "min_markup": 0.007587379114831257,
           "n_close_orders": 12,
           "rentry_pprice_dist": 0.03522308402541614,
           "rentry_pprice_dist_wallet_exposure_weighting": 5.774380806616457,
           "wallet_exposure_limit": 1.0}}