{"config_name": "recursive_grid_0days",
 "logging_level": 0,
 "long": {"auto_unstuck_ema_dist": 0,
          "auto_unstuck_wallet_exposure_threshold": 0.0,
          "backwards_tp": false,
          "ddown_factor": 0.8537070949416761,
          "ema_span_0": 567.2751395751338,
          "ema_span_1": 523.5085102598329,
          "enabled": true,
          "initial_eprice_ema_dist": -0.022598843705154414,
          "initial_qty_pct": 0.005740555088799773,
          "markup_range": 0.05194863386166659,
          "min_markup": 0.0029782060333886514,
          "n_close_orders": 4,
          "rentry_pprice_dist": 0.0334641190133045,
          "rentry_pprice_dist_wallet_exposure_weighting": 3.1484397763652816,
          "wallet_exposure_limit": 0.2},
 "short": {"auto_unstuck_ema_dist": -0.02997927441317068,
           "auto_unstuck_wallet_exposure_threshold": 0.058652873929070835,
           "backwards_tp": false,
           "ddown_factor": 2.690032875149686,
           "ema_span_0": 1331.8087019546417,
           "ema_span_1": 574.5807974496436,
           "enabled": false,
           "initial_eprice_ema_dist": -0.04292598246365643,
           "initial_qty_pct": 0.07538878662832013,
           "markup_range": 0.05821958895442513,
           "min_markup": 0.005496394714782544,
           "n_close_orders": 11,
           "rentry_pprice_dist": 0.0301683846975186,
           "rentry_pprice_dist_wallet_exposure_weighting": 16.911464125134362,
           "wallet_exposure_limit": 1.0}}