{"config_name": "clock_0days",
 "long": {"backwards_tp": true,
          "delay_between_fills_minutes_close": 453.24421563081734,
          "delay_between_fills_minutes_entry": 199.80992452981667,
          "delay_weight_close": 86.65918728852265,
          "delay_weight_entry": 45.97906055825885,
          "ema_dist_close": -0.04750428518552271,
          "ema_dist_entry": 0.008067739164241639,
          "ema_span_0": 225.19907005929133,
          "ema_span_1": 264.2779396962257,
          "enabled": true,
          "markup_range": 0.019626978162022933,
          "min_markup": 0.009878234754406278,
          "n_close_orders": 3,
          "qty_pct_close": 0.01,
          "qty_pct_entry": 0.01,
          "wallet_exposure_limit": 0.3,
          "we_multiplier_close": 73.36753377056695,
          "we_multiplier_entry": 150},
 "short": {"backwards_tp": true,
           "delay_between_fills_minutes_close": 6.203506462721481,
           "delay_between_fills_minutes_entry": 439.07189597930574,
           "delay_weight_close": 56.41839730148492,
           "delay_weight_entry": 35.400387826605204,
           "ema_dist_close": -0.0006846653279207471,
           "ema_dist_entry": -0.0409849876625161,
           "ema_span_0": 369.5052781180905,
           "ema_span_1": 13.50353736383134,
           "enabled": false,
           "markup_range": 0.006277815727344183,
           "min_markup": 0.0040429828932093586,
           "n_close_orders": 2,
           "qty_pct_close": 0.8803230669922016,
           "qty_pct_entry": 0.14118182832725015,
           "wallet_exposure_limit": 1.0,
           "we_multiplier_close": 8.544922988382869,
           "we_multiplier_entry": 65.84103353887323}}