{"config_name": "recursive_grid_0days",
 "logging_level": 0,
 "long": {"auto_unstuck_ema_dist": 0.0,
          "auto_unstuck_wallet_exposure_threshold": 0.0,
          "backwards_tp": true,
          "ddown_factor": 0.5411026488164046,
          "ema_span_0": 416.34317549085137,
          "ema_span_1": 903.4031296666451,
          "enabled": true,
          "initial_eprice_ema_dist": -0.009375904937420432,
          "initial_qty_pct": 0.010251864005622714,
          "markup_range": 0.004941411001547359,
          "min_markup": 0.00340393191087811,
          "n_close_orders": 5,
          "rentry_pprice_dist": 0.032506066297095404,
          "rentry_pprice_dist_wallet_exposure_weighting": 0.5521390827488288,
          "wallet_exposure_limit": 0.1},
 "short": {"auto_unstuck_ema_dist": 0.08157958467641557,
           "auto_unstuck_wallet_exposure_threshold": 0.09196565111593225,
           "backwards_tp": true,
           "ddown_factor": 1.5111728121867176,
           "ema_span_0": 4320,
           "ema_span_1": 7530.219437034438,
           "enabled": false,
           "initial_eprice_ema_dist": -0.030647934563060326,
           "initial_qty_pct": 0.015,
           "markup_range": 0.015301382416854003,
           "min_markup": 0.0022221624083596323,
           "n_close_orders": 8,
           "rentry_pprice_dist": 0.02468426219816026,
           "rentry_pprice_dist_wallet_exposure_weighting": 3.6642055146933963,
           "wallet_exposure_limit": 0.1}}