{"config_name": "recursive_grid_0days",
 "logging_level": 0,
 "long": {"auto_unstuck_ema_dist": 0,
          "auto_unstuck_wallet_exposure_threshold": 0.0,
          "backwards_tp": false,
          "ddown_factor": 0.8789533402387786,
          "ema_span_0": 97.34607001958129,
          "ema_span_1": 985.500599938443,
          "enabled": true,
          "initial_eprice_ema_dist": -0.09496589780280264,
          "initial_qty_pct": 0.002981021449312582,
          "markup_range": 0.028151048754020375,
          "min_markup": 0.009145262668986662,
          "n_close_orders": 3,
          "rentry_pprice_dist": 0.026745592646289434,
          "rentry_pprice_dist_wallet_exposure_weighting": 2.0942683451167317,
          "wallet_exposure_limit": 0.2},
 "short": {"auto_unstuck_ema_dist": -0.027578893505648475,
           "auto_unstuck_wallet_exposure_threshold": 0.04540385547082283,
           "backwards_tp": false,
           "ddown_factor": 2.9074612998230007,
           "ema_span_0": 970.2754209714943,
           "ema_span_1": 371.6176103532677,
           "enabled": false,
           "initial_eprice_ema_dist": -0.0832836518145022,
           "initial_qty_pct": 0.012466363507953866,
           "markup_range": 0.05616932395829757,
           "min_markup": 0.002447550791235988,
           "n_close_orders": 5,
           "rentry_pprice_dist": 0.007361369029424644,
           "rentry_pprice_dist_wallet_exposure_weighting": 2.484011250048732,
           "wallet_exposure_limit": 1.0}}