{"config_name": "recursive_grid_0days",
 "logging_level": 0,
 "long": {"auto_unstuck_ema_dist": 0,
          "auto_unstuck_wallet_exposure_threshold": 0.0,
          "backwards_tp": false,
          "ddown_factor": 1.3807974262366933,
          "ema_span_0": 375.8610788459929,
          "ema_span_1": 766.9942854648907,
          "enabled": true,
          "initial_eprice_ema_dist": -0.185,
          "initial_qty_pct": 0.005619730473992913,
          "markup_range": 0.039337694325428316,
          "min_markup": 0.007299425837553041,
          "n_close_orders": 7,
          "rentry_pprice_dist": 0.02706832206694069,
          "rentry_pprice_dist_wallet_exposure_weighting": 1.0805028360527589,
          "wallet_exposure_limit": 0.2},
 "short": {"auto_unstuck_ema_dist": -0.0640260430389123,
           "auto_unstuck_wallet_exposure_threshold": 0.09138807487429437,
           "backwards_tp": false,
           "ddown_factor": 1.8200739359245357,
           "ema_span_0": 1008.7139321635851,
           "ema_span_1": 622.2593745062462,
           "enabled": false,
           "initial_eprice_ema_dist": -0.02634469471437903,
           "initial_qty_pct": 0.0841961613779983,
           "markup_range": 0.006344646022218154,
           "min_markup": 0.0094472907624659,
           "n_close_orders": 14,
           "rentry_pprice_dist": 0.009703724599151501,
           "rentry_pprice_dist_wallet_exposure_weighting": 10.75546412873829,
           "wallet_exposure_limit": 1.0}}