{"config_name": "recursive_grid_0days",
 "logging_level": 0,
 "long": {"auto_unstuck_ema_dist": 0,
          "auto_unstuck_wallet_exposure_threshold": 0.0,
          "backwards_tp": false,
          "ddown_factor": 0.32137024027480005,
          "ema_span_0": 798.2803325138728,
          "ema_span_1": 723.617256628068,
          "enabled": true,
          "initial_eprice_ema_dist": -0.182205557123885,
          "initial_qty_pct": 0.004585842708866387,
          "markup_range": 0.04838924060726342,
          "min_markup": 0.0031954001813787503,
          "n_close_orders": 3,
          "rentry_pprice_dist": 0.03425842014282715,
          "rentry_pprice_dist_wallet_exposure_weighting": 0.8787471281058044,
          "wallet_exposure_limit": 0.2},
 "short": {"auto_unstuck_ema_dist": -0.007933095295555984,
           "auto_unstuck_wallet_exposure_threshold": 0.08197022770776577,
           "backwards_tp": false,
           "ddown_factor": 0.18905955861651635,
           "ema_span_0": 1138.13410681496,
           "ema_span_1": 165.95711129582998,
           "enabled": false,
           "initial_eprice_ema_dist": -0.050030432811359604,
           "initial_qty_pct": 0.04006445945169426,
           "markup_range": 0.010930996219804196,
           "min_markup": 0.00934430636096199,
           "n_close_orders": 15,
           "rentry_pprice_dist": 0.011769482574474164,
           "rentry_pprice_dist_wallet_exposure_weighting": 1.8005728448087632,
           "wallet_exposure_limit": 1.0}}