{"config_name": "clock_0days",
 "long": {"backwards_tp": true,
          "delay_between_fills_minutes_close": 422.1457003445777,
          "delay_between_fills_minutes_entry": 442.12794036974344,
          "delay_weight_close": 73.336238893833,
          "delay_weight_entry": 30.889033428634836,
          "ema_dist_close": 0.0022831904339733785,
          "ema_dist_entry": -0.2327571786751377,
          "ema_span_0": 417.8007713786644,
          "ema_span_1": 496.0596972979047,
          "enabled": true,
          "markup_range": 0.019653493481889623,
          "min_markup": 0.008978076945319621,
          "n_close_orders": 3,
          "qty_pct_close": 0.01,
          "qty_pct_entry": 0.01,
          "wallet_exposure_limit": 0.3,
          "we_multiplier_close": 12.7604260896497,
          "we_multiplier_entry": 4.317456734605095},
 "short": {"backwards_tp": true,
           "delay_between_fills_minutes_close": 140.90697887912546,
           "delay_between_fills_minutes_entry": 943.2845082575491,
           "delay_weight_close": 22.35927640038614,
           "delay_weight_entry": 71.41231995530958,
           "ema_dist_close": -0.01714859565788964,
           "ema_dist_entry": -0.0270805797638812,
           "ema_span_0": 335.4446983988633,
           "ema_span_1": 258.97632198511974,
           "enabled": false,
           "markup_range": 0.06483910483199481,
           "min_markup": 0.02166753276665745,
           "n_close_orders": 8,
           "qty_pct_close": 0.6233739536041734,
           "qty_pct_entry": 0.42113318188232335,
           "wallet_exposure_limit": 1.0,
           "we_multiplier_close": 6.60091851698675,
           "we_multiplier_entry": 14.25562754289026}}