{"config_name": "recursive_grid_0days",
 "logging_level": 0,
 "long": {"auto_unstuck_ema_dist": 0.005631063689442854,
          "auto_unstuck_wallet_exposure_threshold": 0.03894633776483225,
          "backwards_tp": false,
          "ddown_factor": 1.758044897972055,
          "ema_span_0": 659.484992933365,
          "ema_span_1": 129.3416279016635,
          "enabled": true,
          "initial_eprice_ema_dist": 0.00352441490752557,
          "initial_qty_pct": 0.014170517610603747,
          "markup_range": 0.02170574640095338,
          "min_markup": 0.00270102246370465,
          "n_close_orders": 22,
          "rentry_pprice_dist": 0.03195798176427729,
          "rentry_pprice_dist_wallet_exposure_weighting": 0.0,
          "wallet_exposure_limit": 0.2},
 "short": {"auto_unstuck_ema_dist": -0.02464351145548903,
           "auto_unstuck_wallet_exposure_threshold": 0.06911656137646072,
           "backwards_tp": false,
           "ddown_factor": 2.3049108345557445,
           "ema_span_0": 192.36933040238787,
           "ema_span_1": 916.8814103823315,
           "enabled": false,
           "initial_eprice_ema_dist": -0.0814828540264733,
           "initial_qty_pct": 0.027856529257219403,
           "markup_range": 0.05645660034120337,
           "min_markup": 0.006037637972496371,
           "n_close_orders": 10,
           "rentry_pprice_dist": 0.030629697332382487,
           "rentry_pprice_dist_wallet_exposure_weighting": 3.0898959481023436,
           "wallet_exposure_limit": 1.0}}