{"config_name": "clock_0days",
 "long": {"backwards_tp": true,
          "delay_between_fills_minutes_close": 479.44079820952595,
          "delay_between_fills_minutes_entry": 332.60100991101507,
          "delay_weight_close": 120.52950531376742,
          "delay_weight_entry": 49.174121671739904,
          "ema_dist_close": -0.06101312832762006,
          "ema_dist_entry": 0.009080602582325823,
          "ema_span_0": 422.92171173257634,
          "ema_span_1": 425.31543713129383,
          "enabled": true,
          "markup_range": 0.02,
          "min_markup": 0.00998456687962473,
          "n_close_orders": 4,
          "qty_pct_close": 0.01,
          "qty_pct_entry": 0.01,
          "wallet_exposure_limit": 0.2,
          "we_multiplier_close": 135.8791405830333,
          "we_multiplier_entry": 147.8356416691719},
 "short": {"backwards_tp": true,
           "delay_between_fills_minutes_close": 490.21739572958614,
           "delay_between_fills_minutes_entry": 455.6262262107913,
           "delay_weight_close": 132.50164577495687,
           "delay_weight_entry": 38.65077349694923,
           "ema_dist_close": -0.033394313164463986,
           "ema_dist_entry": 0.004688468437652915,
           "ema_span_0": 21.39863608261404,
           "ema_span_1": 273.1182575838298,
           "enabled": true,
           "markup_range": 0.019785894898077562,
           "min_markup": 0.01,
           "n_close_orders": 4,
           "qty_pct_close": 0.01,
           "qty_pct_entry": 0.01,
           "wallet_exposure_limit": 0.1,
           "we_multiplier_close": 90.00001976824183,
           "we_multiplier_entry": 69.3513300676271}}