{"config_name": "clock_0days",
 "long": {"backwards_tp": true,
          "delay_between_fills_minutes_close": 500,
          "delay_between_fills_minutes_entry": 444.19217145676976,
          "delay_weight_close": 79.49710579180048,
          "delay_weight_entry": 14.449168675152857,
          "ema_dist_close": -0.03502374206385635,
          "ema_dist_entry": -0.9590652560314544,
          "ema_span_0": 827.0134103533877,
          "ema_span_1": 773.0912098260271,
          "enabled": true,
          "markup_range": 0.043131956338419944,
          "min_markup": 0.002910162686831731,
          "n_close_orders": 9,
          "qty_pct_close": 0.01118326091369328,
          "qty_pct_entry": 0.011213697458551991,
          "wallet_exposure_limit": 0.3,
          "we_multiplier_close": 3.3721490145877535,
          "we_multiplier_entry": 74.7024280070383},
 "short": {"backwards_tp": true,
           "delay_between_fills_minutes_close": 55.89724702003693,
           "delay_between_fills_minutes_entry": 479.16388654339187,
           "delay_weight_close": 61.52120880030109,
           "delay_weight_entry": 27.177089349911064,
           "ema_dist_close": -0.014679665690635703,
           "ema_dist_entry": -0.015517231957567483,
           "ema_span_0": 321.6034265546032,
           "ema_span_1": 676.5223692636472,
           "enabled": false,
           "markup_range": 0.0586631231980059,
           "min_markup": 0.0049151205726802,
           "n_close_orders": 8,
           "qty_pct_close": 0.6765721774361201,
           "qty_pct_entry": 0.738439603003748,
           "wallet_exposure_limit": 1.0,
           "we_multiplier_close": 3.9246574186402414,
           "we_multiplier_entry": 26.497824460562647}}