{"config_name": "recursive_grid_0days",
 "logging_level": 0,
 "long": {"auto_unstuck_ema_dist": 0,
          "auto_unstuck_wallet_exposure_threshold": 0,
          "backwards_tp": false,
          "ddown_factor": 1.9788095315821612,
          "ema_span_0": 540.0329545896791,
          "ema_span_1": 405.43729162736145,
          "enabled": true,
          "initial_eprice_ema_dist": -0.1,
          "initial_qty_pct": 0.002421793074319737,
          "markup_range": 0.03954727823810975,
          "min_markup": 0.01482179672942154,
          "n_close_orders": 5,
          "rentry_pprice_dist": 0.04778163299947994,
          "rentry_pprice_dist_wallet_exposure_weighting": 0,
          "wallet_exposure_limit": 0.25},
 "short": {"auto_unstuck_ema_dist": 0,
           "auto_unstuck_wallet_exposure_threshold": 0,
           "backwards_tp": false,
           "ddown_factor": 1.1839869000299401,
           "ema_span_0": 90.53594866329715,
           "ema_span_1": 46.26685417406239,
           "enabled": true,
           "initial_eprice_ema_dist": -0.1,
           "initial_qty_pct": 0.006539402178568583,
           "markup_range": 0.03842487977137492,
           "min_markup": 0.003806184845631436,
           "n_close_orders": 3,
           "rentry_pprice_dist": 0.04600981578028812,
           "rentry_pprice_dist_wallet_exposure_weighting": 0,
           "wallet_exposure_limit": 0.12}}