{"config_name": "recursive_grid_0days",
 "logging_level": 0,
 "long": {"auto_unstuck_ema_dist": 0,
          "auto_unstuck_wallet_exposure_threshold": 0.0,
          "backwards_tp": false,
          "ddown_factor": 1.2055227718411758,
          "ema_span_0": 168.3793839617396,
          "ema_span_1": 821.3161915296606,
          "enabled": true,
          "initial_eprice_ema_dist": -0.037772580206065026,
          "initial_qty_pct": 0.005845663205624218,
          "markup_range": 0.07520953276938484,
          "min_markup": 0.008083256440877498,
          "n_close_orders": 2,
          "rentry_pprice_dist": 0.02453026632493358,
          "rentry_pprice_dist_wallet_exposure_weighting": 3.185556558949658,
          "wallet_exposure_limit": 0.2},
 "short": {"auto_unstuck_ema_dist": -0.05246701337676926,
           "auto_unstuck_wallet_exposure_threshold": 0.05127703007560537,
           "backwards_tp": false,
           "ddown_factor": 1.9217238268444188,
           "ema_span_0": 1049.6752841590437,
           "ema_span_1": 6.146611072068685,
           "enabled": false,
           "initial_eprice_ema_dist": -0.0439596111186334,
           "initial_qty_pct": 0.010328559486426069,
           "markup_range": 0.05567763181276712,
           "min_markup": 0.006081346818572045,
           "n_close_orders": 16,
           "rentry_pprice_dist": 0.04252490522223214,
           "rentry_pprice_dist_wallet_exposure_weighting": 15.309702366928494,
           "wallet_exposure_limit": 1.0}}