{"config_name": "recursive_grid_0days",
 "logging_level": 0,
 "long": {"auto_unstuck_ema_dist": 0,
          "auto_unstuck_wallet_exposure_threshold": 0.0,
          "backwards_tp": false,
          "ddown_factor": 2.1429,
          "ema_span_0": 109.75738721177474,
          "ema_span_1": 301.64268015543155,
          "enabled": true,
          "initial_eprice_ema_dist": -0.004607747649570053,
          "initial_qty_pct": 0.0031893,
          "markup_range": 0.028078,
          "min_markup": 0.005709,
          "n_close_orders": 5,
          "rentry_pprice_dist": 0.018515,
          "rentry_pprice_dist_wallet_exposure_weighting": 2.1199,
          "wallet_exposure_limit": 0.2},
 "short": {"auto_unstuck_ema_dist": -0.045510810413045374,
           "auto_unstuck_wallet_exposure_threshold": 0.04332045387829031,
           "backwards_tp": false,
           "ddown_factor": 2.8427867594163954,
           "ema_span_0": 767.0094455801695,
           "ema_span_1": 132.52452906998914,
           "enabled": false,
           "initial_eprice_ema_dist": -0.058306528387717126,
           "initial_qty_pct": 0.013084883064176933,
           "markup_range": 0.05487748939801284,
           "min_markup": 0.004368073474016508,
           "n_close_orders": 15,
           "rentry_pprice_dist": 0.03485410365941022,
           "rentry_pprice_dist_wallet_exposure_weighting": 3.8858424019710913,
           "wallet_exposure_limit": 1.0}}