{"config_name": "recursive_grid_0days",
 "logging_level": 0,
 "long": {"auto_unstuck_ema_dist": -0.001630654243258259,
          "auto_unstuck_wallet_exposure_threshold": 0.09055971153966541,
          "backwards_tp": true,
          "ddown_factor": 2.3714915963618868,
          "ema_span_0": 635.6538427044984,
          "ema_span_1": 981.3889281409618,
          "enabled": true,
          "initial_eprice_ema_dist": -0.07833137906783819,
          "initial_qty_pct": 0.01,
          "markup_range": 0.004370428851265634,
          "min_markup": 0.004865365975119279,
          "n_close_orders": 3,
          "rentry_pprice_dist": 0.028314494638465366,
          "rentry_pprice_dist_wallet_exposure_weighting": 4.531130167146568,
          "wallet_exposure_limit": 0.3},
 "short": {"auto_unstuck_ema_dist": -0.04849112421476624,
           "auto_unstuck_wallet_exposure_threshold": 0.06094243903839379,
           "backwards_tp": true,
           "ddown_factor": 0.7648552780308382,
           "ema_span_0": 88.75053778058216,
           "ema_span_1": 543.5288707167917,
           "enabled": false,
           "initial_eprice_ema_dist": -0.06658211699443493,
           "initial_qty_pct": 0.06271948282165399,
           "markup_range": 0.011974854483548418,
           "min_markup": 0.0025767176790862747,
           "n_close_orders": 4,
           "rentry_pprice_dist": 0.007836621843143288,
           "rentry_pprice_dist_wallet_exposure_weighting": 27.914919192398244,
           "wallet_exposure_limit": 1.0}}