{"config_name": "neat_grid_0days",
 "logging_level": 0,
 "long": {"auto_unstuck_ema_dist": -0.0005095467790427028,
          "auto_unstuck_wallet_exposure_threshold": 0.03,
          "backwards_tp": false,
          "ema_span_0": 1199.9631417290536,
          "ema_span_1": 1296.6167424631926,
          "enabled": true,
          "eprice_exp_base": 1.0886939022252324,
          "eqty_exp_base": 1.3753868560299973,
          "grid_span": 0.19428398349341983,
          "initial_eprice_ema_dist": -0.004880448561407316,
          "initial_qty_pct": 0.01,
          "markup_range": 0.0021376820201525737,
          "max_n_entry_orders": 7,
          "min_markup": 0.004269407725643343,
          "n_close_orders": 1,
          "wallet_exposure_limit": 1},
 "short": {"auto_unstuck_ema_dist": -0.044408218553866285,
           "auto_unstuck_wallet_exposure_threshold": 0.04322878098845413,
           "backwards_tp": false,
           "ema_span_0": 705.4549860532034,
           "ema_span_1": 1255.9179191236092,
           "enabled": false,
           "eprice_exp_base": 2.560735657151114,
           "eqty_exp_base": 3.1856810952727965,
           "grid_span": 0.5299910579729494,
           "initial_eprice_ema_dist": -0.06977342353734906,
           "initial_qty_pct": 0.07883314390454696,
           "markup_range": 0.04609021249100588,
           "max_n_entry_orders": 16,
           "min_markup": 0.005276516670809737,
           "n_close_orders": 5,
           "wallet_exposure_limit": 1}}