{"config_name": "clock_0days",
 "long": {"backwards_tp": true,
          "delay_between_fills_minutes_close": 385.6671500983211,
          "delay_between_fills_minutes_entry": 129.68475553909136,
          "delay_weight_close": 80.84592249252269,
          "delay_weight_entry": 24.78437599082321,
          "ema_dist_close": -0.009875360316569645,
          "ema_dist_entry": 0.009874230071129128,
          "ema_span_0": 666.030053446685,
          "ema_span_1": 792.5340988518724,
          "enabled": true,
          "markup_range": 0.01103330209348037,
          "min_markup": 0.005109546144248273,
          "n_close_orders": 6,
          "qty_pct_close": 0.013183336353124303,
          "qty_pct_entry": 0.011091517927991325,
          "wallet_exposure_limit": 0.3,
          "we_multiplier_close": 71.90349205151298,
          "we_multiplier_entry": 78.71399696895851},
 "short": {"backwards_tp": true,
           "delay_between_fills_minutes_close": 98.6293339338953,
           "delay_between_fills_minutes_entry": 1280.3144574685182,
           "delay_weight_close": 7.949349915658144,
           "delay_weight_entry": 35.694687112759375,
           "ema_dist_close": -0.015704925410614655,
           "ema_dist_entry": 0.0029815396288480414,
           "ema_span_0": 441.087413836569,
           "ema_span_1": 651.3529014927982,
           "enabled": false,
           "markup_range": 0.09954898076279561,
           "min_markup": 0.09012532214246616,
           "n_close_orders": 8,
           "qty_pct_close": 0.07496147892066335,
           "qty_pct_entry": 0.2655752524366383,
           "wallet_exposure_limit": 1.0,
           "we_multiplier_close": 0.2624619846726012,
           "we_multiplier_entry": 53.074082427918334}}