{"config_name": "neat_grid_0days",
 "logging_level": 0,
 "long": {"auto_unstuck_ema_dist": 0.003,
          "auto_unstuck_wallet_exposure_threshold": 0.04382841967442004,
          "backwards_tp": false,
          "ema_span_0": 109.45252195891369,
          "ema_span_1": 1395.3414997631405,
          "enabled": true,
          "eprice_exp_base": 1.182697101946639,
          "eqty_exp_base": 1.6872428969685695,
          "grid_span": 0.15448958578911104,
          "initial_eprice_ema_dist": -0.0037708971989809585,
          "initial_qty_pct": 0.01,
          "markup_range": 0.004909164538556889,
          "max_n_entry_orders": 14,
          "min_markup": 0.004275,
          "n_close_orders": 1,
          "wallet_exposure_limit": 0.2},
 "short": {"auto_unstuck_ema_dist": -0.032909198348059845,
           "auto_unstuck_wallet_exposure_threshold": 0.054651502070966154,
           "backwards_tp": false,
           "ema_span_0": 471.42529946238693,
           "ema_span_1": 229.01549219256813,
           "enabled": false,
           "eprice_exp_base": 2.775244848580858,
           "eqty_exp_base": 3.176050315939779,
           "grid_span": 0.5618947137326761,
           "initial_eprice_ema_dist": -0.03271323594569034,
           "initial_qty_pct": 0.01926263556462028,
           "markup_range": 0.037541185735824704,
           "max_n_entry_orders": 21,
           "min_markup": 0.007225915793368224,
           "n_close_orders": 8,
           "wallet_exposure_limit": 1}}