{"config_name": "clock_0days",
 "long": {"backwards_tp": true,
          "delay_between_fills_minutes_close": 406.722054697925,
          "delay_between_fills_minutes_entry": 146.84988203858555,
          "delay_weight_close": 67.32962529571326,
          "delay_weight_entry": 25.009509633893888,
          "ema_dist_close": 0.02,
          "ema_dist_entry": 0.00044632104941304447,
          "ema_span_0": 837.373461728153,
          "ema_span_1": 799.3354713824309,
          "enabled": true,
          "markup_range": 0.011242872344495,
          "min_markup": 0.0017006696406567047,
          "n_close_orders": 4,
          "qty_pct_close": 0.013646719678995441,
          "qty_pct_entry": 0.012375919780281349,
          "wallet_exposure_limit": 0.3,
          "we_multiplier_close": 4.192759701664378,
          "we_multiplier_entry": 19.679857925080697},
 "short": {"backwards_tp": true,
           "delay_between_fills_minutes_close": 153.31148562864627,
           "delay_between_fills_minutes_entry": 492.8252988813242,
           "delay_weight_close": 80.05476404178077,
           "delay_weight_entry": 67.84087071709783,
           "ema_dist_close": -0.006877679553478684,
           "ema_dist_entry": -0.03158008184603211,
           "ema_span_0": 245.91798681144653,
           "ema_span_1": 956.2966203764445,
           "enabled": false,
           "markup_range": 0.04574674392413106,
           "min_markup": 0.09901865041108072,
           "n_close_orders": 14,
           "qty_pct_close": 0.6890751491542106,
           "qty_pct_entry": 0.05408638795756759,
           "wallet_exposure_limit": 1.0,
           "we_multiplier_close": 5.426143522836766,
           "we_multiplier_entry": 19.844015172278173}}