{"config_name": "recursive_grid_0days",
 "logging_level": 0,
 "long": {"auto_unstuck_ema_dist": 0.008544943764214847,
          "auto_unstuck_wallet_exposure_threshold": 0.009518518453289437,
          "backwards_tp": true,
          "ddown_factor": 2.465590116659137,
          "ema_span_0": 566.1147480583044,
          "ema_span_1": 600.8630845666293,
          "enabled": true,
          "initial_eprice_ema_dist": 0.010886740175610577,
          "initial_qty_pct": 0.013824799523151786,
          "markup_range": 0.006911935794432736,
          "min_markup": 0.0021135897885186748,
          "n_close_orders": 3,
          "rentry_pprice_dist": 0.016355778283710348,
          "rentry_pprice_dist_wallet_exposure_weighting": 2.6072860705445096,
          "wallet_exposure_limit": 1},
 "short": {"auto_unstuck_ema_dist": 0.02374804007229281,
           "auto_unstuck_wallet_exposure_threshold": 0.027447662154004127,
           "backwards_tp": true,
           "ddown_factor": 2.4320966956759014,
           "ema_span_0": 4049.9117530656517,
           "ema_span_1": 4472.320170377676,
           "enabled": false,
           "initial_eprice_ema_dist": -0.07862414123915769,
           "initial_qty_pct": 0.015,
           "markup_range": 0.022784689889441455,
           "min_markup": 0.003613868892747443,
           "n_close_orders": 18,
           "rentry_pprice_dist": 0.02638631344318751,
           "rentry_pprice_dist_wallet_exposure_weighting": 0.25142076356323706,
           "wallet_exposure_limit": 0.1}}