{"config_name": "clock_0days",
 "long": {"backwards_tp": true,
          "delay_between_fills_minutes_close": 321.4027426064608,
          "delay_between_fills_minutes_entry": 356.37675400064285,
          "delay_weight_close": 150,
          "delay_weight_entry": 20.169896853250467,
          "ema_dist_close": -0.21018353233681564,
          "ema_dist_entry": -0.33093066276148825,
          "ema_span_0": 2064.087056071539,
          "ema_span_1": 173.12778440471064,
          "enabled": true,
          "markup_range": 0.0472644110474848,
          "min_markup": 0.007218019066045084,
          "n_close_orders": 10,
          "qty_pct_close": 0.010232729744980039,
          "qty_pct_entry": 0.014055828616970727,
          "wallet_exposure_limit": 0.3,
          "we_multiplier_close": 1.639593362750945,
          "we_multiplier_entry": 46.08150327358856},
 "short": {"backwards_tp": true,
           "delay_between_fills_minutes_close": 255.02334179683083,
           "delay_between_fills_minutes_entry": 50.77426645538975,
           "delay_weight_close": 94.4434897699528,
           "delay_weight_entry": 29.661717069190363,
           "ema_dist_close": -0.38493413814908484,
           "ema_dist_entry": -0.07188608714786926,
           "ema_span_0": 143.80308975587766,
           "ema_span_1": 216.84100108560244,
           "enabled": false,
           "markup_range": 0.014552133558958872,
           "min_markup": 0.02775489920151376,
           "n_close_orders": 3,
           "qty_pct_close": 0.01,
           "qty_pct_entry": 0.01,
           "wallet_exposure_limit": 1.0,
           "we_multiplier_close": 146.90590694656802,
           "we_multiplier_entry": 5.331191363156296}}