{"config_name": "clock_0days",
 "long": {"backwards_tp": true,
          "delay_between_fills_minutes_close": 333.4359476702525,
          "delay_between_fills_minutes_entry": 310.9842072297919,
          "delay_weight_close": 67.40737314742694,
          "delay_weight_entry": 18.171222533612795,
          "ema_dist_close": -0.004228723092771418,
          "ema_dist_entry": 0.01035686718157161,
          "ema_span_0": 405.5640070857224,
          "ema_span_1": 432.5096642754833,
          "enabled": true,
          "markup_range": 0.044659940456182975,
          "min_markup": 0.008701748472737138,
          "n_close_orders": 4,
          "qty_pct_close": 0.010233270181153935,
          "qty_pct_entry": 0.011526363289604378,
          "wallet_exposure_limit": 0.3,
          "we_multiplier_close": 16.555311547048316,
          "we_multiplier_entry": 101.68469406304844},
 "short": {"backwards_tp": true,
           "delay_between_fills_minutes_close": 63.651474417985256,
           "delay_between_fills_minutes_entry": 572.4229730442572,
           "delay_weight_close": 68.31392275440294,
           "delay_weight_entry": 23.971824338831826,
           "ema_dist_close": -0.03126459481235509,
           "ema_dist_entry": -0.015702971179978757,
           "ema_span_0": 647.4363283981237,
           "ema_span_1": 349.19498853052175,
           "enabled": false,
           "markup_range": 0.05348103682143406,
           "min_markup": 0.09912889218800851,
           "n_close_orders": 15,
           "qty_pct_close": 0.5135836963509298,
           "qty_pct_entry": 0.5678982197816086,
           "wallet_exposure_limit": 1.0,
           "we_multiplier_close": 8.857843650967736,
           "we_multiplier_entry": 53.13515492875415}}