{"config_name": "recursive_grid_0days",
 "logging_level": 0,
 "long": {"auto_unstuck_ema_dist": 0.05253603241889452,
          "auto_unstuck_wallet_exposure_threshold": 0.2345349225292325,
          "backwards_tp": false,
          "ddown_factor": 0.3956474038138693,
          "ema_span_0": 3801.5422643610277,
          "ema_span_1": 5880.405005048845,
          "enabled": false,
          "initial_eprice_ema_dist": -0.0726307093564562,
          "initial_qty_pct": 0.014460357723370454,
          "markup_range": 0.028613569424193346,
          "min_markup": 0.007605602989078225,
          "n_close_orders": 19,
          "rentry_pprice_dist": 0.027889938567738123,
          "rentry_pprice_dist_wallet_exposure_weighting": 84.62269132659009,
          "wallet_exposure_limit": 0.1},
 "short": {"auto_unstuck_ema_dist": 0.0023390742314771873,
           "auto_unstuck_wallet_exposure_threshold": 0.06542580321337095,
           "backwards_tp": false,
           "ddown_factor": 2.545896836362466,
           "ema_span_0": 764.81258489109,
           "ema_span_1": 173.8094097857665,
           "enabled": true,
           "initial_eprice_ema_dist": -0.1,
           "initial_qty_pct": 0.004927401413800378,
           "markup_range": 0.028992211220924664,
           "min_markup": 0.008182265628950854,
           "n_close_orders": 2,
           "rentry_pprice_dist": 0.02743391817846724,
           "rentry_pprice_dist_wallet_exposure_weighting": 0,
           "wallet_exposure_limit": 1.0}}