{"config_name": "clock_0days",
 "long": {"backwards_tp": true,
          "delay_between_fills_minutes_close": 464.2669728655799,
          "delay_between_fills_minutes_entry": 435.49502321719433,
          "delay_weight_close": 149.67914389765323,
          "delay_weight_entry": 23.001642406590793,
          "ema_dist_close": -0.008243721738540502,
          "ema_dist_entry": -0.7318308465568364,
          "ema_span_0": 204.06524210858058,
          "ema_span_1": 404.1747876825896,
          "enabled": true,
          "markup_range": 0.02,
          "min_markup": 0.004189667439730891,
          "n_close_orders": 3,
          "qty_pct_close": 0.01,
          "qty_pct_entry": 0.01,
          "wallet_exposure_limit": 0.2,
          "we_multiplier_close": 23.17774818028423,
          "we_multiplier_entry": 147.68186787684715},
 "short": {"backwards_tp": true,
           "delay_between_fills_minutes_close": 261.6695542213979,
           "delay_between_fills_minutes_entry": 333.7055739349086,
           "delay_weight_close": 115.26763387786474,
           "delay_weight_entry": 12.274802917433584,
           "ema_dist_close": -0.01339935402057646,
           "ema_dist_entry": 0.004357521562640125,
           "ema_span_0": 280.24725003677634,
           "ema_span_1": 236.04697820504262,
           "enabled": true,
           "markup_range": 0.017754170881393565,
           "min_markup": 0.009387155634400103,
           "n_close_orders": 4,
           "qty_pct_close": 0.01,
           "qty_pct_entry": 0.01,
           "wallet_exposure_limit": 0.1,
           "we_multiplier_close": 0.6982258588916106,
           "we_multiplier_entry": 149.8940424060753}}