{"config_name": "recursive_grid_0days",
 "logging_level": 0,
 "long": {"auto_unstuck_ema_dist": 0,
          "auto_unstuck_wallet_exposure_threshold": 0.0,
          "backwards_tp": false,
          "ddown_factor": 1.5387221755901184,
          "ema_span_0": 124.59181148771853,
          "ema_span_1": 104.20333816220695,
          "enabled": true,
          "initial_eprice_ema_dist": -0.04306616114313161,
          "initial_qty_pct": 0.0019685692407842856,
          "markup_range": 0.003909149095196194,
          "min_markup": 0.007797687188745189,
          "n_close_orders": 2,
          "rentry_pprice_dist": 0.028969328431294634,
          "rentry_pprice_dist_wallet_exposure_weighting": 1.451513185226887,
          "wallet_exposure_limit": 0.2},
 "short": {"auto_unstuck_ema_dist": -0.0691517894775121,
           "auto_unstuck_wallet_exposure_threshold": 0.076307988121853,
           "backwards_tp": false,
           "ddown_factor": 0.17380875890175543,
           "ema_span_0": 794.6987358797207,
           "ema_span_1": 322.90817121587116,
           "enabled": false,
           "initial_eprice_ema_dist": -0.03857007793250408,
           "initial_qty_pct": 0.08862320462466503,
           "markup_range": 0.0326468701562146,
           "min_markup": 0.0035069413029194243,
           "n_close_orders": 10,
           "rentry_pprice_dist": 0.03280240417858144,
           "rentry_pprice_dist_wallet_exposure_weighting": 14.817995281857586,
           "wallet_exposure_limit": 1.0}}