{"config_name": "clock_0days",
 "long": {"backwards_tp": true,
          "delay_between_fills_minutes_close": 421.63791195259205,
          "delay_between_fills_minutes_entry": 429.5932949087754,
          "delay_weight_close": 15.560471449139373,
          "delay_weight_entry": 43.749741992202495,
          "ema_dist_close": -0.2633998329042736,
          "ema_dist_entry": 0.010223982540489285,
          "ema_span_0": 107.1259785371665,
          "ema_span_1": 343.45268483973473,
          "enabled": true,
          "markup_range": 0.023090868314119245,
          "min_markup": 0.0036224648458206533,
          "n_close_orders": 4,
          "qty_pct_close": 0.016151158217871355,
          "qty_pct_entry": 0.01,
          "wallet_exposure_limit": 0.3,
          "we_multiplier_close": 11.320242790358646,
          "we_multiplier_entry": 115.00479707219839},
 "short": {"backwards_tp": true,
           "delay_between_fills_minutes_close": 77.63441586565634,
           "delay_between_fills_minutes_entry": 726.7404408575163,
           "delay_weight_close": 64.80584821157878,
           "delay_weight_entry": 79.10013209798772,
           "ema_dist_close": 0.0028215379996956854,
           "ema_dist_entry": -0.00046116344106109097,
           "ema_span_0": 339.82715451776943,
           "ema_span_1": 108.09410468191973,
           "enabled": false,
           "markup_range": 0.08709154212907189,
           "min_markup": 0.09457292983047089,
           "n_close_orders": 9,
           "qty_pct_close": 0.9203894242673156,
           "qty_pct_entry": 0.9280081650450334,
           "wallet_exposure_limit": 1.0,
           "we_multiplier_close": 2.756678151667571,
           "we_multiplier_entry": 78.68986850009425}}