{"config_name": "clock_0days",
 "long": {"backwards_tp": true,
          "delay_between_fills_minutes_close": 492.70112601569923,
          "delay_between_fills_minutes_entry": 430.28185486314635,
          "delay_weight_close": 122.75995628907076,
          "delay_weight_entry": 31.85268100417672,
          "ema_dist_close": 0.008773294401506215,
          "ema_dist_entry": 0.0076191503115215185,
          "ema_span_0": 63.64573059706692,
          "ema_span_1": 124.59195226820832,
          "enabled": true,
          "markup_range": 0.012515823050056721,
          "min_markup": 0.0018213972001224765,
          "n_close_orders": 3,
          "qty_pct_close": 0.01,
          "qty_pct_entry": 0.01,
          "wallet_exposure_limit": 0.3,
          "we_multiplier_close": 6.7280304412254655,
          "we_multiplier_entry": 77.6543495690932},
 "short": {"backwards_tp": true,
           "delay_between_fills_minutes_close": 118.26508381819689,
           "delay_between_fills_minutes_entry": 161.49719302671278,
           "delay_weight_close": 7.376435274283133,
           "delay_weight_entry": 0.4439458202221913,
           "ema_dist_close": 0.001011769722756517,
           "ema_dist_entry": -0.04511486493408555,
           "ema_span_0": 307.201889490835,
           "ema_span_1": 1345.9016763031443,
           "enabled": false,
           "markup_range": 0.011531261804784754,
           "min_markup": 0.005229775279907674,
           "n_close_orders": 11,
           "qty_pct_close": 0.06962424929762172,
           "qty_pct_entry": 0.011801289628857556,
           "wallet_exposure_limit": 1.0,
           "we_multiplier_close": 32.75032868914947,
           "we_multiplier_entry": 55.08770914091292}}