{"config_name": "recursive_grid_0days",
 "logging_level": 0,
 "long": {"auto_unstuck_ema_dist": 0.0004162255585853208,
          "auto_unstuck_wallet_exposure_threshold": 0.03967392943817267,
          "backwards_tp": false,
          "ddown_factor": 2.1429,
          "ema_span_0": 1416.6707488359737,
          "ema_span_1": 478.93341345429786,
          "enabled": true,
          "initial_eprice_ema_dist": 0.000253899548038596,
          "initial_qty_pct": 0.0031893,
          "markup_range": 0.028078,
          "min_markup": 0.005709,
          "n_close_orders": 5,
          "rentry_pprice_dist": 0.018515,
          "rentry_pprice_dist_wallet_exposure_weighting": 2.1199,
          "wallet_exposure_limit": 1},
 "short": {"auto_unstuck_ema_dist": -0.022158849654279555,
           "auto_unstuck_wallet_exposure_threshold": 0.04925611601400959,
           "backwards_tp": false,
           "ddown_factor": 0.6929015100245107,
           "ema_span_0": 826.1790653436988,
           "ema_span_1": 785.3253897848944,
           "enabled": false,
           "initial_eprice_ema_dist": -0.034947613236880906,
           "initial_qty_pct": 0.07783099276689417,
           "markup_range": 0.028496486810961105,
           "min_markup": 0.005392091166579413,
           "n_close_orders": 7,
           "rentry_pprice_dist": 0.029522117400568714,
           "rentry_pprice_dist_wallet_exposure_weighting": 7.668941775401126,
           "wallet_exposure_limit": 1}}