{"config_name": "recursive_grid_0days",
 "logging_level": 0,
 "long": {"auto_unstuck_ema_dist": -0.001510090626714908,
          "auto_unstuck_wallet_exposure_threshold": 0.0897725636827223,
          "backwards_tp": true,
          "ddown_factor": 1.2152174546679853,
          "ema_span_0": 436.12454177053036,
          "ema_span_1": 791.8363718578994,
          "enabled": true,
          "initial_eprice_ema_dist": 0.011956336409534349,
          "initial_qty_pct": 0.022849949658723855,
          "markup_range": 0.011335213092779498,
          "min_markup": 0.0059282099413342434,
          "n_close_orders": 2,
          "rentry_pprice_dist": 0.03501501873149645,
          "rentry_pprice_dist_wallet_exposure_weighting": 1.4751190958267195,
          "wallet_exposure_limit": 0.3},
 "short": {"auto_unstuck_ema_dist": -0.0989229009900623,
           "auto_unstuck_wallet_exposure_threshold": 0.05743567809207363,
           "backwards_tp": true,
           "ddown_factor": 2.7717774326891162,
           "ema_span_0": 130.1698020644272,
           "ema_span_1": 940.875573805702,
           "enabled": false,
           "initial_eprice_ema_dist": -0.05710209221781304,
           "initial_qty_pct": 0.08267074038524715,
           "markup_range": 0.05433648761779139,
           "min_markup": 0.007845262155873016,
           "n_close_orders": 15,
           "rentry_pprice_dist": 0.02565220831311646,
           "rentry_pprice_dist_wallet_exposure_weighting": 35.04207323038065,
           "wallet_exposure_limit": 1.0}}