{"config_name": "recursive_grid_0days",
 "logging_level": 0,
 "long": {"auto_unstuck_ema_dist": 0,
          "auto_unstuck_wallet_exposure_threshold": 0.0,
          "backwards_tp": false,
          "ddown_factor": 1.5182494644269164,
          "ema_span_0": 406.9112411334328,
          "ema_span_1": 615.1174171953336,
          "enabled": true,
          "initial_eprice_ema_dist": -0.1087743931215111,
          "initial_qty_pct": 0.002731337969516342,
          "markup_range": 0.03548668152957387,
          "min_markup": 0.00651904067147989,
          "n_close_orders": 8,
          "rentry_pprice_dist": 0.03147931966567752,
          "rentry_pprice_dist_wallet_exposure_weighting": 2.129799236809894,
          "wallet_exposure_limit": 0.2},
 "short": {"auto_unstuck_ema_dist": -0.05752035735040343,
           "auto_unstuck_wallet_exposure_threshold": 0.05459181583551989,
           "backwards_tp": false,
           "ddown_factor": 1.05931983817603,
           "ema_span_0": 307.20869107057797,
           "ema_span_1": 670.7133224632937,
           "enabled": false,
           "initial_eprice_ema_dist": -0.08472950384514175,
           "initial_qty_pct": 0.017324388863007877,
           "markup_range": 0.007912692032551238,
           "min_markup": 0.0049451505905351335,
           "n_close_orders": 13,
           "rentry_pprice_dist": 0.0388141226379143,
           "rentry_pprice_dist_wallet_exposure_weighting": 9.741137012973692,
           "wallet_exposure_limit": 1.0}}