{"config_name": "clock_0days",
 "long": {"backwards_tp": false,
          "delay_between_fills_minutes_close": 1164.5304591253569,
          "delay_between_fills_minutes_entry": 1142.551794303737,
          "delay_weight_close": 0,
          "delay_weight_entry": 20.053537824873107,
          "ema_dist_close": 0.0015424844149724603,
          "ema_dist_entry": 0.004,
          "ema_span_0": 892.8343222176096,
          "ema_span_1": 1182.2742645213389,
          "enabled": true,
          "markup_range": 0.03443902622964767,
          "min_markup": 0.0026412151732063175,
          "n_close_orders": 15,
          "qty_pct_close": 0.035159676872020235,
          "qty_pct_entry": 0.011584814511036334,
          "wallet_exposure_limit": 0.2,
          "we_multiplier_close": 0.0,
          "we_multiplier_entry": 94.88545668148203},
 "short": {"backwards_tp": false,
           "delay_between_fills_minutes_close": 204.10724566782795,
           "delay_between_fills_minutes_entry": 1235.1783289602379,
           "delay_weight_close": 17.96672276636975,
           "delay_weight_entry": 18.605155092015814,
           "ema_dist_close": -0.012884198881479923,
           "ema_dist_entry": -0.02921753672486512,
           "ema_span_0": 694.1516173195241,
           "ema_span_1": 1365.6857757376217,
           "enabled": false,
           "markup_range": 0.013172231932407394,
           "min_markup": 0.004489678091163668,
           "n_close_orders": 10,
           "qty_pct_close": 0.024405059299796583,
           "qty_pct_entry": 0.03697432004359211,
           "wallet_exposure_limit": 1.0,
           "we_multiplier_close": 7.369005879180057,
           "we_multiplier_entry": 60.770822279611934}}