{"config_name": "recursive_grid_0days",
 "logging_level": 0,
 "long": {"auto_unstuck_ema_dist": 0,
          "auto_unstuck_wallet_exposure_threshold": 0.0,
          "backwards_tp": false,
          "ddown_factor": 3.643944149628405,
          "ema_span_0": 393.490982241306,
          "ema_span_1": 441.03926022400856,
          "enabled": true,
          "initial_eprice_ema_dist": -0.15217211807886294,
          "initial_qty_pct": 0.0030710898363984092,
          "markup_range": 0.05041263053236526,
          "min_markup": 0.005560553239506949,
          "n_close_orders": 1,
          "rentry_pprice_dist": 0.0030913865749672745,
          "rentry_pprice_dist_wallet_exposure_weighting": 0.43249315353316553,
          "wallet_exposure_limit": 0.2},
 "short": {"auto_unstuck_ema_dist": -0.06043111143074993,
           "auto_unstuck_wallet_exposure_threshold": 0.05388087022152947,
           "backwards_tp": false,
           "ddown_factor": 2.3127329144996724,
           "ema_span_0": 35.25053137979418,
           "ema_span_1": 798.9697325474659,
           "enabled": false,
           "initial_eprice_ema_dist": -0.07046327164323432,
           "initial_qty_pct": 0.09802809625057567,
           "markup_range": 0.02045382394810792,
           "min_markup": 0.003974560937200429,
           "n_close_orders": 4,
           "rentry_pprice_dist": 0.02604104014266175,
           "rentry_pprice_dist_wallet_exposure_weighting": 0.07052663740614085,
           "wallet_exposure_limit": 1.0}}