{"config_name": "recursive_grid_0days",
 "logging_level": 0,
 "long": {"auto_unstuck_ema_dist": 0,
          "auto_unstuck_wallet_exposure_threshold": 0.0,
          "backwards_tp": true,
          "ddown_factor": 1.227734695781001,
          "ema_span_0": 325.3139392212919,
          "ema_span_1": 470.17520022870247,
          "enabled": true,
          "initial_eprice_ema_dist": 0.006017676071672149,
          "initial_qty_pct": 0.016237793959507675,
          "markup_range": 0.0057092169872446545,
          "min_markup": 0.003269623989218589,
          "n_close_orders": 2,
          "rentry_pprice_dist": 0.022840999548595867,
          "rentry_pprice_dist_wallet_exposure_weighting": 2.47312217587358,
          "wallet_exposure_limit": 0.3},
 "short": {"auto_unstuck_ema_dist": -0.02080085147399538,
           "auto_unstuck_wallet_exposure_threshold": 0.050407843921769654,
           "backwards_tp": true,
           "ddown_factor": 2.3393089563134026,
           "ema_span_0": 770.8130085037518,
           "ema_span_1": 838.7413235282986,
           "enabled": false,
           "initial_eprice_ema_dist": -0.07004742269231913,
           "initial_qty_pct": 0.06975420505152329,
           "markup_range": 0.05938543363171975,
           "min_markup": 0.007010346881583905,
           "n_close_orders": 9,
           "rentry_pprice_dist": 0.005151295288859834,
           "rentry_pprice_dist_wallet_exposure_weighting": 10.272654715729852,
           "wallet_exposure_limit": 1.0}}