{"config_name": "recursive_grid_0days",
 "logging_level": 0,
 "long": {"auto_unstuck_ema_dist": 0.0,
          "auto_unstuck_wallet_exposure_threshold": 0.0,
          "backwards_tp": true,
          "ddown_factor": 1.8458695065412045,
          "ema_span_0": 479.2851826881437,
          "ema_span_1": 244.29678433385706,
          "enabled": true,
          "initial_eprice_ema_dist": -0.06752637045478631,
          "initial_qty_pct": 0.023695561565462386,
          "markup_range": 0.004109354475521436,
          "min_markup": 0.0033194326649577245,
          "n_close_orders": 7,
          "rentry_pprice_dist": 0.03233094408327121,
          "rentry_pprice_dist_wallet_exposure_weighting": 8.750918225250661,
          "wallet_exposure_limit": 0.1},
 "short": {"auto_unstuck_ema_dist": 0.02578872933634282,
           "auto_unstuck_wallet_exposure_threshold": 0.23868489717337854,
           "backwards_tp": true,
           "ddown_factor": 1.9218473368628763,
           "ema_span_0": 2154.284494552352,
           "ema_span_1": 9247.76270924779,
           "enabled": false,
           "initial_eprice_ema_dist": -0.03902766697564196,
           "initial_qty_pct": 0.021369580698652697,
           "markup_range": 0.03026205965596831,
           "min_markup": 0.012145969026126047,
           "n_close_orders": 11,
           "rentry_pprice_dist": 0.02862569435919957,
           "rentry_pprice_dist_wallet_exposure_weighting": 50.42181472865976,
           "wallet_exposure_limit": 0.1}}