{"config_name": "neat_grid_0days",
 "logging_level": 0,
 "long": {"auto_unstuck_ema_dist": 0.003,
          "auto_unstuck_wallet_exposure_threshold": 0.03,
          "backwards_tp": false,
          "ema_span_0": 1263.04342802819,
          "ema_span_1": 601.8380563066333,
          "enabled": true,
          "eprice_exp_base": 1.053923042909528,
          "eqty_exp_base": 1.4021527387904063,
          "grid_span": 0.16129627449847292,
          "initial_eprice_ema_dist": -0.004977651187333471,
          "initial_qty_pct": 0.01,
          "markup_range": 0.002975789044478546,
          "max_n_entry_orders": 9,
          "min_markup": 0.004275,
          "n_close_orders": 1,
          "wallet_exposure_limit": 0.2},
 "short": {"auto_unstuck_ema_dist": 0.0011619660919700153,
           "auto_unstuck_wallet_exposure_threshold": 0.030845507249657945,
           "backwards_tp": false,
           "ema_span_0": 168.0628777268908,
           "ema_span_1": 711.9551883304844,
           "enabled": false,
           "eprice_exp_base": 2.6987619166691337,
           "eqty_exp_base": 2.798737840595106,
           "grid_span": 0.2200408045679339,
           "initial_eprice_ema_dist": -0.023353364792503148,
           "initial_qty_pct": 0.018327250572021586,
           "markup_range": 0.02229217667729217,
           "max_n_entry_orders": 9,
           "min_markup": 0.007308007887940808,
           "n_close_orders": 3,
           "wallet_exposure_limit": 1.0}}