{"config_name": "recursive_grid_0days",
 "logging_level": 0,
 "long": {"auto_unstuck_ema_dist": -0.0022146523429661035,
          "auto_unstuck_wallet_exposure_threshold": 0.08432558503416006,
          "backwards_tp": true,
          "ddown_factor": 2.1961028890928254,
          "ema_span_0": 63.79379464703149,
          "ema_span_1": 647.1911802426847,
          "enabled": true,
          "initial_eprice_ema_dist": 0.004603925042925571,
          "initial_qty_pct": 0.036563882754640585,
          "markup_range": 0.006595909327820348,
          "min_markup": 0.004133555296301085,
          "n_close_orders": 6,
          "rentry_pprice_dist": 0.02665164659227551,
          "rentry_pprice_dist_wallet_exposure_weighting": 0.5106968441325603,
          "wallet_exposure_limit": 0.3},
 "short": {"auto_unstuck_ema_dist": -0.039380734937287866,
           "auto_unstuck_wallet_exposure_threshold": 0.05298088996248111,
           "backwards_tp": true,
           "ddown_factor": 1.8999008252722407,
           "ema_span_0": 107.7598446564615,
           "ema_span_1": 408.0683801973004,
           "enabled": false,
           "initial_eprice_ema_dist": -0.09401466272713277,
           "initial_qty_pct": 0.09277307351698379,
           "markup_range": 0.014890271834275473,
           "min_markup": 0.004110688970740683,
           "n_close_orders": 6,
           "rentry_pprice_dist": 0.008949186499930855,
           "rentry_pprice_dist_wallet_exposure_weighting": 12.168227852156877,
           "wallet_exposure_limit": 1.0}}