{"config_name": "recursive_grid_0days",
 "logging_level": 0,
 "long": {"auto_unstuck_ema_dist": 0.00035904455689803803,
          "auto_unstuck_wallet_exposure_threshold": 0.06926497725076809,
          "backwards_tp": true,
          "ddown_factor": 1.4198061908023791,
          "ema_span_0": 256.3069049463013,
          "ema_span_1": 369.3088559785249,
          "enabled": true,
          "initial_eprice_ema_dist": 0.011259503387479797,
          "initial_qty_pct": 0.016732737175167448,
          "markup_range": 0.0013644144160331725,
          "min_markup": 0.009367113602881392,
          "n_close_orders": 16,
          "rentry_pprice_dist": 0.02218856167155312,
          "rentry_pprice_dist_wallet_exposure_weighting": 4.229852968363214,
          "wallet_exposure_limit": 0.3},
 "short": {"auto_unstuck_ema_dist": -0.04909806464472433,
           "auto_unstuck_wallet_exposure_threshold": 0.047585005177773476,
           "backwards_tp": true,
           "ddown_factor": 2.1871157143864357,
           "ema_span_0": 338.7488108564169,
           "ema_span_1": 274.40195963653224,
           "enabled": false,
           "initial_eprice_ema_dist": -0.051193766472047174,
           "initial_qty_pct": 0.07655663438435566,
           "markup_range": 0.042584314726009355,
           "min_markup": 0.006601079541148686,
           "n_close_orders": 5,
           "rentry_pprice_dist": 0.03262087781284167,
           "rentry_pprice_dist_wallet_exposure_weighting": 33.325000668096614,
           "wallet_exposure_limit": 1.0}}