{"config_name": "clock_0days",
 "long": {"backwards_tp": true,
          "delay_between_fills_minutes_close": 371.74923202207606,
          "delay_between_fills_minutes_entry": 437.64897858840675,
          "delay_weight_close": 131.000554347208,
          "delay_weight_entry": 22.29452349087883,
          "ema_dist_close": -0.8037085989471174,
          "ema_dist_entry": 0.012001903359744857,
          "ema_span_0": 258.8679887457957,
          "ema_span_1": 383.35552173482876,
          "enabled": true,
          "markup_range": 0.04817317893847685,
          "min_markup": 0.0015701843368149592,
          "n_close_orders": 5,
          "qty_pct_close": 0.011014725046039462,
          "qty_pct_entry": 0.013181625953421277,
          "wallet_exposure_limit": 0.3,
          "we_multiplier_close": 6.832744558144633,
          "we_multiplier_entry": 100.48710205287176},
 "short": {"backwards_tp": true,
           "delay_between_fills_minutes_close": 806.9014890929076,
           "delay_between_fills_minutes_entry": 18.51244115274958,
           "delay_weight_close": 13.584209908455557,
           "delay_weight_entry": 28.061996007727775,
           "ema_dist_close": -0.049083783920088574,
           "ema_dist_entry": -0.019761391872661484,
           "ema_span_0": 1010.7381928599237,
           "ema_span_1": 407.6604184777627,
           "enabled": false,
           "markup_range": 0.011814409965297748,
           "min_markup": 0.008215768724778038,
           "n_close_orders": 10,
           "qty_pct_close": 0.05195690703155664,
           "qty_pct_entry": 0.06886060805781964,
           "wallet_exposure_limit": 1.0,
           "we_multiplier_close": 18.6350494622343,
           "we_multiplier_entry": 73.09023449108759}}