{"config_name": "recursive_grid_0days",
 "logging_level": 0,
 "long": {"auto_unstuck_ema_dist": 0,
          "auto_unstuck_wallet_exposure_threshold": 0.0,
          "backwards_tp": false,
          "ddown_factor": 1.7760292803501039,
          "ema_span_0": 183.03504478340656,
          "ema_span_1": 124.31746323734662,
          "enabled": true,
          "initial_eprice_ema_dist": 0.002743938112711492,
          "initial_qty_pct": 0.006796019636754496,
          "markup_range": 0.05876083789481795,
          "min_markup": 0.0026176131177647263,
          "n_close_orders": 20,
          "rentry_pprice_dist": 0.03845087339404028,
          "rentry_pprice_dist_wallet_exposure_weighting": 0.0,
          "wallet_exposure_limit": 0.2},
 "short": {"auto_unstuck_ema_dist": -0.07248943040105746,
           "auto_unstuck_wallet_exposure_threshold": 0.07626827206320634,
           "backwards_tp": false,
           "ddown_factor": 2.61423303506307,
           "ema_span_0": 683.1442657669821,
           "ema_span_1": 590.6366417186933,
           "enabled": false,
           "initial_eprice_ema_dist": -0.08021068667018283,
           "initial_qty_pct": 0.0662748019680047,
           "markup_range": 0.05183612917453382,
           "min_markup": 0.0039045315608858904,
           "n_close_orders": 13,
           "rentry_pprice_dist": 0.011735505469332774,
           "rentry_pprice_dist_wallet_exposure_weighting": 1.0813377167331928,
           "wallet_exposure_limit": 1.0}}