{"config_name": "clock_0days",
 "long": {"backwards_tp": false,
          "delay_between_fills_minutes_close": 1414.0664507277618,
          "delay_between_fills_minutes_entry": 1255.237677215963,
          "delay_weight_close": 11.637734893558981,
          "delay_weight_entry": 23.345270854169236,
          "ema_dist_close": -7.785590939462673e-05,
          "ema_dist_entry": -0.04905340668041885,
          "ema_span_0": 550.1457341168359,
          "ema_span_1": 1435.9160218951292,
          "enabled": true,
          "markup_range": 0.03850536377731154,
          "min_markup": 0.006937586846981278,
          "n_close_orders": 8,
          "qty_pct_close": 0.09209787029102727,
          "qty_pct_entry": 0.01,
          "wallet_exposure_limit": 0.2,
          "we_multiplier_close": 0.13093813103748608,
          "we_multiplier_entry": 54.91719121128524},
 "short": {"backwards_tp": false,
           "delay_between_fills_minutes_close": 1246.373058606522,
           "delay_between_fills_minutes_entry": 413.4345387808412,
           "delay_weight_close": 79.29168882206687,
           "delay_weight_entry": 98.86941387337144,
           "ema_dist_close": -0.007662995234946748,
           "ema_dist_entry": -0.04422378455752376,
           "ema_span_0": 228.10273117117978,
           "ema_span_1": 659.7417592082784,
           "enabled": false,
           "markup_range": 0.029998465103531546,
           "min_markup": 0.005448866337298263,
           "n_close_orders": 3,
           "qty_pct_close": 0.027396281509739065,
           "qty_pct_entry": 0.08300572411513395,
           "wallet_exposure_limit": 1.0,
           "we_multiplier_close": 92.57585370129165,
           "we_multiplier_entry": 65.58137255752358}}