{"config_name": "recursive_grid_0days",
 "logging_level": 0,
 "long": {"auto_unstuck_ema_dist": 0,
          "auto_unstuck_wallet_exposure_threshold": 0.0,
          "backwards_tp": false,
          "ddown_factor": 1.2831316060999551,
          "ema_span_0": 268.1904362573975,
          "ema_span_1": 336.81894534869525,
          "enabled": true,
          "initial_eprice_ema_dist": -0.13403410844004604,
          "initial_qty_pct": 0.0019585103439549423,
          "markup_range": 0.022000260551352412,
          "min_markup": 0.002165693397122333,
          "n_close_orders": 1,
          "rentry_pprice_dist": 0.009465284838210446,
          "rentry_pprice_dist_wallet_exposure_weighting": 3.8651833996517473,
          "wallet_exposure_limit": 1},
 "short": {"auto_unstuck_ema_dist": -0.051756372484314916,
           "auto_unstuck_wallet_exposure_threshold": 0.07829463074038573,
           "backwards_tp": false,
           "ddown_factor": 1.1814150846512066,
           "ema_span_0": 1370.336624451102,
           "ema_span_1": 813.456429440018,
           "enabled": false,
           "initial_eprice_ema_dist": -0.03848637920443228,
           "initial_qty_pct": 0.04483564175900459,
           "markup_range": 0.03648553383960544,
           "min_markup": 0.0026724341024835733,
           "n_close_orders": 11,
           "rentry_pprice_dist": 0.01798073374209212,
           "rentry_pprice_dist_wallet_exposure_weighting": 12.99353421341264,
           "wallet_exposure_limit": 1.0}}