{"config_name": "recursive_grid_0days",
 "logging_level": 0,
 "long": {"auto_unstuck_ema_dist": 0,
          "auto_unstuck_wallet_exposure_threshold": 0.0,
          "backwards_tp": false,
          "ddown_factor": 1.43169723914756,
          "ema_span_0": 811.004677936192,
          "ema_span_1": 828.6404075470506,
          "enabled": true,
          "initial_eprice_ema_dist": -0.12767381516752807,
          "initial_qty_pct": 0.002986189838432669,
          "markup_range": 0.02035457384711339,
          "min_markup": 0.008981674439670654,
          "n_close_orders": 7,
          "rentry_pprice_dist": 0.026411862930405764,
          "rentry_pprice_dist_wallet_exposure_weighting": 1.1409612150664556,
          "wallet_exposure_limit": 0.2},
 "short": {"auto_unstuck_ema_dist": -0.0647553117920149,
           "auto_unstuck_wallet_exposure_threshold": 0.03967157523906596,
           "backwards_tp": false,
           "ddown_factor": 0.813699864483462,
           "ema_span_0": 1428.9331739694303,
           "ema_span_1": 450.6774652095474,
           "enabled": false,
           "initial_eprice_ema_dist": -0.08194624153728022,
           "initial_qty_pct": 0.048748419377173904,
           "markup_range": 0.05112881952081523,
           "min_markup": 0.009711704098051974,
           "n_close_orders": 15,
           "rentry_pprice_dist": 0.00715630480436333,
           "rentry_pprice_dist_wallet_exposure_weighting": 15.708490152660186,
           "wallet_exposure_limit": 1.0}}