{"config_name": "recursive_grid_0days",
 "logging_level": 0,
 "long": {"auto_unstuck_ema_dist": -9.199943305192304e-06,
          "auto_unstuck_wallet_exposure_threshold": 0.04889031441014763,
          "backwards_tp": true,
          "ddown_factor": 0.5619707691278053,
          "ema_span_0": 150.51486125785902,
          "ema_span_1": 31.14103188355406,
          "enabled": true,
          "initial_eprice_ema_dist": -0.1,
          "initial_qty_pct": 0.008190042540590543,
          "markup_range": 0.004906412394503518,
          "min_markup": 0.00270102246370465,
          "n_close_orders": 24,
          "rentry_pprice_dist": 0.03665688721406949,
          "rentry_pprice_dist_wallet_exposure_weighting": 0.0,
          "wallet_exposure_limit": 1},
 "short": {"auto_unstuck_ema_dist": -0.037444158699883115,
           "auto_unstuck_wallet_exposure_threshold": 0.08171672261250905,
           "backwards_tp": true,
           "ddown_factor": 1.721693329090121,
           "ema_span_0": 174.43533743422338,
           "ema_span_1": 250.7697063981212,
           "enabled": false,
           "initial_eprice_ema_dist": -0.0286544522280969,
           "initial_qty_pct": 0.09538955250895981,
           "markup_range": 0.006579794098864593,
           "min_markup": 0.006468733133171156,
           "n_close_orders": 15,
           "rentry_pprice_dist": 0.005349825142458644,
           "rentry_pprice_dist_wallet_exposure_weighting": 16.775639983445725,
           "wallet_exposure_limit": 1}}