{"config_name": "recursive_grid_0days",
 "logging_level": 0,
 "long": {"auto_unstuck_ema_dist": 0,
          "auto_unstuck_wallet_exposure_threshold": 0.0,
          "backwards_tp": false,
          "ddown_factor": 1.6561034865541262,
          "ema_span_0": 477.439628991511,
          "ema_span_1": 467.82284127259703,
          "enabled": true,
          "initial_eprice_ema_dist": -0.015,
          "initial_qty_pct": 0.0036233845260716935,
          "markup_range": 0.0430444638122576,
          "min_markup": 0.0011359088753880111,
          "n_close_orders": 2,
          "rentry_pprice_dist": 0.027017492344185982,
          "rentry_pprice_dist_wallet_exposure_weighting": 3.2726026463855193,
          "wallet_exposure_limit": 0.2},
 "short": {"auto_unstuck_ema_dist": -0.07446188598366896,
           "auto_unstuck_wallet_exposure_threshold": 0.056340311689796585,
           "backwards_tp": false,
           "ddown_factor": 0.11791381374891335,
           "ema_span_0": 488.3627606679479,
           "ema_span_1": 57.00176598472806,
           "enabled": false,
           "initial_eprice_ema_dist": -0.026376697699049045,
           "initial_qty_pct": 0.028541669352549176,
           "markup_range": 0.05693566637855627,
           "min_markup": 0.008582642915274812,
           "n_close_orders": 9,
           "rentry_pprice_dist": 0.007026461592042418,
           "rentry_pprice_dist_wallet_exposure_weighting": 16.40190087675125,
           "wallet_exposure_limit": 1.0}}