{"config_name": "recursive_grid_0days",
 "logging_level": 0,
 "long": {"auto_unstuck_ema_dist": 0,
          "auto_unstuck_wallet_exposure_threshold": 0.0,
          "backwards_tp": false,
          "ddown_factor": 1.0963682074003127,
          "ema_span_0": 552.5504643624226,
          "ema_span_1": 766.7876237509099,
          "enabled": true,
          "initial_eprice_ema_dist": -0.07997412125931447,
          "initial_qty_pct": 0.0015643040045093368,
          "markup_range": 0.03952247782918329,
          "min_markup": 0.010439364818203154,
          "n_close_orders": 7,
          "rentry_pprice_dist": 0.02852544122614035,
          "rentry_pprice_dist_wallet_exposure_weighting": 2.353430035847534,
          "wallet_exposure_limit": 0.2},
 "short": {"auto_unstuck_ema_dist": -0.08464192711357806,
           "auto_unstuck_wallet_exposure_threshold": 0.04749719917817832,
           "backwards_tp": false,
           "ddown_factor": 0.682184617837579,
           "ema_span_0": 1029.8050601998254,
           "ema_span_1": 1031.324119242812,
           "enabled": false,
           "initial_eprice_ema_dist": -0.09598315987487903,
           "initial_qty_pct": 0.01225322131531052,
           "markup_range": 0.049697878871554656,
           "min_markup": 0.0022033501043494472,
           "n_close_orders": 11,
           "rentry_pprice_dist": 0.005572737305144828,
           "rentry_pprice_dist_wallet_exposure_weighting": 9.661581458293913,
           "wallet_exposure_limit": 1.0}}