{"config_name": "recursive_grid_0days",
 "logging_level": 0,
 "long": {"auto_unstuck_ema_dist": -0.0013196815106673138,
          "auto_unstuck_wallet_exposure_threshold": 0.06406705888832849,
          "backwards_tp": true,
          "ddown_factor": 2.5957024018859127,
          "ema_span_0": 684.0270055457029,
          "ema_span_1": 1103.5311837528964,
          "enabled": true,
          "initial_eprice_ema_dist": 0.008091201819462249,
          "initial_qty_pct": 0.02814484234898754,
          "markup_range": 0.009239337899005254,
          "min_markup": 0.01,
          "n_close_orders": 10,
          "rentry_pprice_dist": 0.03598081053830458,
          "rentry_pprice_dist_wallet_exposure_weighting": 0.582997199292632,
          "wallet_exposure_limit": 0.3},
 "short": {"auto_unstuck_ema_dist": -0.07624083668637259,
           "auto_unstuck_wallet_exposure_threshold": 0.07288450490742607,
           "backwards_tp": true,
           "ddown_factor": 2.2603584886146413,
           "ema_span_0": 346.6244508614796,
           "ema_span_1": 84.15490223070894,
           "enabled": false,
           "initial_eprice_ema_dist": -0.004642850945799526,
           "initial_qty_pct": 0.023723119152320466,
           "markup_range": 0.057754408389793906,
           "min_markup": 0.0037545678902450516,
           "n_close_orders": 3,
           "rentry_pprice_dist": 0.022957835689532406,
           "rentry_pprice_dist_wallet_exposure_weighting": 15.891628041553192,
           "wallet_exposure_limit": 1.0}}