{"config_name": "recursive_grid_0days",
 "logging_level": 0,
 "long": {"auto_unstuck_ema_dist": 0,
          "auto_unstuck_wallet_exposure_threshold": 0.0,
          "backwards_tp": false,
          "ddown_factor": 1.0684799663428073,
          "ema_span_0": 422.96309306848195,
          "ema_span_1": 697.6535968162121,
          "enabled": true,
          "initial_eprice_ema_dist": -0.1315984427607666,
          "initial_qty_pct": 0.002722354578792742,
          "markup_range": 0.03268373310233364,
          "min_markup": 0.009170871703580151,
          "n_close_orders": 6,
          "rentry_pprice_dist": 0.026596586106503135,
          "rentry_pprice_dist_wallet_exposure_weighting": 2.376354440233082,
          "wallet_exposure_limit": 0.2},
 "short": {"auto_unstuck_ema_dist": -0.08242142836184854,
           "auto_unstuck_wallet_exposure_threshold": 0.09193172201608368,
           "backwards_tp": false,
           "ddown_factor": 1.1253629334773676,
           "ema_span_0": 1040.5471530511509,
           "ema_span_1": 522.7174144173896,
           "enabled": false,
           "initial_eprice_ema_dist": -0.030546566585759938,
           "initial_qty_pct": 0.09641433624717767,
           "markup_range": 0.052209869745111825,
           "min_markup": 0.0077770590049391145,
           "n_close_orders": 15,
           "rentry_pprice_dist": 0.0054901843214241065,
           "rentry_pprice_dist_wallet_exposure_weighting": 11.056074506032532,
           "wallet_exposure_limit": 1.0}}