{"config_name": "clock_0days",
 "long": {"backwards_tp": false,
          "delay_between_fills_minutes_close": 898.836712897265,
          "delay_between_fills_minutes_entry": 1227.8409375421945,
          "delay_weight_close": 70.1735414156996,
          "delay_weight_entry": 47.62937181739207,
          "ema_dist_close": -0.003032014690749603,
          "ema_dist_entry": -0.0019486315574544755,
          "ema_span_0": 405.6567567699051,
          "ema_span_1": 292.9409997378767,
          "enabled": true,
          "markup_range": 0.0057354564623329045,
          "min_markup": 0.0035576598519225133,
          "n_close_orders": 15,
          "qty_pct_close": 0.033311468853620144,
          "qty_pct_entry": 0.013852648245229476,
          "wallet_exposure_limit": 0.2,
          "we_multiplier_close": 0,
          "we_multiplier_entry": 98.37718427846464},
 "short": {"backwards_tp": false,
           "delay_between_fills_minutes_close": 1378.372305066771,
           "delay_between_fills_minutes_entry": 1294.9108068284677,
           "delay_weight_close": 7.7485238997531685,
           "delay_weight_entry": 41.858054087005826,
           "ema_dist_close": 0.0033013397877637574,
           "ema_dist_entry": -0.010539049477467567,
           "ema_span_0": 914.7904207177547,
           "ema_span_1": 491.62295934953806,
           "enabled": false,
           "markup_range": 0.025148696662661507,
           "min_markup": 0.009140499599371618,
           "n_close_orders": 11,
           "qty_pct_close": 0.01435810356934935,
           "qty_pct_entry": 0.04176507065044167,
           "wallet_exposure_limit": 1.0,
           "we_multiplier_close": 44.634463964186196,
           "we_multiplier_entry": 53.21231019892386}}