{"config_name": "emas_0days",
 "long": {"delay_between_fills_minutes_close": 486.37150588488583,
          "delay_between_fills_minutes_entry": 431.9164212929204,
          "delay_weight_close": 11.751129872911378,
          "delay_weight_entry": 32.92886894734095,
          "ema_dist_lower": -0.29862008031744663,
          "ema_dist_upper": -0.11008023835014534,
          "ema_span_0": 1053.7785611266029,
          "ema_span_1": 3644.0209743218215,
          "enabled": true,
          "markup_range": 0.018759957548865034,
          "min_markup": 0.015702744007253272,
          "n_close_orders": 2,
          "qty_pct_close": 0.039466920299870964,
          "qty_pct_entry": 0.003105739999417398,
          "wallet_exposure_limit": 2,
          "we_multiplier_close": 141.32812595966897,
          "we_multiplier_entry": 138.75727914020823},
 "short": {"delay_between_fills_minutes_close": 373.1927178677867,
           "delay_between_fills_minutes_entry": 383.3534948414768,
           "delay_weight_close": 61.22447657140117,
           "delay_weight_entry": 138.8789730641486,
           "ema_dist_lower": 0.013747095318576093,
           "ema_dist_upper": 0.01843494175139062,
           "ema_span_0": 788.0082515734547,
           "ema_span_1": 314.3735638197065,
           "enabled": false,
           "markup_range": 0.004005428422706566,
           "min_markup": 0.018729784747995238,
           "n_close_orders": 2,
           "qty_pct_close": 0.0651114962747544,
           "qty_pct_entry": 0.034829134233602836,
           "wallet_exposure_limit": 1.0,
           "we_multiplier_close": 37.49431481197173,
           "we_multiplier_entry": 13.647600232188262}}