{"config_name": "recursive_grid_0days",
 "logging_level": 0,
 "long": {"auto_unstuck_ema_dist": 0.005,
          "auto_unstuck_wallet_exposure_threshold": 0.05401784034168301,
          "backwards_tp": true,
          "ddown_factor": 2.4523696727158573,
          "ema_span_0": 180.04193204549233,
          "ema_span_1": 465.9171840968435,
          "enabled": true,
          "initial_eprice_ema_dist": -0.026914710223641305,
          "initial_qty_pct": 0.032793582650734295,
          "markup_range": 0.007133229542358321,
          "min_markup": 0.00894561958226468,
          "n_close_orders": 5,
          "rentry_pprice_dist": 0.03498460616154736,
          "rentry_pprice_dist_wallet_exposure_weighting": 3.4507393225911813,
          "wallet_exposure_limit": 0.3},
 "short": {"auto_unstuck_ema_dist": -0.03996216080548473,
           "auto_unstuck_wallet_exposure_threshold": 0.050086011054663024,
           "backwards_tp": true,
           "ddown_factor": 2.0325165237474607,
           "ema_span_0": 14.886686576031714,
           "ema_span_1": 944.2056131870777,
           "enabled": false,
           "initial_eprice_ema_dist": -0.0241388608763011,
           "initial_qty_pct": 0.028985896099722942,
           "markup_range": 0.02309335414543074,
           "min_markup": 0.009676800444137872,
           "n_close_orders": 5,
           "rentry_pprice_dist": 0.009070426046267881,
           "rentry_pprice_dist_wallet_exposure_weighting": 30.809705866263243,
           "wallet_exposure_limit": 1.0}}