{"config_name": "recursive_grid_0days",
 "logging_level": 0,
 "long": {"auto_unstuck_ema_dist": 0.002121504358438668,
          "auto_unstuck_wallet_exposure_threshold": 0.07662893987401954,
          "backwards_tp": true,
          "ddown_factor": 2.8831960147561637,
          "ema_span_0": 217.91142673347642,
          "ema_span_1": 1016.33773523441,
          "enabled": true,
          "initial_eprice_ema_dist": -0.027591271943976092,
          "initial_qty_pct": 0.012720641900976963,
          "markup_range": 0.005667262186451895,
          "min_markup": 0.004417848239458209,
          "n_close_orders": 11,
          "rentry_pprice_dist": 0.027547430536557383,
          "rentry_pprice_dist_wallet_exposure_weighting": 2.09500895746239,
          "wallet_exposure_limit": 0.3},
 "short": {"auto_unstuck_ema_dist": -0.01575806798069558,
           "auto_unstuck_wallet_exposure_threshold": 0.06243068632521455,
           "backwards_tp": true,
           "ddown_factor": 0.7320086290447827,
           "ema_span_0": 252.68130276227328,
           "ema_span_1": 223.12887453021548,
           "enabled": false,
           "initial_eprice_ema_dist": -0.0003497915956773845,
           "initial_qty_pct": 0.0153685384094249,
           "markup_range": 0.020615344468723585,
           "min_markup": 0.007472509318303613,
           "n_close_orders": 8,
           "rentry_pprice_dist": 0.013945817074359736,
           "rentry_pprice_dist_wallet_exposure_weighting": 32.84553853480685,
           "wallet_exposure_limit": 1.0}}