{"config_name": "recursive_grid_0days",
 "logging_level": 0,
 "long": {"auto_unstuck_ema_dist": 0,
          "auto_unstuck_wallet_exposure_threshold": 0.09076327575246458,
          "backwards_tp": true,
          "ddown_factor": 1.6089729554920222,
          "ema_span_0": 205.05976903242498,
          "ema_span_1": 1322.219246134076,
          "enabled": true,
          "initial_eprice_ema_dist": -0.0015877868198700316,
          "initial_qty_pct": 0.027019377883297366,
          "markup_range": 0.007217510301008335,
          "min_markup": 0.0025014992736927767,
          "n_close_orders": 4,
          "rentry_pprice_dist": 0.02220108850486733,
          "rentry_pprice_dist_wallet_exposure_weighting": 0.9633624485808561,
          "wallet_exposure_limit": 0.3},
 "short": {"auto_unstuck_ema_dist": -0.08443986739666602,
           "auto_unstuck_wallet_exposure_threshold": 0.0934399311083227,
           "backwards_tp": true,
           "ddown_factor": 0.6696202937988052,
           "ema_span_0": 169.47376941221967,
           "ema_span_1": 505.12588358520327,
           "enabled": false,
           "initial_eprice_ema_dist": -0.07894678452082333,
           "initial_qty_pct": 0.013666974215809743,
           "markup_range": 0.011678586009344401,
           "min_markup": 0.008952009346594209,
           "n_close_orders": 16,
           "rentry_pprice_dist": 0.016200056427125607,
           "rentry_pprice_dist_wallet_exposure_weighting": 18.303448106303318,
           "wallet_exposure_limit": 1}}