{"config_name": "clock_0days",
 "long": {"backwards_tp": true,
          "delay_between_fills_minutes_close": 401.77332181805815,
          "delay_between_fills_minutes_entry": 432.1960484864381,
          "delay_weight_close": 48.20459235946639,
          "delay_weight_entry": 18.69091682051555,
          "ema_dist_close": -0.01913641749677489,
          "ema_dist_entry": 0.010592451102487521,
          "ema_span_0": 923.6405942906089,
          "ema_span_1": 233.94607757829766,
          "enabled": true,
          "markup_range": 0.01381342408414756,
          "min_markup": 0.008836607724188705,
          "n_close_orders": 8,
          "qty_pct_close": 0.01254619491410445,
          "qty_pct_entry": 0.015086846148187897,
          "wallet_exposure_limit": 0.3,
          "we_multiplier_close": 12.085767169935902,
          "we_multiplier_entry": 132.1933262894314},
 "short": {"backwards_tp": true,
           "delay_between_fills_minutes_close": 169.43172445912194,
           "delay_between_fills_minutes_entry": 1178.2852251922004,
           "delay_weight_close": 42.94494257365672,
           "delay_weight_entry": 89.86589909580437,
           "ema_dist_close": -0.012459044427142373,
           "ema_dist_entry": -0.025666865768032208,
           "ema_span_0": 611.3066998837239,
           "ema_span_1": 17.602886326742436,
           "enabled": false,
           "markup_range": 0.003372517765635863,
           "min_markup": 0.09238792325093766,
           "n_close_orders": 12,
           "qty_pct_close": 0.5923185926331813,
           "qty_pct_entry": 0.3082885924076829,
           "wallet_exposure_limit": 1.0,
           "we_multiplier_close": 5.687907316235123,
           "we_multiplier_entry": 66.55647089366315}}