{"config_name": "recursive_grid_0days",
 "logging_level": 0,
 "long": {"auto_unstuck_ema_dist": 0.005,
          "auto_unstuck_wallet_exposure_threshold": 0.05,
          "backwards_tp": true,
          "ddown_factor": 2.1578306360347876,
          "ema_span_0": 12.662503514380832,
          "ema_span_1": 1365.1513836896875,
          "enabled": true,
          "initial_eprice_ema_dist": -0.1,
          "initial_qty_pct": 0.020721188211256382,
          "markup_range": 0.00014921986205678617,
          "min_markup": 0.001913078653307667,
          "n_close_orders": 7,
          "rentry_pprice_dist": 0.023453458469152425,
          "rentry_pprice_dist_wallet_exposure_weighting": 0.8861041975461024,
          "wallet_exposure_limit": 0.3},
 "short": {"auto_unstuck_ema_dist": -0.036669813491306366,
           "auto_unstuck_wallet_exposure_threshold": 0.05476347235117024,
           "backwards_tp": true,
           "ddown_factor": 2.235055510094987,
           "ema_span_0": 682.5584484447618,
           "ema_span_1": 861.8158499180113,
           "enabled": false,
           "initial_eprice_ema_dist": -0.04686237770105405,
           "initial_qty_pct": 0.016483446355982173,
           "markup_range": 0.037034178705891804,
           "min_markup": 0.002318068453996127,
           "n_close_orders": 5,
           "rentry_pprice_dist": 0.032857751182487384,
           "rentry_pprice_dist_wallet_exposure_weighting": 14.091889886158748,
           "wallet_exposure_limit": 1.0}}