{"config_name": "recursive_grid_0days",
 "logging_level": 0,
 "long": {"auto_unstuck_ema_dist": 0.0,
          "auto_unstuck_wallet_exposure_threshold": 0.0,
          "backwards_tp": true,
          "ddown_factor": 2.9197364564272315,
          "ema_span_0": 254.76720833108132,
          "ema_span_1": 812.0179218367797,
          "enabled": true,
          "initial_eprice_ema_dist": 0.008054047219889898,
          "initial_qty_pct": 0.02097718921606995,
          "markup_range": 0.004477952709026795,
          "min_markup": 0.0011687595890729448,
          "n_close_orders": 14,
          "rentry_pprice_dist": 0.025089059804757424,
          "rentry_pprice_dist_wallet_exposure_weighting": 0.0,
          "wallet_exposure_limit": 0.3},
 "short": {"auto_unstuck_ema_dist": -0.038820231591416995,
           "auto_unstuck_wallet_exposure_threshold": 0.05823259732725253,
           "backwards_tp": true,
           "ddown_factor": 2.1468457258149716,
           "ema_span_0": 1143.39389879115,
           "ema_span_1": 1016.8685925380839,
           "enabled": false,
           "initial_eprice_ema_dist": -0.0646223532327016,
           "initial_qty_pct": 0.06554667512213451,
           "markup_range": 0.014496161179626207,
           "min_markup": 0.009220073433580039,
           "n_close_orders": 12,
           "rentry_pprice_dist": 0.03396984396711599,
           "rentry_pprice_dist_wallet_exposure_weighting": 16.005307468842418,
           "wallet_exposure_limit": 1.0}}