{"config_name": "recursive_grid_0days",
 "logging_level": 0,
 "long": {"auto_unstuck_ema_dist": 0.0038831005934179923,
          "auto_unstuck_wallet_exposure_threshold": 0.05913247945043713,
          "backwards_tp": true,
          "ddown_factor": 0.5375538893403475,
          "ema_span_0": 529.0856740327496,
          "ema_span_1": 427.834087531201,
          "enabled": true,
          "initial_eprice_ema_dist": -0.11937301863128011,
          "initial_qty_pct": 0.0010772913434026388,
          "markup_range": 0.01967116170035517,
          "min_markup": 0.00252664772319561,
          "n_close_orders": 2,
          "rentry_pprice_dist": 0.029499712025422075,
          "rentry_pprice_dist_wallet_exposure_weighting": 0.9310172206714399,
          "wallet_exposure_limit": 0.2},
 "short": {"auto_unstuck_ema_dist": -0.07963008058080104,
           "auto_unstuck_wallet_exposure_threshold": 0.08226081823713208,
           "backwards_tp": true,
           "ddown_factor": 1.377168056732601,
           "ema_span_0": 441.97843515856044,
           "ema_span_1": 630.9775459094276,
           "enabled": false,
           "initial_eprice_ema_dist": -0.03847199424132447,
           "initial_qty_pct": 0.08014382679064738,
           "markup_range": 0.03970166252168327,
           "min_markup": 0.006836015314171784,
           "n_close_orders": 3,
           "rentry_pprice_dist": 0.02750592851743888,
           "rentry_pprice_dist_wallet_exposure_weighting": 19.89289796575193,
           "wallet_exposure_limit": 1}}