{"config_name": "clock_0days",
 "long": {"backwards_tp": false,
          "delay_between_fills_minutes_close": 1440,
          "delay_between_fills_minutes_entry": 1185.3892817998367,
          "delay_weight_close": 76.85738692274458,
          "delay_weight_entry": 26.046656287990267,
          "ema_dist_close": -0.0034897211617031733,
          "ema_dist_entry": -0.047835733209907014,
          "ema_span_0": 1145.2019280859556,
          "ema_span_1": 1393.354464617743,
          "enabled": true,
          "markup_range": 0.04143619740796824,
          "min_markup": 0.005974425906696378,
          "n_close_orders": 3,
          "qty_pct_close": 0.09163670099595009,
          "qty_pct_entry": 0.01,
          "wallet_exposure_limit": 0.2,
          "we_multiplier_close": 0.04255751762141011,
          "we_multiplier_entry": 73.18237557677134},
 "short": {"backwards_tp": false,
           "delay_between_fills_minutes_close": 1360.92994914205,
           "delay_between_fills_minutes_entry": 96.39638976075523,
           "delay_weight_close": 59.06120678764309,
           "delay_weight_entry": 70.98967399102662,
           "ema_dist_close": -0.04531889298418617,
           "ema_dist_entry": -0.03657307895363645,
           "ema_span_0": 1331.6507414136047,
           "ema_span_1": 1338.85173943455,
           "enabled": false,
           "markup_range": 0.021624928352638226,
           "min_markup": 0.009176774235647903,
           "n_close_orders": 16,
           "qty_pct_close": 0.047707748923751465,
           "qty_pct_entry": 0.025187885752631277,
           "wallet_exposure_limit": 1.0,
           "we_multiplier_close": 61.94159288889824,
           "we_multiplier_entry": 50.09597482685665}}