{"config_name": "recursive_grid_0days",
 "logging_level": 0,
 "long": {"auto_unstuck_ema_dist": 0,
          "auto_unstuck_wallet_exposure_threshold": 0.0,
          "backwards_tp": true,
          "ddown_factor": 2.8084646905106627,
          "ema_span_0": 688.3100432323497,
          "ema_span_1": 1302.0222379021704,
          "enabled": true,
          "initial_eprice_ema_dist": 0.011629780833948306,
          "initial_qty_pct": 0.021916542908757546,
          "markup_range": 0.0016885315930476113,
          "min_markup": 0.003745612949570976,
          "n_close_orders": 3,
          "rentry_pprice_dist": 0.03519329637004583,
          "rentry_pprice_dist_wallet_exposure_weighting": 0.6656498672744914,
          "wallet_exposure_limit": 0.3},
 "short": {"auto_unstuck_ema_dist": -0.07136606350387223,
           "auto_unstuck_wallet_exposure_threshold": 0.09222674465411015,
           "backwards_tp": true,
           "ddown_factor": 2.7008182689674856,
           "ema_span_0": 952.8177473858777,
           "ema_span_1": 115.73604803880247,
           "enabled": false,
           "initial_eprice_ema_dist": -0.043659676787476,
           "initial_qty_pct": 0.01032371668267954,
           "markup_range": 0.018259547372637835,
           "min_markup": 0.003190710853081318,
           "n_close_orders": 8,
           "rentry_pprice_dist": 0.027018403302758367,
           "rentry_pprice_dist_wallet_exposure_weighting": 1.924106502750318,
           "wallet_exposure_limit": 1.0}}