{"config_name": "recursive_grid_0days",
 "logging_level": 0,
 "long": {"auto_unstuck_ema_dist": 0,
          "auto_unstuck_wallet_exposure_threshold": 0.0,
          "backwards_tp": true,
          "ddown_factor": 2.7668865269569514,
          "ema_span_0": 445.31274240330976,
          "ema_span_1": 677.16734207771,
          "enabled": true,
          "initial_eprice_ema_dist": 0.013825668715638142,
          "initial_qty_pct": 0.011975369311678112,
          "markup_range": 0.006697657578262245,
          "min_markup": 0.006217183647154569,
          "n_close_orders": 4,
          "rentry_pprice_dist": 0.04691245593555693,
          "rentry_pprice_dist_wallet_exposure_weighting": 0.0,
          "wallet_exposure_limit": 0.3},
 "short": {"auto_unstuck_ema_dist": -0.0199427547947017,
           "auto_unstuck_wallet_exposure_threshold": 0.06028932713206297,
           "backwards_tp": true,
           "ddown_factor": 2.656680315531724,
           "ema_span_0": 1252.3503257273062,
           "ema_span_1": 27.734165737545894,
           "enabled": false,
           "initial_eprice_ema_dist": -0.0642516649873186,
           "initial_qty_pct": 0.019085721884535944,
           "markup_range": 0.007262028966703356,
           "min_markup": 0.0017084162327920894,
           "n_close_orders": 7,
           "rentry_pprice_dist": 0.011612294146737614,
           "rentry_pprice_dist_wallet_exposure_weighting": 18.259769745837385,
           "wallet_exposure_limit": 1.0}}