{"config_name": "clock_0days",
 "long": {"backwards_tp": true,
          "delay_between_fills_minutes_close": 436.14247761088626,
          "delay_between_fills_minutes_entry": 333.2145227375102,
          "delay_weight_close": 89.12618559533884,
          "delay_weight_entry": 17.251048377053568,
          "ema_dist_close": -0.9452216260492237,
          "ema_dist_entry": 0.00856160855599264,
          "ema_span_0": 745.4353812432325,
          "ema_span_1": 787.3702157852568,
          "enabled": true,
          "markup_range": 0.01436327365755431,
          "min_markup": 0.0013042477500687095,
          "n_close_orders": 4,
          "qty_pct_close": 0.012701202522718072,
          "qty_pct_entry": 0.011516434247047593,
          "wallet_exposure_limit": 0.3,
          "we_multiplier_close": 2.758161120737001,
          "we_multiplier_entry": 150},
 "short": {"backwards_tp": true,
           "delay_between_fills_minutes_close": 1026.70173820666,
           "delay_between_fills_minutes_entry": 657.5970384120623,
           "delay_weight_close": 36.95143301535754,
           "delay_weight_entry": 72.7627654395665,
           "ema_dist_close": -0.04898578974807887,
           "ema_dist_entry": -0.017949977629605554,
           "ema_span_0": 195.08855176631442,
           "ema_span_1": 12.488896298358846,
           "enabled": false,
           "markup_range": 0.04037694733880143,
           "min_markup": 0.004082398240599138,
           "n_close_orders": 15,
           "qty_pct_close": 0.022647855287500154,
           "qty_pct_entry": 0.02617711811500624,
           "wallet_exposure_limit": 1.0,
           "we_multiplier_close": 30.59709145665136,
           "we_multiplier_entry": 36.12718719820302}}