{"config_name": "recursive_grid_0days",
 "logging_level": 0,
 "long": {"auto_unstuck_ema_dist": 0.0006367301456686418,
          "auto_unstuck_wallet_exposure_threshold": 0.1,
          "backwards_tp": true,
          "ddown_factor": 1.97710073523376,
          "ema_span_0": 112.84613817344366,
          "ema_span_1": 392.9369959416531,
          "enabled": true,
          "initial_eprice_ema_dist": -0.09956501113678638,
          "initial_qty_pct": 0.013063846470091008,
          "markup_range": 0.003986026745512756,
          "min_markup": 0.002502846321272085,
          "n_close_orders": 14,
          "rentry_pprice_dist": 0.03154290208926481,
          "rentry_pprice_dist_wallet_exposure_weighting": 1.1222640387222902,
          "wallet_exposure_limit": 0.3},
 "short": {"auto_unstuck_ema_dist": -0.02755258533240429,
           "auto_unstuck_wallet_exposure_threshold": 0.03396834690833003,
           "backwards_tp": true,
           "ddown_factor": 1.3134748171366104,
           "ema_span_0": 416.23688856644935,
           "ema_span_1": 796.7257259574036,
           "enabled": false,
           "initial_eprice_ema_dist": -0.040236962733397004,
           "initial_qty_pct": 0.014346775740434983,
           "markup_range": 0.00014026783379562645,
           "min_markup": 0.007443854834900978,
           "n_close_orders": 5,
           "rentry_pprice_dist": 0.0446748228951671,
           "rentry_pprice_dist_wallet_exposure_weighting": 23.863263731660762,
           "wallet_exposure_limit": 1.0}}