{"config_name": "recursive_grid_0days",
 "logging_level": 0,
 "long": {"auto_unstuck_ema_dist": 0.00455813880013165,
          "auto_unstuck_wallet_exposure_threshold": 0.05099474248516658,
          "backwards_tp": true,
          "ddown_factor": 2.653095926427493,
          "ema_span_0": 124.5078909948582,
          "ema_span_1": 266.7765811151421,
          "enabled": true,
          "initial_eprice_ema_dist": 0.012399562713353017,
          "initial_qty_pct": 0.04606577076084019,
          "markup_range": 0.0035607734267882364,
          "min_markup": 0.00789656770437946,
          "n_close_orders": 12,
          "rentry_pprice_dist": 0.03472846685213887,
          "rentry_pprice_dist_wallet_exposure_weighting": 2.042840884025379,
          "wallet_exposure_limit": 0.3},
 "short": {"auto_unstuck_ema_dist": -0.08836236182038593,
           "auto_unstuck_wallet_exposure_threshold": 0.09972007246482398,
           "backwards_tp": true,
           "ddown_factor": 1.696598423939546,
           "ema_span_0": 402.5008352904205,
           "ema_span_1": 656.0723752497297,
           "enabled": false,
           "initial_eprice_ema_dist": -0.01901356745894829,
           "initial_qty_pct": 0.0833445677018345,
           "markup_range": 0.007920916149990765,
           "min_markup": 0.009120483727765825,
           "n_close_orders": 9,
           "rentry_pprice_dist": 0.04620643075168251,
           "rentry_pprice_dist_wallet_exposure_weighting": 25.582211077942855,
           "wallet_exposure_limit": 1.0}}