{"config_name": "clock_0days",
 "long": {"delay_between_fills_minutes_close": 296.83385947779595,
          "delay_between_fills_minutes_entry": 394.43916653055874,
          "delay_weight_close": 53.28839258873544,
          "delay_weight_entry": 4.488158669189358,
          "ema_dist_lower": 0.002141840037915621,
          "ema_dist_upper": 0.010749688410769034,
          "ema_span_0": 184.6742735224782,
          "ema_span_1": 474.3672570796619,
          "enabled": true,
          "markup_range": 0.010461384891901614,
          "min_markup": 0.0038730844559516087,
          "n_close_orders": 6,
          "qty_pct_close": 0.3897392256876281,
          "qty_pct_entry": 0.39379919510033706,
          "wallet_exposure_limit": 1,
          "we_multiplier_close": 0,
          "we_multiplier_entry": 131.32300879716115},
 "short": {"delay_between_fills_minutes_close": 1343.4431758120454,
           "delay_between_fills_minutes_entry": 64.46797122584339,
           "delay_weight_close": 7.5490517094722165,
           "delay_weight_entry": 9.055605904007226,
           "ema_dist_lower": 0.010426346281654902,
           "ema_dist_upper": 0.012766232803786404,
           "ema_span_0": 928.3248676171257,
           "ema_span_1": 1160.6611552274398,
           "enabled": false,
           "markup_range": 0.07739355584487194,
           "min_markup": 0.08497198480112583,
           "n_close_orders": 9,
           "qty_pct_close": 0.07031937736942014,
           "qty_pct_entry": 0.06659438526935756,
           "wallet_exposure_limit": 1.0,
           "we_multiplier_close": 3.655772085178869,
           "we_multiplier_entry": 27.95303633729323}}