{"config_name": "recursive_grid_0days",
 "logging_level": 0,
 "long": {"auto_unstuck_ema_dist": 0.0027095079585076204,
          "auto_unstuck_wallet_exposure_threshold": 0.06243883340123309,
          "backwards_tp": true,
          "ddown_factor": 1.2843090668730914,
          "ema_span_0": 589.6536103804905,
          "ema_span_1": 313.67449271096194,
          "enabled": true,
          "initial_eprice_ema_dist": -0.09665427064213895,
          "initial_qty_pct": 0.07368870849301788,
          "markup_range": 0.00887301354545378,
          "min_markup": 0.0029880836105112087,
          "n_close_orders": 5,
          "rentry_pprice_dist": 0.032785262182546016,
          "rentry_pprice_dist_wallet_exposure_weighting": 1.6152500479589258,
          "wallet_exposure_limit": 0.3},
 "short": {"auto_unstuck_ema_dist": -0.044136839462382796,
           "auto_unstuck_wallet_exposure_threshold": 0.07682844985814025,
           "backwards_tp": true,
           "ddown_factor": 2.750933684936399,
           "ema_span_0": 264.876021851084,
           "ema_span_1": 1298.5782722365007,
           "enabled": false,
           "initial_eprice_ema_dist": -0.03344856099394547,
           "initial_qty_pct": 0.05559909574342217,
           "markup_range": 0.008791009577930789,
           "min_markup": 0.0071485347484027935,
           "n_close_orders": 13,
           "rentry_pprice_dist": 0.042524330186076674,
           "rentry_pprice_dist_wallet_exposure_weighting": 19.280260922201798,
           "wallet_exposure_limit": 1}}