{"config_name": "recursive_grid_0days",
 "logging_level": 0,
 "long": {"auto_unstuck_ema_dist": 0,
          "auto_unstuck_wallet_exposure_threshold": 0.0,
          "backwards_tp": true,
          "ddown_factor": 2.8935908600338234,
          "ema_span_0": 455.67177250302046,
          "ema_span_1": 272.0814118911934,
          "enabled": true,
          "initial_eprice_ema_dist": 0.007224106910432723,
          "initial_qty_pct": 0.022640915471866502,
          "markup_range": 0.005290950191476652,
          "min_markup": 0.004960293691617336,
          "n_close_orders": 2,
          "rentry_pprice_dist": 0.024695032648263053,
          "rentry_pprice_dist_wallet_exposure_weighting": 6.522980784853027,
          "wallet_exposure_limit": 0.3},
 "short": {"auto_unstuck_ema_dist": -0.0700190057936234,
           "auto_unstuck_wallet_exposure_threshold": 0.069925850486447,
           "backwards_tp": true,
           "ddown_factor": 0.7366550144261746,
           "ema_span_0": 715.9480181421532,
           "ema_span_1": 1295.0823752249112,
           "enabled": false,
           "initial_eprice_ema_dist": -0.03733634509502913,
           "initial_qty_pct": 0.01967981529631955,
           "markup_range": 0.024421206570811736,
           "min_markup": 0.009527024493493883,
           "n_close_orders": 10,
           "rentry_pprice_dist": 0.009946751545759814,
           "rentry_pprice_dist_wallet_exposure_weighting": 2.169591118711407,
           "wallet_exposure_limit": 1}}