{"config_name": "recursive_grid_0days",
 "logging_level": 0,
 "long": {"auto_unstuck_ema_dist": 0.010045672158951274,
          "auto_unstuck_wallet_exposure_threshold": 0.018596956861036407,
          "backwards_tp": false,
          "ddown_factor": 1.837705808184053,
          "ema_span_0": 205.82716039020485,
          "ema_span_1": 229.35591780581584,
          "enabled": true,
          "initial_eprice_ema_dist": -0.1,
          "initial_qty_pct": 0.003464588789455746,
          "markup_range": 0.03117641618789533,
          "min_markup": 0.009599041574826914,
          "n_close_orders": 5,
          "rentry_pprice_dist": 0.029500399883358678,
          "rentry_pprice_dist_wallet_exposure_weighting": 0.0,
          "wallet_exposure_limit": 1},
 "short": {"auto_unstuck_ema_dist": 0.03161757633315359,
           "auto_unstuck_wallet_exposure_threshold": 0.3561421070445076,
           "backwards_tp": false,
           "ddown_factor": 2.3261460081074214,
           "ema_span_0": 1655.897532686267,
           "ema_span_1": 7968.459446417605,
           "enabled": false,
           "initial_eprice_ema_dist": -0.07401533699154272,
           "initial_qty_pct": 0.02341350935775804,
           "markup_range": 0.007905161085386764,
           "min_markup": 0.0045951595985823344,
           "n_close_orders": 11,
           "rentry_pprice_dist": 0.03662942519856429,
           "rentry_pprice_dist_wallet_exposure_weighting": 51.46457796893024,
           "wallet_exposure_limit": 0.1}}