{"config_name": "recursive_grid_0days",
 "logging_level": 0,
 "long": {"auto_unstuck_ema_dist": 0.0033828016263192976,
          "auto_unstuck_wallet_exposure_threshold": 0.06970301188325466,
          "backwards_tp": true,
          "ddown_factor": 1.2902077161537961,
          "ema_span_0": 13.403168383780024,
          "ema_span_1": 1043.8372384891723,
          "enabled": true,
          "initial_eprice_ema_dist": -0.021582268566796566,
          "initial_qty_pct": 0.021468518777886046,
          "markup_range": 0.00460792145807897,
          "min_markup": 0.0063086127494775745,
          "n_close_orders": 7,
          "rentry_pprice_dist": 0.02810618218474812,
          "rentry_pprice_dist_wallet_exposure_weighting": 1.2638521752537932,
          "wallet_exposure_limit": 0.3},
 "short": {"auto_unstuck_ema_dist": -0.07205059196282602,
           "auto_unstuck_wallet_exposure_threshold": 0.07523509130081284,
           "backwards_tp": true,
           "ddown_factor": 0.2916735919041349,
           "ema_span_0": 192.4945723097708,
           "ema_span_1": 981.882564707757,
           "enabled": false,
           "initial_eprice_ema_dist": -0.07198609586141215,
           "initial_qty_pct": 0.06780191448552034,
           "markup_range": 0.03147440383486915,
           "min_markup": 0.006737243619033098,
           "n_close_orders": 10,
           "rentry_pprice_dist": 0.028984783067195107,
           "rentry_pprice_dist_wallet_exposure_weighting": 26.321266468262404,
           "wallet_exposure_limit": 1.0}}