{"config_name": "recursive_grid_0days",
 "logging_level": 0,
 "long": {"auto_unstuck_ema_dist": 0.00425124489520653,
          "auto_unstuck_wallet_exposure_threshold": 0.07989201075162704,
          "backwards_tp": true,
          "ddown_factor": 2.7057042662662605,
          "ema_span_0": 575.2277898437302,
          "ema_span_1": 553.8282407071662,
          "enabled": true,
          "initial_eprice_ema_dist": -0.1,
          "initial_qty_pct": 0.025289929123894144,
          "markup_range": 0.000875007471609728,
          "min_markup": 0.004139928842897487,
          "n_close_orders": 4,
          "rentry_pprice_dist": 0.02819169702916848,
          "rentry_pprice_dist_wallet_exposure_weighting": 2.57645979966343,
          "wallet_exposure_limit": 0.3},
 "short": {"auto_unstuck_ema_dist": -0.06948290408790257,
           "auto_unstuck_wallet_exposure_threshold": 0.0416646263031082,
           "backwards_tp": true,
           "ddown_factor": 2.803732751071847,
           "ema_span_0": 26.942683358814254,
           "ema_span_1": 1032.3576384468565,
           "enabled": false,
           "initial_eprice_ema_dist": -0.07748725229236242,
           "initial_qty_pct": 0.09944545836471194,
           "markup_range": 0.029935868032866325,
           "min_markup": 0.009929044102447344,
           "n_close_orders": 3,
           "rentry_pprice_dist": 0.03281267999307243,
           "rentry_pprice_dist_wallet_exposure_weighting": 39.77382430800652,
           "wallet_exposure_limit": 1.0}}