{"config_name": "recursive_grid_0days",
 "logging_level": 0,
 "long": {"auto_unstuck_ema_dist": 0.0005697596487472931,
          "auto_unstuck_wallet_exposure_threshold": 0.06153873080771083,
          "backwards_tp": true,
          "ddown_factor": 2.6146128509517474,
          "ema_span_0": 474.94994943613557,
          "ema_span_1": 642.8339444034916,
          "enabled": true,
          "initial_eprice_ema_dist": 0.006944318470612564,
          "initial_qty_pct": 0.012610050882535744,
          "markup_range": 0.004620262213675759,
          "min_markup": 0.0030900767222936253,
          "n_close_orders": 16,
          "rentry_pprice_dist": 0.041716071205085685,
          "rentry_pprice_dist_wallet_exposure_weighting": 2.2258130485968595,
          "wallet_exposure_limit": 0.3},
 "short": {"auto_unstuck_ema_dist": -0.04790975597475667,
           "auto_unstuck_wallet_exposure_threshold": 0.07966686137996287,
           "backwards_tp": true,
           "ddown_factor": 1.2107414943485206,
           "ema_span_0": 1264.9530602003483,
           "ema_span_1": 852.7755522216273,
           "enabled": false,
           "initial_eprice_ema_dist": -0.0845125494486878,
           "initial_qty_pct": 0.09506321671172514,
           "markup_range": 0.04983651548922773,
           "min_markup": 0.00935396575411326,
           "n_close_orders": 16,
           "rentry_pprice_dist": 0.027742973235558892,
           "rentry_pprice_dist_wallet_exposure_weighting": 9.92913120224667,
           "wallet_exposure_limit": 1.0}}