{"config_name": "recursive_grid_0days",
 "logging_level": 0,
 "long": {"auto_unstuck_ema_dist": 0,
          "auto_unstuck_wallet_exposure_threshold": 0.0,
          "backwards_tp": false,
          "ddown_factor": 2.21359917250662,
          "ema_span_0": 77.1645985208953,
          "ema_span_1": 133.07610157119402,
          "enabled": true,
          "initial_eprice_ema_dist": -0.043532953612608054,
          "initial_qty_pct": 0.005490860713214945,
          "markup_range": 0.013186261165044262,
          "min_markup": 0.006877994089587444,
          "n_close_orders": 6,
          "rentry_pprice_dist": 0.00905508405614155,
          "rentry_pprice_dist_wallet_exposure_weighting": 0.32116847258344583,
          "wallet_exposure_limit": 0.2},
 "short": {"auto_unstuck_ema_dist": -0.098800286828922,
           "auto_unstuck_wallet_exposure_threshold": 0.06328668999163335,
           "backwards_tp": false,
           "ddown_factor": 1.15620272456786,
           "ema_span_0": 1004.0474184428344,
           "ema_span_1": 611.9392904086475,
           "enabled": false,
           "initial_eprice_ema_dist": -0.09965262829922074,
           "initial_qty_pct": 0.03420587145918072,
           "markup_range": 0.030137787910889422,
           "min_markup": 0.00523326670155279,
           "n_close_orders": 14,
           "rentry_pprice_dist": 0.041951694731809,
           "rentry_pprice_dist_wallet_exposure_weighting": 14.569575645617894,
           "wallet_exposure_limit": 1}}