{"config_name": "recursive_grid_0days",
 "logging_level": 0,
 "long": {"auto_unstuck_ema_dist": 0.0020122254487703758,
          "auto_unstuck_wallet_exposure_threshold": 0.09310812729294757,
          "backwards_tp": true,
          "ddown_factor": 1.771882862624119,
          "ema_span_0": 292.32332994804204,
          "ema_span_1": 489.64942137952255,
          "enabled": true,
          "initial_eprice_ema_dist": 0.009277778745098908,
          "initial_qty_pct": 0.023595058748328606,
          "markup_range": 0.0058100888230242015,
          "min_markup": 0.007329747165116039,
          "n_close_orders": 5,
          "rentry_pprice_dist": 0.03532891772237814,
          "rentry_pprice_dist_wallet_exposure_weighting": 3.661580405920956,
          "wallet_exposure_limit": 0.3},
 "short": {"auto_unstuck_ema_dist": -0.06338890486159032,
           "auto_unstuck_wallet_exposure_threshold": 0.04034662876458369,
           "backwards_tp": true,
           "ddown_factor": 1.9759689019585938,
           "ema_span_0": 284.9717472064157,
           "ema_span_1": 497.2695645747453,
           "enabled": false,
           "initial_eprice_ema_dist": -0.0024082146353476136,
           "initial_qty_pct": 0.058689877331977794,
           "markup_range": 0.00785223897442954,
           "min_markup": 0.0015762384971825258,
           "n_close_orders": 15,
           "rentry_pprice_dist": 0.04226900286742777,
           "rentry_pprice_dist_wallet_exposure_weighting": 38.198327025649924,
           "wallet_exposure_limit": 1.0}}