{"config_name": "neat_grid_0days",
 "logging_level": 0,
 "long": {"auto_unstuck_ema_dist": 0.09132420157795865,
          "auto_unstuck_wallet_exposure_threshold": 0.04640009612379253,
          "backwards_tp": true,
          "ema_span_0": 1148.7020364445464,
          "ema_span_1": 4642.503387666631,
          "enabled": true,
          "eprice_exp_base": 1.7588175516674056,
          "eqty_exp_base": 2.84644132009585,
          "grid_span": 0.14616131878449762,
          "initial_eprice_ema_dist": -0.004589479062405341,
          "initial_qty_pct": 0.01,
          "markup_range": 0.001975274902786548,
          "max_n_entry_orders": 7,
          "min_markup": 0.002,
          "n_close_orders": 18,
          "wallet_exposure_limit": 1},
 "short": {"auto_unstuck_ema_dist": 0.075735368056949,
           "auto_unstuck_wallet_exposure_threshold": 0.0018369170061523438,
           "backwards_tp": true,
           "ema_span_0": 3405.051387263387,
           "ema_span_1": 9000,
           "enabled": true,
           "eprice_exp_base": 1.8385756598605234,
           "eqty_exp_base": 1.4550363152991044,
           "grid_span": 0.1,
           "initial_eprice_ema_dist": -0.01832235977332105,
           "initial_qty_pct": 0.01,
           "markup_range": 0.0003247896287959034,
           "max_n_entry_orders": 11,
           "min_markup": 0.002,
           "n_close_orders": 17,
           "wallet_exposure_limit": 1}}