{"config_name": "recursive_grid_0days",
 "logging_level": 0,
 "long": {"auto_unstuck_ema_dist": 0,
          "auto_unstuck_wallet_exposure_threshold": 0.0,
          "backwards_tp": false,
          "ddown_factor": 0.32137024027480005,
          "ema_span_0": 572.7352722413618,
          "ema_span_1": 819.9688795414504,
          "enabled": true,
          "initial_eprice_ema_dist": -0.09567225897585228,
          "initial_qty_pct": 0.0004785935546617574,
          "markup_range": 0.05194863386166659,
          "min_markup": 0.010561194433435443,
          "n_close_orders": 8,
          "rentry_pprice_dist": 0.029923419069842548,
          "rentry_pprice_dist_wallet_exposure_weighting": 3.862848718387892,
          "wallet_exposure_limit": 0.2},
 "short": {"auto_unstuck_ema_dist": -0.08245107830180773,
           "auto_unstuck_wallet_exposure_threshold": 0.09252807866166321,
           "backwards_tp": false,
           "ddown_factor": 1.4742359771407278,
           "ema_span_0": 445.84413117359304,
           "ema_span_1": 687.3252918565096,
           "enabled": false,
           "initial_eprice_ema_dist": -0.07477998648067635,
           "initial_qty_pct": 0.03315347557861906,
           "markup_range": 0.014794347346690107,
           "min_markup": 0.004849752821864998,
           "n_close_orders": 2,
           "rentry_pprice_dist": 0.017965568126716423,
           "rentry_pprice_dist_wallet_exposure_weighting": 7.974436054861642,
           "wallet_exposure_limit": 1.0}}