{"config_name": "recursive_grid_0days",
 "logging_level": 0,
 "long": {"auto_unstuck_ema_dist": 0,
          "auto_unstuck_wallet_exposure_threshold": 0,
          "backwards_tp": false,
          "ddown_factor": 1.9520394178928273,
          "ema_span_0": 60.575416059457446,
          "ema_span_1": 73.15366092481912,
          "enabled": true,
          "initial_eprice_ema_dist": -0.1,
          "initial_qty_pct": 0.004611001054177766,
          "markup_range": 0.021071734306527146,
          "min_markup": 0.014821148989826127,
          "n_close_orders": 3,
          "rentry_pprice_dist": 0.04145650779344456,
          "rentry_pprice_dist_wallet_exposure_weighting": 0,
          "wallet_exposure_limit": 1},
 "short": {"auto_unstuck_ema_dist": 0.0606461050272104,
           "auto_unstuck_wallet_exposure_threshold": 0.06747296438014538,
           "backwards_tp": false,
           "ddown_factor": 0.31329210044270667,
           "ema_span_0": 2025.3049918278484,
           "ema_span_1": 7861.022645327091,
           "enabled": false,
           "initial_eprice_ema_dist": -0.020318534275448802,
           "initial_qty_pct": 0.030347390547791793,
           "markup_range": 0.023947963756822534,
           "min_markup": 0.01666554696485133,
           "n_close_orders": 14,
           "rentry_pprice_dist": 0.014109740308448828,
           "rentry_pprice_dist_wallet_exposure_weighting": 66.63396907381527,
           "wallet_exposure_limit": 0.1}}