{"config_name": "recursive_grid_0days",
 "logging_level": 0,
 "long": {"auto_unstuck_ema_dist": 0.0006340359664172052,
          "auto_unstuck_wallet_exposure_threshold": 0.06540270566161833,
          "backwards_tp": true,
          "ddown_factor": 2.720469849435112,
          "ema_span_0": 170.23089267674877,
          "ema_span_1": 460.969782371165,
          "enabled": true,
          "initial_eprice_ema_dist": 0.006810597816566252,
          "initial_qty_pct": 0.047306011937211866,
          "markup_range": 0.006115923926715951,
          "min_markup": 0.006576062468477855,
          "n_close_orders": 8,
          "rentry_pprice_dist": 0.02660633477541926,
          "rentry_pprice_dist_wallet_exposure_weighting": 0.4633157128662032,
          "wallet_exposure_limit": 0.3},
 "short": {"auto_unstuck_ema_dist": -0.0719924981104036,
           "auto_unstuck_wallet_exposure_threshold": 0.044713122168822485,
           "backwards_tp": true,
           "ddown_factor": 2.100516220248386,
           "ema_span_0": 466.0641755499203,
           "ema_span_1": 1284.79539382841,
           "enabled": false,
           "initial_eprice_ema_dist": -0.0044307454529882995,
           "initial_qty_pct": 0.041470910482841065,
           "markup_range": 0.03448654973458525,
           "min_markup": 0.004032121457637772,
           "n_close_orders": 6,
           "rentry_pprice_dist": 0.04271888378822427,
           "rentry_pprice_dist_wallet_exposure_weighting": 39.99232415759629,
           "wallet_exposure_limit": 1.0}}