{"config_name": "clock_0days",
 "long": {"backwards_tp": true,
          "delay_between_fills_minutes_close": 480.19673771066454,
          "delay_between_fills_minutes_entry": 427.5873088646873,
          "delay_weight_close": 145.77106301809877,
          "delay_weight_entry": 26.99867213692212,
          "ema_dist_close": -0.6912285801767496,
          "ema_dist_entry": 0.008982339144725047,
          "ema_span_0": 307.34459146626835,
          "ema_span_1": 118.61418313099442,
          "enabled": true,
          "markup_range": 0.014549452125568203,
          "min_markup": 0.01904000778084279,
          "n_close_orders": 7,
          "qty_pct_close": 0.01678962902464444,
          "qty_pct_entry": 0.01903243532219537,
          "wallet_exposure_limit": 0.3,
          "we_multiplier_close": 7.7902748128973425,
          "we_multiplier_entry": 120.69823965046301},
 "short": {"backwards_tp": false,
           "delay_between_fills_minutes_close": 146.36087340613886,
           "delay_between_fills_minutes_entry": 72.88166759129398,
           "delay_weight_close": 88.68228520169727,
           "delay_weight_entry": 76.78212636917661,
           "ema_dist_close": -0.043007193454197686,
           "ema_dist_entry": -0.02030958707642454,
           "ema_span_0": 506.27098251350003,
           "ema_span_1": 23.110122279512474,
           "enabled": false,
           "markup_range": 0.0507420445495332,
           "min_markup": 0.007332202355718632,
           "n_close_orders": 10,
           "qty_pct_close": 0.12155740490729894,
           "qty_pct_entry": 0.18417541448247338,
           "wallet_exposure_limit": 1.0,
           "we_multiplier_close": 2.0244495054929734,
           "we_multiplier_entry": 58.743572463675896}}