{"config_name": "recursive_grid_0days",
 "logging_level": 0,
 "long": {"auto_unstuck_ema_dist": 0.0,
          "auto_unstuck_wallet_exposure_threshold": 0.0,
          "backwards_tp": true,
          "ddown_factor": 2.1254253520773285,
          "ema_span_0": 807.7117818742133,
          "ema_span_1": 351.80081106388803,
          "enabled": true,
          "initial_eprice_ema_dist": -0.12549239796830822,
          "initial_qty_pct": 0.0012127926330287233,
          "markup_range": 0.04195285724008022,
          "min_markup": 0.0057040834718057746,
          "n_close_orders": 2,
          "rentry_pprice_dist": 0.025167276040473387,
          "rentry_pprice_dist_wallet_exposure_weighting": 2.138012780798612,
          "wallet_exposure_limit": 0.2},
 "short": {"auto_unstuck_ema_dist": -0.012514065203238344,
           "auto_unstuck_wallet_exposure_threshold": 0.061203220824790336,
           "backwards_tp": true,
           "ddown_factor": 0.3856479287817487,
           "ema_span_0": 1323.729757022462,
           "ema_span_1": 782.3500539842686,
           "enabled": false,
           "initial_eprice_ema_dist": -0.046361129013425435,
           "initial_qty_pct": 0.08351780903275355,
           "markup_range": 0.015130348752046987,
           "min_markup": 0.003585847577892262,
           "n_close_orders": 9,
           "rentry_pprice_dist": 0.04072736107605185,
           "rentry_pprice_dist_wallet_exposure_weighting": 9.66284520565609,
           "wallet_exposure_limit": 1.0}}