{"config_name": "recursive_grid_0days",
 "logging_level": 0,
 "long": {"auto_unstuck_ema_dist": 0,
          "auto_unstuck_wallet_exposure_threshold": 0.0,
          "backwards_tp": true,
          "ddown_factor": 2.048549245508725,
          "ema_span_0": 480.80583874163136,
          "ema_span_1": 458.609465556811,
          "enabled": true,
          "initial_eprice_ema_dist": 0.012282235997673033,
          "initial_qty_pct": 0.019776186157872477,
          "markup_range": 0.005313493225206631,
          "min_markup": 0.002823926890719502,
          "n_close_orders": 3,
          "rentry_pprice_dist": 0.031331049478419824,
          "rentry_pprice_dist_wallet_exposure_weighting": 2.31821385578489,
          "wallet_exposure_limit": 0.3},
 "short": {"auto_unstuck_ema_dist": -0.07348877222838263,
           "auto_unstuck_wallet_exposure_threshold": 0.03407297700708497,
           "backwards_tp": true,
           "ddown_factor": 1.1880437494918676,
           "ema_span_0": 454.6614561875586,
           "ema_span_1": 1433.9005492872295,
           "enabled": false,
           "initial_eprice_ema_dist": -0.09616206755311212,
           "initial_qty_pct": 0.06705120987919536,
           "markup_range": 0.009938536677902069,
           "min_markup": 0.007628730471349987,
           "n_close_orders": 5,
           "rentry_pprice_dist": 0.011887763345983593,
           "rentry_pprice_dist_wallet_exposure_weighting": 18.944785767748687,
           "wallet_exposure_limit": 1.0}}