{"config_name": "recursive_grid_0days",
 "logging_level": 0,
 "long": {"auto_unstuck_ema_dist": 0,
          "auto_unstuck_wallet_exposure_threshold": 0.0,
          "backwards_tp": false,
          "ddown_factor": 3.132188387611095,
          "ema_span_0": 355.5442383952664,
          "ema_span_1": 189.00062838109005,
          "enabled": true,
          "initial_eprice_ema_dist": -0.07962326020136273,
          "initial_qty_pct": 0.0031342914026760227,
          "markup_range": 0.046487181865065404,
          "min_markup": 0.010501573030842062,
          "n_close_orders": 2,
          "rentry_pprice_dist": 0.02707611227659182,
          "rentry_pprice_dist_wallet_exposure_weighting": 0.5961416218528902,
          "wallet_exposure_limit": 1},
 "short": {"auto_unstuck_ema_dist": -0.003243830835685718,
           "auto_unstuck_wallet_exposure_threshold": 0.07547731270411816,
           "backwards_tp": false,
           "ddown_factor": 2.449178991325874,
           "ema_span_0": 94.83985098914847,
           "ema_span_1": 845.431080384816,
           "enabled": false,
           "initial_eprice_ema_dist": -0.09877305041295585,
           "initial_qty_pct": 0.02383956127455635,
           "markup_range": 0.033357707912335034,
           "min_markup": 0.006757013210651347,
           "n_close_orders": 5,
           "rentry_pprice_dist": 0.02125229714802658,
           "rentry_pprice_dist_wallet_exposure_weighting": 1.8776326315343428,
           "wallet_exposure_limit": 1}}