{"config_name": "recursive_grid_0days",
 "logging_level": 0,
 "long": {"auto_unstuck_ema_dist": -0.00013847032138707526,
          "auto_unstuck_wallet_exposure_threshold": 0.05756983099057114,
          "backwards_tp": true,
          "ddown_factor": 2.681015702620931,
          "ema_span_0": 80.37124535960874,
          "ema_span_1": 551.8584719538021,
          "enabled": true,
          "initial_eprice_ema_dist": 0.009726434111308854,
          "initial_qty_pct": 0.01921054079116022,
          "markup_range": 0.006459747970180087,
          "min_markup": 0.0053171765208711655,
          "n_close_orders": 2,
          "rentry_pprice_dist": 0.02447196571224725,
          "rentry_pprice_dist_wallet_exposure_weighting": 2.548146490808834,
          "wallet_exposure_limit": 0.3},
 "short": {"auto_unstuck_ema_dist": -0.02024340438890669,
           "auto_unstuck_wallet_exposure_threshold": 0.06698811884120046,
           "backwards_tp": true,
           "ddown_factor": 0.7538509447850358,
           "ema_span_0": 114.74467516849442,
           "ema_span_1": 369.82302201430235,
           "enabled": false,
           "initial_eprice_ema_dist": -0.02311542674439207,
           "initial_qty_pct": 0.07805871794558206,
           "markup_range": 0.021442411304984,
           "min_markup": 0.008859929866233834,
           "n_close_orders": 4,
           "rentry_pprice_dist": 0.03534142301801828,
           "rentry_pprice_dist_wallet_exposure_weighting": 0.9847863100533205,
           "wallet_exposure_limit": 1.0}}