{"config_name": "clock_0days",
 "long": {"backwards_tp": true,
          "delay_between_fills_minutes_close": 491.73665925140295,
          "delay_between_fills_minutes_entry": 378.7038832671041,
          "delay_weight_close": 98.2348390167631,
          "delay_weight_entry": 31.667120012469503,
          "ema_dist_close": -0.6050078019561946,
          "ema_dist_entry": 0.005647786525892743,
          "ema_span_0": 431.3469654552735,
          "ema_span_1": 360.7484246293027,
          "enabled": true,
          "markup_range": 0.018385809784369198,
          "min_markup": 0.003324589024164559,
          "n_close_orders": 4,
          "qty_pct_close": 0.01,
          "qty_pct_entry": 0.01,
          "wallet_exposure_limit": 0.3,
          "we_multiplier_close": 7.562833140329072,
          "we_multiplier_entry": 110.08210412255548},
 "short": {"backwards_tp": true,
           "delay_between_fills_minutes_close": 498.4280776404529,
           "delay_between_fills_minutes_entry": 356.38525081538035,
           "delay_weight_close": 112.4095749248642,
           "delay_weight_entry": 3.742156180571893,
           "ema_dist_close": -0.35005848935511163,
           "ema_dist_entry": -0.9778350688859037,
           "ema_span_0": 190.48193876608852,
           "ema_span_1": 42.53481355179753,
           "enabled": false,
           "markup_range": 0.01064591446856686,
           "min_markup": 0.07401696298574145,
           "n_close_orders": 3,
           "qty_pct_close": 0.01,
           "qty_pct_entry": 0.01,
           "wallet_exposure_limit": 1.0,
           "we_multiplier_close": 47.252218394971464,
           "we_multiplier_entry": 48.64908042668371}}