{"config_name": "clock_0days",
 "long": {"backwards_tp": true,
          "delay_between_fills_minutes_close": 500,
          "delay_between_fills_minutes_entry": 495.3358741622927,
          "delay_weight_close": 52.217957764585044,
          "delay_weight_entry": 22.019915825744455,
          "ema_dist_close": -0.7609961317350519,
          "ema_dist_entry": 0.007774165008650247,
          "ema_span_0": 1094.3600266706248,
          "ema_span_1": 831.3845358270157,
          "enabled": true,
          "markup_range": 0.042316649670184114,
          "min_markup": 0.00991238144083616,
          "n_close_orders": 9,
          "qty_pct_close": 0.012234788692603972,
          "qty_pct_entry": 0.015525101440601818,
          "wallet_exposure_limit": 0.3,
          "we_multiplier_close": 5.35532681406781,
          "we_multiplier_entry": 18.731208886486833},
 "short": {"backwards_tp": true,
           "delay_between_fills_minutes_close": 444.0387462524747,
           "delay_between_fills_minutes_entry": 57.55466469097201,
           "delay_weight_close": 8.035600147977412,
           "delay_weight_entry": 135.89173316084046,
           "ema_dist_close": -0.9319171212714007,
           "ema_dist_entry": -0.6848743615269364,
           "ema_span_0": 142.04348213054524,
           "ema_span_1": 46.63904180164249,
           "enabled": false,
           "markup_range": 0.013408042257957187,
           "min_markup": 0.010367956643504338,
           "n_close_orders": 3,
           "qty_pct_close": 0.01,
           "qty_pct_entry": 0.01,
           "wallet_exposure_limit": 1.0,
           "we_multiplier_close": 27.972458702274693,
           "we_multiplier_entry": 1.0278425254823476}}