{"config_name": "clock_0days",
 "long": {"delay_between_fills_minutes_close": 480.15609121618644,
          "delay_between_fills_minutes_entry": 435.6860480527524,
          "delay_weight_close": 126.18702450462324,
          "delay_weight_entry": 34.734307238979675,
          "ema_dist_lower": 0.004264129518181559,
          "ema_dist_upper": -0.016910873036135143,
          "ema_span_0": 285.2540815913356,
          "ema_span_1": 354.3807794006342,
          "enabled": true,
          "markup_range": 0.021601902728237355,
          "min_markup": 0.029726381994809883,
          "n_close_orders": 9,
          "qty_pct_close": 0.01071372103692688,
          "qty_pct_entry": 0.012517331549543414,
          "wallet_exposure_limit": 0.3,
          "we_multiplier_close": 24.898371326565314,
          "we_multiplier_entry": 92.32091777381525},
 "short": {"delay_between_fills_minutes_close": 592.8229610547023,
           "delay_between_fills_minutes_entry": 908.8678900653027,
           "delay_weight_close": 2.0319831072201944,
           "delay_weight_entry": 5.1192966378438225,
           "ema_dist_lower": 0.009434729679991595,
           "ema_dist_upper": 0.018478257304675564,
           "ema_span_0": 1328.9247958376193,
           "ema_span_1": 2352.880576382178,
           "enabled": false,
           "markup_range": 0.07359034438134962,
           "min_markup": 0.023617177818777646,
           "n_close_orders": 6,
           "qty_pct_close": 0.030123448665862987,
           "qty_pct_entry": 0.08084164017066837,
           "wallet_exposure_limit": 1.0,
           "we_multiplier_close": 3.939438311049547,
           "we_multiplier_entry": 64.66335983541566}}