{"config_name": "recursive_grid_0days",
 "logging_level": 0,
 "long": {"auto_unstuck_ema_dist": 0,
          "auto_unstuck_wallet_exposure_threshold": 0.0,
          "backwards_tp": true,
          "ddown_factor": 2.6594354224149557,
          "ema_span_0": 182.02209949827213,
          "ema_span_1": 1298.5470070841866,
          "enabled": true,
          "initial_eprice_ema_dist": 0.015028507553573277,
          "initial_qty_pct": 0.015091317908316032,
          "markup_range": 0.004100633282721184,
          "min_markup": 0.008347419060134555,
          "n_close_orders": 11,
          "rentry_pprice_dist": 0.02768781080826495,
          "rentry_pprice_dist_wallet_exposure_weighting": 11.024119727804509,
          "wallet_exposure_limit": 0.3},
 "short": {"auto_unstuck_ema_dist": -0.025060532331010757,
           "auto_unstuck_wallet_exposure_threshold": 0.033147311317821664,
           "backwards_tp": true,
           "ddown_factor": 0.22384397561483826,
           "ema_span_0": 1047.5832872537092,
           "ema_span_1": 1056.1275178032524,
           "enabled": false,
           "initial_eprice_ema_dist": -0.06839881462122525,
           "initial_qty_pct": 0.026434696817222048,
           "markup_range": 0.023357548411293616,
           "min_markup": 0.002556933298530073,
           "n_close_orders": 14,
           "rentry_pprice_dist": 0.029186202730140207,
           "rentry_pprice_dist_wallet_exposure_weighting": 6.717896990975087,
           "wallet_exposure_limit": 1.0}}