{"config_name": "clock_0days",
 "long": {"backwards_tp": true,
          "delay_between_fills_minutes_close": 440.23093015128114,
          "delay_between_fills_minutes_entry": 456.73489287981863,
          "delay_weight_close": 92.51767928014391,
          "delay_weight_entry": 18.199167063196906,
          "ema_dist_close": -0.5435104896880594,
          "ema_dist_entry": 0.010076169194132678,
          "ema_span_0": 557.9776515508407,
          "ema_span_1": 573.4854420573633,
          "enabled": true,
          "markup_range": 0.027699053135684232,
          "min_markup": 0.006521752426970346,
          "n_close_orders": 8,
          "qty_pct_close": 0.01037440418043099,
          "qty_pct_entry": 0.011929252031718978,
          "wallet_exposure_limit": 0.3,
          "we_multiplier_close": 2.7515169695287502,
          "we_multiplier_entry": 47.220426330042905},
 "short": {"backwards_tp": true,
           "delay_between_fills_minutes_close": 263.22578536013805,
           "delay_between_fills_minutes_entry": 403.1951729072845,
           "delay_weight_close": 88.46035795768364,
           "delay_weight_entry": 61.78837521046797,
           "ema_dist_close": -0.8284716764808879,
           "ema_dist_entry": -0.4013919985040352,
           "ema_span_0": 41.40341037060489,
           "ema_span_1": 63.38909597772868,
           "enabled": false,
           "markup_range": 0.010021265627413494,
           "min_markup": 0.04981494535249433,
           "n_close_orders": 4,
           "qty_pct_close": 0.01,
           "qty_pct_entry": 0.01,
           "wallet_exposure_limit": 1.0,
           "we_multiplier_close": 28.370456523276705,
           "we_multiplier_entry": 40.47448960441476}}