{"config_name": "recursive_grid_0days",
 "logging_level": 0,
 "long": {"auto_unstuck_ema_dist": 0,
          "auto_unstuck_wallet_exposure_threshold": 0.0,
          "backwards_tp": false,
          "ddown_factor": 2.1376373907761272,
          "ema_span_0": 605.8042764293551,
          "ema_span_1": 899.3561150581436,
          "enabled": true,
          "initial_eprice_ema_dist": -0.154482489357186,
          "initial_qty_pct": 0.005234960211340258,
          "markup_range": 0.03218505226205502,
          "min_markup": 0.0016596595037036146,
          "n_close_orders": 2,
          "rentry_pprice_dist": 0.014602392436761175,
          "rentry_pprice_dist_wallet_exposure_weighting": 3.2701062479166123,
          "wallet_exposure_limit": 0.2},
 "short": {"auto_unstuck_ema_dist": -0.058332623781705215,
           "auto_unstuck_wallet_exposure_threshold": 0.07180391581851991,
           "backwards_tp": false,
           "ddown_factor": 2.7461064949607494,
           "ema_span_0": 639.0685440207676,
           "ema_span_1": 1191.1000999218884,
           "enabled": false,
           "initial_eprice_ema_dist": -0.0771105761688992,
           "initial_qty_pct": 0.03274097522497464,
           "markup_range": 0.03589017542554553,
           "min_markup": 0.0028927969079309006,
           "n_close_orders": 4,
           "rentry_pprice_dist": 0.005514485300100106,
           "rentry_pprice_dist_wallet_exposure_weighting": 8.94660011326087,
           "wallet_exposure_limit": 1.0}}