{"config_name": "recursive_grid_0days",
 "logging_level": 0,
 "long": {"auto_unstuck_ema_dist": -0.00510864130920583,
          "auto_unstuck_wallet_exposure_threshold": 0.05612868704631804,
          "backwards_tp": true,
          "ddown_factor": 1.9553964045976664,
          "ema_span_0": 211.07004296318038,
          "ema_span_1": 1018.9766936858127,
          "enabled": true,
          "initial_eprice_ema_dist": 0.008640632419392415,
          "initial_qty_pct": 0.02139601308816715,
          "markup_range": 0.0020364120168903377,
          "min_markup": 0.009353263435854792,
          "n_close_orders": 3,
          "rentry_pprice_dist": 0.048793863376527635,
          "rentry_pprice_dist_wallet_exposure_weighting": 0.5510688654262481,
          "wallet_exposure_limit": 0.3},
 "short": {"auto_unstuck_ema_dist": -0.06474991052347757,
           "auto_unstuck_wallet_exposure_threshold": 0.0767867652960263,
           "backwards_tp": true,
           "ddown_factor": 2.1674362148265893,
           "ema_span_0": 460.66214675466,
           "ema_span_1": 953.465460398397,
           "enabled": false,
           "initial_eprice_ema_dist": -0.084698107916521,
           "initial_qty_pct": 0.08733795577909968,
           "markup_range": 0.041704795236988126,
           "min_markup": 0.007810410696313576,
           "n_close_orders": 12,
           "rentry_pprice_dist": 0.043013226160537876,
           "rentry_pprice_dist_wallet_exposure_weighting": 27.5756071413663,
           "wallet_exposure_limit": 1.0}}