{"config_name": "clock_0days",
 "long": {"backwards_tp": true,
          "delay_between_fills_minutes_close": 406.06605455408567,
          "delay_between_fills_minutes_entry": 395.17871730802153,
          "delay_weight_close": 132.6343522039291,
          "delay_weight_entry": 22.904596905662334,
          "ema_dist_close": -0.028431973460731896,
          "ema_dist_entry": 0.007875115632042247,
          "ema_span_0": 135.67188642178945,
          "ema_span_1": 88.06597897430967,
          "enabled": true,
          "markup_range": 0.028752188598312686,
          "min_markup": 0.009776675086278873,
          "n_close_orders": 4,
          "qty_pct_close": 0.013848438634250898,
          "qty_pct_entry": 0.018535328794044358,
          "wallet_exposure_limit": 0.3,
          "we_multiplier_close": 132.07518008686526,
          "we_multiplier_entry": 54.068043287439345},
 "short": {"backwards_tp": true,
           "delay_between_fills_minutes_close": 121.55958258374164,
           "delay_between_fills_minutes_entry": 644.211882356354,
           "delay_weight_close": 68.91399727504029,
           "delay_weight_entry": 7.041417929527139,
           "ema_dist_close": -0.01675608510379696,
           "ema_dist_entry": -0.01017311252000315,
           "ema_span_0": 349.45332873413514,
           "ema_span_1": 87.81742708361267,
           "enabled": false,
           "markup_range": 0.02399439119155468,
           "min_markup": 0.0025328552054910717,
           "n_close_orders": 7,
           "qty_pct_close": 0.03526775806461641,
           "qty_pct_entry": 0.012575598861120427,
           "wallet_exposure_limit": 1,
           "we_multiplier_close": 26.164690907639333,
           "we_multiplier_entry": 7.512421872940511}}