{"config_name": "recursive_grid_0days",
 "logging_level": 0,
 "long": {"auto_unstuck_ema_dist": 0,
          "auto_unstuck_wallet_exposure_threshold": 0.0,
          "backwards_tp": true,
          "ddown_factor": 2.0966572405834203,
          "ema_span_0": 36.44959287933891,
          "ema_span_1": 578.3597581187266,
          "enabled": true,
          "initial_eprice_ema_dist": 0.0017203136135655998,
          "initial_qty_pct": 0.014569036779440575,
          "markup_range": 0.004254107707748176,
          "min_markup": 0.0028161979156427616,
          "n_close_orders": 3,
          "rentry_pprice_dist": 0.024226056002639752,
          "rentry_pprice_dist_wallet_exposure_weighting": 2.7282874539422592,
          "wallet_exposure_limit": 0.3},
 "short": {"auto_unstuck_ema_dist": -0.004323874058110986,
           "auto_unstuck_wallet_exposure_threshold": 0.0361661967050627,
           "backwards_tp": true,
           "ddown_factor": 0.16902255431984536,
           "ema_span_0": 1069.3063758401163,
           "ema_span_1": 1404.7520131879942,
           "enabled": false,
           "initial_eprice_ema_dist": -0.014114001870975201,
           "initial_qty_pct": 0.06165956015449126,
           "markup_range": 0.015613276608218218,
           "min_markup": 0.0028782408363982387,
           "n_close_orders": 8,
           "rentry_pprice_dist": 0.04758273717230502,
           "rentry_pprice_dist_wallet_exposure_weighting": 5.812141109952195,
           "wallet_exposure_limit": 1}}