{"config_name": "recursive_grid_0days",
 "logging_level": 0,
 "long": {"auto_unstuck_ema_dist": 0,
          "auto_unstuck_wallet_exposure_threshold": 0.0,
          "backwards_tp": false,
          "ddown_factor": 1.0458868762896234,
          "ema_span_0": 182.1109977952323,
          "ema_span_1": 736.5652242892417,
          "enabled": true,
          "initial_eprice_ema_dist": -0.17205439268139874,
          "initial_qty_pct": 0.0017487582351059597,
          "markup_range": 0.03921219501808746,
          "min_markup": 0.010029007509258458,
          "n_close_orders": 7,
          "rentry_pprice_dist": 0.02889914113220602,
          "rentry_pprice_dist_wallet_exposure_weighting": 2.4850404079958333,
          "wallet_exposure_limit": 0.2},
 "short": {"auto_unstuck_ema_dist": -0.04362583151867333,
           "auto_unstuck_wallet_exposure_threshold": 0.05705945546227366,
           "backwards_tp": false,
           "ddown_factor": 1.0698261237147033,
           "ema_span_0": 284.8756796627728,
           "ema_span_1": 775.0741953958642,
           "enabled": false,
           "initial_eprice_ema_dist": -0.05097839019013914,
           "initial_qty_pct": 0.062213850204138804,
           "markup_range": 0.05966852216369426,
           "min_markup": 0.004166153815219305,
           "n_close_orders": 11,
           "rentry_pprice_dist": 0.015845081287525146,
           "rentry_pprice_dist_wallet_exposure_weighting": 15.090925233068557,
           "wallet_exposure_limit": 1.0}}