{"config_name": "clock_0days",
 "long": {"backwards_tp": true,
          "delay_between_fills_minutes_close": 500,
          "delay_between_fills_minutes_entry": 500,
          "delay_weight_close": 120.43096466490957,
          "delay_weight_entry": 15.324094748067234,
          "ema_dist_close": -0.019995149319638195,
          "ema_dist_entry": -0.015513371643591362,
          "ema_span_0": 2123.52552884924,
          "ema_span_1": 368.78770009112105,
          "enabled": true,
          "markup_range": 0.04215449728752343,
          "min_markup": 0.009968219425810198,
          "n_close_orders": 9,
          "qty_pct_close": 0.011985787284081366,
          "qty_pct_entry": 0.011795149686108033,
          "wallet_exposure_limit": 0.3,
          "we_multiplier_close": 48.053394632244824,
          "we_multiplier_entry": 100.45762913785998},
 "short": {"backwards_tp": true,
           "delay_between_fills_minutes_close": 286.9376217623631,
           "delay_between_fills_minutes_entry": 341.8428219368583,
           "delay_weight_close": 28.326179571602957,
           "delay_weight_entry": 93.74409345058629,
           "ema_dist_close": -0.8664301938096725,
           "ema_dist_entry": -0.9047134338554379,
           "ema_span_0": 331.23945854261706,
           "ema_span_1": 233.711191887683,
           "enabled": false,
           "markup_range": 0.016776635814107356,
           "min_markup": 0.09545207505448906,
           "n_close_orders": 2,
           "qty_pct_close": 0.01,
           "qty_pct_entry": 0.01,
           "wallet_exposure_limit": 1.0,
           "we_multiplier_close": 119.44375116607162,
           "we_multiplier_entry": 30.811048548438556}}