{"config_name": "recursive_grid_0days",
 "logging_level": 0,
 "long": {"auto_unstuck_ema_dist": 0,
          "auto_unstuck_wallet_exposure_threshold": 0.07661049490551522,
          "backwards_tp": true,
          "ddown_factor": 2.7440922974001545,
          "ema_span_0": 494.0009691000298,
          "ema_span_1": 665.7851636226081,
          "enabled": true,
          "initial_eprice_ema_dist": 0.013474657720813164,
          "initial_qty_pct": 0.021934954795783657,
          "markup_range": 0.002346787441427634,
          "min_markup": 0.006686469202938843,
          "n_close_orders": 11,
          "rentry_pprice_dist": 0.03845697381357662,
          "rentry_pprice_dist_wallet_exposure_weighting": 2.2807249269637895,
          "wallet_exposure_limit": 0.3},
 "short": {"auto_unstuck_ema_dist": -0.03868489952118379,
           "auto_unstuck_wallet_exposure_threshold": 0.07950133379953322,
           "backwards_tp": true,
           "ddown_factor": 2.7601285778050957,
           "ema_span_0": 607.8670795993357,
           "ema_span_1": 226.4292986897665,
           "enabled": false,
           "initial_eprice_ema_dist": -0.006336856681006323,
           "initial_qty_pct": 0.08148294076950907,
           "markup_range": 0.04359221562181499,
           "min_markup": 0.005612358102550603,
           "n_close_orders": 10,
           "rentry_pprice_dist": 0.009937467928733706,
           "rentry_pprice_dist_wallet_exposure_weighting": 3.1193262371146635,
           "wallet_exposure_limit": 1.0}}