{"config_name": "clock_0days",
 "long": {"backwards_tp": true,
          "delay_between_fills_minutes_close": 499.5551933941996,
          "delay_between_fills_minutes_entry": 389.9545149909547,
          "delay_weight_close": 97.12096737135553,
          "delay_weight_entry": 38.11477255849451,
          "ema_dist_close": -0.07798218466161581,
          "ema_dist_entry": 0.007090094218754915,
          "ema_span_0": 62.88291884435864,
          "ema_span_1": 60.2975224858508,
          "enabled": true,
          "markup_range": 0.013892190087264307,
          "min_markup": 0.005186989166839387,
          "n_close_orders": 3,
          "qty_pct_close": 0.01,
          "qty_pct_entry": 0.01,
          "wallet_exposure_limit": 0.3,
          "we_multiplier_close": 14.609597781660034,
          "we_multiplier_entry": 79.2226472802382},
 "short": {"backwards_tp": true,
           "delay_between_fills_minutes_close": 89.96577473519653,
           "delay_between_fills_minutes_entry": 1082.5713186454327,
           "delay_weight_close": 36.30681528086633,
           "delay_weight_entry": 87.04628716067049,
           "ema_dist_close": -0.02346667010575992,
           "ema_dist_entry": -0.01594343730219184,
           "ema_span_0": 212.20294287734032,
           "ema_span_1": 107.10460910203585,
           "enabled": false,
           "markup_range": 0.051930379726101344,
           "min_markup": 0.07660611768062184,
           "n_close_orders": 2,
           "qty_pct_close": 0.5641674652484213,
           "qty_pct_entry": 0.41925424832632757,
           "wallet_exposure_limit": 1.0,
           "we_multiplier_close": 1.6062886010165955,
           "we_multiplier_entry": 91.17350453231671}}