{"config_name": "recursive_grid_0days",
 "logging_level": 0,
 "long": {"auto_unstuck_ema_dist": 0.0,
          "auto_unstuck_wallet_exposure_threshold": 0.0,
          "backwards_tp": true,
          "ddown_factor": 2.801658640241135,
          "ema_span_0": 196.83321292803382,
          "ema_span_1": 348.6939085767205,
          "enabled": true,
          "initial_eprice_ema_dist": 0.011163224703712414,
          "initial_qty_pct": 0.01112547315369456,
          "markup_range": 0.0028676469002413014,
          "min_markup": 0.005929422268871928,
          "n_close_orders": 14,
          "rentry_pprice_dist": 0.025816256018134424,
          "rentry_pprice_dist_wallet_exposure_weighting": 7.04474726109628,
          "wallet_exposure_limit": 0.3},
 "short": {"auto_unstuck_ema_dist": 0.0013694913613812448,
           "auto_unstuck_wallet_exposure_threshold": 0.05796245015502677,
           "backwards_tp": true,
           "ddown_factor": 1.4744202190913163,
           "ema_span_0": 635.3585961144979,
           "ema_span_1": 935.7113898240735,
           "enabled": false,
           "initial_eprice_ema_dist": -0.03159163629368056,
           "initial_qty_pct": 0.016405891294793036,
           "markup_range": 0.011713043357376085,
           "min_markup": 0.001898087953126226,
           "n_close_orders": 6,
           "rentry_pprice_dist": 0.04694906256688825,
           "rentry_pprice_dist_wallet_exposure_weighting": 16.02923992819711,
           "wallet_exposure_limit": 1}}