{"config_name": "recursive_grid_0days",
 "logging_level": 0,
 "long": {"auto_unstuck_ema_dist": 0,
          "auto_unstuck_wallet_exposure_threshold": 0.0,
          "backwards_tp": true,
          "ddown_factor": 2.96227071765434,
          "ema_span_0": 73.24181595475507,
          "ema_span_1": 82.809101352679,
          "enabled": true,
          "initial_eprice_ema_dist": -0.054145862937676134,
          "initial_qty_pct": 0.0011355529984561216,
          "markup_range": 0.008635067262474299,
          "min_markup": 0.010356045354277863,
          "n_close_orders": 3,
          "rentry_pprice_dist": 0.031798266818082475,
          "rentry_pprice_dist_wallet_exposure_weighting": 0.3179612786341842,
          "wallet_exposure_limit": 0.2},
 "short": {"auto_unstuck_ema_dist": -0.020008848221779563,
           "auto_unstuck_wallet_exposure_threshold": 0.07607478836135646,
           "backwards_tp": true,
           "ddown_factor": 2.8202344890369013,
           "ema_span_0": 86.68305642771882,
           "ema_span_1": 219.89158734428997,
           "enabled": false,
           "initial_eprice_ema_dist": -0.031233375090828394,
           "initial_qty_pct": 0.05038966525191367,
           "markup_range": 0.03061592089166969,
           "min_markup": 0.005543122511879947,
           "n_close_orders": 8,
           "rentry_pprice_dist": 0.04393263468783265,
           "rentry_pprice_dist_wallet_exposure_weighting": 2.975416881509052,
           "wallet_exposure_limit": 1.0}}