{"config_name": "recursive_grid_0days",
 "logging_level": 0,
 "long": {"auto_unstuck_ema_dist": 0.0,
          "auto_unstuck_wallet_exposure_threshold": 0.0,
          "backwards_tp": false,
          "ddown_factor": 2.330763537860644,
          "ema_span_0": 607.244351444999,
          "ema_span_1": 348.5865791874708,
          "enabled": true,
          "initial_eprice_ema_dist": -0.11143141008659226,
          "initial_qty_pct": 0.0031853072703503893,
          "markup_range": 0.04958713225982603,
          "min_markup": 0.0009251413226180436,
          "n_close_orders": 3,
          "rentry_pprice_dist": 0.03224589998973841,
          "rentry_pprice_dist_wallet_exposure_weighting": 3.4798171460824783,
          "wallet_exposure_limit": 0.2},
 "short": {"auto_unstuck_ema_dist": -0.01003460721936325,
           "auto_unstuck_wallet_exposure_threshold": 0.07228370652163471,
           "backwards_tp": false,
           "ddown_factor": 2.9959017103684893,
           "ema_span_0": 1408.0702011178544,
           "ema_span_1": 1394.9111080854943,
           "enabled": false,
           "initial_eprice_ema_dist": 0.00042854662226606,
           "initial_qty_pct": 0.07458992270823799,
           "markup_range": 0.04485598029496144,
           "min_markup": 0.008242646230386563,
           "n_close_orders": 5,
           "rentry_pprice_dist": 0.016508797036274787,
           "rentry_pprice_dist_wallet_exposure_weighting": 19.189915862498616,
           "wallet_exposure_limit": 1.0}}