{"config_name": "recursive_grid_0days",
 "logging_level": 0,
 "long": {"auto_unstuck_ema_dist": 0,
          "auto_unstuck_wallet_exposure_threshold": 0.0,
          "backwards_tp": false,
          "ddown_factor": 0.3568923136754826,
          "ema_span_0": 330.9974324228892,
          "ema_span_1": 337.8157258783552,
          "enabled": true,
          "initial_eprice_ema_dist": -0.14739618072979338,
          "initial_qty_pct": 0.0024130981178377927,
          "markup_range": 0.05155065959984896,
          "min_markup": 0.010561194433435443,
          "n_close_orders": 7,
          "rentry_pprice_dist": 0.034155176822863294,
          "rentry_pprice_dist_wallet_exposure_weighting": 3.9218211116780397,
          "wallet_exposure_limit": 0.2},
 "short": {"auto_unstuck_ema_dist": -0.07674629366695568,
           "auto_unstuck_wallet_exposure_threshold": 0.052088635709035554,
           "backwards_tp": false,
           "ddown_factor": 0.949056819551477,
           "ema_span_0": 385.1022082782306,
           "ema_span_1": 575.1550331843738,
           "enabled": false,
           "initial_eprice_ema_dist": -0.08568652338917133,
           "initial_qty_pct": 0.03984135401460061,
           "markup_range": 0.024115261429108817,
           "min_markup": 0.0038968812104929096,
           "n_close_orders": 4,
           "rentry_pprice_dist": 0.027799789131511845,
           "rentry_pprice_dist_wallet_exposure_weighting": 19.364517158781933,
           "wallet_exposure_limit": 1.0}}