{"config_name": "recursive_grid_0days",
 "logging_level": 0,
 "long": {"auto_unstuck_ema_dist": 0,
          "auto_unstuck_wallet_exposure_threshold": 0.0,
          "backwards_tp": true,
          "ddown_factor": 1.8397208665184215,
          "ema_span_0": 467.9146952112493,
          "ema_span_1": 490.2975321983105,
          "enabled": true,
          "initial_eprice_ema_dist": 0.009513986164210344,
          "initial_qty_pct": 0.017939434049243107,
          "markup_range": 0.002780603396224363,
          "min_markup": 0.0034606257555738237,
          "n_close_orders": 10,
          "rentry_pprice_dist": 0.03759844432854312,
          "rentry_pprice_dist_wallet_exposure_weighting": 3.296628476479754,
          "wallet_exposure_limit": 0.3},
 "short": {"auto_unstuck_ema_dist": -0.09256921557760024,
           "auto_unstuck_wallet_exposure_threshold": 0.05062895673687836,
           "backwards_tp": true,
           "ddown_factor": 0.6899987189618093,
           "ema_span_0": 1365.4455436574096,
           "ema_span_1": 127.4034150910411,
           "enabled": false,
           "initial_eprice_ema_dist": -0.013394180115859168,
           "initial_qty_pct": 0.08358956163519701,
           "markup_range": 0.04882513500438194,
           "min_markup": 0.0025758737674571094,
           "n_close_orders": 14,
           "rentry_pprice_dist": 0.008934612048946074,
           "rentry_pprice_dist_wallet_exposure_weighting": 2.7873661745672074,
           "wallet_exposure_limit": 1}}