{"config_name": "recursive_grid_0days",
 "logging_level": 0,
 "long": {"auto_unstuck_ema_dist": -0.0011929624819602591,
          "auto_unstuck_wallet_exposure_threshold": 0.05869647498822512,
          "backwards_tp": true,
          "ddown_factor": 1.7082896268214862,
          "ema_span_0": 160.5160394266026,
          "ema_span_1": 650.2601161306267,
          "enabled": true,
          "initial_eprice_ema_dist": 0.009833706694947503,
          "initial_qty_pct": 0.01305207552647179,
          "markup_range": 0.0025974759840619597,
          "min_markup": 0.008666094212336321,
          "n_close_orders": 5,
          "rentry_pprice_dist": 0.025962924311662763,
          "rentry_pprice_dist_wallet_exposure_weighting": 4.018025168027844,
          "wallet_exposure_limit": 0.3},
 "short": {"auto_unstuck_ema_dist": -0.012524100854256107,
           "auto_unstuck_wallet_exposure_threshold": 0.048930508562293605,
           "backwards_tp": true,
           "ddown_factor": 1.740137064222304,
           "ema_span_0": 273.71065621162995,
           "ema_span_1": 758.9949904727519,
           "enabled": false,
           "initial_eprice_ema_dist": -0.017905086499985623,
           "initial_qty_pct": 0.01271099543803545,
           "markup_range": 0.015297239909370862,
           "min_markup": 0.007657391216914945,
           "n_close_orders": 12,
           "rentry_pprice_dist": 0.01607826922104061,
           "rentry_pprice_dist_wallet_exposure_weighting": 16.311117258529077,
           "wallet_exposure_limit": 1.0}}