{"config_name": "clock_0days",
 "long": {"backwards_tp": true,
          "delay_between_fills_minutes_close": 294.6704097507339,
          "delay_between_fills_minutes_entry": 230.85926315583822,
          "delay_weight_close": 64.74084415163182,
          "delay_weight_entry": 23.831593596551716,
          "ema_dist_close": -0.013592782239943708,
          "ema_dist_entry": 0.009229587838733844,
          "ema_span_0": 1220.2454761307147,
          "ema_span_1": 702.5702320118243,
          "enabled": true,
          "markup_range": 0.0216805974227465,
          "min_markup": 0.00014173773674817122,
          "n_close_orders": 8,
          "qty_pct_close": 0.016894107128046475,
          "qty_pct_entry": 0.010204933399215348,
          "wallet_exposure_limit": 0.3,
          "we_multiplier_close": 131.91138432225983,
          "we_multiplier_entry": 142.5492517854356},
 "short": {"backwards_tp": true,
           "delay_between_fills_minutes_close": 765.1250464957764,
           "delay_between_fills_minutes_entry": 212.4509326099496,
           "delay_weight_close": 6.388749158230911,
           "delay_weight_entry": 74.31302111956776,
           "ema_dist_close": -0.000894304393404842,
           "ema_dist_entry": -0.013727374541116034,
           "ema_span_0": 943.5990208670241,
           "ema_span_1": 39.47490286576842,
           "enabled": false,
           "markup_range": 0.0375934995231436,
           "min_markup": 0.004727184020021421,
           "n_close_orders": 6,
           "qty_pct_close": 0.0514006128715862,
           "qty_pct_entry": 0.04583640771542888,
           "wallet_exposure_limit": 1.0,
           "we_multiplier_close": 63.58721167012563,
           "we_multiplier_entry": 69.70694486101115}}