{"config_name": "recursive_grid_0days",
 "logging_level": 0,
 "long": {"auto_unstuck_ema_dist": -0.0032266913125111735,
          "auto_unstuck_wallet_exposure_threshold": 0.060518127334898225,
          "backwards_tp": true,
          "ddown_factor": 2.0143343530218654,
          "ema_span_0": 720,
          "ema_span_1": 1042.3282403393168,
          "enabled": true,
          "initial_eprice_ema_dist": 0.013583585668667512,
          "initial_qty_pct": 0.022498119266581625,
          "markup_range": 0.003608482816472746,
          "min_markup": 0.01,
          "n_close_orders": 5,
          "rentry_pprice_dist": 0.03247725190699643,
          "rentry_pprice_dist_wallet_exposure_weighting": 0.7011432439520722,
          "wallet_exposure_limit": 0.3},
 "short": {"auto_unstuck_ema_dist": -0.0031333667668036747,
           "auto_unstuck_wallet_exposure_threshold": 0.03233486623251673,
           "backwards_tp": true,
           "ddown_factor": 1.4303094966948569,
           "ema_span_0": 542.9983178878177,
           "ema_span_1": 1207.1454840956142,
           "enabled": false,
           "initial_eprice_ema_dist": 0.008748958920337543,
           "initial_qty_pct": 0.08210960460681348,
           "markup_range": 0.058523423454334415,
           "min_markup": 0.008790196428601637,
           "n_close_orders": 13,
           "rentry_pprice_dist": 0.006421460414445691,
           "rentry_pprice_dist_wallet_exposure_weighting": 3.546190231166979,
           "wallet_exposure_limit": 1}}