{"config_name": "recursive_grid_0days",
 "logging_level": 0,
 "long": {"auto_unstuck_ema_dist": 0.0030336429383917996,
          "auto_unstuck_wallet_exposure_threshold": 0.05817641454395577,
          "backwards_tp": true,
          "ddown_factor": 2.655720864670675,
          "ema_span_0": 89.75481395881455,
          "ema_span_1": 1036.0254711866382,
          "enabled": true,
          "initial_eprice_ema_dist": -0.028280724839078706,
          "initial_qty_pct": 0.1,
          "markup_range": 0.010001071810735245,
          "min_markup": 0.009726250181294008,
          "n_close_orders": 8,
          "rentry_pprice_dist": 0.03530570846736507,
          "rentry_pprice_dist_wallet_exposure_weighting": 4.821575043810863,
          "wallet_exposure_limit": 0.3},
 "short": {"auto_unstuck_ema_dist": -0.06131676258949279,
           "auto_unstuck_wallet_exposure_threshold": 0.08713680131154126,
           "backwards_tp": true,
           "ddown_factor": 2.209307669452986,
           "ema_span_0": 168.86290187789345,
           "ema_span_1": 1386.9697615219611,
           "enabled": false,
           "initial_eprice_ema_dist": -0.09146538492961521,
           "initial_qty_pct": 0.04639755136295741,
           "markup_range": 0.04388138256002765,
           "min_markup": 0.007825186120452552,
           "n_close_orders": 12,
           "rentry_pprice_dist": 0.0440336124073655,
           "rentry_pprice_dist_wallet_exposure_weighting": 1.8263728522928524,
           "wallet_exposure_limit": 1.0}}