{"config_name": "clock_0days",
 "long": {"backwards_tp": true,
          "delay_between_fills_minutes_close": 387.61880832644505,
          "delay_between_fills_minutes_entry": 359.78544823273563,
          "delay_weight_close": 104.52478248766198,
          "delay_weight_entry": 24.379490023033522,
          "ema_dist_close": -0.02064213519895486,
          "ema_dist_entry": -0.18837920621242488,
          "ema_span_0": 591.3473185485348,
          "ema_span_1": 780.7246814509954,
          "enabled": true,
          "markup_range": 0.015509485309704325,
          "min_markup": 0.005531002915419256,
          "n_close_orders": 4,
          "qty_pct_close": 0.01956121941492595,
          "qty_pct_entry": 0.013052328694958763,
          "wallet_exposure_limit": 0.3,
          "we_multiplier_close": 0,
          "we_multiplier_entry": 28.808792985800846},
 "short": {"backwards_tp": true,
           "delay_between_fills_minutes_close": 167.7106471808514,
           "delay_between_fills_minutes_entry": 693.5248202490462,
           "delay_weight_close": 71.61759542485075,
           "delay_weight_entry": 6.339940726815751,
           "ema_dist_close": -0.02171094728885163,
           "ema_dist_entry": -0.0001007086489149267,
           "ema_span_0": 23.385467817084155,
           "ema_span_1": 74.15114510944935,
           "enabled": false,
           "markup_range": 0.045498055910074976,
           "min_markup": 0.08769004982871004,
           "n_close_orders": 9,
           "qty_pct_close": 0.7446067161346954,
           "qty_pct_entry": 0.1411380060847245,
           "wallet_exposure_limit": 1.0,
           "we_multiplier_close": 0.9813370928684417,
           "we_multiplier_entry": 14.31419408435226}}