{"config_name": "clock_0days",
 "long": {"backwards_tp": true,
          "delay_between_fills_minutes_close": 420.9166552351766,
          "delay_between_fills_minutes_entry": 416.28110171865194,
          "delay_weight_close": 102.84444290424011,
          "delay_weight_entry": 42.772327593725855,
          "ema_dist_close": -0.6502014187579319,
          "ema_dist_entry": 0.006933776798621588,
          "ema_span_0": 163.2027829296857,
          "ema_span_1": 272.6172237173215,
          "enabled": true,
          "markup_range": 0.02163621911946566,
          "min_markup": 0.0052927245693515385,
          "n_close_orders": 2,
          "qty_pct_close": 0.011117382047769953,
          "qty_pct_entry": 0.019155863684899757,
          "wallet_exposure_limit": 0.3,
          "we_multiplier_close": 13.572603526830049,
          "we_multiplier_entry": 144.1868522382694},
 "short": {"backwards_tp": true,
           "delay_between_fills_minutes_close": 166.99119834656352,
           "delay_between_fills_minutes_entry": 87.04827887452933,
           "delay_weight_close": 48.70393110366089,
           "delay_weight_entry": 69.61144028578961,
           "ema_dist_close": -0.022568978010293155,
           "ema_dist_entry": -0.009375601929999727,
           "ema_span_0": 102.35922886556716,
           "ema_span_1": 705.3348913113301,
           "enabled": false,
           "markup_range": 0.003477111629383323,
           "min_markup": 0.019923511463322666,
           "n_close_orders": 9,
           "qty_pct_close": 0.17127488748753683,
           "qty_pct_entry": 0.06780361836165347,
           "wallet_exposure_limit": 1.0,
           "we_multiplier_close": 3.9630912279708976,
           "we_multiplier_entry": 43.852180976469434}}