{"config_name": "recursive_grid_0days",
 "logging_level": 0,
 "long": {"auto_unstuck_ema_dist": 0,
          "auto_unstuck_wallet_exposure_threshold": 0.0,
          "backwards_tp": false,
          "ddown_factor": 3.5223898787410435,
          "ema_span_0": 372.06217960167317,
          "ema_span_1": 129.83786430930724,
          "enabled": true,
          "initial_eprice_ema_dist": -0.14301374321479526,
          "initial_qty_pct": 0.0027230969427612115,
          "markup_range": 0.040866414182791654,
          "min_markup": 0.007719320219176013,
          "n_close_orders": 6,
          "rentry_pprice_dist": 0.03425842014282715,
          "rentry_pprice_dist_wallet_exposure_weighting": 0.5008237852357627,
          "wallet_exposure_limit": 0.2},
 "short": {"auto_unstuck_ema_dist": -0.001732872637643726,
           "auto_unstuck_wallet_exposure_threshold": 0.06723968636887304,
           "backwards_tp": false,
           "ddown_factor": 0.7885414961029512,
           "ema_span_0": 41.31487827189436,
           "ema_span_1": 106.51992460138784,
           "enabled": false,
           "initial_eprice_ema_dist": -0.0525693203699361,
           "initial_qty_pct": 0.08243204694358268,
           "markup_range": 0.004894578436405048,
           "min_markup": 0.0044508399787729375,
           "n_close_orders": 15,
           "rentry_pprice_dist": 0.03077256109211417,
           "rentry_pprice_dist_wallet_exposure_weighting": 17.658548330434527,
           "wallet_exposure_limit": 1.0}}