{"config_name": "recursive_grid_0days",
 "logging_level": 0,
 "long": {"auto_unstuck_ema_dist": -0.005367287876574643,
          "auto_unstuck_wallet_exposure_threshold": 0.07911285693450423,
          "backwards_tp": true,
          "ddown_factor": 1.4710883623631814,
          "ema_span_0": 617.5089027347207,
          "ema_span_1": 1282.0904639377536,
          "enabled": true,
          "initial_eprice_ema_dist": -0.005136837366345341,
          "initial_qty_pct": 0.011224067774705181,
          "markup_range": 0.006112128465780774,
          "min_markup": 0.009844161590044885,
          "n_close_orders": 14,
          "rentry_pprice_dist": 0.0312726584830072,
          "rentry_pprice_dist_wallet_exposure_weighting": 3.7455958684755517,
          "wallet_exposure_limit": 0.3},
 "short": {"auto_unstuck_ema_dist": -0.05413344186813944,
           "auto_unstuck_wallet_exposure_threshold": 0.04092414999191128,
           "backwards_tp": true,
           "ddown_factor": 0.5839128424636125,
           "ema_span_0": 64.07694501958434,
           "ema_span_1": 640.4036683174518,
           "enabled": false,
           "initial_eprice_ema_dist": -0.05860055197755854,
           "initial_qty_pct": 0.015187097225098221,
           "markup_range": 0.024399959621118857,
           "min_markup": 0.009421596976487798,
           "n_close_orders": 16,
           "rentry_pprice_dist": 0.013788830216116467,
           "rentry_pprice_dist_wallet_exposure_weighting": 24.29358779515837,
           "wallet_exposure_limit": 1.0}}