{"config_name": "clock_0days",
 "long": {"backwards_tp": true,
          "delay_between_fills_minutes_close": 414.54282220110156,
          "delay_between_fills_minutes_entry": 250.16743949336168,
          "delay_weight_close": 50.85282638568731,
          "delay_weight_entry": 13.853545858441581,
          "ema_dist_close": -0.7975579895207867,
          "ema_dist_entry": 0.010488482117155392,
          "ema_span_0": 96.15981078691173,
          "ema_span_1": 101.53333271682087,
          "enabled": true,
          "markup_range": 0.026271610381693834,
          "min_markup": 0.005978292653114446,
          "n_close_orders": 8,
          "qty_pct_close": 0.014172116713813396,
          "qty_pct_entry": 0.01127129623727341,
          "wallet_exposure_limit": 0.3,
          "we_multiplier_close": 5.6303498221051855,
          "we_multiplier_entry": 129.68163524828873},
 "short": {"backwards_tp": true,
           "delay_between_fills_minutes_close": 450.06120167075085,
           "delay_between_fills_minutes_entry": 340.8045584720866,
           "delay_weight_close": 70.87975093009244,
           "delay_weight_entry": 17.36018475895717,
           "ema_dist_close": -0.9919204859485493,
           "ema_dist_entry": -0.7563983332562928,
           "ema_span_0": 275.25538041937847,
           "ema_span_1": 268.8160233500164,
           "enabled": false,
           "markup_range": 0.015593829495799131,
           "min_markup": 0.0651309815057077,
           "n_close_orders": 3,
           "qty_pct_close": 0.01,
           "qty_pct_entry": 0.01,
           "wallet_exposure_limit": 1.0,
           "we_multiplier_close": 146.70058966584233,
           "we_multiplier_entry": 98.55163320957396}}