{"config_name": "clock_0days",
 "long": {"backwards_tp": false,
          "delay_between_fills_minutes_close": 1168.2114947636858,
          "delay_between_fills_minutes_entry": 942.9573693119144,
          "delay_weight_close": 43.05592907734313,
          "delay_weight_entry": 25.304864537688932,
          "ema_dist_close": -0.008859374998719888,
          "ema_dist_entry": -0.002169004519532933,
          "ema_span_0": 1075.07297305084,
          "ema_span_1": 1430.988080487501,
          "enabled": true,
          "markup_range": 0.040413711508921965,
          "min_markup": 0.006777218601780674,
          "n_close_orders": 5,
          "qty_pct_close": 0.03889169966812338,
          "qty_pct_entry": 0.01,
          "wallet_exposure_limit": 0.2,
          "we_multiplier_close": 1.3371085821453652,
          "we_multiplier_entry": 89.6584978898847},
 "short": {"backwards_tp": false,
           "delay_between_fills_minutes_close": 781.3586032277823,
           "delay_between_fills_minutes_entry": 1042.1607267813429,
           "delay_weight_close": 75.05328513277125,
           "delay_weight_entry": 41.86437281793529,
           "ema_dist_close": -0.010697014053813611,
           "ema_dist_entry": -0.03796590218557154,
           "ema_span_0": 991.2234797884141,
           "ema_span_1": 835.7618083003096,
           "enabled": false,
           "markup_range": 0.008691655965386345,
           "min_markup": 0.0024843560565119245,
           "n_close_orders": 10,
           "qty_pct_close": 0.02920347494171687,
           "qty_pct_entry": 0.011438117188233156,
           "wallet_exposure_limit": 1.0,
           "we_multiplier_close": 58.85396391732056,
           "we_multiplier_entry": 16.685536343667785}}