{"config_name": "recursive_grid_0days",
 "logging_level": 0,
 "long": {"auto_unstuck_ema_dist": 0.0,
          "auto_unstuck_wallet_exposure_threshold": 0.0,
          "backwards_tp": true,
          "ddown_factor": 2.9990658163460036,
          "ema_span_0": 707.8076083440861,
          "ema_span_1": 941.524334746605,
          "enabled": true,
          "initial_eprice_ema_dist": -0.0017763234305714153,
          "initial_qty_pct": 0.015139022122969225,
          "markup_range": 0.004680505738761159,
          "min_markup": 0.0035770785303153234,
          "n_close_orders": 14,
          "rentry_pprice_dist": 0.04336859878731285,
          "rentry_pprice_dist_wallet_exposure_weighting": 0.0006772971636684399,
          "wallet_exposure_limit": 0.1},
 "short": {"auto_unstuck_ema_dist": 0.02769755190524547,
           "auto_unstuck_wallet_exposure_threshold": 0.31419711496424374,
           "backwards_tp": true,
           "ddown_factor": 1.3851836592970197,
           "ema_span_0": 1002.5324717300969,
           "ema_span_1": 3985.6236370359,
           "enabled": false,
           "initial_eprice_ema_dist": -0.008954379542311104,
           "initial_qty_pct": 0.04991544740756882,
           "markup_range": 0.01477917512214166,
           "min_markup": 0.003189930064273581,
           "n_close_orders": 8,
           "rentry_pprice_dist": 0.04491414661875985,
           "rentry_pprice_dist_wallet_exposure_weighting": 40.94257005719109,
           "wallet_exposure_limit": 0.1}}