{"config_name": "clock_0days",
 "long": {"backwards_tp": true,
          "delay_between_fills_minutes_close": 465.6345422994683,
          "delay_between_fills_minutes_entry": 450.3552360029508,
          "delay_weight_close": 142.8877645703851,
          "delay_weight_entry": 40.57759651901308,
          "ema_dist_close": -0.08686062687445448,
          "ema_dist_entry": 0.005499318762339697,
          "ema_span_0": 412.6570256983216,
          "ema_span_1": 537.4905351938396,
          "enabled": true,
          "markup_range": 0.027846367995278388,
          "min_markup": 0.00976924655377195,
          "n_close_orders": 2,
          "qty_pct_close": 0.012725069895995932,
          "qty_pct_entry": 0.013370880256355206,
          "wallet_exposure_limit": 0.3,
          "we_multiplier_close": 118.11559071148277,
          "we_multiplier_entry": 125.90801530187558},
 "short": {"backwards_tp": true,
           "delay_between_fills_minutes_close": 36.51865625564771,
           "delay_between_fills_minutes_entry": 954.0810157994973,
           "delay_weight_close": 30.359162515947304,
           "delay_weight_entry": 4.562936245074245,
           "ema_dist_close": -0.032628842878823935,
           "ema_dist_entry": -0.009726458235934952,
           "ema_span_0": 552.2448616115479,
           "ema_span_1": 1287.4694743951052,
           "enabled": false,
           "markup_range": 0.018357446699803638,
           "min_markup": 0.08260136265287159,
           "n_close_orders": 5,
           "qty_pct_close": 0.7093377477477129,
           "qty_pct_entry": 0.14001310832928587,
           "wallet_exposure_limit": 1.0,
           "we_multiplier_close": 2.697442232907137,
           "we_multiplier_entry": 93.73570800876513}}