{"config_name": "clock_0days",
 "long": {"backwards_tp": false,
          "delay_between_fills_minutes_close": 1383.4103296203682,
          "delay_between_fills_minutes_entry": 1024.853876019997,
          "delay_weight_close": 63.22939595015256,
          "delay_weight_entry": 22.512677092961756,
          "ema_dist_close": -7.785590939462673e-05,
          "ema_dist_entry": -0.0024177334058218185,
          "ema_span_0": 993.0563640572052,
          "ema_span_1": 1440,
          "enabled": true,
          "markup_range": 0.04065195890454382,
          "min_markup": 0.006954990325910746,
          "n_close_orders": 11,
          "qty_pct_close": 0.03889169966812338,
          "qty_pct_entry": 0.01,
          "wallet_exposure_limit": 0.2,
          "we_multiplier_close": 0,
          "we_multiplier_entry": 94.01676762201856},
 "short": {"backwards_tp": false,
           "delay_between_fills_minutes_close": 1270.113523630089,
           "delay_between_fills_minutes_entry": 642.4484382414771,
           "delay_weight_close": 87.92322878299562,
           "delay_weight_entry": 37.42162106072472,
           "ema_dist_close": -0.006539718404554411,
           "ema_dist_entry": -0.0479273634886436,
           "ema_span_0": 651.0610144491691,
           "ema_span_1": 806.0207348162724,
           "enabled": false,
           "markup_range": 0.007956349292394038,
           "min_markup": 0.0050553522248187426,
           "n_close_orders": 9,
           "qty_pct_close": 0.029744757850980526,
           "qty_pct_entry": 0.08607406273616136,
           "wallet_exposure_limit": 1.0,
           "we_multiplier_close": 74.97786726969903,
           "we_multiplier_entry": 59.66721643181302}}