{"config_name": "recursive_grid_0days",
 "logging_level": 0,
 "long": {"auto_unstuck_ema_dist": 0.0,
          "auto_unstuck_wallet_exposure_threshold": 0.0,
          "backwards_tp": true,
          "ddown_factor": 1.8124394834017752,
          "ema_span_0": 628.2618688561507,
          "ema_span_1": 782.8407844185343,
          "enabled": true,
          "initial_eprice_ema_dist": -0.1,
          "initial_qty_pct": 0.0035560231906642723,
          "markup_range": 0.02102605888838551,
          "min_markup": 0.0065037535970500025,
          "n_close_orders": 2,
          "rentry_pprice_dist": 0.049404925778831,
          "rentry_pprice_dist_wallet_exposure_weighting": 0.0,
          "wallet_exposure_limit": 2.5},
 "short": {"auto_unstuck_ema_dist": 0.01784170887622511,
           "auto_unstuck_wallet_exposure_threshold": 0.043089230450426154,
           "backwards_tp": true,
           "ddown_factor": 1.6042408779415736,
           "ema_span_0": 3029.602765938393,
           "ema_span_1": 6879.023064678548,
           "enabled": false,
           "initial_eprice_ema_dist": -0.00960126243975937,
           "initial_qty_pct": 0.015,
           "markup_range": 0.026034631766513383,
           "min_markup": 0.0026133702208936916,
           "n_close_orders": 20,
           "rentry_pprice_dist": 0.0448242155964924,
           "rentry_pprice_dist_wallet_exposure_weighting": 37.71639478557481,
           "wallet_exposure_limit": 0.1}}