{"config_name": "recursive_grid_0days",
 "logging_level": 0,
 "long": {"auto_unstuck_ema_dist": 0.002449507043671987,
          "auto_unstuck_wallet_exposure_threshold": 0.08163533585740013,
          "backwards_tp": true,
          "ddown_factor": 1.5929182733451794,
          "ema_span_0": 573.8571920469947,
          "ema_span_1": 550.3260250237194,
          "enabled": true,
          "initial_eprice_ema_dist": -0.056028071563665044,
          "initial_qty_pct": 0.014603151767180203,
          "markup_range": 0.00999474519153562,
          "min_markup": 0.005337677813225552,
          "n_close_orders": 12,
          "rentry_pprice_dist": 0.03178978106756352,
          "rentry_pprice_dist_wallet_exposure_weighting": 1.7904234670736603,
          "wallet_exposure_limit": 0.3},
 "short": {"auto_unstuck_ema_dist": -0.06527156094016226,
           "auto_unstuck_wallet_exposure_threshold": 0.08562687450572674,
           "backwards_tp": true,
           "ddown_factor": 1.829225560176561,
           "ema_span_0": 63.48319212403504,
           "ema_span_1": 51.21168235670506,
           "enabled": false,
           "initial_eprice_ema_dist": -0.05709686210374073,
           "initial_qty_pct": 0.028870964678628333,
           "markup_range": 0.02105299755377012,
           "min_markup": 0.00618063756047858,
           "n_close_orders": 10,
           "rentry_pprice_dist": 0.018880080674950703,
           "rentry_pprice_dist_wallet_exposure_weighting": 1.884310664904243,
           "wallet_exposure_limit": 1.0}}