{"config_name": "clock_0days",
 "long": {"backwards_tp": false,
          "delay_between_fills_minutes_close": 1328.236049182444,
          "delay_between_fills_minutes_entry": 1183.533865869845,
          "delay_weight_close": 42.91127159248654,
          "delay_weight_entry": 22.80303569796115,
          "ema_dist_close": -7.785590939462673e-05,
          "ema_dist_entry": -0.0047950611096048475,
          "ema_span_0": 1199.1061391323703,
          "ema_span_1": 1440,
          "enabled": true,
          "markup_range": 0.04143619740796824,
          "min_markup": 0.006895727471810859,
          "n_close_orders": 8,
          "qty_pct_close": 0.03889169966812338,
          "qty_pct_entry": 0.01,
          "wallet_exposure_limit": 0.2,
          "we_multiplier_close": 0,
          "we_multiplier_entry": 97.21306533782081},
 "short": {"backwards_tp": false,
           "delay_between_fills_minutes_close": 543.3094971230253,
           "delay_between_fills_minutes_entry": 95.06419191863912,
           "delay_weight_close": 16.09735102185065,
           "delay_weight_entry": 29.334479916650157,
           "ema_dist_close": -0.04621870847612082,
           "ema_dist_entry": -0.04998648982468117,
           "ema_span_0": 1009.4224676375266,
           "ema_span_1": 507.4673024330657,
           "enabled": false,
           "markup_range": 0.051111745475995125,
           "min_markup": 0.009831204964771485,
           "n_close_orders": 16,
           "qty_pct_close": 0.028600211899168254,
           "qty_pct_entry": 0.027508135940940835,
           "wallet_exposure_limit": 1.0,
           "we_multiplier_close": 54.338622805024336,
           "we_multiplier_entry": 99.9906951519051}}