{"config_name": "neat_grid_0days",
 "logging_level": 0,
 "long": {"auto_unstuck_ema_dist": 0.0022298732820123313,
          "auto_unstuck_wallet_exposure_threshold": 0.03018349085272379,
          "backwards_tp": false,
          "ema_span_0": 1277.95,
          "ema_span_1": 1383.7747014647887,
          "enabled": true,
          "eprice_exp_base": 1.1872448420297748,
          "eqty_exp_base": 1.375,
          "grid_span": 0.13205367060484008,
          "initial_eprice_ema_dist": -0.004942742557769944,
          "initial_qty_pct": 0.01,
          "markup_range": 0.003925126254237003,
          "max_n_entry_orders": 5,
          "min_markup": 0.004241781582991506,
          "n_close_orders": 1,
          "wallet_exposure_limit": 0.2},
 "short": {"auto_unstuck_ema_dist": -0.0700370019082517,
           "auto_unstuck_wallet_exposure_threshold": 0.06518944131156243,
           "backwards_tp": false,
           "ema_span_0": 517.7651344273374,
           "ema_span_1": 734.8880940634219,
           "enabled": false,
           "eprice_exp_base": 1.3270616648500635,
           "eqty_exp_base": 3.70986683411038,
           "grid_span": 0.630065661286728,
           "initial_eprice_ema_dist": -0.0004944350619503074,
           "initial_qty_pct": 0.03489661190940048,
           "markup_range": 0.055855834094228195,
           "max_n_entry_orders": 8,
           "min_markup": 0.004382904949819553,
           "n_close_orders": 11,
           "wallet_exposure_limit": 1}}