{"config_name": "recursive_grid_0days",
 "logging_level": 0,
 "long": {"auto_unstuck_ema_dist": 0.0045989446704861195,
          "auto_unstuck_wallet_exposure_threshold": 0.0501616831071152,
          "backwards_tp": true,
          "ddown_factor": 1.8390430893688106,
          "ema_span_0": 347.7308967965812,
          "ema_span_1": 91.70802935256893,
          "enabled": true,
          "initial_eprice_ema_dist": -0.040564012819926484,
          "initial_qty_pct": 0.005486891525441967,
          "markup_range": 0.03813337728346902,
          "min_markup": 0.006773649971528718,
          "n_close_orders": 1,
          "rentry_pprice_dist": 0.024140956418474316,
          "rentry_pprice_dist_wallet_exposure_weighting": 2.9310845088602586,
          "wallet_exposure_limit": 0.2},
 "short": {"auto_unstuck_ema_dist": -0.05646201615903593,
           "auto_unstuck_wallet_exposure_threshold": 0.09352021589819029,
           "backwards_tp": true,
           "ddown_factor": 1.853850031054232,
           "ema_span_0": 830.9628999157414,
           "ema_span_1": 168.1122404043038,
           "enabled": false,
           "initial_eprice_ema_dist": -0.023497699591475553,
           "initial_qty_pct": 0.01347635018397465,
           "markup_range": 0.04168186775462909,
           "min_markup": 0.0013681988926938873,
           "n_close_orders": 14,
           "rentry_pprice_dist": 0.0051242325576575445,
           "rentry_pprice_dist_wallet_exposure_weighting": 6.539823409274142,
           "wallet_exposure_limit": 1.0}}