{"config_name": "recursive_grid_0days",
 "logging_level": 0,
 "long": {"auto_unstuck_ema_dist": 0,
          "auto_unstuck_wallet_exposure_threshold": 0.0,
          "backwards_tp": false,
          "ddown_factor": 0.7396418072962657,
          "ema_span_0": 815.4522414202575,
          "ema_span_1": 960.4044695894237,
          "enabled": true,
          "initial_eprice_ema_dist": -0.015,
          "initial_qty_pct": 0.004610323517235794,
          "markup_range": 0.04761109934838518,
          "min_markup": 0.010561194433435443,
          "n_close_orders": 7,
          "rentry_pprice_dist": 0.027793148663313075,
          "rentry_pprice_dist_wallet_exposure_weighting": 2.0829650149337424,
          "wallet_exposure_limit": 0.2},
 "short": {"auto_unstuck_ema_dist": -0.09648850074858034,
           "auto_unstuck_wallet_exposure_threshold": 0.06912034503410183,
           "backwards_tp": false,
           "ddown_factor": 2.839986861121488,
           "ema_span_0": 412.3869493494077,
           "ema_span_1": 103.29905561856701,
           "enabled": false,
           "initial_eprice_ema_dist": -0.08295578302318612,
           "initial_qty_pct": 0.016096952734750692,
           "markup_range": 0.019005140070291276,
           "min_markup": 0.004839202327363616,
           "n_close_orders": 6,
           "rentry_pprice_dist": 0.009297988111355087,
           "rentry_pprice_dist_wallet_exposure_weighting": 19.60583546982001,
           "wallet_exposure_limit": 1.0}}