{"config_name": "recursive_grid_0days",
 "logging_level": 0,
 "long": {"auto_unstuck_ema_dist": 0.0015684472762659085,
          "auto_unstuck_wallet_exposure_threshold": 0.025194892250765186,
          "backwards_tp": true,
          "ddown_factor": 1.0192841280513405,
          "ema_span_0": 399.3771966145346,
          "ema_span_1": 44.55602687670062,
          "enabled": true,
          "initial_eprice_ema_dist": -0.1,
          "initial_qty_pct": 0.004160999015900031,
          "markup_range": 0.020669664171646587,
          "min_markup": 0.0022225491367154995,
          "n_close_orders": 27,
          "rentry_pprice_dist": 0.030747780288101965,
          "rentry_pprice_dist_wallet_exposure_weighting": 0.0,
          "wallet_exposure_limit": 1},
 "short": {"auto_unstuck_ema_dist": -0.059127342505768885,
           "auto_unstuck_wallet_exposure_threshold": 0.06237796427134599,
           "backwards_tp": true,
           "ddown_factor": 0.24656247689313232,
           "ema_span_0": 568.36815000174,
           "ema_span_1": 534.3816095083783,
           "enabled": false,
           "initial_eprice_ema_dist": -0.009777019347109131,
           "initial_qty_pct": 0.04829086640861006,
           "markup_range": 0.010573993558910167,
           "min_markup": 0.009413851808238935,
           "n_close_orders": 15,
           "rentry_pprice_dist": 0.0201675398294475,
           "rentry_pprice_dist_wallet_exposure_weighting": 11.959171722960942,
           "wallet_exposure_limit": 1.0}}