{"config_name": "neat_grid_0days",
 "logging_level": 0,
 "long": {"auto_unstuck_ema_dist": 0.06281976540745728,
          "auto_unstuck_wallet_exposure_threshold": 0.06903923663529296,
          "backwards_tp": true,
          "ema_span_0": 1486.3135324280956,
          "ema_span_1": 1505.5450413691624,
          "enabled": true,
          "eprice_exp_base": 1.2781310389751097,
          "eqty_exp_base": 1.5776737073838982,
          "grid_span": 0.44628823304512655,
          "initial_eprice_ema_dist": -0.010372769633019436,
          "initial_qty_pct": 0.01,
          "markup_range": 0.0029435951469038144,
          "max_n_entry_orders": 7,
          "min_markup": 0.002,
          "n_close_orders": 2,
          "wallet_exposure_limit": 0.1},
 "short": {"auto_unstuck_ema_dist": 0.08772003848487554,
           "auto_unstuck_wallet_exposure_threshold": 0.02416868867493297,
           "backwards_tp": true,
           "ema_span_0": 82.78355125811473,
           "ema_span_1": 27.69962917926921,
           "enabled": true,
           "eprice_exp_base": 1.3910682652243447,
           "eqty_exp_base": 2.26329250547555,
           "grid_span": 0.4170220050143539,
           "initial_eprice_ema_dist": -0.052652348673832755,
           "initial_qty_pct": 0.01,
           "markup_range": 0.003,
           "max_n_entry_orders": 7,
           "min_markup": 0.002,
           "n_close_orders": 2,
           "wallet_exposure_limit": 0.1}}