{"config_name": "recursive_grid_0days",
 "logging_level": 0,
 "long": {"auto_unstuck_ema_dist": 0,
          "auto_unstuck_wallet_exposure_threshold": 0.0,
          "backwards_tp": false,
          "ddown_factor": 0.32746041659762287,
          "ema_span_0": 578.7425649779302,
          "ema_span_1": 766.3237912889971,
          "enabled": true,
          "initial_eprice_ema_dist": -0.18463002344551727,
          "initial_qty_pct": 0.0057844096414497925,
          "markup_range": 0.051470360007377695,
          "min_markup": 0.010464650209524721,
          "n_close_orders": 8,
          "rentry_pprice_dist": 0.03256232143119429,
          "rentry_pprice_dist_wallet_exposure_weighting": 3.579273863810348,
          "wallet_exposure_limit": 0.2},
 "short": {"auto_unstuck_ema_dist": -0.035985124413774716,
           "auto_unstuck_wallet_exposure_threshold": 0.07951365092441648,
           "backwards_tp": false,
           "ddown_factor": 1.583545399099,
           "ema_span_0": 10.955903341004415,
           "ema_span_1": 61.230829011186856,
           "enabled": false,
           "initial_eprice_ema_dist": -0.09371276246109715,
           "initial_qty_pct": 0.06363473520544248,
           "markup_range": 0.024630806509530652,
           "min_markup": 0.007617329434200649,
           "n_close_orders": 6,
           "rentry_pprice_dist": 0.02385270391205476,
           "rentry_pprice_dist_wallet_exposure_weighting": 18.601145986009694,
           "wallet_exposure_limit": 1.0}}