{"config_name": "recursive_grid_0days",
 "logging_level": 0,
 "long": {"auto_unstuck_ema_dist": 0.0015012749202248641,
          "auto_unstuck_wallet_exposure_threshold": 0.02957139197515463,
          "backwards_tp": false,
          "ddown_factor": 2.2632253915977456,
          "ema_span_0": 589.6563166499802,
          "ema_span_1": 106.64156984301574,
          "enabled": true,
          "initial_eprice_ema_dist": 0.0012493024837165819,
          "initial_qty_pct": 0.004329410317353386,
          "markup_range": 0.050311464370372205,
          "min_markup": 0.0026560947285658417,
          "n_close_orders": 17,
          "rentry_pprice_dist": 0.023903110498380033,
          "rentry_pprice_dist_wallet_exposure_weighting": 0.0,
          "wallet_exposure_limit": 0.2},
 "short": {"auto_unstuck_ema_dist": -0.08713137315405148,
           "auto_unstuck_wallet_exposure_threshold": 0.05602561801497385,
           "backwards_tp": false,
           "ddown_factor": 0.12896544279013153,
           "ema_span_0": 937.5070282719859,
           "ema_span_1": 740.2022317303142,
           "enabled": false,
           "initial_eprice_ema_dist": 0.003996194449272003,
           "initial_qty_pct": 0.015606857684319863,
           "markup_range": 0.02630467041989093,
           "min_markup": 0.006260845151070884,
           "n_close_orders": 8,
           "rentry_pprice_dist": 0.013035908039769,
           "rentry_pprice_dist_wallet_exposure_weighting": 4.678916622124854,
           "wallet_exposure_limit": 1.0}}