{"config_name": "neat_grid_0days",
 "logging_level": 0,
 "long": {"auto_unstuck_ema_dist": -0.003352691971902527,
          "auto_unstuck_wallet_exposure_threshold": 0.06292051089714762,
          "backwards_tp": false,
          "ema_span_0": 930.9121251614799,
          "ema_span_1": 511.42448257803227,
          "enabled": true,
          "eprice_exp_base": 1.166854883224731,
          "eqty_exp_base": 1.375,
          "grid_span": 0.14694843215425027,
          "initial_eprice_ema_dist": -0.004292700227333406,
          "initial_qty_pct": 0.01,
          "markup_range": 0.0024061116144268565,
          "max_n_entry_orders": 6,
          "min_markup": 0.004275,
          "n_close_orders": 1,
          "wallet_exposure_limit": 0.2},
 "short": {"auto_unstuck_ema_dist": -0.06090245586770586,
           "auto_unstuck_wallet_exposure_threshold": 0.09584801517376643,
           "backwards_tp": false,
           "ema_span_0": 928.337389099653,
           "ema_span_1": 992.4721887611904,
           "enabled": false,
           "eprice_exp_base": 2.1067257443353027,
           "eqty_exp_base": 3.8752015728860663,
           "grid_span": 0.5114882030015007,
           "initial_eprice_ema_dist": -0.05853188635702466,
           "initial_qty_pct": 0.02856346127598488,
           "markup_range": 0.024187138657334715,
           "max_n_entry_orders": 15,
           "min_markup": 0.004403596884502188,
           "n_close_orders": 13,
           "wallet_exposure_limit": 1.0}}