{"config_name": "clock_0days",
 "long": {"backwards_tp": true,
          "delay_between_fills_minutes_close": 489.2466754642581,
          "delay_between_fills_minutes_entry": 305.00002144780274,
          "delay_weight_close": 133.00462434288357,
          "delay_weight_entry": 24.304227186073312,
          "ema_dist_close": -0.7049907855401871,
          "ema_dist_entry": -0.0006178443529146474,
          "ema_span_0": 847.6361519083812,
          "ema_span_1": 625.5362154226575,
          "enabled": true,
          "markup_range": 0.027498301758381742,
          "min_markup": 0.006974734734932287,
          "n_close_orders": 6,
          "qty_pct_close": 0.015059300110847369,
          "qty_pct_entry": 0.017971721664005118,
          "wallet_exposure_limit": 0.3,
          "we_multiplier_close": 9.111357843045221,
          "we_multiplier_entry": 28.419322285462204},
 "short": {"backwards_tp": true,
           "delay_between_fills_minutes_close": 47.56272599430516,
           "delay_between_fills_minutes_entry": 869.8942661051541,
           "delay_weight_close": 14.988372438058672,
           "delay_weight_entry": 18.76454933414655,
           "ema_dist_close": 0.00142036734483858,
           "ema_dist_entry": -0.0496138163808823,
           "ema_span_0": 22.045288610726146,
           "ema_span_1": 125.93601188585404,
           "enabled": false,
           "markup_range": 0.07984363760839057,
           "min_markup": 0.050625183204709996,
           "n_close_orders": 6,
           "qty_pct_close": 0.5510964681407188,
           "qty_pct_entry": 0.22721268118151822,
           "wallet_exposure_limit": 1.0,
           "we_multiplier_close": 5.672610286296949,
           "we_multiplier_entry": 42.177174338524225}}