{"config_name": "recursive_grid_0days",
 "logging_level": 0,
 "long": {"auto_unstuck_ema_dist": 0.0025,
          "auto_unstuck_wallet_exposure_threshold": 0.02501186385722125,
          "backwards_tp": false,
          "ddown_factor": 2.1429,
          "ema_span_0": 381.9408384577162,
          "ema_span_1": 792.8731266170694,
          "enabled": true,
          "initial_eprice_ema_dist": -0.00039716586667213477,
          "initial_qty_pct": 0.0031893,
          "markup_range": 0.028078,
          "min_markup": 0.005709,
          "n_close_orders": 5,
          "rentry_pprice_dist": 0.018515,
          "rentry_pprice_dist_wallet_exposure_weighting": 2.1199,
          "wallet_exposure_limit": 0.2},
 "short": {"auto_unstuck_ema_dist": -0.028939801643383917,
           "auto_unstuck_wallet_exposure_threshold": 0.08251661528363573,
           "backwards_tp": false,
           "ddown_factor": 2.5804202724063887,
           "ema_span_0": 50.26998559492995,
           "ema_span_1": 1376.7498818903653,
           "enabled": false,
           "initial_eprice_ema_dist": -0.028727832477168175,
           "initial_qty_pct": 0.05233416129936659,
           "markup_range": 0.05207390107363077,
           "min_markup": 0.005467610231499156,
           "n_close_orders": 15,
           "rentry_pprice_dist": 0.021957206038933624,
           "rentry_pprice_dist_wallet_exposure_weighting": 15.567483708813981,
           "wallet_exposure_limit": 1.0}}