{"config_name": "recursive_grid_0days",
 "logging_level": 0,
 "long": {"auto_unstuck_ema_dist": 0.0025,
          "auto_unstuck_wallet_exposure_threshold": 0.028699380788311808,
          "backwards_tp": false,
          "ddown_factor": 2.1429,
          "ema_span_0": 1319.857423661828,
          "ema_span_1": 742.4795119329058,
          "enabled": true,
          "initial_eprice_ema_dist": -0.003723002239295182,
          "initial_qty_pct": 0.0031893,
          "markup_range": 0.028078,
          "min_markup": 0.005709,
          "n_close_orders": 5,
          "rentry_pprice_dist": 0.018515,
          "rentry_pprice_dist_wallet_exposure_weighting": 2.1199,
          "wallet_exposure_limit": 1},
 "short": {"auto_unstuck_ema_dist": -0.09434638103852787,
           "auto_unstuck_wallet_exposure_threshold": 0.04545714378032694,
           "backwards_tp": false,
           "ddown_factor": 2.7772344368061623,
           "ema_span_0": 956.8635874561777,
           "ema_span_1": 533.6453720384598,
           "enabled": false,
           "initial_eprice_ema_dist": -0.014405107826008845,
           "initial_qty_pct": 0.03671715803405978,
           "markup_range": 0.05035280234919563,
           "min_markup": 0.0039988838068489695,
           "n_close_orders": 8,
           "rentry_pprice_dist": 0.025643135489282293,
           "rentry_pprice_dist_wallet_exposure_weighting": 6.892242990923343,
           "wallet_exposure_limit": 1.0}}