{"config_name": "recursive_grid_0days",
 "logging_level": 0,
 "long": {"auto_unstuck_ema_dist": 0.0011942908471671882,
          "auto_unstuck_wallet_exposure_threshold": 0.02416089879230102,
          "backwards_tp": true,
          "ddown_factor": 0.4973985043772829,
          "ema_span_0": 531.4133906461229,
          "ema_span_1": 365.77395755660433,
          "enabled": true,
          "initial_eprice_ema_dist": -0.060435499317215056,
          "initial_qty_pct": 0.019982917367119258,
          "markup_range": 0.0029527205705795045,
          "min_markup": 0.003138440290981904,
          "n_close_orders": 7,
          "rentry_pprice_dist": 0.03124213062585038,
          "rentry_pprice_dist_wallet_exposure_weighting": 1.5602767004496447,
          "wallet_exposure_limit": 0.1},
 "short": {"auto_unstuck_ema_dist": 0.08490922926447496,
           "auto_unstuck_wallet_exposure_threshold": 0.44145777844407763,
           "backwards_tp": true,
           "ddown_factor": 0.46810389872577585,
           "ema_span_0": 2220.874367473565,
           "ema_span_1": 7841.645043040964,
           "enabled": false,
           "initial_eprice_ema_dist": -0.06348628201121423,
           "initial_qty_pct": 0.034287070051466126,
           "markup_range": 0.01857877354303775,
           "min_markup": 0.008610717060896726,
           "n_close_orders": 16,
           "rentry_pprice_dist": 0.0472631562586523,
           "rentry_pprice_dist_wallet_exposure_weighting": 63.240749490222555,
           "wallet_exposure_limit": 0.1}}