{"config_name": "clock_0days",
 "long": {"backwards_tp": true,
          "delay_between_fills_minutes_close": 410.65485122422564,
          "delay_between_fills_minutes_entry": 373.9667498962411,
          "delay_weight_close": 70.53637664455226,
          "delay_weight_entry": 22.06183831313137,
          "ema_dist_close": 0.0033555522239792288,
          "ema_dist_entry": -0.0037881547413541883,
          "ema_span_0": 656.272638094552,
          "ema_span_1": 792.16692562351,
          "enabled": true,
          "markup_range": 0.011309032032850008,
          "min_markup": 0.005684442314835657,
          "n_close_orders": 4,
          "qty_pct_close": 0.015472895551655905,
          "qty_pct_entry": 0.0111849900391155,
          "wallet_exposure_limit": 0.3,
          "we_multiplier_close": 91.04447614538313,
          "we_multiplier_entry": 54.44643543500037},
 "short": {"backwards_tp": true,
           "delay_between_fills_minutes_close": 971.6421235195622,
           "delay_between_fills_minutes_entry": 908.987548774732,
           "delay_weight_close": 86.80098269274332,
           "delay_weight_entry": 52.016650262928756,
           "ema_dist_close": -0.047433785849404886,
           "ema_dist_entry": -0.006851726508843595,
           "ema_span_0": 1076.830681591764,
           "ema_span_1": 411.2289687408284,
           "enabled": false,
           "markup_range": 0.019442950640948496,
           "min_markup": 0.0079805019808003,
           "n_close_orders": 6,
           "qty_pct_close": 0.03844264119391584,
           "qty_pct_entry": 0.06223734790303141,
           "wallet_exposure_limit": 1.0,
           "we_multiplier_close": 30.50872350300361,
           "we_multiplier_entry": 96.21550598563185}}