{"config_name": "recursive_grid_0days",
 "logging_level": 0,
 "long": {"auto_unstuck_ema_dist": 0.0,
          "auto_unstuck_wallet_exposure_threshold": 0.0,
          "backwards_tp": true,
          "ddown_factor": 1.2622782475911685,
          "ema_span_0": 552.782191451215,
          "ema_span_1": 927.2654590881909,
          "enabled": true,
          "initial_eprice_ema_dist": -0.0062883986020559075,
          "initial_qty_pct": 0.010870234676665192,
          "markup_range": 0.0012453783998269538,
          "min_markup": 0.0032671717133871702,
          "n_close_orders": 8,
          "rentry_pprice_dist": 0.027509012504384738,
          "rentry_pprice_dist_wallet_exposure_weighting": 3.2489528591144015,
          "wallet_exposure_limit": 0.1},
 "short": {"auto_unstuck_ema_dist": 0.06194165047550239,
           "auto_unstuck_wallet_exposure_threshold": 0.0551068546688116,
           "backwards_tp": true,
           "ddown_factor": 2.6713557580384686,
           "ema_span_0": 4107.361801161785,
           "ema_span_1": 8844.72548902821,
           "enabled": false,
           "initial_eprice_ema_dist": -0.055846559806474114,
           "initial_qty_pct": 0.015,
           "markup_range": 0.01914599839493438,
           "min_markup": 0.003327629794818992,
           "n_close_orders": 7,
           "rentry_pprice_dist": 0.02714005458670243,
           "rentry_pprice_dist_wallet_exposure_weighting": 88.02175982798937,
           "wallet_exposure_limit": 0.1}}