{"config_name": "recursive_grid_0days",
 "logging_level": 0,
 "long": {"auto_unstuck_ema_dist": 0,
          "auto_unstuck_wallet_exposure_threshold": 0.0,
          "backwards_tp": true,
          "ddown_factor": 1.9169836528896917,
          "ema_span_0": 686.6709525216498,
          "ema_span_1": 437.82968532840056,
          "enabled": true,
          "initial_eprice_ema_dist": 0.008624918567968386,
          "initial_qty_pct": 0.01624493071131629,
          "markup_range": 0.008151743621969586,
          "min_markup": 0.004352426648615943,
          "n_close_orders": 7,
          "rentry_pprice_dist": 0.03211382800248888,
          "rentry_pprice_dist_wallet_exposure_weighting": 0.30384467632524026,
          "wallet_exposure_limit": 0.3},
 "short": {"auto_unstuck_ema_dist": -0.034190560371907514,
           "auto_unstuck_wallet_exposure_threshold": 0.099233589047196,
           "backwards_tp": true,
           "ddown_factor": 2.0862054760217217,
           "ema_span_0": 630.7513722885609,
           "ema_span_1": 169.10883898236682,
           "enabled": false,
           "initial_eprice_ema_dist": -0.019105079986047824,
           "initial_qty_pct": 0.04684490305567909,
           "markup_range": 0.020314584128237168,
           "min_markup": 0.00534675124334458,
           "n_close_orders": 10,
           "rentry_pprice_dist": 0.031102366226046636,
           "rentry_pprice_dist_wallet_exposure_weighting": 15.128317519648986,
           "wallet_exposure_limit": 1.0}}