{"config_name": "clock_0days",
 "long": {"backwards_tp": false,
          "delay_between_fills_minutes_close": 1006.2146453994329,
          "delay_between_fills_minutes_entry": 428.9659463968908,
          "delay_weight_close": 78.74060883507208,
          "delay_weight_entry": 65.2127352969178,
          "ema_dist_close": -0.012024299377753728,
          "ema_dist_entry": -0.005803688418681801,
          "ema_span_0": 955.9469257249556,
          "ema_span_1": 1440,
          "enabled": true,
          "markup_range": 0.01882025322633578,
          "min_markup": 0.006528494855213674,
          "n_close_orders": 15,
          "qty_pct_close": 0.27858198834203496,
          "qty_pct_entry": 0.01,
          "wallet_exposure_limit": 0.2,
          "we_multiplier_close": 0.11780841314236284,
          "we_multiplier_entry": 24.14713791829588},
 "short": {"backwards_tp": false,
           "delay_between_fills_minutes_close": 262.5206154566393,
           "delay_between_fills_minutes_entry": 1395.313761946308,
           "delay_weight_close": 60.57549343456052,
           "delay_weight_entry": 19.727720630166445,
           "ema_dist_close": -0.04302654799056973,
           "ema_dist_entry": -0.035900937634740844,
           "ema_span_0": 360.8623419063035,
           "ema_span_1": 713.5117315855215,
           "enabled": false,
           "markup_range": 0.05510225875669819,
           "min_markup": 0.007981542849715577,
           "n_close_orders": 6,
           "qty_pct_close": 0.06924126320792155,
           "qty_pct_entry": 0.0871097761631956,
           "wallet_exposure_limit": 1.0,
           "we_multiplier_close": 23.772770889703622,
           "we_multiplier_entry": 14.278105752238702}}