{"config_name": "recursive_grid_0days",
 "logging_level": 0,
 "long": {"auto_unstuck_ema_dist": -0.034171514440903036,
          "auto_unstuck_wallet_exposure_threshold": 0.02781937383174758,
          "backwards_tp": false,
          "ddown_factor": 2.1429,
          "ema_span_0": 1348.7486491281597,
          "ema_span_1": 514.7914858036801,
          "enabled": true,
          "initial_eprice_ema_dist": 0.0025,
          "initial_qty_pct": 0.0031893,
          "markup_range": 0.028078,
          "min_markup": 0.005709,
          "n_close_orders": 5,
          "rentry_pprice_dist": 0.018515,
          "rentry_pprice_dist_wallet_exposure_weighting": 2.1199,
          "wallet_exposure_limit": 0.2},
 "short": {"auto_unstuck_ema_dist": -0.01581428480035349,
           "auto_unstuck_wallet_exposure_threshold": 0.08049318272164652,
           "backwards_tp": false,
           "ddown_factor": 1.0988203423486098,
           "ema_span_0": 892.2841842412715,
           "ema_span_1": 639.9910183082472,
           "enabled": false,
           "initial_eprice_ema_dist": -0.09249479188552938,
           "initial_qty_pct": 0.027997040864310097,
           "markup_range": 0.039166528508383085,
           "min_markup": 0.008968094812081884,
           "n_close_orders": 7,
           "rentry_pprice_dist": 0.046197350764683565,
           "rentry_pprice_dist_wallet_exposure_weighting": 11.609720428246815,
           "wallet_exposure_limit": 1.0}}