{"config_name": "recursive_grid_0days",
 "logging_level": 0,
 "long": {"auto_unstuck_ema_dist": 0.014066570394823567,
          "auto_unstuck_wallet_exposure_threshold": 0.03960781091710837,
          "backwards_tp": true,
          "ddown_factor": 1.5905398560285304,
          "ema_span_0": 497.2471428564869,
          "ema_span_1": 635.9255514418567,
          "enabled": true,
          "initial_eprice_ema_dist": 0.01164848763829916,
          "initial_qty_pct": 0.012079993075037165,
          "markup_range": 0.006906810062924089,
          "min_markup": 0.010225848745474133,
          "n_close_orders": 2,
          "rentry_pprice_dist": 0.02933309431028995,
          "rentry_pprice_dist_wallet_exposure_weighting": 2.727735941107355,
          "wallet_exposure_limit": 0.3},
 "short": {"auto_unstuck_ema_dist": 0.07510249033688296,
           "auto_unstuck_wallet_exposure_threshold": 0.09882343164571217,
           "backwards_tp": true,
           "ddown_factor": 1.033134609804428,
           "ema_span_0": 719.3660106158952,
           "ema_span_1": 1036.673090739079,
           "enabled": true,
           "initial_eprice_ema_dist": 0.011382963474120988,
           "initial_qty_pct": 0.011749816289594416,
           "markup_range": 0.003883018823914094,
           "min_markup": 0.006552473992989428,
           "n_close_orders": 11,
           "rentry_pprice_dist": 0.020266858174505905,
           "rentry_pprice_dist_wallet_exposure_weighting": 25.685243583019076,
           "wallet_exposure_limit": 0.1}}