{"config_name": "recursive_grid_0days",
 "logging_level": 0,
 "long": {"auto_unstuck_ema_dist": 0.0022656357702568347,
          "auto_unstuck_wallet_exposure_threshold": 0.0958283738200445,
          "backwards_tp": true,
          "ddown_factor": 1.7505070499499713,
          "ema_span_0": 108.68247907508045,
          "ema_span_1": 144.33561820336917,
          "enabled": true,
          "initial_eprice_ema_dist": 0.005334319629505068,
          "initial_qty_pct": 0.019497998403766755,
          "markup_range": 0.007137217524836251,
          "min_markup": 0.004899311148271665,
          "n_close_orders": 7,
          "rentry_pprice_dist": 0.03208364719584751,
          "rentry_pprice_dist_wallet_exposure_weighting": 3.0276042589315924,
          "wallet_exposure_limit": 0.3},
 "short": {"auto_unstuck_ema_dist": -0.04810651194998961,
           "auto_unstuck_wallet_exposure_threshold": 0.06481566135739171,
           "backwards_tp": true,
           "ddown_factor": 1.0862780864621502,
           "ema_span_0": 636.2878476806696,
           "ema_span_1": 460.19383777583874,
           "enabled": false,
           "initial_eprice_ema_dist": -0.0949462419178619,
           "initial_qty_pct": 0.06017015265362482,
           "markup_range": 0.028614426112168908,
           "min_markup": 0.003947112432314854,
           "n_close_orders": 14,
           "rentry_pprice_dist": 0.006286616391805873,
           "rentry_pprice_dist_wallet_exposure_weighting": 20.794287180734468,
           "wallet_exposure_limit": 1.0}}