{"config_name": "clock_0days",
 "long": {"backwards_tp": true,
          "delay_between_fills_minutes_close": 1440,
          "delay_between_fills_minutes_entry": 1374.8591603838138,
          "delay_weight_close": 39.034574909935436,
          "delay_weight_entry": 24.727415431212506,
          "ema_dist_close": -0.0016276512053369722,
          "ema_dist_entry": -0.03529824278562108,
          "ema_span_0": 1008.4309342913845,
          "ema_span_1": 317.40159354355455,
          "enabled": true,
          "markup_range": 0.02923685177300347,
          "min_markup": 0.009700245147076597,
          "n_close_orders": 13,
          "qty_pct_close": 0.01,
          "qty_pct_entry": 0.01,
          "wallet_exposure_limit": 0.2,
          "we_multiplier_close": 6.560859006611567,
          "we_multiplier_entry": 20.047247359253806},
 "short": {"backwards_tp": true,
           "delay_between_fills_minutes_close": 1429.8655066600356,
           "delay_between_fills_minutes_entry": 1298.6726639048707,
           "delay_weight_close": 34.250029224636855,
           "delay_weight_entry": 11.530465405599333,
           "ema_dist_close": 0.004,
           "ema_dist_entry": -0.04774884906747972,
           "ema_span_0": 1059.4298046682013,
           "ema_span_1": 837.4443467625479,
           "enabled": true,
           "markup_range": 0.010378948301019732,
           "min_markup": 0.009868111986542015,
           "n_close_orders": 10,
           "qty_pct_close": 0.01,
           "qty_pct_entry": 0.01,
           "wallet_exposure_limit": 0.1,
           "we_multiplier_close": 0,
           "we_multiplier_entry": 41.02097649864879}}