{"config_name": "recursive_grid_0days",
 "logging_level": 0,
 "long": {"auto_unstuck_ema_dist": 0,
          "auto_unstuck_wallet_exposure_threshold": 0.0,
          "backwards_tp": false,
          "ddown_factor": 1.9745742426910582,
          "ema_span_0": 650.3597030167673,
          "ema_span_1": 83.01474448791873,
          "enabled": true,
          "initial_eprice_ema_dist": -0.159811462112487,
          "initial_qty_pct": 0.005900990141030767,
          "markup_range": 0.0368707794210809,
          "min_markup": 0.0050483416760231025,
          "n_close_orders": 7,
          "rentry_pprice_dist": 0.03243331358879662,
          "rentry_pprice_dist_wallet_exposure_weighting": 1.2390596132977647,
          "wallet_exposure_limit": 1},
 "short": {"auto_unstuck_ema_dist": -0.029004076513012553,
           "auto_unstuck_wallet_exposure_threshold": 0.0599277668102496,
           "backwards_tp": false,
           "ddown_factor": 1.5236878744535145,
           "ema_span_0": 296.77604806631126,
           "ema_span_1": 400.18048039980494,
           "enabled": false,
           "initial_eprice_ema_dist": -0.04327437131404533,
           "initial_qty_pct": 0.09466717080057871,
           "markup_range": 0.042731487633504046,
           "min_markup": 0.005758592692159456,
           "n_close_orders": 8,
           "rentry_pprice_dist": 0.00653856017449389,
           "rentry_pprice_dist_wallet_exposure_weighting": 17.10779612966153,
           "wallet_exposure_limit": 1.0}}