{"config_name": "clock_0days",
 "long": {"delay_between_fills_minutes_close": 316.63945094931523,
          "delay_between_fills_minutes_entry": 327.6544175715257,
          "delay_weight_close": 25.928434996557435,
          "delay_weight_entry": 26.22215282210562,
          "ema_dist_lower": -0.6109663757499918,
          "ema_dist_upper": -0.005264749030125394,
          "ema_span_0": 125.6173641278168,
          "ema_span_1": 350.4136965934011,
          "enabled": true,
          "markup_range": 0.026278180778594618,
          "min_markup": 0.026321053536515805,
          "n_close_orders": 9,
          "qty_pct_close": 0.01,
          "qty_pct_entry": 0.01,
          "wallet_exposure_limit": 0.25,
          "we_multiplier_close": 133.71794422026068,
          "we_multiplier_entry": 132.245364013214},
 "short": {"delay_between_fills_minutes_close": 422.5373102323393,
           "delay_between_fills_minutes_entry": 500,
           "delay_weight_close": 147.4986059965807,
           "delay_weight_entry": 25.186763007622197,
           "ema_dist_lower": -0.12455320295805118,
           "ema_dist_upper": 0.008432241434959797,
           "ema_span_0": 284.14632945625436,
           "ema_span_1": 800,
           "enabled": true,
           "markup_range": 0.018060683755499657,
           "min_markup": 0.010966359777169227,
           "n_close_orders": 7,
           "qty_pct_close": 0.01,
           "qty_pct_entry": 0.01,
           "wallet_exposure_limit": 0.1,
           "we_multiplier_close": 34.240336842346636,
           "we_multiplier_entry": 65.98885365137842}}