{"config_name": "recursive_grid_0days",
 "logging_level": 0,
 "long": {"auto_unstuck_ema_dist": 0,
          "auto_unstuck_wallet_exposure_threshold": 0.0,
          "backwards_tp": false,
          "ddown_factor": 0.7003301696660733,
          "ema_span_0": 775.5137981981301,
          "ema_span_1": 596.0748005801106,
          "enabled": true,
          "initial_eprice_ema_dist": -0.09311875105539838,
          "initial_qty_pct": 0.000938873562795973,
          "markup_range": 0.07625911270408137,
          "min_markup": 0.013426157307785819,
          "n_close_orders": 13,
          "rentry_pprice_dist": 0.03549685291910307,
          "rentry_pprice_dist_wallet_exposure_weighting": 1.8871345481262691,
          "wallet_exposure_limit": 0.2},
 "short": {"auto_unstuck_ema_dist": -0.06104209710090524,
           "auto_unstuck_wallet_exposure_threshold": 0.08257754436483704,
           "backwards_tp": false,
           "ddown_factor": 1.3389729474710912,
           "ema_span_0": 128.51696469811463,
           "ema_span_1": 258.7869574879603,
           "enabled": false,
           "initial_eprice_ema_dist": -0.057956484416887936,
           "initial_qty_pct": 0.039773728486993544,
           "markup_range": 0.016572382999122816,
           "min_markup": 0.00631890127313221,
           "n_close_orders": 3,
           "rentry_pprice_dist": 0.010985701950086857,
           "rentry_pprice_dist_wallet_exposure_weighting": 9.955879579753278,
           "wallet_exposure_limit": 1.0}}