{"config_name": "recursive_grid_0days",
 "logging_level": 0,
 "long": {"auto_unstuck_ema_dist": 0,
          "auto_unstuck_wallet_exposure_threshold": 0.0,
          "backwards_tp": false,
          "ddown_factor": 1.7134240429302818,
          "ema_span_0": 204.35587726726118,
          "ema_span_1": 387.75086573170216,
          "enabled": true,
          "initial_eprice_ema_dist": -0.1717130502939007,
          "initial_qty_pct": 0.003300690252473786,
          "markup_range": 0.02333888525736129,
          "min_markup": 0.004143764245966086,
          "n_close_orders": 2,
          "rentry_pprice_dist": 0.02448103768889731,
          "rentry_pprice_dist_wallet_exposure_weighting": 2.006903927894407,
          "wallet_exposure_limit": 0.2},
 "short": {"auto_unstuck_ema_dist": -0.055118844778202024,
           "auto_unstuck_wallet_exposure_threshold": 0.07452569654285846,
           "backwards_tp": false,
           "ddown_factor": 2.418879197829761,
           "ema_span_0": 512.5209036249225,
           "ema_span_1": 1418.5871641281824,
           "enabled": false,
           "initial_eprice_ema_dist": -0.07748055219354757,
           "initial_qty_pct": 0.09031530353404112,
           "markup_range": 0.059445456032024134,
           "min_markup": 0.00791602602081969,
           "n_close_orders": 12,
           "rentry_pprice_dist": 0.02545444923696532,
           "rentry_pprice_dist_wallet_exposure_weighting": 19.23055552202352,
           "wallet_exposure_limit": 1.0}}