{"config_name": "recursive_grid_0days",
 "logging_level": 0,
 "long": {"auto_unstuck_ema_dist": -0.003530573936680988,
          "auto_unstuck_wallet_exposure_threshold": 0.09043102182571809,
          "backwards_tp": true,
          "ddown_factor": 1.0732603469140274,
          "ema_span_0": 230.8619757031286,
          "ema_span_1": 1032.0176851588312,
          "enabled": true,
          "initial_eprice_ema_dist": 0.0059050985688048185,
          "initial_qty_pct": 0.01520254951835178,
          "markup_range": 0.01022370745884261,
          "min_markup": 0.008538001209608452,
          "n_close_orders": 2,
          "rentry_pprice_dist": 0.027938007971228463,
          "rentry_pprice_dist_wallet_exposure_weighting": 2.80695453540507,
          "wallet_exposure_limit": 0.3},
 "short": {"auto_unstuck_ema_dist": -0.06505748552672827,
           "auto_unstuck_wallet_exposure_threshold": 0.05606183445998651,
           "backwards_tp": true,
           "ddown_factor": 1.5824387813340437,
           "ema_span_0": 469.82308360654,
           "ema_span_1": 10.606212081952647,
           "enabled": false,
           "initial_eprice_ema_dist": -0.03428455321553617,
           "initial_qty_pct": 0.03625948709737016,
           "markup_range": 0.024944488421988476,
           "min_markup": 0.00613543672702611,
           "n_close_orders": 15,
           "rentry_pprice_dist": 0.030342279842164765,
           "rentry_pprice_dist_wallet_exposure_weighting": 4.004803915302673,
           "wallet_exposure_limit": 1.0}}