{"config_name": "neat_grid_0days",
 "logging_level": 0,
 "long": {"auto_unstuck_ema_dist": 0,
          "auto_unstuck_wallet_exposure_threshold": 0,
          "backwards_tp": true,
          "ema_span_0": 96.93040833866081,
          "ema_span_1": 99.84633719888058,
          "enabled": true,
          "eprice_exp_base": 1.3871844795967898,
          "eqty_exp_base": 1.6518866799748801,
          "grid_span": 0.3325780919524176,
          "initial_eprice_ema_dist": -0.03721266345420131,
          "initial_qty_pct": 0.01,
          "markup_range": 0.002752696604374639,
          "max_n_entry_orders": 8,
          "min_markup": 0.002,
          "n_close_orders": 5,
          "wallet_exposure_limit": 1},
 "short": {"auto_unstuck_ema_dist": 0.0028311423527007658,
           "auto_unstuck_wallet_exposure_threshold": 0.03981990429375049,
           "backwards_tp": true,
           "ema_span_0": 10,
           "ema_span_1": 10,
           "enabled": true,
           "eprice_exp_base": 1.2,
           "eqty_exp_base": 1.6180087604253153,
           "grid_span": 0.3626485343676799,
           "initial_eprice_ema_dist": -0.0831663016354325,
           "initial_qty_pct": 0.01,
           "markup_range": 0.0025472466925222075,
           "max_n_entry_orders": 9,
           "min_markup": 0.002,
           "n_close_orders": 6,
           "wallet_exposure_limit": 0.1}}