{"config_name": "recursive_grid_0days",
 "logging_level": 0,
 "long": {"auto_unstuck_ema_dist": 0,
          "auto_unstuck_wallet_exposure_threshold": 0.0,
          "backwards_tp": false,
          "ddown_factor": 1.554408364036762,
          "ema_span_0": 75.04913164564388,
          "ema_span_1": 444.3977328866305,
          "enabled": true,
          "initial_eprice_ema_dist": -0.16992201982973107,
          "initial_qty_pct": 0.003108134063498605,
          "markup_range": 0.03874144004011519,
          "min_markup": 0.00884829385986104,
          "n_close_orders": 7,
          "rentry_pprice_dist": 0.03000532340106547,
          "rentry_pprice_dist_wallet_exposure_weighting": 2.1169887574007515,
          "wallet_exposure_limit": 1},
 "short": {"auto_unstuck_ema_dist": -0.007840022307690792,
           "auto_unstuck_wallet_exposure_threshold": 0.041498357678850115,
           "backwards_tp": false,
           "ddown_factor": 0.8383378825215118,
           "ema_span_0": 1226.6773177785697,
           "ema_span_1": 344.0973422291104,
           "enabled": false,
           "initial_eprice_ema_dist": -0.03230292037142046,
           "initial_qty_pct": 0.03465976048409385,
           "markup_range": 0.033678343882427964,
           "min_markup": 0.0027048824105913487,
           "n_close_orders": 3,
           "rentry_pprice_dist": 0.04391422048336129,
           "rentry_pprice_dist_wallet_exposure_weighting": 10.392593011573075,
           "wallet_exposure_limit": 1.0}}