{"config_name": "recursive_grid_0days",
 "logging_level": 0,
 "long": {"auto_unstuck_ema_dist": -0.0004200808067289043,
          "auto_unstuck_wallet_exposure_threshold": 0.07149204020290784,
          "backwards_tp": true,
          "ddown_factor": 2.4189323092621517,
          "ema_span_0": 99.86564840649908,
          "ema_span_1": 526.1461228646693,
          "enabled": true,
          "initial_eprice_ema_dist": -0.1,
          "initial_qty_pct": 0.019651493242354455,
          "markup_range": 0.005232956395207813,
          "min_markup": 0.00428526313936581,
          "n_close_orders": 8,
          "rentry_pprice_dist": 0.033450750925065886,
          "rentry_pprice_dist_wallet_exposure_weighting": 0.0,
          "wallet_exposure_limit": 0.3},
 "short": {"auto_unstuck_ema_dist": -0.08780371499928878,
           "auto_unstuck_wallet_exposure_threshold": 0.08138207405498696,
           "backwards_tp": true,
           "ddown_factor": 2.863917160066951,
           "ema_span_0": 29.444534940042455,
           "ema_span_1": 564.2829945764686,
           "enabled": false,
           "initial_eprice_ema_dist": -0.07890647322244994,
           "initial_qty_pct": 0.015016956378495476,
           "markup_range": 0.017317378295452313,
           "min_markup": 0.004161138102279834,
           "n_close_orders": 10,
           "rentry_pprice_dist": 0.04756766111879306,
           "rentry_pprice_dist_wallet_exposure_weighting": 5.525450730174164,
           "wallet_exposure_limit": 1.0}}