{"config_name": "recursive_grid_0days",
 "logging_level": 0,
 "long": {"auto_unstuck_ema_dist": 0.005812253812184061,
          "auto_unstuck_wallet_exposure_threshold": 0.09061083753744376,
          "backwards_tp": true,
          "ddown_factor": 1.5419175880630265,
          "ema_span_0": 132.09956323440753,
          "ema_span_1": 766.6758774687062,
          "enabled": true,
          "initial_eprice_ema_dist": -0.04215086245815926,
          "initial_qty_pct": 0.02890453280041208,
          "markup_range": 0.0006793403109301662,
          "min_markup": 0.003802001884979325,
          "n_close_orders": 12,
          "rentry_pprice_dist": 0.045409327555324855,
          "rentry_pprice_dist_wallet_exposure_weighting": 1.1878159306947642,
          "wallet_exposure_limit": 0.1},
 "short": {"auto_unstuck_ema_dist": 0.04743183606784613,
           "auto_unstuck_wallet_exposure_threshold": 0.0543409260538349,
           "backwards_tp": true,
           "ddown_factor": 1.712152769870197,
           "ema_span_0": 100.18057522857308,
           "ema_span_1": 356.5436990509078,
           "enabled": true,
           "initial_eprice_ema_dist": -0.03882349727302756,
           "initial_qty_pct": 0.013174953501811968,
           "markup_range": 0.00030863754436828147,
           "min_markup": 0.002324412679976056,
           "n_close_orders": 9,
           "rentry_pprice_dist": 0.032552215476794905,
           "rentry_pprice_dist_wallet_exposure_weighting": 7.780172014075735,
           "wallet_exposure_limit": 0.1}}