{"config_name": "clock_0days",
 "long": {"backwards_tp": true,
          "delay_between_fills_minutes_close": 483.56316436014885,
          "delay_between_fills_minutes_entry": 449.7997413443764,
          "delay_weight_close": 54.49212879293102,
          "delay_weight_entry": 27.698823103609993,
          "ema_dist_close": -0.02181162531568013,
          "ema_dist_entry": 0.007039991219244728,
          "ema_span_0": 13.871829917748354,
          "ema_span_1": 266.3447806797506,
          "enabled": true,
          "markup_range": 0.020761939165786936,
          "min_markup": 0.029194821693922676,
          "n_close_orders": 3,
          "qty_pct_close": 0.018609779179543068,
          "qty_pct_entry": 0.01851658774744017,
          "wallet_exposure_limit": 0.3,
          "we_multiplier_close": 148.52743133640692,
          "we_multiplier_entry": 69.51583105411761},
 "short": {"backwards_tp": true,
           "delay_between_fills_minutes_close": 24.072059285715575,
           "delay_between_fills_minutes_entry": 1200.3030266728583,
           "delay_weight_close": 8.413824815457193,
           "delay_weight_entry": 19.192694309990678,
           "ema_dist_close": 0.015082034194812705,
           "ema_dist_entry": 0.012953712333244747,
           "ema_span_0": 649.6079609434381,
           "ema_span_1": 253.3571231974781,
           "enabled": false,
           "markup_range": 0.025507224046349697,
           "min_markup": 0.05537164009810438,
           "n_close_orders": 11,
           "qty_pct_close": 0.4854024958834226,
           "qty_pct_entry": 0.6781428016860357,
           "wallet_exposure_limit": 1.0,
           "we_multiplier_close": 3.802412724670079,
           "we_multiplier_entry": 2.784466555224021}}