{"config_name": "recursive_grid_0days",
 "logging_level": 0,
 "long": {"auto_unstuck_ema_dist": 0,
          "auto_unstuck_wallet_exposure_threshold": 0.0,
          "backwards_tp": true,
          "ddown_factor": 1.978976584059257,
          "ema_span_0": 73.97462972416294,
          "ema_span_1": 115.56074295329252,
          "enabled": true,
          "initial_eprice_ema_dist": -0.031465236769540716,
          "initial_qty_pct": 0.0033081041179830054,
          "markup_range": 0.02406655681869524,
          "min_markup": 0.004263756545439966,
          "n_close_orders": 1,
          "rentry_pprice_dist": 0.022855023222530992,
          "rentry_pprice_dist_wallet_exposure_weighting": 0.9672261247406936,
          "wallet_exposure_limit": 0.2},
 "short": {"auto_unstuck_ema_dist": -0.07813087798851934,
           "auto_unstuck_wallet_exposure_threshold": 0.0917882794586801,
           "backwards_tp": true,
           "ddown_factor": 2.8817674846415247,
           "ema_span_0": 1033.5803246613732,
           "ema_span_1": 576.8233997914738,
           "enabled": false,
           "initial_eprice_ema_dist": -0.023734009205822207,
           "initial_qty_pct": 0.0372112971910872,
           "markup_range": 0.0172510493955527,
           "min_markup": 0.006472323537213287,
           "n_close_orders": 4,
           "rentry_pprice_dist": 0.006181924496772155,
           "rentry_pprice_dist_wallet_exposure_weighting": 14.726322962625296,
           "wallet_exposure_limit": 1.0}}