{"config_name": "neat_grid_0days",
 "logging_level": 0,
 "long": {"auto_unstuck_ema_dist": 0.003,
          "auto_unstuck_wallet_exposure_threshold": 0.03,
          "backwards_tp": false,
          "ema_span_0": 1069.873676273607,
          "ema_span_1": 1055.9533326601338,
          "enabled": true,
          "eprice_exp_base": 1.099983414732142,
          "eqty_exp_base": 1.3760536075577485,
          "grid_span": 0.14877297321796784,
          "initial_eprice_ema_dist": -0.004829970791795662,
          "initial_qty_pct": 0.009779086176659952,
          "markup_range": 0.005528594702101466,
          "max_n_entry_orders": 8,
          "min_markup": 0.004275,
          "n_close_orders": 1,
          "wallet_exposure_limit": 1},
 "short": {"auto_unstuck_ema_dist": -0.045288932181852384,
           "auto_unstuck_wallet_exposure_threshold": 0.0661505364853474,
           "backwards_tp": false,
           "ema_span_0": 71.53747090023,
           "ema_span_1": 190.42891999269153,
           "enabled": false,
           "eprice_exp_base": 3.4506092343647228,
           "eqty_exp_base": 1.1251254847548582,
           "grid_span": 0.4960992032807797,
           "initial_eprice_ema_dist": -0.06332219203061289,
           "initial_qty_pct": 0.04673992685753672,
           "markup_range": 0.013981052319386076,
           "max_n_entry_orders": 15,
           "min_markup": 0.005896869528287968,
           "n_close_orders": 7,
           "wallet_exposure_limit": 1}}