{"config_name": "clock_0days",
 "long": {"backwards_tp": true,
          "delay_between_fills_minutes_close": 380.9330853097399,
          "delay_between_fills_minutes_entry": 491.64925864619386,
          "delay_weight_close": 127.03591354140073,
          "delay_weight_entry": 25.69663697875601,
          "ema_dist_close": -0.015054682644200772,
          "ema_dist_entry": -0.5834446218827627,
          "ema_span_0": 265.8036669398057,
          "ema_span_1": 499.0657460976682,
          "enabled": true,
          "markup_range": 0.016798558458749033,
          "min_markup": 0.008492682286876801,
          "n_close_orders": 3,
          "qty_pct_close": 0.01,
          "qty_pct_entry": 0.01,
          "wallet_exposure_limit": 0.2,
          "we_multiplier_close": 41.80321917116421,
          "we_multiplier_entry": 48.669111183827916},
 "short": {"backwards_tp": true,
           "delay_between_fills_minutes_close": 193.42582897040353,
           "delay_between_fills_minutes_entry": 437.61335862416485,
           "delay_weight_close": 117.05748905123211,
           "delay_weight_entry": 46.37683797901501,
           "ema_dist_close": -0.10751798054906836,
           "ema_dist_entry": 0.01,
           "ema_span_0": 416.08408349154473,
           "ema_span_1": 36.93466319882933,
           "enabled": true,
           "markup_range": 0.018041871615747263,
           "min_markup": 0.009721468654003853,
           "n_close_orders": 3,
           "qty_pct_close": 0.01,
           "qty_pct_entry": 0.01,
           "wallet_exposure_limit": 0.1,
           "we_multiplier_close": 98.45431314316555,
           "we_multiplier_entry": 31.973014508126145}}