{"config_name": "clock_0days",
 "long": {"backwards_tp": true,
          "delay_between_fills_minutes_close": 317.99355393528134,
          "delay_between_fills_minutes_entry": 246.6059033203458,
          "delay_weight_close": 52.04623239979831,
          "delay_weight_entry": 25.717280891944597,
          "ema_dist_close": 0.004482942595244532,
          "ema_dist_entry": 0.008914303223484908,
          "ema_span_0": 585.9142113663153,
          "ema_span_1": 695.2989268511692,
          "enabled": true,
          "markup_range": 0.020974530192067686,
          "min_markup": 0.0022926705560898136,
          "n_close_orders": 4,
          "qty_pct_close": 0.015459993151552873,
          "qty_pct_entry": 0.010922812426755427,
          "wallet_exposure_limit": 0.3,
          "we_multiplier_close": 84.43229139490934,
          "we_multiplier_entry": 41.35037731544258},
 "short": {"backwards_tp": true,
           "delay_between_fills_minutes_close": 1131.471704820715,
           "delay_between_fills_minutes_entry": 240.4872164559628,
           "delay_weight_close": 93.66854246727544,
           "delay_weight_entry": 6.456855830615959,
           "ema_dist_close": -0.04864482699239678,
           "ema_dist_entry": -0.011504242014570377,
           "ema_span_0": 1279.6386542495625,
           "ema_span_1": 713.80947563286,
           "enabled": false,
           "markup_range": 0.032924662538342336,
           "min_markup": 0.005370486515656747,
           "n_close_orders": 3,
           "qty_pct_close": 0.07118794706823166,
           "qty_pct_entry": 0.04185786892699914,
           "wallet_exposure_limit": 1.0,
           "we_multiplier_close": 63.605382107301466,
           "we_multiplier_entry": 3.160361091319197}}