{"config_name": "recursive_grid_0days",
 "logging_level": 0,
 "long": {"auto_unstuck_ema_dist": 0,
          "auto_unstuck_wallet_exposure_threshold": 0.0,
          "backwards_tp": true,
          "ddown_factor": 1.0997563364222132,
          "ema_span_0": 69.14477586691225,
          "ema_span_1": 1163.9225995421684,
          "enabled": true,
          "initial_eprice_ema_dist": -0.004742769067445741,
          "initial_qty_pct": 0.013034119059775353,
          "markup_range": 0.00885868425934792,
          "min_markup": 0.0040830974437353965,
          "n_close_orders": 5,
          "rentry_pprice_dist": 0.029779721652430736,
          "rentry_pprice_dist_wallet_exposure_weighting": 0.9468915523934932,
          "wallet_exposure_limit": 0.3},
 "short": {"auto_unstuck_ema_dist": -0.08730739026641389,
           "auto_unstuck_wallet_exposure_threshold": 0.035468213830385384,
           "backwards_tp": true,
           "ddown_factor": 1.2710495948676035,
           "ema_span_0": 519.5675197353578,
           "ema_span_1": 67.87113439101695,
           "enabled": false,
           "initial_eprice_ema_dist": -0.0347506946723012,
           "initial_qty_pct": 0.032671809646318446,
           "markup_range": 0.03455070786870016,
           "min_markup": 0.002032440801190739,
           "n_close_orders": 7,
           "rentry_pprice_dist": 0.04750795392222747,
           "rentry_pprice_dist_wallet_exposure_weighting": 9.378161726099561,
           "wallet_exposure_limit": 1}}