{"config_name": "clock_0days",
 "long": {"backwards_tp": true,
          "delay_between_fills_minutes_close": 500,
          "delay_between_fills_minutes_entry": 216.69412239355285,
          "delay_weight_close": 79.45698788168113,
          "delay_weight_entry": 27.14621698796374,
          "ema_dist_close": -0.05352826942244159,
          "ema_dist_entry": 0.005491281610966885,
          "ema_span_0": 1551.558882790445,
          "ema_span_1": 288.9453128886939,
          "enabled": true,
          "markup_range": 0.02244208961004942,
          "min_markup": 0.00855576946917542,
          "n_close_orders": 4,
          "qty_pct_close": 0.010287396762909535,
          "qty_pct_entry": 0.013773637244033582,
          "wallet_exposure_limit": 0.3,
          "we_multiplier_close": 142.0351442864755,
          "we_multiplier_entry": 147.64132738346166},
 "short": {"backwards_tp": true,
           "delay_between_fills_minutes_close": 110.1451713999098,
           "delay_between_fills_minutes_entry": 1050.568152354961,
           "delay_weight_close": 72.33596812574865,
           "delay_weight_entry": 11.032813936534513,
           "ema_dist_close": -0.014128910692789418,
           "ema_dist_entry": -0.01671007691568791,
           "ema_span_0": 462.4037695240533,
           "ema_span_1": 206.79676022649346,
           "enabled": false,
           "markup_range": 0.03391606139295419,
           "min_markup": 0.09047967133778398,
           "n_close_orders": 16,
           "qty_pct_close": 0.5179408507408283,
           "qty_pct_entry": 0.1449538151267403,
           "wallet_exposure_limit": 1.0,
           "we_multiplier_close": 4.2388609859688025,
           "we_multiplier_entry": 38.33843445862063}}