{"config_name": "clock_0days",
 "long": {"delay_between_fills_minutes_close": 1335.073243959698,
          "delay_between_fills_minutes_entry": 536.4563713391875,
          "delay_weight_close": 52.56964187251329,
          "delay_weight_entry": 19.65752709715454,
          "ema_dist_lower": -0.9524753987726624,
          "ema_dist_upper": 0.009300888848116442,
          "ema_span_0": 215.30751398075785,
          "ema_span_1": 112.342876982393,
          "enabled": true,
          "markup_range": 0.027323204218802282,
          "min_markup": 0.02067916326267313,
          "n_close_orders": 5,
          "qty_pct_close": 0.009039583339547054,
          "qty_pct_entry": 0.007831063106597778,
          "wallet_exposure_limit": 0.25,
          "we_multiplier_close": 80,
          "we_multiplier_entry": 57.47159245000995},
 "short": {"delay_between_fills_minutes_close": 1225.97388289774,
           "delay_between_fills_minutes_entry": 1259.2658583990208,
           "delay_weight_close": 56.77852251999415,
           "delay_weight_entry": 43.705054331708055,
           "ema_dist_lower": -0.02644454714129171,
           "ema_dist_upper": 0.004004808334266169,
           "ema_span_0": 279.92081198840367,
           "ema_span_1": 709.1076546784028,
           "enabled": true,
           "markup_range": 0.015073676074136648,
           "min_markup": 0.019665472947414966,
           "n_close_orders": 6,
           "qty_pct_close": 0.005,
           "qty_pct_entry": 0.01059287767558505,
           "wallet_exposure_limit": 0.1,
           "we_multiplier_close": 20,
           "we_multiplier_entry": 38.36338083694129}}