{"config_name": "neat_grid_0days",
 "logging_level": 0,
 "long": {"auto_unstuck_ema_dist": 0.08989522416986985,
          "auto_unstuck_wallet_exposure_threshold": 0.026970625097668736,
          "backwards_tp": true,
          "ema_span_0": 957.0932419151776,
          "ema_span_1": 3511.7228765300765,
          "enabled": true,
          "eprice_exp_base": 1.5550401493997204,
          "eqty_exp_base": 2.436473104306243,
          "grid_span": 0.1484760047783497,
          "initial_eprice_ema_dist": -0.009596231318589282,
          "initial_qty_pct": 0.01,
          "markup_range": 0.0017656893417063299,
          "max_n_entry_orders": 5,
          "min_markup": 0.002,
          "n_close_orders": 7,
          "wallet_exposure_limit": 1},
 "short": {"auto_unstuck_ema_dist": 0.012651588750612452,
           "auto_unstuck_wallet_exposure_threshold": 0.010230840646297496,
           "backwards_tp": true,
           "ema_span_0": 160.00994151360302,
           "ema_span_1": 8549.78590998075,
           "enabled": true,
           "eprice_exp_base": 1.6421428182090134,
           "eqty_exp_base": 2.8032281343395486,
           "grid_span": 0.13246324521430344,
           "initial_eprice_ema_dist": -0.01707079382749567,
           "initial_qty_pct": 0.01,
           "markup_range": 0.0019770431017863844,
           "max_n_entry_orders": 13,
           "min_markup": 0.002,
           "n_close_orders": 14,
           "wallet_exposure_limit": 1}}