{"config_name": "recursive_grid_0days",
 "logging_level": 0,
 "long": {"auto_unstuck_ema_dist": 0,
          "auto_unstuck_wallet_exposure_threshold": 0.0,
          "backwards_tp": true,
          "ddown_factor": 0.9684784939892335,
          "ema_span_0": 261.1318381675732,
          "ema_span_1": 943.9237239925744,
          "enabled": true,
          "initial_eprice_ema_dist": -0.04187068708764294,
          "initial_qty_pct": 0.003260992892075692,
          "markup_range": 0.039935224145672854,
          "min_markup": 0.009178365108070591,
          "n_close_orders": 1,
          "rentry_pprice_dist": 0.025251125274805983,
          "rentry_pprice_dist_wallet_exposure_weighting": 1.5252242818666737,
          "wallet_exposure_limit": 0.2},
 "short": {"auto_unstuck_ema_dist": -0.0388870207768534,
           "auto_unstuck_wallet_exposure_threshold": 0.07631014854853053,
           "backwards_tp": true,
           "ddown_factor": 0.9314722301696109,
           "ema_span_0": 91.9813334889669,
           "ema_span_1": 829.1656518915628,
           "enabled": false,
           "initial_eprice_ema_dist": -0.031541892618892176,
           "initial_qty_pct": 0.06087088483860733,
           "markup_range": 0.010937903152036538,
           "min_markup": 0.0048861589355870035,
           "n_close_orders": 6,
           "rentry_pprice_dist": 0.04106413309438934,
           "rentry_pprice_dist_wallet_exposure_weighting": 15.974257010843916,
           "wallet_exposure_limit": 1.0}}