{"config_name": "clock_0days",
 "long": {"backwards_tp": false,
          "delay_between_fills_minutes_close": 779.9777573238161,
          "delay_between_fills_minutes_entry": 1089.4841641241778,
          "delay_weight_close": 82.75592493311937,
          "delay_weight_entry": 40.214945524841575,
          "ema_dist_close": -0.00012969733740792524,
          "ema_dist_entry": -0.003314423707492323,
          "ema_span_0": 1227.1270657283428,
          "ema_span_1": 1440,
          "enabled": true,
          "markup_range": 0.034676687012430894,
          "min_markup": 0.0043524561625795455,
          "n_close_orders": 14,
          "qty_pct_close": 0.06619312087961697,
          "qty_pct_entry": 0.01,
          "wallet_exposure_limit": 1,
          "we_multiplier_close": 0.7265466509290244,
          "we_multiplier_entry": 67.90851435322459},
 "short": {"backwards_tp": false,
           "delay_between_fills_minutes_close": 36.195761206471495,
           "delay_between_fills_minutes_entry": 948.8738222079606,
           "delay_weight_close": 69.75012411154562,
           "delay_weight_entry": 81.37359025452841,
           "ema_dist_close": -0.03271164732882559,
           "ema_dist_entry": -0.012086889868920495,
           "ema_span_0": 689.3998630198403,
           "ema_span_1": 719.4806191132868,
           "enabled": false,
           "markup_range": 0.044932778808072414,
           "min_markup": 0.005750081352575088,
           "n_close_orders": 5,
           "qty_pct_close": 0.050889623061055364,
           "qty_pct_entry": 0.03510915370645207,
           "wallet_exposure_limit": 1,
           "we_multiplier_close": 83.81165828208829,
           "we_multiplier_entry": 97.06261875566304}}