{"config_name": "recursive_grid_0days",
 "logging_level": 0,
 "long": {"auto_unstuck_ema_dist": 0,
          "auto_unstuck_wallet_exposure_threshold": 0.0,
          "backwards_tp": false,
          "ddown_factor": 2.1429,
          "ema_span_0": 1054.5119501022277,
          "ema_span_1": 1318.3060492681484,
          "enabled": true,
          "initial_eprice_ema_dist": -0.011551732857783008,
          "initial_qty_pct": 0.0031893,
          "markup_range": 0.028078,
          "min_markup": 0.005709,
          "n_close_orders": 5,
          "rentry_pprice_dist": 0.018515,
          "rentry_pprice_dist_wallet_exposure_weighting": 2.1199,
          "wallet_exposure_limit": 0.2},
 "short": {"auto_unstuck_ema_dist": -0.0029212916560479862,
           "auto_unstuck_wallet_exposure_threshold": 0.07280684297968745,
           "backwards_tp": false,
           "ddown_factor": 0.970408987762972,
           "ema_span_0": 760.3275139932448,
           "ema_span_1": 390.639552661244,
           "enabled": false,
           "initial_eprice_ema_dist": -0.03578197453936001,
           "initial_qty_pct": 0.05877931108383779,
           "markup_range": 0.01309522246052134,
           "min_markup": 0.007932373008217678,
           "n_close_orders": 13,
           "rentry_pprice_dist": 0.049302687131285064,
           "rentry_pprice_dist_wallet_exposure_weighting": 11.099069335683168,
           "wallet_exposure_limit": 1.0}}