{"config_name": "clock_0days",
 "long": {"backwards_tp": true,
          "delay_between_fills_minutes_close": 397.80351667394433,
          "delay_between_fills_minutes_entry": 321.5439382259684,
          "delay_weight_close": 83.25862015279107,
          "delay_weight_entry": 20.510907751801874,
          "ema_dist_close": -0.06155332699678549,
          "ema_dist_entry": 0.008487197345581059,
          "ema_span_0": 237.40914716102714,
          "ema_span_1": 192.11927524823898,
          "enabled": true,
          "markup_range": 0.02674675374193885,
          "min_markup": 0.008545247150025647,
          "n_close_orders": 5,
          "qty_pct_close": 0.010368142349884068,
          "qty_pct_entry": 0.019092687442941347,
          "wallet_exposure_limit": 0.3,
          "we_multiplier_close": 14.398438609968895,
          "we_multiplier_entry": 41.97640083817592},
 "short": {"backwards_tp": true,
           "delay_between_fills_minutes_close": 84.21410514093118,
           "delay_between_fills_minutes_entry": 114.01266879586353,
           "delay_weight_close": 119.10366822785296,
           "delay_weight_entry": 131.3918695142859,
           "ema_dist_close": -0.26041574966698233,
           "ema_dist_entry": -0.07789847671070582,
           "ema_span_0": 145.66843632236953,
           "ema_span_1": 104.40248137925835,
           "enabled": false,
           "markup_range": 0.014948079103242064,
           "min_markup": 0.06693271009390346,
           "n_close_orders": 5,
           "qty_pct_close": 0.01,
           "qty_pct_entry": 0.01,
           "wallet_exposure_limit": 1.0,
           "we_multiplier_close": 49.00928170215239,
           "we_multiplier_entry": 20.48049289688275}}