{"config_name": "clock_0days",
 "long": {"backwards_tp": true,
          "delay_between_fills_minutes_close": 500,
          "delay_between_fills_minutes_entry": 492.5839407709901,
          "delay_weight_close": 148.776458451847,
          "delay_weight_entry": 37.59625743554014,
          "ema_dist_close": -0.05292548483973688,
          "ema_dist_entry": -0.9531756328976796,
          "ema_span_0": 1146.3210160994226,
          "ema_span_1": 178.03056512760574,
          "enabled": true,
          "markup_range": 0.04786538686080596,
          "min_markup": 0.009069278188438631,
          "n_close_orders": 4,
          "qty_pct_close": 0.013032570119078534,
          "qty_pct_entry": 0.01101088885638407,
          "wallet_exposure_limit": 0.3,
          "we_multiplier_close": 9.31732657467191,
          "we_multiplier_entry": 76.30852320838736},
 "short": {"backwards_tp": true,
           "delay_between_fills_minutes_close": 129.185668578839,
           "delay_between_fills_minutes_entry": 700.1564215054095,
           "delay_weight_close": 52.64836170488935,
           "delay_weight_entry": 99.92051779447479,
           "ema_dist_close": 0.0013447911036524388,
           "ema_dist_entry": 0.006720591978295748,
           "ema_span_0": 699.4456921661543,
           "ema_span_1": 730.7566114308919,
           "enabled": false,
           "markup_range": 0.022490149623711778,
           "min_markup": 0.08373637738242294,
           "n_close_orders": 10,
           "qty_pct_close": 0.7513330880892747,
           "qty_pct_entry": 0.9398584746479195,
           "wallet_exposure_limit": 1.0,
           "we_multiplier_close": 7.842099331286893,
           "we_multiplier_entry": 85.33586671093946}}