{"config_name": "neat_grid_0days",
 "logging_level": 0,
 "long": {"auto_unstuck_ema_dist": 0.04637493647398035,
          "auto_unstuck_wallet_exposure_threshold": 0.3729378700351212,
          "backwards_tp": false,
          "ema_span_0": 788.6238379394645,
          "ema_span_1": 246.30312447030258,
          "enabled": true,
          "eprice_exp_base": 1.1450890975628245,
          "eqty_exp_base": 2.595822035932301,
          "grid_span": 0.11844627401789211,
          "initial_eprice_ema_dist": -0.1,
          "initial_qty_pct": 0.0032769674813699296,
          "markup_range": 0.0347687115389883,
          "max_n_entry_orders": 11,
          "min_markup": 0.009107505968172011,
          "n_close_orders": 5,
          "wallet_exposure_limit": 1},
 "short": {"auto_unstuck_ema_dist": 0.0735199430447727,
           "auto_unstuck_wallet_exposure_threshold": 0.059317100219898417,
           "backwards_tp": false,
           "ema_span_0": 398.5313555104978,
           "ema_span_1": 1537.1137614202055,
           "enabled": false,
           "eprice_exp_base": 3.192949422161148,
           "eqty_exp_base": 3.401380474000113,
           "grid_span": 0.3692135150371466,
           "initial_eprice_ema_dist": -0.07476168616427976,
           "initial_qty_pct": 0.015,
           "markup_range": 0.023524463203811633,
           "max_n_entry_orders": 11,
           "min_markup": 0.007866873251568162,
           "n_close_orders": 8,
           "wallet_exposure_limit": 0.1}}