{"config_name": "recursive_grid_0days",
 "logging_level": 0,
 "long": {"auto_unstuck_ema_dist": 0,
          "auto_unstuck_wallet_exposure_threshold": 0.0,
          "backwards_tp": false,
          "ddown_factor": 1.5442293920538255,
          "ema_span_0": 29.137808238600016,
          "ema_span_1": 82.5004884465631,
          "enabled": true,
          "initial_eprice_ema_dist": -0.03311077539334646,
          "initial_qty_pct": 0.006019610449294455,
          "markup_range": 0.006407805722153757,
          "min_markup": 0.0030828916072394995,
          "n_close_orders": 5,
          "rentry_pprice_dist": 0.025886577606406905,
          "rentry_pprice_dist_wallet_exposure_weighting": 1.0718711475990914,
          "wallet_exposure_limit": 0.2},
 "short": {"auto_unstuck_ema_dist": -0.07500146813803563,
           "auto_unstuck_wallet_exposure_threshold": 0.07011930480065423,
           "backwards_tp": false,
           "ddown_factor": 0.23665533718650092,
           "ema_span_0": 1026.7801785309798,
           "ema_span_1": 957.9503582892892,
           "enabled": false,
           "initial_eprice_ema_dist": -0.05974366746455366,
           "initial_qty_pct": 0.08863621169651417,
           "markup_range": 0.03283226595955881,
           "min_markup": 0.004033343762715193,
           "n_close_orders": 15,
           "rentry_pprice_dist": 0.0282788591567632,
           "rentry_pprice_dist_wallet_exposure_weighting": 1.0797142894774758,
           "wallet_exposure_limit": 1.0}}