{"config_name": "recursive_grid_0days",
 "logging_level": 0,
 "long": {"auto_unstuck_ema_dist": 0.0,
          "auto_unstuck_wallet_exposure_threshold": 0.0,
          "backwards_tp": false,
          "ddown_factor": 0.9835691779547789,
          "ema_span_0": 82.09709429860894,
          "ema_span_1": 13.925267793644526,
          "enabled": true,
          "initial_eprice_ema_dist": 0.004185984912298286,
          "initial_qty_pct": 0.022321431690498467,
          "markup_range": 0.05372745073584684,
          "min_markup": 0.001412551458431656,
          "n_close_orders": 25,
          "rentry_pprice_dist": 0.03606844448661445,
          "rentry_pprice_dist_wallet_exposure_weighting": 0.0,
          "wallet_exposure_limit": 0.2},
 "short": {"auto_unstuck_ema_dist": -0.09812211114254525,
           "auto_unstuck_wallet_exposure_threshold": 0.0899874188372946,
           "backwards_tp": false,
           "ddown_factor": 1.0842462531119428,
           "ema_span_0": 934.8008885314773,
           "ema_span_1": 179.83198529958517,
           "enabled": false,
           "initial_eprice_ema_dist": -0.09594562824755419,
           "initial_qty_pct": 0.08615294545114666,
           "markup_range": 0.008158031390126538,
           "min_markup": 0.005697511827601155,
           "n_close_orders": 5,
           "rentry_pprice_dist": 0.027451387348820185,
           "rentry_pprice_dist_wallet_exposure_weighting": 12.478201935057884,
           "wallet_exposure_limit": 1.0}}