{"config_name": "clock_0days",
 "long": {"backwards_tp": true,
          "delay_between_fills_minutes_close": 349.791203746851,
          "delay_between_fills_minutes_entry": 495.23093484230145,
          "delay_weight_close": 106.30672717539832,
          "delay_weight_entry": 31.45371328274834,
          "ema_dist_close": -0.00987948253413673,
          "ema_dist_entry": 0.009366678437728026,
          "ema_span_0": 1269.1933371777611,
          "ema_span_1": 378.40639314726366,
          "enabled": true,
          "markup_range": 0.010961884866089315,
          "min_markup": 0.001553498272525619,
          "n_close_orders": 5,
          "qty_pct_close": 0.01141049723174349,
          "qty_pct_entry": 0.0127820116294947,
          "wallet_exposure_limit": 0.3,
          "we_multiplier_close": 25.499748249927524,
          "we_multiplier_entry": 118.89154054451782},
 "short": {"backwards_tp": true,
           "delay_between_fills_minutes_close": 116.9346749358388,
           "delay_between_fills_minutes_entry": 1350.1842116030327,
           "delay_weight_close": 39.96513749476943,
           "delay_weight_entry": 52.38773999654234,
           "ema_dist_close": -0.020451067499621278,
           "ema_dist_entry": -0.008382837966535266,
           "ema_span_0": 710.841815055929,
           "ema_span_1": 204.48771473199633,
           "enabled": false,
           "markup_range": 0.05030070654379271,
           "min_markup": 0.0035247937033313875,
           "n_close_orders": 8,
           "qty_pct_close": 0.09228444286254757,
           "qty_pct_entry": 0.03451108301660252,
           "wallet_exposure_limit": 1.0,
           "we_multiplier_close": 49.422976387582985,
           "we_multiplier_entry": 57.317494601465114}}