{"config_name": "recursive_grid_0days",
 "logging_level": 0,
 "long": {"auto_unstuck_ema_dist": 0.005845847565139614,
          "auto_unstuck_wallet_exposure_threshold": 0.07498792978201159,
          "backwards_tp": true,
          "ddown_factor": 0.8796522798144778,
          "ema_span_0": 737.840003521295,
          "ema_span_1": 668.2460967434819,
          "enabled": true,
          "initial_eprice_ema_dist": -0.05043604849262659,
          "initial_qty_pct": 0.010790081891518383,
          "markup_range": 0.004192743217612711,
          "min_markup": 0.0027314290118305067,
          "n_close_orders": 9,
          "rentry_pprice_dist": 0.027988903836843944,
          "rentry_pprice_dist_wallet_exposure_weighting": 6.63500614549499,
          "wallet_exposure_limit": 0.1},
 "short": {"auto_unstuck_ema_dist": 0.04662675782998003,
           "auto_unstuck_wallet_exposure_threshold": 0.032699106617973754,
           "backwards_tp": true,
           "ddown_factor": 2.419376966439813,
           "ema_span_0": 611.6711243692254,
           "ema_span_1": 620.5439378161985,
           "enabled": true,
           "initial_eprice_ema_dist": -0.018698840809331745,
           "initial_qty_pct": 0.024927687728563262,
           "markup_range": 0.004054488859490586,
           "min_markup": 0.003537592795860933,
           "n_close_orders": 11,
           "rentry_pprice_dist": 0.048564271136076025,
           "rentry_pprice_dist_wallet_exposure_weighting": 0.10996002445450356,
           "wallet_exposure_limit": 0.1}}