{"config_name": "recursive_grid_0days",
 "logging_level": 0,
 "long": {"auto_unstuck_ema_dist": -0.0020551375276065876,
          "auto_unstuck_wallet_exposure_threshold": 0.05928235046291682,
          "backwards_tp": true,
          "ddown_factor": 2.512861247496039,
          "ema_span_0": 590.5118090510471,
          "ema_span_1": 1440,
          "enabled": true,
          "initial_eprice_ema_dist": -0.0013315952941455184,
          "initial_qty_pct": 0.01614891527490594,
          "markup_range": 0.007083329758150324,
          "min_markup": 0.004135643343493622,
          "n_close_orders": 14,
          "rentry_pprice_dist": 0.026412809279322276,
          "rentry_pprice_dist_wallet_exposure_weighting": 0.9182098941770065,
          "wallet_exposure_limit": 0.3},
 "short": {"auto_unstuck_ema_dist": -0.03040007256148615,
           "auto_unstuck_wallet_exposure_threshold": 0.06664566255791218,
           "backwards_tp": true,
           "ddown_factor": 2.314583380442406,
           "ema_span_0": 260.71980444744156,
           "ema_span_1": 420.1856563514636,
           "enabled": false,
           "initial_eprice_ema_dist": -0.05822438342310369,
           "initial_qty_pct": 0.08531606523893098,
           "markup_range": 0.04773518241104993,
           "min_markup": 0.005242492558869327,
           "n_close_orders": 13,
           "rentry_pprice_dist": 0.03069825622743232,
           "rentry_pprice_dist_wallet_exposure_weighting": 23.75730409954816,
           "wallet_exposure_limit": 1.0}}