{"config_name": "recursive_grid_0days",
 "logging_level": 0,
 "long": {"auto_unstuck_ema_dist": -0.0009919600283591458,
          "auto_unstuck_wallet_exposure_threshold": 0.05646930919195841,
          "backwards_tp": true,
          "ddown_factor": 2.133042907041517,
          "ema_span_0": 493.31406540849946,
          "ema_span_1": 762.6844576993569,
          "enabled": true,
          "initial_eprice_ema_dist": 0.011285365530347688,
          "initial_qty_pct": 0.02636698800266402,
          "markup_range": 0.0018803664726556872,
          "min_markup": 0.003672908066365234,
          "n_close_orders": 7,
          "rentry_pprice_dist": 0.02715098505543016,
          "rentry_pprice_dist_wallet_exposure_weighting": 1.2380666752110279,
          "wallet_exposure_limit": 1},
 "short": {"auto_unstuck_ema_dist": -0.09282784985029562,
           "auto_unstuck_wallet_exposure_threshold": 0.03889159378196294,
           "backwards_tp": true,
           "ddown_factor": 2.067000343801646,
           "ema_span_0": 264.0618829377754,
           "ema_span_1": 965.3674811208108,
           "enabled": false,
           "initial_eprice_ema_dist": -0.04796944189222039,
           "initial_qty_pct": 0.06679276129454614,
           "markup_range": 0.051534413215158205,
           "min_markup": 0.0015127639632874883,
           "n_close_orders": 15,
           "rentry_pprice_dist": 0.016079432689993907,
           "rentry_pprice_dist_wallet_exposure_weighting": 11.450009494655141,
           "wallet_exposure_limit": 1.0}}