{"config_name": "clock_0days",
 "long": {"backwards_tp": true,
          "delay_between_fills_minutes_close": 596.3157042899944,
          "delay_between_fills_minutes_entry": 735.4448220973436,
          "delay_weight_close": 0,
          "delay_weight_entry": 14.249678537239422,
          "ema_dist_close": -0.0011784738884857012,
          "ema_dist_entry": -0.00728092510931054,
          "ema_span_0": 1863.2904221416893,
          "ema_span_1": 162.06363512969364,
          "enabled": true,
          "markup_range": 0.007401545593829795,
          "min_markup": 0.007965054489190769,
          "n_close_orders": 6,
          "qty_pct_close": 0.008498059312540553,
          "qty_pct_entry": 0.0057276476641267265,
          "wallet_exposure_limit": 0.2,
          "we_multiplier_close": 0.9092433499263406,
          "we_multiplier_entry": 73.3656145047078},
 "short": {"backwards_tp": true,
           "delay_between_fills_minutes_close": 1191.7427490134023,
           "delay_between_fills_minutes_entry": 634.0160844155567,
           "delay_weight_close": 2.2136927664448747,
           "delay_weight_entry": 75.75380228887592,
           "ema_dist_close": -0.018210862497302326,
           "ema_dist_entry": 0.002249983065131675,
           "ema_span_0": 288.05195740214026,
           "ema_span_1": 1075.252722936374,
           "enabled": false,
           "markup_range": 0.03142445343592041,
           "min_markup": 0.006397407971365184,
           "n_close_orders": 12,
           "qty_pct_close": 0.0891363841476889,
           "qty_pct_entry": 0.06639601174108618,
           "wallet_exposure_limit": 1.0,
           "we_multiplier_close": 66.887912729594,
           "we_multiplier_entry": 48.548492316269986}}