{"config_name": "clock_0days",
 "long": {"backwards_tp": true,
          "delay_between_fills_minutes_close": 463.3740555680751,
          "delay_between_fills_minutes_entry": 397.7916878284099,
          "delay_weight_close": 104.16483603177012,
          "delay_weight_entry": 34.807051889771365,
          "ema_dist_close": -0.0178760939351445,
          "ema_dist_entry": 0.01,
          "ema_span_0": 183.31383331098587,
          "ema_span_1": 205.16881075039916,
          "enabled": true,
          "markup_range": 0.02,
          "min_markup": 0.01,
          "n_close_orders": 5,
          "qty_pct_close": 0.01,
          "qty_pct_entry": 0.01,
          "wallet_exposure_limit": 0.3,
          "we_multiplier_close": 58.64872552240419,
          "we_multiplier_entry": 148.89027548042012},
 "short": {"backwards_tp": true,
           "delay_between_fills_minutes_close": 384.638758986659,
           "delay_between_fills_minutes_entry": 191.91817951066943,
           "delay_weight_close": 63.78029211323056,
           "delay_weight_entry": 50.79333219626345,
           "ema_dist_close": -0.27070169320485404,
           "ema_dist_entry": -0.5242478926568912,
           "ema_span_0": 227.95293781375074,
           "ema_span_1": 460.00513710371655,
           "enabled": false,
           "markup_range": 0.01666985268694688,
           "min_markup": 0.08465107223643381,
           "n_close_orders": 2,
           "qty_pct_close": 0.01,
           "qty_pct_entry": 0.01,
           "wallet_exposure_limit": 1.0,
           "we_multiplier_close": 146.26229544022047,
           "we_multiplier_entry": 49.90453286772429}}