{"config_name": "recursive_grid_0days",
 "logging_level": 0,
 "long": {"auto_unstuck_ema_dist": 0,
          "auto_unstuck_wallet_exposure_threshold": 0.0,
          "backwards_tp": true,
          "ddown_factor": 1.9960883616499894,
          "ema_span_0": 392.484983596693,
          "ema_span_1": 216.90624351408331,
          "enabled": true,
          "initial_eprice_ema_dist": 0.007150864222027842,
          "initial_qty_pct": 0.03575932500304021,
          "markup_range": 0.0043490367535773495,
          "min_markup": 0.0026407142967483314,
          "n_close_orders": 7,
          "rentry_pprice_dist": 0.03299928041272768,
          "rentry_pprice_dist_wallet_exposure_weighting": 1.9598471978305243,
          "wallet_exposure_limit": 0.3},
 "short": {"auto_unstuck_ema_dist": -0.0498342152131534,
           "auto_unstuck_wallet_exposure_threshold": 0.03467040688713725,
           "backwards_tp": true,
           "ddown_factor": 0.9809783189407676,
           "ema_span_0": 428.623396365295,
           "ema_span_1": 643.6110411898268,
           "enabled": false,
           "initial_eprice_ema_dist": -0.08705695650948139,
           "initial_qty_pct": 0.03659144830874507,
           "markup_range": 0.059670204502603144,
           "min_markup": 0.005725437158683828,
           "n_close_orders": 7,
           "rentry_pprice_dist": 0.02763202244450848,
           "rentry_pprice_dist_wallet_exposure_weighting": 3.92857582193469,
           "wallet_exposure_limit": 1.0}}