{"config_name": "clock_0days",
 "long": {"backwards_tp": true,
          "delay_between_fills_minutes_close": 500,
          "delay_between_fills_minutes_entry": 440.33955081856226,
          "delay_weight_close": 67.98782803825644,
          "delay_weight_entry": 25.127697632723365,
          "ema_dist_close": -0.8018571860977197,
          "ema_dist_entry": 0.012740642834443427,
          "ema_span_0": 429.93013996267086,
          "ema_span_1": 431.77262477299604,
          "enabled": true,
          "markup_range": 0.029682185401608354,
          "min_markup": 0.00547953685164433,
          "n_close_orders": 4,
          "qty_pct_close": 0.010203017470441965,
          "qty_pct_entry": 0.01839347302131385,
          "wallet_exposure_limit": 0.3,
          "we_multiplier_close": 12.397399475284837,
          "we_multiplier_entry": 135.07293229877578},
 "short": {"backwards_tp": true,
           "delay_between_fills_minutes_close": 2.8709845115882917,
           "delay_between_fills_minutes_entry": 101.13207556795876,
           "delay_weight_close": 18.809452405637405,
           "delay_weight_entry": 23.30939629510049,
           "ema_dist_close": -0.00849213477452146,
           "ema_dist_entry": -0.013987581076277289,
           "ema_span_0": 709.1040335091174,
           "ema_span_1": 1259.7711686743394,
           "enabled": false,
           "markup_range": 0.04066546034496565,
           "min_markup": 0.019923564458324772,
           "n_close_orders": 13,
           "qty_pct_close": 0.5381675365712658,
           "qty_pct_entry": 0.1958179678750048,
           "wallet_exposure_limit": 1.0,
           "we_multiplier_close": 3.0240280725689592,
           "we_multiplier_entry": 76.96872426994983}}