{"config_name": "recursive_grid_0days",
 "logging_level": 0,
 "long": {"auto_unstuck_ema_dist": 0.0,
          "auto_unstuck_wallet_exposure_threshold": 0.0,
          "backwards_tp": true,
          "ddown_factor": 2.1735241598887174,
          "ema_span_0": 774.8183983780444,
          "ema_span_1": 278.2182290137031,
          "enabled": true,
          "initial_eprice_ema_dist": -0.1,
          "initial_qty_pct": 0.0032456035172454775,
          "markup_range": 0.010487004285453114,
          "min_markup": 0.0071815280150660105,
          "n_close_orders": 3,
          "rentry_pprice_dist": 0.03923094225531069,
          "rentry_pprice_dist_wallet_exposure_weighting": 0.0,
          "wallet_exposure_limit": 1.0},
 "short": {"auto_unstuck_ema_dist": 0.0023355480991678603,
           "auto_unstuck_wallet_exposure_threshold": 0.046522600327923325,
           "backwards_tp": true,
           "ddown_factor": 2.5009500098505324,
           "ema_span_0": 1221.4356391489005,
           "ema_span_1": 8178.672831108481,
           "enabled": false,
           "initial_eprice_ema_dist": -0.019433705366976674,
           "initial_qty_pct": 0.015,
           "markup_range": 0.006696936671228532,
           "min_markup": 0.0027432793578224305,
           "n_close_orders": 14,
           "rentry_pprice_dist": 0.02573965366837039,
           "rentry_pprice_dist_wallet_exposure_weighting": 34.063663134930934,
           "wallet_exposure_limit": 0.1}}