{"config_name": "clock_0days",
 "long": {"delay_between_fills_minutes_close": 1038.9823179417322,
          "delay_between_fills_minutes_entry": 1440,
          "delay_weight_close": 1.1373956310312767,
          "delay_weight_entry": 1.4819354528444615,
          "ema_dist_lower": 0.011165434605100577,
          "ema_dist_upper": 0.002328923317217769,
          "ema_span_0": 424.1963046174826,
          "ema_span_1": 395.29480172364964,
          "enabled": true,
          "markup_range": 0.061818703374449606,
          "min_markup": 0.09866469515464381,
          "n_close_orders": 9,
          "qty_pct_close": 0.02188034737900386,
          "qty_pct_entry": 0.05932861540006982,
          "wallet_exposure_limit": 0.25,
          "we_multiplier_close": 1.8782583868941467,
          "we_multiplier_entry": 14.220220374181},
 "short": {"delay_between_fills_minutes_close": 1.0,
           "delay_between_fills_minutes_entry": 1428.887386926689,
           "delay_weight_close": 16.774180624232198,
           "delay_weight_entry": 9.475757430377465,
           "ema_dist_lower": 0.00015341504895739882,
           "ema_dist_upper": 0.00010169541278876492,
           "ema_span_0": 466.52557444654417,
           "ema_span_1": 486.873171444578,
           "enabled": true,
           "markup_range": 0.0014510392313519817,
           "min_markup": 0.0035201777264267,
           "n_close_orders": 10,
           "qty_pct_close": 0.09840893164782402,
           "qty_pct_entry": 0.04148446130223606,
           "wallet_exposure_limit": 0.1,
           "we_multiplier_close": 9.269912773802268,
           "we_multiplier_entry": 66.45517776830205}}