{"config_name": "clock_0days",
 "long": {"backwards_tp": true,
          "delay_between_fills_minutes_close": 484.0847652671448,
          "delay_between_fills_minutes_entry": 425.21928661435487,
          "delay_weight_close": 109.38721878779806,
          "delay_weight_entry": 36.489052756299145,
          "ema_dist_close": -0.026002721565280204,
          "ema_dist_entry": -0.005759119786855885,
          "ema_span_0": 944.8285966256345,
          "ema_span_1": 709.83792501203,
          "enabled": true,
          "markup_range": 0.023149703003383072,
          "min_markup": 0.008177085454776497,
          "n_close_orders": 2,
          "qty_pct_close": 0.012728097813393043,
          "qty_pct_entry": 0.012365886289928187,
          "wallet_exposure_limit": 0.3,
          "we_multiplier_close": 21.76496411227332,
          "we_multiplier_entry": 143.17017047249794},
 "short": {"backwards_tp": true,
           "delay_between_fills_minutes_close": 104.69509544773655,
           "delay_between_fills_minutes_entry": 778.1367558957804,
           "delay_weight_close": 5.263297598730487,
           "delay_weight_entry": 27.19137428590882,
           "ema_dist_close": -0.02394945805227221,
           "ema_dist_entry": -0.02663957233015722,
           "ema_span_0": 310.0531916177936,
           "ema_span_1": 559.4056505406484,
           "enabled": false,
           "markup_range": 0.02765492180207939,
           "min_markup": 0.0387126268286888,
           "n_close_orders": 13,
           "qty_pct_close": 0.21512213110348533,
           "qty_pct_entry": 0.6741343180006362,
           "wallet_exposure_limit": 1.0,
           "we_multiplier_close": 3.3017922514851428,
           "we_multiplier_entry": 30.22582342275394}}