{"config_name": "recursive_grid_0days",
 "logging_level": 0,
 "long": {"auto_unstuck_ema_dist": 0,
          "auto_unstuck_wallet_exposure_threshold": 0.0,
          "backwards_tp": false,
          "ddown_factor": 0.8715407642415796,
          "ema_span_0": 159.7674811292255,
          "ema_span_1": 520.511865483602,
          "enabled": true,
          "initial_eprice_ema_dist": -0.03249659586234477,
          "initial_qty_pct": 0.005119907437790065,
          "markup_range": 0.03382046322456039,
          "min_markup": 0.008953731525504277,
          "n_close_orders": 5,
          "rentry_pprice_dist": 0.03197444476294114,
          "rentry_pprice_dist_wallet_exposure_weighting": 2.8766378146075593,
          "wallet_exposure_limit": 0.2},
 "short": {"auto_unstuck_ema_dist": -0.04037030642799734,
           "auto_unstuck_wallet_exposure_threshold": 0.0931665619527791,
           "backwards_tp": false,
           "ddown_factor": 1.2659980203365744,
           "ema_span_0": 285.3995783870423,
           "ema_span_1": 1064.1857047013586,
           "enabled": false,
           "initial_eprice_ema_dist": -0.03254965228081945,
           "initial_qty_pct": 0.0961044171138354,
           "markup_range": 0.05178120134725137,
           "min_markup": 0.004632600210136176,
           "n_close_orders": 5,
           "rentry_pprice_dist": 0.0497364117465335,
           "rentry_pprice_dist_wallet_exposure_weighting": 11.538145562089046,
           "wallet_exposure_limit": 1.0}}