{"config_name": "recursive_grid_0days",
 "logging_level": 0,
 "long": {"auto_unstuck_ema_dist": -0.004779205868240021,
          "auto_unstuck_wallet_exposure_threshold": 0.058654295055638545,
          "backwards_tp": true,
          "ddown_factor": 2.0072474441242143,
          "ema_span_0": 196.18236976896216,
          "ema_span_1": 466.4068513953197,
          "enabled": true,
          "initial_eprice_ema_dist": 0.005840453545462757,
          "initial_qty_pct": 0.02714583230869992,
          "markup_range": 0.005645946062688464,
          "min_markup": 0.003261478593308463,
          "n_close_orders": 12,
          "rentry_pprice_dist": 0.03051529812718335,
          "rentry_pprice_dist_wallet_exposure_weighting": 1.7609199542894194,
          "wallet_exposure_limit": 0.3},
 "short": {"auto_unstuck_ema_dist": -0.034828086734571176,
           "auto_unstuck_wallet_exposure_threshold": 0.07863188085510739,
           "backwards_tp": true,
           "ddown_factor": 0.41777295036435624,
           "ema_span_0": 48.2437888172764,
           "ema_span_1": 1044.9387903631675,
           "enabled": false,
           "initial_eprice_ema_dist": -0.03595930539547865,
           "initial_qty_pct": 0.0263281785007859,
           "markup_range": 0.0037100376803391533,
           "min_markup": 0.0037486347389821192,
           "n_close_orders": 1,
           "rentry_pprice_dist": 0.03453537858506172,
           "rentry_pprice_dist_wallet_exposure_weighting": 7.896883429618984,
           "wallet_exposure_limit": 1.0}}