{"config_name": "recursive_grid_0days",
 "logging_level": 0,
 "long": {"auto_unstuck_ema_dist": 0.005627179265351491,
          "auto_unstuck_wallet_exposure_threshold": 0.050885344972314166,
          "backwards_tp": true,
          "ddown_factor": 2.798770756761499,
          "ema_span_0": 567.670098202011,
          "ema_span_1": 485.2979013267647,
          "enabled": true,
          "initial_eprice_ema_dist": -0.004040528546934839,
          "initial_qty_pct": 0.02758690839200294,
          "markup_range": 0.00373886576282162,
          "min_markup": 0.0036766258188588173,
          "n_close_orders": 10,
          "rentry_pprice_dist": 0.04999983424296598,
          "rentry_pprice_dist_wallet_exposure_weighting": 0,
          "wallet_exposure_limit": 0.1},
 "short": {"auto_unstuck_ema_dist": 0.06659958318705626,
           "auto_unstuck_wallet_exposure_threshold": 0.3794397482721981,
           "backwards_tp": true,
           "ddown_factor": 2.6937267641718163,
           "ema_span_0": 1113.7090225185598,
           "ema_span_1": 2981.008194584931,
           "enabled": false,
           "initial_eprice_ema_dist": -0.01938705508112271,
           "initial_qty_pct": 0.011054533684357442,
           "markup_range": 0.01309168073468661,
           "min_markup": 0.005039112423945946,
           "n_close_orders": 14,
           "rentry_pprice_dist": 0.023681354090562032,
           "rentry_pprice_dist_wallet_exposure_weighting": 21.175989168232547,
           "wallet_exposure_limit": 0.1}}