{"config_name": "recursive_grid_0days",
 "logging_level": 0,
 "long": {"auto_unstuck_ema_dist": 0.0,
          "auto_unstuck_wallet_exposure_threshold": 0.0,
          "backwards_tp": true,
          "ddown_factor": 1.2010421176808033,
          "ema_span_0": 462.82584970873523,
          "ema_span_1": 622.0030713614866,
          "enabled": true,
          "initial_eprice_ema_dist": -0.06851039448976698,
          "initial_qty_pct": 0.0017992745012763139,
          "markup_range": 0.014039044522111039,
          "min_markup": 0.0030062581096116864,
          "n_close_orders": 6,
          "rentry_pprice_dist": 0.0257847843951789,
          "rentry_pprice_dist_wallet_exposure_weighting": 2.9819783072864974,
          "wallet_exposure_limit": 0.2},
 "short": {"auto_unstuck_ema_dist": -0.028778917203107962,
           "auto_unstuck_wallet_exposure_threshold": 0.09631138001339817,
           "backwards_tp": true,
           "ddown_factor": 0.3583073248154689,
           "ema_span_0": 896.9405334790052,
           "ema_span_1": 1127.980627291554,
           "enabled": false,
           "initial_eprice_ema_dist": -0.02557616625047572,
           "initial_qty_pct": 0.04837598412643701,
           "markup_range": 0.04015371187173383,
           "min_markup": 0.005906879038276764,
           "n_close_orders": 3,
           "rentry_pprice_dist": 0.006570798804615498,
           "rentry_pprice_dist_wallet_exposure_weighting": 15.42716993952692,
           "wallet_exposure_limit": 1.0}}