{"config_name": "recursive_grid_0days",
 "logging_level": 0,
 "long": {"auto_unstuck_ema_dist": -0.007823996739080024,
          "auto_unstuck_wallet_exposure_threshold": 0.0738373026543683,
          "backwards_tp": true,
          "ddown_factor": 2.537408500846199,
          "ema_span_0": 431.82791988700114,
          "ema_span_1": 1254.5807949358395,
          "enabled": true,
          "initial_eprice_ema_dist": 0.006951461065386527,
          "initial_qty_pct": 0.02693590692549956,
          "markup_range": 0.003546867470110859,
          "min_markup": 0.004506166862253347,
          "n_close_orders": 11,
          "rentry_pprice_dist": 0.026663538149542382,
          "rentry_pprice_dist_wallet_exposure_weighting": 1.4721957768684564,
          "wallet_exposure_limit": 0.3},
 "short": {"auto_unstuck_ema_dist": -0.08677313157493491,
           "auto_unstuck_wallet_exposure_threshold": 0.09747819449085462,
           "backwards_tp": true,
           "ddown_factor": 1.4281298121482982,
           "ema_span_0": 174.22949518658604,
           "ema_span_1": 410.2616277924823,
           "enabled": false,
           "initial_eprice_ema_dist": -0.0832301189625482,
           "initial_qty_pct": 0.04882043679995083,
           "markup_range": 0.004926040041441993,
           "min_markup": 0.003499886785494397,
           "n_close_orders": 5,
           "rentry_pprice_dist": 0.044395855588478104,
           "rentry_pprice_dist_wallet_exposure_weighting": 8.416237410230249,
           "wallet_exposure_limit": 1.0}}