{"config_name": "recursive_grid_0days",
 "logging_level": 0,
 "long": {"auto_unstuck_ema_dist": -0.0024637774586849046,
          "auto_unstuck_wallet_exposure_threshold": 0.07920560676355631,
          "backwards_tp": true,
          "ddown_factor": 2.7569944648304316,
          "ema_span_0": 287.3528311097801,
          "ema_span_1": 877.3662121624582,
          "enabled": true,
          "initial_eprice_ema_dist": 0.007131759482181281,
          "initial_qty_pct": 0.015062129916325008,
          "markup_range": 0.0009953286926115868,
          "min_markup": 0.008106587922125865,
          "n_close_orders": 7,
          "rentry_pprice_dist": 0.02840041518100291,
          "rentry_pprice_dist_wallet_exposure_weighting": 1.4588340932192685,
          "wallet_exposure_limit": 0.3},
 "short": {"auto_unstuck_ema_dist": -0.07473765956332105,
           "auto_unstuck_wallet_exposure_threshold": 0.07869063817401815,
           "backwards_tp": true,
           "ddown_factor": 0.728694870214606,
           "ema_span_0": 642.726543994499,
           "ema_span_1": 746.4868370219635,
           "enabled": false,
           "initial_eprice_ema_dist": -0.00017980666061609418,
           "initial_qty_pct": 0.033498610283471675,
           "markup_range": 0.03747082972082953,
           "min_markup": 0.005295757213199247,
           "n_close_orders": 6,
           "rentry_pprice_dist": 0.04877837019300872,
           "rentry_pprice_dist_wallet_exposure_weighting": 6.788724754612816,
           "wallet_exposure_limit": 1.0}}