{"config_name": "recursive_grid_0days",
 "logging_level": 0,
 "long": {"auto_unstuck_ema_dist": -0.03192985969017784,
          "auto_unstuck_wallet_exposure_threshold": 0.025,
          "backwards_tp": false,
          "ddown_factor": 2.1429,
          "ema_span_0": 49.94501040478321,
          "ema_span_1": 1188.5557988779278,
          "enabled": true,
          "initial_eprice_ema_dist": -0.005601747335684901,
          "initial_qty_pct": 0.0031893,
          "markup_range": 0.028078,
          "min_markup": 0.005709,
          "n_close_orders": 5,
          "rentry_pprice_dist": 0.018515,
          "rentry_pprice_dist_wallet_exposure_weighting": 2.1199,
          "wallet_exposure_limit": 0.2},
 "short": {"auto_unstuck_ema_dist": -0.047104575718040234,
           "auto_unstuck_wallet_exposure_threshold": 0.05318983821230447,
           "backwards_tp": false,
           "ddown_factor": 2.2384046669471727,
           "ema_span_0": 1423.5644802395007,
           "ema_span_1": 194.612929471954,
           "enabled": false,
           "initial_eprice_ema_dist": -0.0061771588546332135,
           "initial_qty_pct": 0.01080666232822463,
           "markup_range": 0.024551545300533988,
           "min_markup": 0.0010245601607184295,
           "n_close_orders": 6,
           "rentry_pprice_dist": 0.03383595742890038,
           "rentry_pprice_dist_wallet_exposure_weighting": 16.809813196337558,
           "wallet_exposure_limit": 1.0}}