{"config_name": "recursive_grid_0days",
 "logging_level": 0,
 "long": {"auto_unstuck_ema_dist": 0.0048777861903349,
          "auto_unstuck_wallet_exposure_threshold": 0.052629788857445535,
          "backwards_tp": true,
          "ddown_factor": 1.4942716196633503,
          "ema_span_0": 154.04449431608393,
          "ema_span_1": 1355.902264148621,
          "enabled": true,
          "initial_eprice_ema_dist": 0.004908962277851495,
          "initial_qty_pct": 0.01521465971550212,
          "markup_range": 0.0032614057596335342,
          "min_markup": 0.008339957471880533,
          "n_close_orders": 10,
          "rentry_pprice_dist": 0.030825298090223326,
          "rentry_pprice_dist_wallet_exposure_weighting": 2.521126495272568,
          "wallet_exposure_limit": 0.3},
 "short": {"auto_unstuck_ema_dist": -0.08845875873289685,
           "auto_unstuck_wallet_exposure_threshold": 0.0589204502839705,
           "backwards_tp": true,
           "ddown_factor": 1.9059438222315306,
           "ema_span_0": 350.56802641596795,
           "ema_span_1": 599.4271822806556,
           "enabled": false,
           "initial_eprice_ema_dist": -0.043749294776690095,
           "initial_qty_pct": 0.029227322272888136,
           "markup_range": 0.007571688537020304,
           "min_markup": 0.003044692285744271,
           "n_close_orders": 3,
           "rentry_pprice_dist": 0.04432166544621767,
           "rentry_pprice_dist_wallet_exposure_weighting": 32.32043319437343,
           "wallet_exposure_limit": 1.0}}