{"config_name": "recursive_grid_0days",
 "logging_level": 0,
 "long": {"auto_unstuck_ema_dist": 0.0,
          "auto_unstuck_wallet_exposure_threshold": 0.0,
          "backwards_tp": true,
          "ddown_factor": 1.012500877006372,
          "ema_span_0": 679.7410817347389,
          "ema_span_1": 759.8272793144071,
          "enabled": true,
          "initial_eprice_ema_dist": -0.10269501596771086,
          "initial_qty_pct": 0.0025664511398948648,
          "markup_range": 0.013337273171821937,
          "min_markup": 0.007332773531527021,
          "n_close_orders": 2,
          "rentry_pprice_dist": 0.0283515252620336,
          "rentry_pprice_dist_wallet_exposure_weighting": 1.3748781239311376,
          "wallet_exposure_limit": 0.2},
 "short": {"auto_unstuck_ema_dist": -0.05323229362441177,
           "auto_unstuck_wallet_exposure_threshold": 0.04584974523945653,
           "backwards_tp": true,
           "ddown_factor": 1.9940647802254174,
           "ema_span_0": 1386.6717278989945,
           "ema_span_1": 589.7913045962223,
           "enabled": false,
           "initial_eprice_ema_dist": -0.09207719103147795,
           "initial_qty_pct": 0.01766171870943134,
           "markup_range": 0.011797562395808989,
           "min_markup": 0.0019199749430812182,
           "n_close_orders": 15,
           "rentry_pprice_dist": 0.039052979305976995,
           "rentry_pprice_dist_wallet_exposure_weighting": 14.169186992103084,
           "wallet_exposure_limit": 1.0}}