{"config_name": "neat_grid_0days",
 "logging_level": 0,
 "long": {"auto_unstuck_ema_dist": 0.013175450017451495,
          "auto_unstuck_wallet_exposure_threshold": 0.07276725306337016,
          "backwards_tp": true,
          "ema_span_0": 20.494441541857253,
          "ema_span_1": 10.16634790543745,
          "enabled": true,
          "eprice_exp_base": 1.2133679538177629,
          "eqty_exp_base": 1.5367592576377713,
          "grid_span": 0.4012541509435546,
          "initial_eprice_ema_dist": -0.06213778137052714,
          "initial_qty_pct": 0.02,
          "markup_range": 0.0021901012306122384,
          "max_n_entry_orders": 12,
          "min_markup": 0.002,
          "n_close_orders": 3,
          "wallet_exposure_limit": 0.1},
 "short": {"auto_unstuck_ema_dist": 0.06134061170672419,
           "auto_unstuck_wallet_exposure_threshold": 0.022256748447944633,
           "backwards_tp": true,
           "ema_span_0": 1738.0563946365392,
           "ema_span_1": 2225.8150352436637,
           "enabled": true,
           "eprice_exp_base": 1.1001000131906609,
           "eqty_exp_base": 2.0267342239583916,
           "grid_span": 0.4721241501124935,
           "initial_eprice_ema_dist": -0.047330811862554896,
           "initial_qty_pct": 0.02,
           "markup_range": 0.0029341360139322607,
           "max_n_entry_orders": 7,
           "min_markup": 0.002,
           "n_close_orders": 3,
           "wallet_exposure_limit": 0.1}}