{"config_name": "recursive_grid_0days",
 "logging_level": 0,
 "long": {"auto_unstuck_ema_dist": 0.003865553637972254,
          "auto_unstuck_wallet_exposure_threshold": 0.05186249230949626,
          "backwards_tp": true,
          "ddown_factor": 2.67059658233271,
          "ema_span_0": 94.82645541873644,
          "ema_span_1": 323.78838715680394,
          "enabled": true,
          "initial_eprice_ema_dist": 0.0063558297615996795,
          "initial_qty_pct": 0.026949489240993236,
          "markup_range": 0.0034399746844018227,
          "min_markup": 0.007836867186360376,
          "n_close_orders": 2,
          "rentry_pprice_dist": 0.04955598086023763,
          "rentry_pprice_dist_wallet_exposure_weighting": 1.531466525726602,
          "wallet_exposure_limit": 0.3},
 "short": {"auto_unstuck_ema_dist": -0.08325937997326234,
           "auto_unstuck_wallet_exposure_threshold": 0.0885848920787814,
           "backwards_tp": true,
           "ddown_factor": 1.3157786760216608,
           "ema_span_0": 102.99817112754285,
           "ema_span_1": 66.01752484364152,
           "enabled": false,
           "initial_eprice_ema_dist": -0.01262324043148412,
           "initial_qty_pct": 0.08200269790547621,
           "markup_range": 0.0590376517812019,
           "min_markup": 0.007155637039843173,
           "n_close_orders": 5,
           "rentry_pprice_dist": 0.04582871125793365,
           "rentry_pprice_dist_wallet_exposure_weighting": 24.793731074606743,
           "wallet_exposure_limit": 1.0}}