{"config_name": "recursive_grid_0days",
 "logging_level": 0,
 "long": {"auto_unstuck_ema_dist": 0.001073737448188904,
          "auto_unstuck_wallet_exposure_threshold": 0.07144323121340326,
          "backwards_tp": true,
          "ddown_factor": 1.0484947853158542,
          "ema_span_0": 613.1873320370041,
          "ema_span_1": 615.371441046667,
          "enabled": true,
          "initial_eprice_ema_dist": 0.005697991268061191,
          "initial_qty_pct": 0.018752396084079172,
          "markup_range": 0.007491847720200654,
          "min_markup": 0.01,
          "n_close_orders": 2,
          "rentry_pprice_dist": 0.028218138763821336,
          "rentry_pprice_dist_wallet_exposure_weighting": 4.013387535217883,
          "wallet_exposure_limit": 1},
 "short": {"auto_unstuck_ema_dist": -0.06742251336251745,
           "auto_unstuck_wallet_exposure_threshold": 0.09536490684995363,
           "backwards_tp": true,
           "ddown_factor": 2.2273112565054056,
           "ema_span_0": 253.31156968628648,
           "ema_span_1": 1158.4340717276611,
           "enabled": false,
           "initial_eprice_ema_dist": -0.029406233803555018,
           "initial_qty_pct": 0.08281422158806999,
           "markup_range": 0.0425592259877247,
           "min_markup": 0.0025696917696808297,
           "n_close_orders": 4,
           "rentry_pprice_dist": 0.01316491790169905,
           "rentry_pprice_dist_wallet_exposure_weighting": 20.172930839038298,
           "wallet_exposure_limit": 1.0}}