{"config_name": "clock_0days",
 "long": {"backwards_tp": false,
          "delay_between_fills_minutes_close": 1330.6603071009354,
          "delay_between_fills_minutes_entry": 705.2491847823519,
          "delay_weight_close": 39.86662824791056,
          "delay_weight_entry": 27.28835704898149,
          "ema_dist_close": -0.0009253433051316177,
          "ema_dist_entry": -0.001989642204575934,
          "ema_span_0": 371.4444838635254,
          "ema_span_1": 1284.2063183994942,
          "enabled": true,
          "markup_range": 0.03864285555034554,
          "min_markup": 0.006440154582951141,
          "n_close_orders": 16,
          "qty_pct_close": 0.045240753900833756,
          "qty_pct_entry": 0.01,
          "wallet_exposure_limit": 0.2,
          "we_multiplier_close": 0.21963139720917507,
          "we_multiplier_entry": 96.11146940443396},
 "short": {"backwards_tp": false,
           "delay_between_fills_minutes_close": 1073.7915644238567,
           "delay_between_fills_minutes_entry": 432.40533070818447,
           "delay_weight_close": 67.79504470825547,
           "delay_weight_entry": 24.12756181864576,
           "ema_dist_close": 0.0005345215562235009,
           "ema_dist_entry": -0.0266434319346169,
           "ema_span_0": 191.11163964867566,
           "ema_span_1": 574.8283723600516,
           "enabled": false,
           "markup_range": 0.0033296437220497574,
           "min_markup": 0.00481416958118123,
           "n_close_orders": 15,
           "qty_pct_close": 0.06211013111978898,
           "qty_pct_entry": 0.05581311942301221,
           "wallet_exposure_limit": 1.0,
           "we_multiplier_close": 11.545961510379044,
           "we_multiplier_entry": 28.54867377720537}}