{"config_name": "recursive_grid_0days",
 "logging_level": 0,
 "long": {"auto_unstuck_ema_dist": -0.009132147984127908,
          "auto_unstuck_wallet_exposure_threshold": 0.07038114745623102,
          "backwards_tp": true,
          "ddown_factor": 2.5047402222686683,
          "ema_span_0": 709.4167795824821,
          "ema_span_1": 1053.8572056254384,
          "enabled": true,
          "initial_eprice_ema_dist": 0.011000840898725071,
          "initial_qty_pct": 0.026224182213768262,
          "markup_range": 0.004595692767130932,
          "min_markup": 0.009860584270597375,
          "n_close_orders": 4,
          "rentry_pprice_dist": 0.03762497510647694,
          "rentry_pprice_dist_wallet_exposure_weighting": 0.0,
          "wallet_exposure_limit": 0.3},
 "short": {"auto_unstuck_ema_dist": -0.06109082267893345,
           "auto_unstuck_wallet_exposure_threshold": 0.09636037078600038,
           "backwards_tp": true,
           "ddown_factor": 0.11268097502811439,
           "ema_span_0": 665.8817594683388,
           "ema_span_1": 810.7818355863224,
           "enabled": false,
           "initial_eprice_ema_dist": -0.006467462876128233,
           "initial_qty_pct": 0.012185626331926588,
           "markup_range": 0.04160790702697868,
           "min_markup": 0.0032565708763378355,
           "n_close_orders": 6,
           "rentry_pprice_dist": 0.037059882302803215,
           "rentry_pprice_dist_wallet_exposure_weighting": 27.752279560074243,
           "wallet_exposure_limit": 1.0}}