{"config_name": "neat_grid_0days",
 "logging_level": 0,
 "long": {"auto_unstuck_ema_dist": 0.05570198609979329,
          "auto_unstuck_wallet_exposure_threshold": 0.035340519514190566,
          "backwards_tp": true,
          "ema_span_0": 70.21370679350557,
          "ema_span_1": 36.211869256011354,
          "enabled": true,
          "eprice_exp_base": 1.1420807903839247,
          "eqty_exp_base": 1.25,
          "grid_span": 0.4054145976522648,
          "initial_eprice_ema_dist": -0.0892203806461838,
          "initial_qty_pct": 0.01,
          "markup_range": 0.00295750484047672,
          "max_n_entry_orders": 11,
          "min_markup": 0.002,
          "n_close_orders": 3,
          "wallet_exposure_limit": 0.1},
 "short": {"auto_unstuck_ema_dist": 0.057130893444573776,
           "auto_unstuck_wallet_exposure_threshold": 0.023419592928842006,
           "backwards_tp": true,
           "ema_span_0": 69.92231574723394,
           "ema_span_1": 96.35083563819407,
           "enabled": true,
           "eprice_exp_base": 1.5453139555654485,
           "eqty_exp_base": 2.509101250332079,
           "grid_span": 0.45181350298748835,
           "initial_eprice_ema_dist": -0.005548159386217012,
           "initial_qty_pct": 0.01,
           "markup_range": 0.003,
           "max_n_entry_orders": 16,
           "min_markup": 0.002,
           "n_close_orders": 2,
           "wallet_exposure_limit": 0.1}}