{"config_name": "clock_0days",
 "long": {"backwards_tp": true,
          "delay_between_fills_minutes_close": 412.2164814029204,
          "delay_between_fills_minutes_entry": 378.9768935755819,
          "delay_weight_close": 133.91001531903353,
          "delay_weight_entry": 18.7203056267183,
          "ema_dist_close": -0.08543441508078797,
          "ema_dist_entry": 0.004572812019800184,
          "ema_span_0": 140.86137754282458,
          "ema_span_1": 544.6247927697491,
          "enabled": true,
          "markup_range": 0.011265652803018139,
          "min_markup": 0.0075807621690642465,
          "n_close_orders": 10,
          "qty_pct_close": 0.010697973308358385,
          "qty_pct_entry": 0.015367296058282614,
          "wallet_exposure_limit": 0.3,
          "we_multiplier_close": 4.958810328296634,
          "we_multiplier_entry": 91.23735794710161},
 "short": {"backwards_tp": true,
           "delay_between_fills_minutes_close": 193.10104580922965,
           "delay_between_fills_minutes_entry": 175.0214419279078,
           "delay_weight_close": 111.46784082581104,
           "delay_weight_entry": 70.34512928340628,
           "ema_dist_close": -0.9563296956373905,
           "ema_dist_entry": -0.9357925508157923,
           "ema_span_0": 244.69184035934376,
           "ema_span_1": 181.6797445102496,
           "enabled": false,
           "markup_range": 0.01828276938858719,
           "min_markup": 0.07601443987604721,
           "n_close_orders": 5,
           "qty_pct_close": 0.01,
           "qty_pct_entry": 0.01,
           "wallet_exposure_limit": 1.0,
           "we_multiplier_close": 48.41994356183204,
           "we_multiplier_entry": 1.9979339140507868}}