{"config_name": "neat_grid_0days",
 "logging_level": 0,
 "long": {"auto_unstuck_ema_dist": 0.002866170052652002,
          "auto_unstuck_wallet_exposure_threshold": 0.03,
          "backwards_tp": false,
          "ema_span_0": 712.7142228594373,
          "ema_span_1": 668.6886200053161,
          "enabled": true,
          "eprice_exp_base": 1.1994061630500157,
          "eqty_exp_base": 1.5223350858989524,
          "grid_span": 0.11374831745616629,
          "initial_eprice_ema_dist": -0.0027346173979550534,
          "initial_qty_pct": 0.01,
          "markup_range": 0.0011856434493732412,
          "max_n_entry_orders": 5,
          "min_markup": 0.004210036182446097,
          "n_close_orders": 1,
          "wallet_exposure_limit": 0.2},
 "short": {"auto_unstuck_ema_dist": -0.004841716563000989,
           "auto_unstuck_wallet_exposure_threshold": 0.06504241956546855,
           "backwards_tp": false,
           "ema_span_0": 1044.410526791781,
           "ema_span_1": 1229.706451384489,
           "enabled": false,
           "eprice_exp_base": 1.9522720806348473,
           "eqty_exp_base": 1.2117923884409918,
           "grid_span": 0.4622467544716008,
           "initial_eprice_ema_dist": -0.028446629948844497,
           "initial_qty_pct": 0.017811713314269544,
           "markup_range": 0.025673975797310362,
           "max_n_entry_orders": 20,
           "min_markup": 0.0011939445957004325,
           "n_close_orders": 12,
           "wallet_exposure_limit": 1.0}}