{"config_name": "clock_0days",
 "long": {"backwards_tp": true,
          "delay_between_fills_minutes_close": 964.8096597149389,
          "delay_between_fills_minutes_entry": 695.2193929504546,
          "delay_weight_close": 47.372941096838694,
          "delay_weight_entry": 25.880610750355842,
          "ema_dist_close": 0.004,
          "ema_dist_entry": 0.002460870657716817,
          "ema_span_0": 1169.2732857422022,
          "ema_span_1": 925.0723332513252,
          "enabled": true,
          "markup_range": 0.013558367174801803,
          "min_markup": 0.009811453125718645,
          "n_close_orders": 3,
          "qty_pct_close": 0.01,
          "qty_pct_entry": 0.01,
          "wallet_exposure_limit": 0.2,
          "we_multiplier_close": 72.17096767956438,
          "we_multiplier_entry": 90.01679055731314},
 "short": {"backwards_tp": true,
           "delay_between_fills_minutes_close": 798.4902530490531,
           "delay_between_fills_minutes_entry": 1147.9770372199544,
           "delay_weight_close": 26.817620663179934,
           "delay_weight_entry": 5.561006248006347,
           "ema_dist_close": -0.005555201422134906,
           "ema_dist_entry": -0.003917118705025317,
           "ema_span_0": 385.7241111652263,
           "ema_span_1": 1437.5385619990273,
           "enabled": true,
           "markup_range": 0.059861125042935864,
           "min_markup": 0.009745606416780458,
           "n_close_orders": 7,
           "qty_pct_close": 0.01,
           "qty_pct_entry": 0.01,
           "wallet_exposure_limit": 0.1,
           "we_multiplier_close": 0,
           "we_multiplier_entry": 88.77787742208719}}