{"config_name": "recursive_grid_0days",
 "logging_level": 0,
 "long": {"auto_unstuck_ema_dist": 0,
          "auto_unstuck_wallet_exposure_threshold": 0.0,
          "backwards_tp": false,
          "ddown_factor": 2.3788916810137968,
          "ema_span_0": 472.07491900716616,
          "ema_span_1": 480.37404856892556,
          "enabled": true,
          "initial_eprice_ema_dist": -0.1,
          "initial_qty_pct": 0.002611852508895675,
          "markup_range": 0.03833053941693902,
          "min_markup": 0.005134475831680162,
          "n_close_orders": 3,
          "rentry_pprice_dist": 0.027488709646746854,
          "rentry_pprice_dist_wallet_exposure_weighting": 0,
          "wallet_exposure_limit": 0.5},
 "short": {"auto_unstuck_ema_dist": 0.054074718377501996,
           "auto_unstuck_wallet_exposure_threshold": 0.18941889322073815,
           "backwards_tp": false,
           "ddown_factor": 0.2793267266463757,
           "ema_span_0": 4314.457991760861,
           "ema_span_1": 4840.056471065562,
           "enabled": false,
           "initial_eprice_ema_dist": -0.05320693461929647,
           "initial_qty_pct": 0.03053899234620545,
           "markup_range": 0.0063803889337928155,
           "min_markup": 0.00707709639012399,
           "n_close_orders": 8,
           "rentry_pprice_dist": 0.03828212208969165,
           "rentry_pprice_dist_wallet_exposure_weighting": 26.11472608371262,
           "wallet_exposure_limit": 0.1}}