{"config_name": "clock_0days",
 "long": {"backwards_tp": true,
          "delay_between_fills_minutes_close": 239.98606652283416,
          "delay_between_fills_minutes_entry": 265.99774918910504,
          "delay_weight_close": 32.224450200266894,
          "delay_weight_entry": 16.045551406625613,
          "ema_dist_close": -0.1626956310570635,
          "ema_dist_entry": 0.011716080566690212,
          "ema_span_0": 770.8841070443112,
          "ema_span_1": 377.653204652178,
          "enabled": true,
          "markup_range": 0.016261691030949273,
          "min_markup": 0.0058177925898023515,
          "n_close_orders": 7,
          "qty_pct_close": 0.011136336153345723,
          "qty_pct_entry": 0.018655536664667585,
          "wallet_exposure_limit": 0.3,
          "we_multiplier_close": 2.897664325755345,
          "we_multiplier_entry": 124.30349177392314},
 "short": {"backwards_tp": true,
           "delay_between_fills_minutes_close": 95.47652479473271,
           "delay_between_fills_minutes_entry": 703.7438848105292,
           "delay_weight_close": 44.10343801751171,
           "delay_weight_entry": 22.21672877765043,
           "ema_dist_close": -0.026091340322662127,
           "ema_dist_entry": 0.006186499655883006,
           "ema_span_0": 356.6758441925577,
           "ema_span_1": 1415.5460433391966,
           "enabled": false,
           "markup_range": 0.06965297807087098,
           "min_markup": 0.023371766696596796,
           "n_close_orders": 13,
           "qty_pct_close": 0.48076770938275093,
           "qty_pct_entry": 0.4857205699349589,
           "wallet_exposure_limit": 1.0,
           "we_multiplier_close": 9.402041168667449,
           "we_multiplier_entry": 23.198019310267014}}