{"config_name": "clock_0days",
 "long": {"backwards_tp": false,
          "delay_between_fills_minutes_close": 1026.9818270113674,
          "delay_between_fills_minutes_entry": 1062.4523045032688,
          "delay_weight_close": 48.301081527359116,
          "delay_weight_entry": 35.10793482297113,
          "ema_dist_close": -0.007598219212081618,
          "ema_dist_entry": -0.04019718301275849,
          "ema_span_0": 542.9455541742809,
          "ema_span_1": 1389.5715905769516,
          "enabled": true,
          "markup_range": 0.03338344992441304,
          "min_markup": 0.005668942261224854,
          "n_close_orders": 13,
          "qty_pct_close": 0.08092105408248701,
          "qty_pct_entry": 0.01,
          "wallet_exposure_limit": 1,
          "we_multiplier_close": 0.2085265845362239,
          "we_multiplier_entry": 53.52430520108455},
 "short": {"backwards_tp": false,
           "delay_between_fills_minutes_close": 305.5066111795263,
           "delay_between_fills_minutes_entry": 290.22608346394344,
           "delay_weight_close": 14.547866302734768,
           "delay_weight_entry": 35.74216409783286,
           "ema_dist_close": -0.007939807069575635,
           "ema_dist_entry": -0.012259124122838617,
           "ema_span_0": 160.94102487575876,
           "ema_span_1": 177.07981539488293,
           "enabled": false,
           "markup_range": 0.039265595811719095,
           "min_markup": 0.007213445829514341,
           "n_close_orders": 10,
           "qty_pct_close": 0.06807868631689355,
           "qty_pct_entry": 0.024869431454475455,
           "wallet_exposure_limit": 1,
           "we_multiplier_close": 62.51205863801714,
           "we_multiplier_entry": 38.80684226970145}}