{"config_name": "clock_0days",
 "long": {"backwards_tp": true,
          "delay_between_fills_minutes_close": 1435.1889609251668,
          "delay_between_fills_minutes_entry": 1314.7186347702593,
          "delay_weight_close": 82.7446965386279,
          "delay_weight_entry": 18.169351090973343,
          "ema_dist_close": -0.046643295053263124,
          "ema_dist_entry": 0.004,
          "ema_span_0": 1239.741472396603,
          "ema_span_1": 1237.8569771323425,
          "enabled": true,
          "markup_range": 0.05868749526039589,
          "min_markup": 0.01,
          "n_close_orders": 16,
          "qty_pct_close": 0.01,
          "qty_pct_entry": 0.01,
          "wallet_exposure_limit": 0.2,
          "we_multiplier_close": 18.665125661608723,
          "we_multiplier_entry": 94.24768791839429},
 "short": {"backwards_tp": true,
           "delay_between_fills_minutes_close": 1391.4882386976808,
           "delay_between_fills_minutes_entry": 375.216721195179,
           "delay_weight_close": 69.79345020059964,
           "delay_weight_entry": 14.23462622489867,
           "ema_dist_close": 0.0026566939613119483,
           "ema_dist_entry": -0.03508308367744927,
           "ema_span_0": 321.0378267505674,
           "ema_span_1": 834.9777088728426,
           "enabled": true,
           "markup_range": 0.00540779399223866,
           "min_markup": 0.003961055772654039,
           "n_close_orders": 2,
           "qty_pct_close": 0.01,
           "qty_pct_entry": 0.01,
           "wallet_exposure_limit": 0.1,
           "we_multiplier_close": 0,
           "we_multiplier_entry": 37.108714646446884}}