{"config_name": "clock_0days",
 "long": {"backwards_tp": true,
          "delay_between_fills_minutes_close": 486.3315743686131,
          "delay_between_fills_minutes_entry": 423.324663749599,
          "delay_weight_close": 65.38563630545035,
          "delay_weight_entry": 24.19888999241293,
          "ema_dist_close": -0.6165126182322207,
          "ema_dist_entry": 0.008418382774117765,
          "ema_span_0": 107.76139498751617,
          "ema_span_1": 145.44843579630518,
          "enabled": true,
          "markup_range": 0.02425305876425376,
          "min_markup": 0.008172202796667213,
          "n_close_orders": 4,
          "qty_pct_close": 0.011219745708091214,
          "qty_pct_entry": 0.012601908265608188,
          "wallet_exposure_limit": 0.3,
          "we_multiplier_close": 23.043789966578135,
          "we_multiplier_entry": 140.4520717068846},
 "short": {"backwards_tp": true,
           "delay_between_fills_minutes_close": 30.90067674437614,
           "delay_between_fills_minutes_entry": 1157.6402724665681,
           "delay_weight_close": 33.54390941314613,
           "delay_weight_entry": 43.342659591494105,
           "ema_dist_close": 0.0027644609157793446,
           "ema_dist_entry": -0.0019701104719031595,
           "ema_span_0": 322.7748052746714,
           "ema_span_1": 1352.9024192271695,
           "enabled": false,
           "markup_range": 0.05194683238431661,
           "min_markup": 0.00576738513570891,
           "n_close_orders": 3,
           "qty_pct_close": 0.8512982016227876,
           "qty_pct_entry": 0.8052086089629105,
           "wallet_exposure_limit": 1.0,
           "we_multiplier_close": 8.630371959572114,
           "we_multiplier_entry": 70.30545644788957}}