{"config_name": "clock_0days",
 "long": {"backwards_tp": false,
          "delay_between_fills_minutes_close": 1196.9924603874008,
          "delay_between_fills_minutes_entry": 1273.884239703527,
          "delay_weight_close": 56.421142114263546,
          "delay_weight_entry": 27.294708081800195,
          "ema_dist_close": -0.0015360223108234312,
          "ema_dist_entry": -0.007069445445187653,
          "ema_span_0": 1206.654201953602,
          "ema_span_1": 1440,
          "enabled": true,
          "markup_range": 0.0369131358490465,
          "min_markup": 0.006270680352868743,
          "n_close_orders": 6,
          "qty_pct_close": 0.11710267567073886,
          "qty_pct_entry": 0.01,
          "wallet_exposure_limit": 1,
          "we_multiplier_close": 0.31986241155901357,
          "we_multiplier_entry": 89.76645563903237},
 "short": {"backwards_tp": false,
           "delay_between_fills_minutes_close": 1263.982901178157,
           "delay_between_fills_minutes_entry": 288.77475233527537,
           "delay_weight_close": 95.37474070025387,
           "delay_weight_entry": 1.9656541228528224,
           "ema_dist_close": -0.010538162708910268,
           "ema_dist_entry": -0.01108524897185919,
           "ema_span_0": 727.2273785852743,
           "ema_span_1": 412.7478842175241,
           "enabled": false,
           "markup_range": 0.0158250120368761,
           "min_markup": 0.003475455175765005,
           "n_close_orders": 4,
           "qty_pct_close": 0.06456143318601712,
           "qty_pct_entry": 0.09893217636460644,
           "wallet_exposure_limit": 1.0,
           "we_multiplier_close": 44.65942662722287,
           "we_multiplier_entry": 71.7867761371396}}