{"config_name": "recursive_grid_0days",
 "logging_level": 0,
 "long": {"auto_unstuck_ema_dist": 0.04714735616069934,
          "auto_unstuck_wallet_exposure_threshold": 0.06105464400838917,
          "backwards_tp": true,
          "ddown_factor": 1.5689072850371681,
          "ema_span_0": 268.7080731482546,
          "ema_span_1": 278.94427328999456,
          "enabled": true,
          "initial_eprice_ema_dist": -0.04991560997514502,
          "initial_qty_pct": 0.018956796724589692,
          "markup_range": 0.0033849460035634523,
          "min_markup": 0.0029565429944061047,
          "n_close_orders": 12,
          "rentry_pprice_dist": 0.04280806947180049,
          "rentry_pprice_dist_wallet_exposure_weighting": 2.902445549572859,
          "wallet_exposure_limit": 0.1},
 "short": {"auto_unstuck_ema_dist": 0.022333473015669,
           "auto_unstuck_wallet_exposure_threshold": 0.062208545720422184,
           "backwards_tp": true,
           "ddown_factor": 1.522507684246601,
           "ema_span_0": 1392.0482650051815,
           "ema_span_1": 120,
           "enabled": false,
           "initial_eprice_ema_dist": -0.009837656912669083,
           "initial_qty_pct": 0.047868459188680365,
           "markup_range": 0.03931579835510228,
           "min_markup": 0.013685674649224627,
           "n_close_orders": 20,
           "rentry_pprice_dist": 0.013625612581740498,
           "rentry_pprice_dist_wallet_exposure_weighting": 63.71249035667492,
           "wallet_exposure_limit": 0.1}}