{"config_name": "recursive_grid_0days",
 "logging_level": 0,
 "long": {"auto_unstuck_ema_dist": 0,
          "auto_unstuck_wallet_exposure_threshold": 0.0,
          "backwards_tp": false,
          "ddown_factor": 0.35903542236781405,
          "ema_span_0": 398.71814317600655,
          "ema_span_1": 797.3553807943042,
          "enabled": true,
          "initial_eprice_ema_dist": -0.13389819993076166,
          "initial_qty_pct": 0.005609758067252006,
          "markup_range": 0.05187838353181772,
          "min_markup": 0.010437315761588092,
          "n_close_orders": 2,
          "rentry_pprice_dist": 0.026824037495242533,
          "rentry_pprice_dist_wallet_exposure_weighting": 3.600121665618873,
          "wallet_exposure_limit": 0.2},
 "short": {"auto_unstuck_ema_dist": -0.05438265724255457,
           "auto_unstuck_wallet_exposure_threshold": 0.037302857521284746,
           "backwards_tp": false,
           "ddown_factor": 0.3435000616587165,
           "ema_span_0": 381.39853437576977,
           "ema_span_1": 919.5459743999811,
           "enabled": false,
           "initial_eprice_ema_dist": -0.07367261877930988,
           "initial_qty_pct": 0.04413862048445139,
           "markup_range": 0.034480248443342035,
           "min_markup": 0.008287404248838445,
           "n_close_orders": 8,
           "rentry_pprice_dist": 0.012101912627814664,
           "rentry_pprice_dist_wallet_exposure_weighting": 10.230913583321264,
           "wallet_exposure_limit": 1.0}}