{"config_name": "recursive_grid_0days",
 "logging_level": 0,
 "long": {"auto_unstuck_ema_dist": 0,
          "auto_unstuck_wallet_exposure_threshold": 0.0,
          "backwards_tp": false,
          "ddown_factor": 2.964414112339541,
          "ema_span_0": 621.5622923009416,
          "ema_span_1": 919.766173276414,
          "enabled": true,
          "initial_eprice_ema_dist": -0.14261886199582063,
          "initial_qty_pct": 0.0014055578219213341,
          "markup_range": 0.03379189396007631,
          "min_markup": 0.0011999758577961898,
          "n_close_orders": 2,
          "rentry_pprice_dist": 0.03284186543800697,
          "rentry_pprice_dist_wallet_exposure_weighting": 0.368514777164946,
          "wallet_exposure_limit": 0.2},
 "short": {"auto_unstuck_ema_dist": -0.004150965326223693,
           "auto_unstuck_wallet_exposure_threshold": 0.05320075933216814,
           "backwards_tp": false,
           "ddown_factor": 1.2120202449962272,
           "ema_span_0": 187.00724084484523,
           "ema_span_1": 1080.2561707907073,
           "enabled": false,
           "initial_eprice_ema_dist": 0.003302358969399427,
           "initial_qty_pct": 0.03736930571135335,
           "markup_range": 0.014900868635144856,
           "min_markup": 0.005993169340844107,
           "n_close_orders": 5,
           "rentry_pprice_dist": 0.04682129630296981,
           "rentry_pprice_dist_wallet_exposure_weighting": 11.685989779682082,
           "wallet_exposure_limit": 1.0}}