{"config_name": "neat_grid_0days",
 "logging_level": 0,
 "long": {"auto_unstuck_ema_dist": 0.09007362947975825,
          "auto_unstuck_wallet_exposure_threshold": 0.06971468775721897,
          "backwards_tp": true,
          "ema_span_0": 237.59860772810296,
          "ema_span_1": 319.9788888484025,
          "enabled": true,
          "eprice_exp_base": 1.276905764705408,
          "eqty_exp_base": 1.8834345873847311,
          "grid_span": 0.3054779547026973,
          "initial_eprice_ema_dist": -0.09326901795165703,
          "initial_qty_pct": 0.01,
          "markup_range": 0.0027463827446992835,
          "max_n_entry_orders": 10,
          "min_markup": 0.002,
          "n_close_orders": 18,
          "wallet_exposure_limit": 1},
 "short": {"auto_unstuck_ema_dist": 0.08013205985098655,
           "auto_unstuck_wallet_exposure_threshold": 0.001184125011323805,
           "backwards_tp": true,
           "ema_span_0": 2358.633933206924,
           "ema_span_1": 4388.669768524954,
           "enabled": true,
           "eprice_exp_base": 1.5440728063336553,
           "eqty_exp_base": 2.6773895997915154,
           "grid_span": 0.5,
           "initial_eprice_ema_dist": -0.05191882781452917,
           "initial_qty_pct": 0.01,
           "markup_range": 0.002490602514551731,
           "max_n_entry_orders": 11,
           "min_markup": 0.002,
           "n_close_orders": 11,
           "wallet_exposure_limit": 0.1}}