{"config_name": "clock_0days",
 "long": {"backwards_tp": true,
          "delay_between_fills_minutes_close": 500,
          "delay_between_fills_minutes_entry": 416.4167064989248,
          "delay_weight_close": 88.7657813032168,
          "delay_weight_entry": 31.27403982221435,
          "ema_dist_close": -0.9108263221219755,
          "ema_dist_entry": 0.005876376302648671,
          "ema_span_0": 141.81587189255245,
          "ema_span_1": 157.8442536348472,
          "enabled": true,
          "markup_range": 0.04902268449161362,
          "min_markup": 0.0013692637414829778,
          "n_close_orders": 9,
          "qty_pct_close": 0.013016273911086514,
          "qty_pct_entry": 0.014899197502422513,
          "wallet_exposure_limit": 0.3,
          "we_multiplier_close": 7.04947989951048,
          "we_multiplier_entry": 124.22538137615362},
 "short": {"backwards_tp": true,
           "delay_between_fills_minutes_close": 22.634878499543625,
           "delay_between_fills_minutes_entry": 838.202900333003,
           "delay_weight_close": 96.96773278406899,
           "delay_weight_entry": 14.149026646340557,
           "ema_dist_close": -0.0467852593836964,
           "ema_dist_entry": -0.03856250879920171,
           "ema_span_0": 657.8904582556338,
           "ema_span_1": 347.42027440605807,
           "enabled": false,
           "markup_range": 0.06282539470457353,
           "min_markup": 0.051246806850455816,
           "n_close_orders": 3,
           "qty_pct_close": 0.1307649646498476,
           "qty_pct_entry": 0.3583947430103099,
           "wallet_exposure_limit": 1.0,
           "we_multiplier_close": 2.3678500605524064,
           "we_multiplier_entry": 25.698133602465035}}