{"config_name": "neat_grid_0days",
 "logging_level": 0,
 "long": {"auto_unstuck_ema_dist": 0.0,
          "auto_unstuck_wallet_exposure_threshold": 0,
          "backwards_tp": true,
          "ema_span_0": 303.2922524383034,
          "ema_span_1": 126.19171827676574,
          "enabled": true,
          "eprice_exp_base": 1.9729763727100815,
          "eqty_exp_base": 2.358370146522905,
          "grid_span": 0.3231014061293326,
          "initial_eprice_ema_dist": -0.054268983797955035,
          "initial_qty_pct": 0.01,
          "markup_range": 0.0023215002241148584,
          "max_n_entry_orders": 7,
          "min_markup": 0.002,
          "n_close_orders": 11,
          "wallet_exposure_limit": 1},
 "short": {"auto_unstuck_ema_dist": 0.09804592322730392,
           "auto_unstuck_wallet_exposure_threshold": 0.0910170354209102,
           "backwards_tp": true,
           "ema_span_0": 2845.1012360833556,
           "ema_span_1": 2681.8136837510765,
           "enabled": true,
           "eprice_exp_base": 1.2063311459030943,
           "eqty_exp_base": 2.36092837128344,
           "grid_span": 0.4087541086645723,
           "initial_eprice_ema_dist": -0.06861932500715742,
           "initial_qty_pct": 0.01,
           "markup_range": 1.6236009177676538e-05,
           "max_n_entry_orders": 9,
           "min_markup": 0.002,
           "n_close_orders": 9,
           "wallet_exposure_limit": 0.1}}