{"config_name": "recursive_grid_0days",
 "logging_level": 0,
 "long": {"auto_unstuck_ema_dist": -0.010934873899108183,
          "auto_unstuck_wallet_exposure_threshold": 0.04554175308271965,
          "backwards_tp": false,
          "ddown_factor": 2.1429,
          "ema_span_0": 324.37980067027826,
          "ema_span_1": 326.6843512157839,
          "enabled": true,
          "initial_eprice_ema_dist": -0.03909402714597581,
          "initial_qty_pct": 0.0031893,
          "markup_range": 0.028078,
          "min_markup": 0.005709,
          "n_close_orders": 5,
          "rentry_pprice_dist": 0.018515,
          "rentry_pprice_dist_wallet_exposure_weighting": 2.1199,
          "wallet_exposure_limit": 1.0},
 "short": {"auto_unstuck_ema_dist": -0.05655706955720446,
           "auto_unstuck_wallet_exposure_threshold": 0.03643439763366386,
           "backwards_tp": false,
           "ddown_factor": 1.6306452498680186,
           "ema_span_0": 1009.2365082728529,
           "ema_span_1": 886.2596900927143,
           "enabled": false,
           "initial_eprice_ema_dist": -0.036670921596507006,
           "initial_qty_pct": 0.08799398141680231,
           "markup_range": 0.040049181960849334,
           "min_markup": 0.008723122327383016,
           "n_close_orders": 13,
           "rentry_pprice_dist": 0.005948472182210742,
           "rentry_pprice_dist_wallet_exposure_weighting": 18.31847572423177,
           "wallet_exposure_limit": 1.0}}