{"config_name": "recursive_grid_0days",
 "logging_level": 0,
 "long": {"auto_unstuck_ema_dist": 0,
          "auto_unstuck_wallet_exposure_threshold": 0.0,
          "backwards_tp": false,
          "ddown_factor": 1.2182352111256027,
          "ema_span_0": 319.7983522051368,
          "ema_span_1": 169.9588410628517,
          "enabled": true,
          "initial_eprice_ema_dist": -0.09078183207109657,
          "initial_qty_pct": 0.005540650557041107,
          "markup_range": 0.019476292026450834,
          "min_markup": 0.004819692132197828,
          "n_close_orders": 4,
          "rentry_pprice_dist": 0.02515022399095266,
          "rentry_pprice_dist_wallet_exposure_weighting": 1.3549945605801332,
          "wallet_exposure_limit": 0.2},
 "short": {"auto_unstuck_ema_dist": -0.06332189406825486,
           "auto_unstuck_wallet_exposure_threshold": 0.09079655892604567,
           "backwards_tp": false,
           "ddown_factor": 2.397553532153719,
           "ema_span_0": 1235.6284839803518,
           "ema_span_1": 467.8652436293519,
           "enabled": false,
           "initial_eprice_ema_dist": -0.011434255037379437,
           "initial_qty_pct": 0.020488480527276684,
           "markup_range": 0.018624681255278542,
           "min_markup": 0.009437108305604971,
           "n_close_orders": 13,
           "rentry_pprice_dist": 0.04461556567988436,
           "rentry_pprice_dist_wallet_exposure_weighting": 7.512949423511679,
           "wallet_exposure_limit": 1.0}}