{"config_name": "recursive_grid_0days",
 "logging_level": 0,
 "long": {"auto_unstuck_ema_dist": 0.0009097507161583678,
          "auto_unstuck_wallet_exposure_threshold": 0.6427627507689223,
          "backwards_tp": true,
          "ddown_factor": 0.442795744884564,
          "ema_span_0": 347.2307793689214,
          "ema_span_1": 371.7097224452451,
          "enabled": true,
          "initial_eprice_ema_dist": -0.059383908677517555,
          "initial_qty_pct": 0.02920182723900947,
          "markup_range": 0.002214200082173299,
          "min_markup": 0.005,
          "n_close_orders": 10,
          "rentry_pprice_dist": 0.02958910211344444,
          "rentry_pprice_dist_wallet_exposure_weighting": 0.10468466889935826,
          "wallet_exposure_limit": 0.1},
 "short": {"auto_unstuck_ema_dist": 0.08910448959091363,
           "auto_unstuck_wallet_exposure_threshold": 0.9730991375080787,
           "backwards_tp": true,
           "ddown_factor": 1.5501178935024866,
           "ema_span_0": 1020.0766556153475,
           "ema_span_1": 1461.5476173135182,
           "enabled": true,
           "initial_eprice_ema_dist": -0.054057755162397206,
           "initial_qty_pct": 0.0295781107889869,
           "markup_range": 0.0006976763922136612,
           "min_markup": 0.018736542080773515,
           "n_close_orders": 12,
           "rentry_pprice_dist": 0.023138539009791136,
           "rentry_pprice_dist_wallet_exposure_weighting": 26.10573326378466,
           "wallet_exposure_limit": 0.1}}