{"config_name": "recursive_grid_0days",
 "logging_level": 0,
 "long": {"auto_unstuck_ema_dist": -0.005685618656002502,
          "auto_unstuck_wallet_exposure_threshold": 0.0959032740278761,
          "backwards_tp": true,
          "ddown_factor": 1.0483273047756951,
          "ema_span_0": 214.96048998747352,
          "ema_span_1": 1009.095608817192,
          "enabled": true,
          "initial_eprice_ema_dist": -0.009094666583153504,
          "initial_qty_pct": 0.014215035695488184,
          "markup_range": 0.007086425111094143,
          "min_markup": 0.004881692114944917,
          "n_close_orders": 15,
          "rentry_pprice_dist": 0.01713174412095402,
          "rentry_pprice_dist_wallet_exposure_weighting": 1.2778998553898748,
          "wallet_exposure_limit": 0.3},
 "short": {"auto_unstuck_ema_dist": -0.041240174880259856,
           "auto_unstuck_wallet_exposure_threshold": 0.07338387440892792,
           "backwards_tp": true,
           "ddown_factor": 1.135380809521342,
           "ema_span_0": 464.13285386841113,
           "ema_span_1": 1091.0187805880869,
           "enabled": false,
           "initial_eprice_ema_dist": 0.0053986041778556065,
           "initial_qty_pct": 0.09052927484851318,
           "markup_range": 0.0567458408811249,
           "min_markup": 0.003816992574334044,
           "n_close_orders": 3,
           "rentry_pprice_dist": 0.04036944923448318,
           "rentry_pprice_dist_wallet_exposure_weighting": 36.76514753411445,
           "wallet_exposure_limit": 1.0}}