{"config_name": "recursive_grid_0days",
 "logging_level": 0,
 "long": {"auto_unstuck_ema_dist": 0,
          "auto_unstuck_wallet_exposure_threshold": 0.0586046762069205,
          "backwards_tp": true,
          "ddown_factor": 2.938772982074068,
          "ema_span_0": 276.7448992265018,
          "ema_span_1": 350.63700000733184,
          "enabled": true,
          "initial_eprice_ema_dist": 0.0038416532522039873,
          "initial_qty_pct": 0.014003522830606602,
          "markup_range": 0.0030081124918482543,
          "min_markup": 0.009450510381970756,
          "n_close_orders": 7,
          "rentry_pprice_dist": 0.02873138508152378,
          "rentry_pprice_dist_wallet_exposure_weighting": 4.320193781355399,
          "wallet_exposure_limit": 0.3},
 "short": {"auto_unstuck_ema_dist": -0.0058707002400959635,
           "auto_unstuck_wallet_exposure_threshold": 0.09291908198919177,
           "backwards_tp": true,
           "ddown_factor": 0.5254973140098328,
           "ema_span_0": 124.37935086699805,
           "ema_span_1": 744.1803954586051,
           "enabled": false,
           "initial_eprice_ema_dist": -0.08927517676214408,
           "initial_qty_pct": 0.04565596294866972,
           "markup_range": 0.01184837096894423,
           "min_markup": 0.00264138865670072,
           "n_close_orders": 14,
           "rentry_pprice_dist": 0.017133192870399615,
           "rentry_pprice_dist_wallet_exposure_weighting": 16.335211388048215,
           "wallet_exposure_limit": 1.0}}