{"config_name": "recursive_grid_0days",
 "logging_level": 0,
 "long": {"auto_unstuck_ema_dist": 0,
          "auto_unstuck_wallet_exposure_threshold": 0.0,
          "backwards_tp": false,
          "ddown_factor": 1.3649704220192413,
          "ema_span_0": 627.3357683086565,
          "ema_span_1": 721.6407406579718,
          "enabled": true,
          "initial_eprice_ema_dist": -0.04259230636731456,
          "initial_qty_pct": 0.003246188377208766,
          "markup_range": 0.05194863386166659,
          "min_markup": 0.008329946809139266,
          "n_close_orders": 8,
          "rentry_pprice_dist": 0.03158129644569083,
          "rentry_pprice_dist_wallet_exposure_weighting": 2.169917240716869,
          "wallet_exposure_limit": 0.2},
 "short": {"auto_unstuck_ema_dist": -0.06428247540060897,
           "auto_unstuck_wallet_exposure_threshold": 0.09997895068440872,
           "backwards_tp": false,
           "ddown_factor": 2.9832569450019757,
           "ema_span_0": 647.1689231686363,
           "ema_span_1": 117.69413012972807,
           "enabled": false,
           "initial_eprice_ema_dist": -0.07038739104091157,
           "initial_qty_pct": 0.05131378575231224,
           "markup_range": 0.021673688830699984,
           "min_markup": 0.002208073779913846,
           "n_close_orders": 12,
           "rentry_pprice_dist": 0.034682943465085006,
           "rentry_pprice_dist_wallet_exposure_weighting": 2.9093571033226184,
           "wallet_exposure_limit": 1.0}}