{"config_name": "recursive_grid_0days",
 "logging_level": 0,
 "long": {"auto_unstuck_ema_dist": 0,
          "auto_unstuck_wallet_exposure_threshold": 0.0,
          "backwards_tp": true,
          "ddown_factor": 1.868677435789407,
          "ema_span_0": 633.7450183377176,
          "ema_span_1": 640.4385019691343,
          "enabled": true,
          "initial_eprice_ema_dist": -0.006149080489745162,
          "initial_qty_pct": 0.020622818011759282,
          "markup_range": 0.006680383478321813,
          "min_markup": 0.007921246717734493,
          "n_close_orders": 4,
          "rentry_pprice_dist": 0.029306784638828427,
          "rentry_pprice_dist_wallet_exposure_weighting": 5.478803064255362,
          "wallet_exposure_limit": 0.3},
 "short": {"auto_unstuck_ema_dist": -0.09345734666183059,
           "auto_unstuck_wallet_exposure_threshold": 0.04683894925109608,
           "backwards_tp": true,
           "ddown_factor": 2.137463988228031,
           "ema_span_0": 802.3978240851349,
           "ema_span_1": 1039.3671458786953,
           "enabled": false,
           "initial_eprice_ema_dist": -0.09017954091090644,
           "initial_qty_pct": 0.0491210923527721,
           "markup_range": 0.05973902353153405,
           "min_markup": 0.008807914911561989,
           "n_close_orders": 5,
           "rentry_pprice_dist": 0.044613163580793605,
           "rentry_pprice_dist_wallet_exposure_weighting": 0.6792992697851097,
           "wallet_exposure_limit": 1.0}}