{"config_name": "clock_0days",
 "long": {"delay_between_fills_minutes_close": 1.0,
          "delay_between_fills_minutes_entry": 1400.2812437279767,
          "delay_weight_close": 18.85309322491689,
          "delay_weight_entry": 11.259145497166731,
          "ema_dist_lower": 0.004966639204153044,
          "ema_dist_upper": 0.010436764623356054,
          "ema_span_0": 421.4337006236453,
          "ema_span_1": 1276.3018271757967,
          "enabled": true,
          "markup_range": 0.029400729619725972,
          "min_markup": 0.0016297712449412324,
          "n_close_orders": 2,
          "qty_pct_close": 0.01,
          "qty_pct_entry": 0.01,
          "wallet_exposure_limit": 0.25,
          "we_multiplier_close": 1.9327692796022249,
          "we_multiplier_entry": 57.13688750153613},
 "short": {"delay_between_fills_minutes_close": 1.0,
           "delay_between_fills_minutes_entry": 1307.794326820901,
           "delay_weight_close": 6.481851466385405,
           "delay_weight_entry": 13.544911305305565,
           "ema_dist_lower": 0.00014160895649502732,
           "ema_dist_upper": 1.331807365000446e-05,
           "ema_span_0": 1306.1150392208042,
           "ema_span_1": 1279.0212331093603,
           "enabled": true,
           "markup_range": 0.019144527152529154,
           "min_markup": 0.017442465579319284,
           "n_close_orders": 13,
           "qty_pct_close": 0.01,
           "qty_pct_entry": 0.01,
           "wallet_exposure_limit": 0.25,
           "we_multiplier_close": 1.1203401594711746,
           "we_multiplier_entry": 40.132718047619534}}