{"config_name": "neat_grid_0days",
 "logging_level": 0,
 "long": {"auto_unstuck_ema_dist": 0.003,
          "auto_unstuck_wallet_exposure_threshold": 0.03239615580345627,
          "backwards_tp": false,
          "ema_span_0": 1013.0476040366622,
          "ema_span_1": 1364.3635762848537,
          "enabled": true,
          "eprice_exp_base": 1.0657326541925476,
          "eqty_exp_base": 1.375,
          "grid_span": 0.14903494144413398,
          "initial_eprice_ema_dist": -0.002767817503567355,
          "initial_qty_pct": 0.006598505694990084,
          "markup_range": 0.006065556918463739,
          "max_n_entry_orders": 7,
          "min_markup": 0.004275,
          "n_close_orders": 1,
          "wallet_exposure_limit": 0.2},
 "short": {"auto_unstuck_ema_dist": -0.07401164035635974,
           "auto_unstuck_wallet_exposure_threshold": 0.07731191261780301,
           "backwards_tp": false,
           "ema_span_0": 582.321715076539,
           "ema_span_1": 1202.5778599382243,
           "enabled": false,
           "eprice_exp_base": 2.097945751093443,
           "eqty_exp_base": 3.1187954192171583,
           "grid_span": 0.30262733662704744,
           "initial_eprice_ema_dist": -0.07610119453362112,
           "initial_qty_pct": 0.09796927014295324,
           "markup_range": 0.05958033714706457,
           "max_n_entry_orders": 20,
           "min_markup": 0.00531523511644978,
           "n_close_orders": 7,
           "wallet_exposure_limit": 1.0}}