{"config_name": "clock_0days",
 "long": {"backwards_tp": false,
          "delay_between_fills_minutes_close": 1412.91566033126,
          "delay_between_fills_minutes_entry": 990.4483116323861,
          "delay_weight_close": 74.72102791510035,
          "delay_weight_entry": 31.959221410333733,
          "ema_dist_close": -7.785590939462673e-05,
          "ema_dist_entry": -0.0024846306563579418,
          "ema_span_0": 200.7547745615272,
          "ema_span_1": 1435.6988343762666,
          "enabled": true,
          "markup_range": 0.041141800566920926,
          "min_markup": 0.006954990325910746,
          "n_close_orders": 15,
          "qty_pct_close": 0.1797957065531275,
          "qty_pct_entry": 0.01,
          "wallet_exposure_limit": 0.2,
          "we_multiplier_close": 0.883424607590523,
          "we_multiplier_entry": 72.55349917444141},
 "short": {"backwards_tp": false,
           "delay_between_fills_minutes_close": 190.96212217710314,
           "delay_between_fills_minutes_entry": 982.065547828501,
           "delay_weight_close": 7.9041068901755445,
           "delay_weight_entry": 92.69607026687386,
           "ema_dist_close": -0.024221488386598426,
           "ema_dist_entry": -0.0319628665186486,
           "ema_span_0": 992.4063786156784,
           "ema_span_1": 479.1849216108433,
           "enabled": false,
           "markup_range": 0.0024317896859803257,
           "min_markup": 0.0026269890171380806,
           "n_close_orders": 4,
           "qty_pct_close": 0.03268593203593178,
           "qty_pct_entry": 0.09601593296071888,
           "wallet_exposure_limit": 1.0,
           "we_multiplier_close": 43.85755515322387,
           "we_multiplier_entry": 85.68832028409872}}