{"config_name": "emas_0days",
 "long": {"delay_between_fills_minutes_close": 371.75168783575833,
          "delay_between_fills_minutes_entry": 401.592221209355,
          "delay_weight_close": -37.13629667984531,
          "delay_weight_entry": 26.275359408603865,
          "ema_dist_lower": -0.8913200350534974,
          "ema_dist_upper": 0.02,
          "ema_span_0": 996.6364807476701,
          "ema_span_1": 1567.5832491285737,
          "enabled": true,
          "markup_range": 0.004635300359599372,
          "min_markup": 0.011115967563110438,
          "n_close_orders": 5,
          "qty_pct_close": 0.048804097857326416,
          "qty_pct_entry": 0.009003888798343636,
          "wallet_exposure_limit": 1,
          "we_multiplier_close": -72.92870599644037,
          "we_multiplier_entry": 3.8589318680524514},
 "short": {"delay_between_fills_minutes_close": 142.65171576641657,
           "delay_between_fills_minutes_entry": 362.2771390157375,
           "delay_weight_close": -12.630453987599722,
           "delay_weight_entry": 99.91456911229136,
           "ema_dist_lower": 0.014646098256519826,
           "ema_dist_upper": 0.012208725009469679,
           "ema_span_0": 1407.1335651683885,
           "ema_span_1": 2964.8769788479344,
           "enabled": false,
           "markup_range": 0.018294349213795812,
           "min_markup": 0.017238877959634136,
           "n_close_orders": 3,
           "qty_pct_close": 0.028487413187339286,
           "qty_pct_entry": 0.05850790955357816,
           "wallet_exposure_limit": 1.0,
           "we_multiplier_close": 135.40041481940585,
           "we_multiplier_entry": 77.41984038643301}}