{"config_name": "recursive_grid_0days",
 "logging_level": 0,
 "long": {"auto_unstuck_ema_dist": -0.0020725152778697502,
          "auto_unstuck_wallet_exposure_threshold": 0.058653995262609636,
          "backwards_tp": true,
          "ddown_factor": 1.1975471671879885,
          "ema_span_0": 26.46859267480462,
          "ema_span_1": 195.42194994603634,
          "enabled": true,
          "initial_eprice_ema_dist": 0.008535901901552404,
          "initial_qty_pct": 0.013848470809480191,
          "markup_range": 0.0033098770240474625,
          "min_markup": 0.005946896785562226,
          "n_close_orders": 14,
          "rentry_pprice_dist": 0.011770598349598031,
          "rentry_pprice_dist_wallet_exposure_weighting": 4.124285011548343,
          "wallet_exposure_limit": 0.3},
 "short": {"auto_unstuck_ema_dist": -0.01443916329416782,
           "auto_unstuck_wallet_exposure_threshold": 0.06837761050279725,
           "backwards_tp": true,
           "ddown_factor": 1.631188102607114,
           "ema_span_0": 643.9498500343482,
           "ema_span_1": 149.99656361656898,
           "enabled": false,
           "initial_eprice_ema_dist": -0.0038233431030066517,
           "initial_qty_pct": 0.02756941609146068,
           "markup_range": 0.047563513355528816,
           "min_markup": 0.008170770150517087,
           "n_close_orders": 15,
           "rentry_pprice_dist": 0.02997221406845375,
           "rentry_pprice_dist_wallet_exposure_weighting": 31.52815201135827,
           "wallet_exposure_limit": 1.0}}