{"config_name": "recursive_grid_0days",
 "logging_level": 0,
 "long": {"auto_unstuck_ema_dist": 0,
          "auto_unstuck_wallet_exposure_threshold": 0.0,
          "backwards_tp": false,
          "ddown_factor": 0.5991578175229685,
          "ema_span_0": 136.83752325947142,
          "ema_span_1": 442.0608778738886,
          "enabled": true,
          "initial_eprice_ema_dist": -0.1705860095756116,
          "initial_qty_pct": 0.0036770939565967655,
          "markup_range": 0.05194863386166659,
          "min_markup": 0.005528180730859221,
          "n_close_orders": 6,
          "rentry_pprice_dist": 0.02531289634565672,
          "rentry_pprice_dist_wallet_exposure_weighting": 1.5143556640996974,
          "wallet_exposure_limit": 0.2},
 "short": {"auto_unstuck_ema_dist": -0.02488440397737035,
           "auto_unstuck_wallet_exposure_threshold": 0.09056909055969387,
           "backwards_tp": false,
           "ddown_factor": 2.645298816037568,
           "ema_span_0": 237.9962900034551,
           "ema_span_1": 616.5108253130946,
           "enabled": false,
           "initial_eprice_ema_dist": -0.05161656465228341,
           "initial_qty_pct": 0.041014277413323946,
           "markup_range": 0.011794644601975336,
           "min_markup": 0.0015069686801988556,
           "n_close_orders": 9,
           "rentry_pprice_dist": 0.019538581050294934,
           "rentry_pprice_dist_wallet_exposure_weighting": 6.60392083693351,
           "wallet_exposure_limit": 1.0}}