{"config_name": "recursive_grid_0days",
 "logging_level": 0,
 "long": {"auto_unstuck_ema_dist": 0.0,
          "auto_unstuck_wallet_exposure_threshold": 0.0,
          "backwards_tp": true,
          "ddown_factor": 2.599948849897716,
          "ema_span_0": 594.9508132248881,
          "ema_span_1": 633.6880899526523,
          "enabled": true,
          "initial_eprice_ema_dist": -0.1,
          "initial_qty_pct": 0.002894466527751989,
          "markup_range": 0.01006608934462141,
          "min_markup": 0.0020752133848030508,
          "n_close_orders": 3,
          "rentry_pprice_dist": 0.04183150599071112,
          "rentry_pprice_dist_wallet_exposure_weighting": 0.0,
          "wallet_exposure_limit": 1.0},
 "short": {"auto_unstuck_ema_dist": 0.008348709375139858,
           "auto_unstuck_wallet_exposure_threshold": 0.033021915963083716,
           "backwards_tp": true,
           "ddown_factor": 1.757342295547963,
           "ema_span_0": 686.6172289870747,
           "ema_span_1": 4535.903671147219,
           "enabled": false,
           "initial_eprice_ema_dist": 0.009140820006977798,
           "initial_qty_pct": 0.015,
           "markup_range": 0.035936346883064366,
           "min_markup": 0.0025629063846355393,
           "n_close_orders": 14,
           "rentry_pprice_dist": 0.049312973409582864,
           "rentry_pprice_dist_wallet_exposure_weighting": 28.48100278453022,
           "wallet_exposure_limit": 0.1}}