{"config_name": "recursive_grid_0days",
 "logging_level": 0,
 "long": {"auto_unstuck_ema_dist": 0.042551427415828603,
          "auto_unstuck_wallet_exposure_threshold": 0.006535683434521353,
          "backwards_tp": true,
          "ddown_factor": 2.149071300034425,
          "ema_span_0": 366.63502863798664,
          "ema_span_1": 614.2178421309904,
          "enabled": true,
          "initial_eprice_ema_dist": 0.010962246014207751,
          "initial_qty_pct": 0.0165598913662388,
          "markup_range": 0.009697559251245038,
          "min_markup": 0.004348036738643495,
          "n_close_orders": 8,
          "rentry_pprice_dist": 0.019947170638240395,
          "rentry_pprice_dist_wallet_exposure_weighting": 3.085782668078866,
          "wallet_exposure_limit": 0.3},
 "short": {"auto_unstuck_ema_dist": 0.030180557762751765,
           "auto_unstuck_wallet_exposure_threshold": 0.0447374755957596,
           "backwards_tp": true,
           "ddown_factor": 2.643219378898086,
           "ema_span_0": 65.19939836729417,
           "ema_span_1": 96.43580609237328,
           "enabled": true,
           "initial_eprice_ema_dist": -0.01671077401449259,
           "initial_qty_pct": 0.011540995653044105,
           "markup_range": 0.0013066087354065494,
           "min_markup": 0.0030804336842671374,
           "n_close_orders": 2,
           "rentry_pprice_dist": 0.03475979767053003,
           "rentry_pprice_dist_wallet_exposure_weighting": 0.19845410185823242,
           "wallet_exposure_limit": 0.1}}