{"config_name": "clock_0days",
 "long": {"backwards_tp": false,
          "delay_between_fills_minutes_close": 1440,
          "delay_between_fills_minutes_entry": 1227.5266342554887,
          "delay_weight_close": 38.30315588245598,
          "delay_weight_entry": 23.507513426019074,
          "ema_dist_close": -0.0076711597465404175,
          "ema_dist_entry": -0.00437605087832069,
          "ema_span_0": 525.050096918967,
          "ema_span_1": 1360.469259419851,
          "enabled": true,
          "markup_range": 0.015167291087334996,
          "min_markup": 0.006078757314747288,
          "n_close_orders": 13,
          "qty_pct_close": 0.20426424397127188,
          "qty_pct_entry": 0.01,
          "wallet_exposure_limit": 1,
          "we_multiplier_close": 0.11213500504051638,
          "we_multiplier_entry": 52.93657792057661},
 "short": {"backwards_tp": false,
           "delay_between_fills_minutes_close": 433.4814295850731,
           "delay_between_fills_minutes_entry": 867.1194091687498,
           "delay_weight_close": 71.11628120000908,
           "delay_weight_entry": 49.9231795835863,
           "ema_dist_close": -0.042028472279651855,
           "ema_dist_entry": -0.04411114530399469,
           "ema_span_0": 1032.9004031924821,
           "ema_span_1": 969.5861760232065,
           "enabled": false,
           "markup_range": 0.0595540158782677,
           "min_markup": 0.0025647671969259616,
           "n_close_orders": 10,
           "qty_pct_close": 0.03209014545681579,
           "qty_pct_entry": 0.07216181518496587,
           "wallet_exposure_limit": 1,
           "we_multiplier_close": 96.85139336672508,
           "we_multiplier_entry": 37.454449704635195}}