{"config_name": "recursive_grid_0days",
 "logging_level": 0,
 "long": {"auto_unstuck_ema_dist": 0,
          "auto_unstuck_wallet_exposure_threshold": 0.0,
          "backwards_tp": false,
          "ddown_factor": 3.3773466364384457,
          "ema_span_0": 179.3642165887977,
          "ema_span_1": 243.19216375018718,
          "enabled": true,
          "initial_eprice_ema_dist": -0.11113823324576058,
          "initial_qty_pct": 0.06478704503128592,
          "markup_range": 0.010106521232511661,
          "min_markup": 0.012042100424370634,
          "n_close_orders": 8,
          "rentry_pprice_dist": 0.004269287036571013,
          "rentry_pprice_dist_wallet_exposure_weighting": 0.4317072823580921,
          "wallet_exposure_limit": 0.2},
 "short": {"auto_unstuck_ema_dist": -0.04459148495950951,
           "auto_unstuck_wallet_exposure_threshold": 0.039346140461291146,
           "backwards_tp": false,
           "ddown_factor": 0.4256952149724398,
           "ema_span_0": 721.7935571196066,
           "ema_span_1": 525.931748206887,
           "enabled": false,
           "initial_eprice_ema_dist": -0.009808857938265692,
           "initial_qty_pct": 0.01759564646085954,
           "markup_range": 0.018788314955686468,
           "min_markup": 0.001616246062244421,
           "n_close_orders": 8,
           "rentry_pprice_dist": 0.02882883423732249,
           "rentry_pprice_dist_wallet_exposure_weighting": 1.5643347473145996,
           "wallet_exposure_limit": 1.0}}