{"config_name": "recursive_grid_0days",
 "logging_level": 0,
 "long": {"auto_unstuck_ema_dist": 0.005594550682004434,
          "auto_unstuck_wallet_exposure_threshold": 0.009490805456635842,
          "backwards_tp": true,
          "ddown_factor": 2.952154897746348,
          "ema_span_0": 301.2672586854115,
          "ema_span_1": 16.17299485391301,
          "enabled": true,
          "initial_eprice_ema_dist": -0.1,
          "initial_qty_pct": 0.003988003505391999,
          "markup_range": 0.017607863943834966,
          "min_markup": 0.0023874740612459962,
          "n_close_orders": 10,
          "rentry_pprice_dist": 0.0308681545795397,
          "rentry_pprice_dist_wallet_exposure_weighting": 0.0,
          "wallet_exposure_limit": 1},
 "short": {"auto_unstuck_ema_dist": -0.09329118039851843,
           "auto_unstuck_wallet_exposure_threshold": 0.04832720606554472,
           "backwards_tp": true,
           "ddown_factor": 1.506986603156916,
           "ema_span_0": 400.9926873514505,
           "ema_span_1": 1305.000374115823,
           "enabled": false,
           "initial_eprice_ema_dist": -0.09294502432906604,
           "initial_qty_pct": 0.0593232156542408,
           "markup_range": 0.05329212052164392,
           "min_markup": 0.003944302053320823,
           "n_close_orders": 4,
           "rentry_pprice_dist": 0.00928559173721657,
           "rentry_pprice_dist_wallet_exposure_weighting": 4.034561894486332,
           "wallet_exposure_limit": 1}}