{"config_name": "recursive_grid_0days",
 "logging_level": 0,
 "long": {"auto_unstuck_ema_dist": 0.0,
          "auto_unstuck_wallet_exposure_threshold": 0.0,
          "backwards_tp": true,
          "ddown_factor": 2.6292821291826804,
          "ema_span_0": 244.93755083310657,
          "ema_span_1": 210.19977968130777,
          "enabled": true,
          "initial_eprice_ema_dist": 0.015957645879785057,
          "initial_qty_pct": 0.05933890107923837,
          "markup_range": 0.0012014511118124134,
          "min_markup": 0.005169398657017267,
          "n_close_orders": 8,
          "rentry_pprice_dist": 0.0376469703530293,
          "rentry_pprice_dist_wallet_exposure_weighting": 0.4153457025675501,
          "wallet_exposure_limit": 0.3},
 "short": {"auto_unstuck_ema_dist": -0.0836520806714883,
           "auto_unstuck_wallet_exposure_threshold": 0.048643378578178145,
           "backwards_tp": true,
           "ddown_factor": 2.244341212377687,
           "ema_span_0": 351.5671869380108,
           "ema_span_1": 847.5811348440196,
           "enabled": false,
           "initial_eprice_ema_dist": 0.0016550254018704025,
           "initial_qty_pct": 0.05334268161798605,
           "markup_range": 0.009879643584850942,
           "min_markup": 0.006206172599536478,
           "n_close_orders": 6,
           "rentry_pprice_dist": 0.02962335112841262,
           "rentry_pprice_dist_wallet_exposure_weighting": 11.960749082370013,
           "wallet_exposure_limit": 1.0}}