{"config_name": "recursive_grid_0days",
 "logging_level": 0,
 "long": {"auto_unstuck_ema_dist": -0.0032124151498113766,
          "auto_unstuck_wallet_exposure_threshold": 0.051193084778491736,
          "backwards_tp": true,
          "ddown_factor": 1.5840905300109003,
          "ema_span_0": 678.8673943664277,
          "ema_span_1": 1082.2792014722247,
          "enabled": true,
          "initial_eprice_ema_dist": -0.009085883182542547,
          "initial_qty_pct": 0.025394655155751827,
          "markup_range": 0.007785010383369265,
          "min_markup": 0.002835375727286438,
          "n_close_orders": 5,
          "rentry_pprice_dist": 0.02157496153449903,
          "rentry_pprice_dist_wallet_exposure_weighting": 2.874089620292357,
          "wallet_exposure_limit": 0.3},
 "short": {"auto_unstuck_ema_dist": -0.08651729115643801,
           "auto_unstuck_wallet_exposure_threshold": 0.06485057315308038,
           "backwards_tp": true,
           "ddown_factor": 0.10791264501610406,
           "ema_span_0": 475.62451417298865,
           "ema_span_1": 577.9055383721609,
           "enabled": false,
           "initial_eprice_ema_dist": -0.05611644961069973,
           "initial_qty_pct": 0.060224878954513214,
           "markup_range": 0.055216695268087354,
           "min_markup": 0.009732088316225313,
           "n_close_orders": 8,
           "rentry_pprice_dist": 0.03051871687599083,
           "rentry_pprice_dist_wallet_exposure_weighting": 31.005160274836836,
           "wallet_exposure_limit": 1.0}}