{"config_name": "clock_0days",
 "long": {"backwards_tp": true,
          "delay_between_fills_minutes_close": 455.0912076504739,
          "delay_between_fills_minutes_entry": 312.9596903567312,
          "delay_weight_close": 49.227283615510856,
          "delay_weight_entry": 26.631515665144605,
          "ema_dist_close": -0.7548175837464047,
          "ema_dist_entry": -0.14157989154591133,
          "ema_span_0": 692.6126358852649,
          "ema_span_1": 572.4898947732701,
          "enabled": true,
          "markup_range": 0.019591643902797357,
          "min_markup": 0.00781167946957495,
          "n_close_orders": 4,
          "qty_pct_close": 0.01,
          "qty_pct_entry": 0.010802165463232333,
          "wallet_exposure_limit": 0.3,
          "we_multiplier_close": 1.1870807518794846,
          "we_multiplier_entry": 7.227747027879025},
 "short": {"backwards_tp": true,
           "delay_between_fills_minutes_close": 152.8167463241149,
           "delay_between_fills_minutes_entry": 552.9163197656054,
           "delay_weight_close": 78.04473317162127,
           "delay_weight_entry": 48.27907515724855,
           "ema_dist_close": -0.03384393899991357,
           "ema_dist_entry": -0.01014841939981432,
           "ema_span_0": 855.893422436086,
           "ema_span_1": 425.5149389629462,
           "enabled": false,
           "markup_range": 0.04556093046203537,
           "min_markup": 0.007795555574288438,
           "n_close_orders": 5,
           "qty_pct_close": 0.05159234387044677,
           "qty_pct_entry": 0.030645841532552162,
           "wallet_exposure_limit": 1.0,
           "we_multiplier_close": 46.50220060619999,
           "we_multiplier_entry": 80.8878851032703}}