{"config_name": "recursive_grid_0days",
 "logging_level": 0,
 "long": {"auto_unstuck_ema_dist": 0,
          "auto_unstuck_wallet_exposure_threshold": 0.0,
          "backwards_tp": false,
          "ddown_factor": 1.5883641608698347,
          "ema_span_0": 767.2384828916873,
          "ema_span_1": 438.43867355675275,
          "enabled": true,
          "initial_eprice_ema_dist": -0.10957274835974375,
          "initial_qty_pct": 0.0035889175463266944,
          "markup_range": 0.051530678076066205,
          "min_markup": 0.010561194433435443,
          "n_close_orders": 8,
          "rentry_pprice_dist": 0.029351264732860944,
          "rentry_pprice_dist_wallet_exposure_weighting": 3.647343992983758,
          "wallet_exposure_limit": 1},
 "short": {"auto_unstuck_ema_dist": -0.08573648679237662,
           "auto_unstuck_wallet_exposure_threshold": 0.07855254410977897,
           "backwards_tp": false,
           "ddown_factor": 0.9741492475937362,
           "ema_span_0": 1437.0742764168654,
           "ema_span_1": 46.18957117538197,
           "enabled": false,
           "initial_eprice_ema_dist": -0.04484772260540124,
           "initial_qty_pct": 0.03503116707676379,
           "markup_range": 0.009070905335488063,
           "min_markup": 0.0010139379848273027,
           "n_close_orders": 5,
           "rentry_pprice_dist": 0.005278154680262602,
           "rentry_pprice_dist_wallet_exposure_weighting": 9.079009532901086,
           "wallet_exposure_limit": 1.0}}