{"config_name": "clock_0days",
 "long": {"backwards_tp": true,
          "delay_between_fills_minutes_close": 436.04917511470654,
          "delay_between_fills_minutes_entry": 396.5343420677194,
          "delay_weight_close": 32.04899881840395,
          "delay_weight_entry": 13.545312721961391,
          "ema_dist_close": 0.0017880652566892603,
          "ema_dist_entry": 0.006939975929445033,
          "ema_span_0": 381.62916327198855,
          "ema_span_1": 773.8955514941777,
          "enabled": true,
          "markup_range": 0.0219353737205244,
          "min_markup": 0.009348350593431986,
          "n_close_orders": 10,
          "qty_pct_close": 0.014189304893189645,
          "qty_pct_entry": 0.01294977944351751,
          "wallet_exposure_limit": 0.3,
          "we_multiplier_close": 113.81293812460223,
          "we_multiplier_entry": 107.08758761527162},
 "short": {"backwards_tp": true,
           "delay_between_fills_minutes_close": 498.577130434607,
           "delay_between_fills_minutes_entry": 195.40770760418837,
           "delay_weight_close": 47.96469474350578,
           "delay_weight_entry": 137.0683770865556,
           "ema_dist_close": -0.8921081134708186,
           "ema_dist_entry": -0.9087663722580779,
           "ema_span_0": 160.79724751948342,
           "ema_span_1": 269.21034897408185,
           "enabled": false,
           "markup_range": 0.016506230405728184,
           "min_markup": 0.03521511963013791,
           "n_close_orders": 2,
           "qty_pct_close": 0.01,
           "qty_pct_entry": 0.01,
           "wallet_exposure_limit": 1.0,
           "we_multiplier_close": 135.41321925579524,
           "we_multiplier_entry": 56.296293262975304}}