{"config_name": "neat_grid_0days",
 "logging_level": 0,
 "long": {"auto_unstuck_ema_dist": 0,
          "auto_unstuck_wallet_exposure_threshold": 0,
          "backwards_tp": true,
          "ema_span_0": 13.247379859949962,
          "ema_span_1": 3108.0547902357685,
          "enabled": true,
          "eprice_exp_base": 1.3266052786061289,
          "eqty_exp_base": 1.5860130382772053,
          "grid_span": 0.362155532222472,
          "initial_eprice_ema_dist": -0.04549453993907994,
          "initial_qty_pct": 0.01,
          "markup_range": 0.002296780924667386,
          "max_n_entry_orders": 10,
          "min_markup": 0.002,
          "n_close_orders": 17,
          "wallet_exposure_limit": 1},
 "short": {"auto_unstuck_ema_dist": 0.09024707506119205,
           "auto_unstuck_wallet_exposure_threshold": 0.07453663844127663,
           "backwards_tp": true,
           "ema_span_0": 1596.0959418480084,
           "ema_span_1": 1874.704112722808,
           "enabled": true,
           "eprice_exp_base": 1.2735008461238635,
           "eqty_exp_base": 2.1722882082292134,
           "grid_span": 0.45729009637187634,
           "initial_eprice_ema_dist": -0.04773741560645617,
           "initial_qty_pct": 0.01,
           "markup_range": 0.0020404666828255365,
           "max_n_entry_orders": 7,
           "min_markup": 0.002,
           "n_close_orders": 6,
           "wallet_exposure_limit": 0.1}}