{"config_name": "recursive_grid_0days",
 "logging_level": 0,
 "long": {"auto_unstuck_ema_dist": 0.018981891755232894,
          "auto_unstuck_wallet_exposure_threshold": 0.08142911553815745,
          "backwards_tp": false,
          "ddown_factor": 2.2401480892795202,
          "ema_span_0": 10,
          "ema_span_1": 520.0771235828938,
          "enabled": true,
          "initial_eprice_ema_dist": -0.1,
          "initial_qty_pct": 0.002651602359187615,
          "markup_range": 0.0246964584865716,
          "min_markup": 0.014305173568544187,
          "n_close_orders": 2,
          "rentry_pprice_dist": 0.04395265074612679,
          "rentry_pprice_dist_wallet_exposure_weighting": 0,
          "wallet_exposure_limit": 0.25},
 "short": {"auto_unstuck_ema_dist": 0.0031210015663808563,
           "auto_unstuck_wallet_exposure_threshold": 0.0457667312664002,
           "backwards_tp": false,
           "ddown_factor": 1.8417904115560542,
           "ema_span_0": 197.39963258327066,
           "ema_span_1": 193.88196328859922,
           "enabled": true,
           "initial_eprice_ema_dist": -0.1,
           "initial_qty_pct": 0.004018924238628236,
           "markup_range": 0.016589282700179963,
           "min_markup": 0.008356636185419649,
           "n_close_orders": 4,
           "rentry_pprice_dist": 0.024023787587786886,
           "rentry_pprice_dist_wallet_exposure_weighting": 0,
           "wallet_exposure_limit": 0.12}}