{"config_name": "clock_0days",
 "long": {"backwards_tp": true,
          "delay_between_fills_minutes_close": 367.3580540611874,
          "delay_between_fills_minutes_entry": 412.9478759551627,
          "delay_weight_close": 140.04250851074954,
          "delay_weight_entry": 29.140608725625484,
          "ema_dist_close": -0.012360073512219096,
          "ema_dist_entry": 0.007531232056996226,
          "ema_span_0": 706.6197413577935,
          "ema_span_1": 646.8630860547056,
          "enabled": true,
          "markup_range": 0.014673718422477016,
          "min_markup": 0.0042504962924676815,
          "n_close_orders": 8,
          "qty_pct_close": 0.012499798062204536,
          "qty_pct_entry": 0.01246211229654912,
          "wallet_exposure_limit": 0.3,
          "we_multiplier_close": 27.26490854973541,
          "we_multiplier_entry": 149.51879247789444},
 "short": {"backwards_tp": true,
           "delay_between_fills_minutes_close": 11.432738239937963,
           "delay_between_fills_minutes_entry": 723.5287247071147,
           "delay_weight_close": 42.5078391925624,
           "delay_weight_entry": 62.899306744174325,
           "ema_dist_close": -0.01619681750067445,
           "ema_dist_entry": -0.012369289735879585,
           "ema_span_0": 471.0070645843914,
           "ema_span_1": 431.5127409262183,
           "enabled": false,
           "markup_range": 0.019585680888017765,
           "min_markup": 0.08637857235643918,
           "n_close_orders": 12,
           "qty_pct_close": 0.449502212814756,
           "qty_pct_entry": 0.6944246612278496,
           "wallet_exposure_limit": 1.0,
           "we_multiplier_close": 0.7791802059040587,
           "we_multiplier_entry": 85.54702182707528}}