{"config_name": "neat_grid_0days",
 "logging_level": 0,
 "long": {"auto_unstuck_ema_dist": 0.003,
          "auto_unstuck_wallet_exposure_threshold": 0.03,
          "backwards_tp": false,
          "ema_span_0": 808.1693097066828,
          "ema_span_1": 833.0409525285454,
          "enabled": true,
          "eprice_exp_base": 1,
          "eqty_exp_base": 2.5565474701678816,
          "grid_span": 0.11503451397006853,
          "initial_eprice_ema_dist": -0.002660191106886971,
          "initial_qty_pct": 0.009875071016056504,
          "markup_range": 0.0048685603141732856,
          "max_n_entry_orders": 3,
          "min_markup": 0.004275,
          "n_close_orders": 1,
          "wallet_exposure_limit": 1},
 "short": {"auto_unstuck_ema_dist": -0.05525291018055268,
           "auto_unstuck_wallet_exposure_threshold": 0.08291911244674013,
           "backwards_tp": false,
           "ema_span_0": 1073.7872697393805,
           "ema_span_1": 364.79540221372434,
           "enabled": false,
           "eprice_exp_base": 1.1110661341277717,
           "eqty_exp_base": 1.1100388224977458,
           "grid_span": 0.5558153705687436,
           "initial_eprice_ema_dist": -0.08817166573741539,
           "initial_qty_pct": 0.09729376168548458,
           "markup_range": 0.005597872830910471,
           "max_n_entry_orders": 18,
           "min_markup": 0.0016831332957736099,
           "n_close_orders": 13,
           "wallet_exposure_limit": 1.0}}