{"config_name": "clock_0days",
 "long": {"delay_between_fills_minutes_close": 428.4416683152621,
          "delay_between_fills_minutes_entry": 386.0470325656157,
          "delay_weight_close": 84.64431166894153,
          "delay_weight_entry": 34.53562381513513,
          "ema_dist_lower": 0.007077998117110962,
          "ema_dist_upper": -0.04087950572126513,
          "ema_span_0": 158.7988998687131,
          "ema_span_1": 466.5573979922953,
          "enabled": true,
          "markup_range": 0.019834388056974375,
          "min_markup": 0.019373256556535788,
          "n_close_orders": 7,
          "qty_pct_close": 0.018642480395636908,
          "qty_pct_entry": 0.010476129957847908,
          "wallet_exposure_limit": 0.3,
          "we_multiplier_close": 91.40510068991425,
          "we_multiplier_entry": 147.58581584428708},
 "short": {"delay_between_fills_minutes_close": 1054.8081457870271,
           "delay_between_fills_minutes_entry": 938.4174191373795,
           "delay_weight_close": 3.079416477855974,
           "delay_weight_entry": 19.50104559494338,
           "ema_dist_lower": 0.01109624606220601,
           "ema_dist_upper": 0.012141355348283906,
           "ema_span_0": 1180.885689623937,
           "ema_span_1": 645.1083114719286,
           "enabled": false,
           "markup_range": 0.04546896432498398,
           "min_markup": 0.09891199082951431,
           "n_close_orders": 8,
           "qty_pct_close": 0.05382575564740498,
           "qty_pct_entry": 0.06975581069171828,
           "wallet_exposure_limit": 1.0,
           "we_multiplier_close": 4.592633024797655,
           "we_multiplier_entry": 21.216024896817668}}