{"config_name": "recursive_grid_0days",
 "logging_level": 0,
 "long": {"auto_unstuck_ema_dist": 0,
          "auto_unstuck_wallet_exposure_threshold": 0.0,
          "backwards_tp": false,
          "ddown_factor": 3.561898052828973,
          "ema_span_0": 200.93029034656615,
          "ema_span_1": 745.1527381391969,
          "enabled": true,
          "initial_eprice_ema_dist": -0.07810068561502691,
          "initial_qty_pct": 0.0008963095408161098,
          "markup_range": 0.05194863386166659,
          "min_markup": 0.0030150385835768876,
          "n_close_orders": 5,
          "rentry_pprice_dist": 0.03337626772204911,
          "rentry_pprice_dist_wallet_exposure_weighting": 2.99798873686231,
          "wallet_exposure_limit": 0.2},
 "short": {"auto_unstuck_ema_dist": -0.0025373196962303955,
           "auto_unstuck_wallet_exposure_threshold": 0.046769807442763545,
           "backwards_tp": false,
           "ddown_factor": 0.4087994536640337,
           "ema_span_0": 675.0210418595366,
           "ema_span_1": 381.8102535918499,
           "enabled": false,
           "initial_eprice_ema_dist": -0.09267889969550681,
           "initial_qty_pct": 0.08430229562142,
           "markup_range": 0.04363217478462967,
           "min_markup": 0.0030352525881353824,
           "n_close_orders": 7,
           "rentry_pprice_dist": 0.04091435734949503,
           "rentry_pprice_dist_wallet_exposure_weighting": 17.082639878215215,
           "wallet_exposure_limit": 1.0}}