{"config_name": "clock_0days",
 "long": {"backwards_tp": true,
          "delay_between_fills_minutes_close": 356.2597473218489,
          "delay_between_fills_minutes_entry": 495.18992672811305,
          "delay_weight_close": 4.657415535787104,
          "delay_weight_entry": 26.534432514722152,
          "ema_dist_close": -0.0999196830697835,
          "ema_dist_entry": 0.013337259376667632,
          "ema_span_0": 372.8627568740937,
          "ema_span_1": 266.3282975800239,
          "enabled": true,
          "markup_range": 0.029442365478236733,
          "min_markup": 0.009475749976069259,
          "n_close_orders": 4,
          "qty_pct_close": 0.01946808338032966,
          "qty_pct_entry": 0.010312351875210835,
          "wallet_exposure_limit": 0.3,
          "we_multiplier_close": 6.4228558809804195,
          "we_multiplier_entry": 75.85946146053288},
 "short": {"backwards_tp": true,
           "delay_between_fills_minutes_close": 2.649050471872518,
           "delay_between_fills_minutes_entry": 742.1708571338837,
           "delay_weight_close": 20.394575130833026,
           "delay_weight_entry": 36.56769314906126,
           "ema_dist_close": -0.02150943026977431,
           "ema_dist_entry": -0.03253986463611812,
           "ema_span_0": 362.51729532773885,
           "ema_span_1": 1068.3010684629548,
           "enabled": false,
           "markup_range": 0.07727887021268737,
           "min_markup": 0.017849044999487546,
           "n_close_orders": 14,
           "qty_pct_close": 0.2677270723422597,
           "qty_pct_entry": 0.20658755887358288,
           "wallet_exposure_limit": 1.0,
           "we_multiplier_close": 3.1480161092639234,
           "we_multiplier_entry": 21.4287185341132}}