{"config_name": "recursive_grid_0days",
 "logging_level": 0,
 "long": {"auto_unstuck_ema_dist": 0.0020981085070773016,
          "auto_unstuck_wallet_exposure_threshold": 0.06816095590952886,
          "backwards_tp": false,
          "ddown_factor": 2.1429,
          "ema_span_0": 283.03103068739495,
          "ema_span_1": 1346.251580648223,
          "enabled": true,
          "initial_eprice_ema_dist": 0.0025,
          "initial_qty_pct": 0.0031893,
          "markup_range": 0.028078,
          "min_markup": 0.005709,
          "n_close_orders": 5,
          "rentry_pprice_dist": 0.018515,
          "rentry_pprice_dist_wallet_exposure_weighting": 2.1199,
          "wallet_exposure_limit": 1},
 "short": {"auto_unstuck_ema_dist": -0.07643445635500229,
           "auto_unstuck_wallet_exposure_threshold": 0.07124460601144882,
           "backwards_tp": false,
           "ddown_factor": 1.210436057351542,
           "ema_span_0": 355.7410168262884,
           "ema_span_1": 338.7947217360255,
           "enabled": false,
           "initial_eprice_ema_dist": -0.02540618055221612,
           "initial_qty_pct": 0.010309651974483648,
           "markup_range": 0.004768768507059577,
           "min_markup": 0.001192805009302504,
           "n_close_orders": 15,
           "rentry_pprice_dist": 0.030094281087731996,
           "rentry_pprice_dist_wallet_exposure_weighting": 12.007155623277573,
           "wallet_exposure_limit": 1.0}}