{"config_name": "recursive_grid_0days",
 "logging_level": 0,
 "long": {"auto_unstuck_ema_dist": 0,
          "auto_unstuck_wallet_exposure_threshold": 0.0,
          "backwards_tp": false,
          "ddown_factor": 1.0582170836090923,
          "ema_span_0": 286.87071049826534,
          "ema_span_1": 453.3541437987596,
          "enabled": true,
          "initial_eprice_ema_dist": -0.16441550020427767,
          "initial_qty_pct": 0.005762643279583674,
          "markup_range": 0.023238725398484178,
          "min_markup": 0.008636383004888261,
          "n_close_orders": 5,
          "rentry_pprice_dist": 0.03124149132177003,
          "rentry_pprice_dist_wallet_exposure_weighting": 0.4302416021779978,
          "wallet_exposure_limit": 0.2},
 "short": {"auto_unstuck_ema_dist": -0.010550945432630979,
           "auto_unstuck_wallet_exposure_threshold": 0.05969095713027393,
           "backwards_tp": false,
           "ddown_factor": 1.8923270747666412,
           "ema_span_0": 1182.1735911038515,
           "ema_span_1": 312.7305684750742,
           "enabled": false,
           "initial_eprice_ema_dist": -0.07325292131252226,
           "initial_qty_pct": 0.09814277463020456,
           "markup_range": 0.009410871914129242,
           "min_markup": 0.0055686991667754,
           "n_close_orders": 8,
           "rentry_pprice_dist": 0.0424125410170561,
           "rentry_pprice_dist_wallet_exposure_weighting": 14.66041801346498,
           "wallet_exposure_limit": 1}}