{"config_name": "recursive_grid_0days",
 "logging_level": 0,
 "long": {"auto_unstuck_ema_dist": 0,
          "auto_unstuck_wallet_exposure_threshold": 0.0,
          "backwards_tp": false,
          "ddown_factor": 3.3169404974013053,
          "ema_span_0": 586.8419149314059,
          "ema_span_1": 881.2091428490672,
          "enabled": true,
          "initial_eprice_ema_dist": -0.06120155666337168,
          "initial_qty_pct": 0.0015530249579958132,
          "markup_range": 0.05194863386166659,
          "min_markup": 0.0025898776265801905,
          "n_close_orders": 2,
          "rentry_pprice_dist": 0.01967654048145726,
          "rentry_pprice_dist_wallet_exposure_weighting": 2.873581967500109,
          "wallet_exposure_limit": 0.2},
 "short": {"auto_unstuck_ema_dist": -0.09526209687820009,
           "auto_unstuck_wallet_exposure_threshold": 0.09784850850921588,
           "backwards_tp": false,
           "ddown_factor": 1.9608550047900835,
           "ema_span_0": 931.0894428070637,
           "ema_span_1": 951.4534990561424,
           "enabled": false,
           "initial_eprice_ema_dist": -0.09216348797130612,
           "initial_qty_pct": 0.05905134452625167,
           "markup_range": 0.026534787196459658,
           "min_markup": 0.00925001669018104,
           "n_close_orders": 13,
           "rentry_pprice_dist": 0.03505882101818529,
           "rentry_pprice_dist_wallet_exposure_weighting": 0.6269794800925799,
           "wallet_exposure_limit": 1.0}}