{"config_name": "clock_0days",
 "long": {"delay_between_fills_minutes_close": 222.98615685855023,
          "delay_between_fills_minutes_entry": 457.55268604082795,
          "delay_weight_close": 134.6863621898075,
          "delay_weight_entry": 31.02913150866089,
          "ema_dist_lower": -0.8901126940608374,
          "ema_dist_upper": -0.04458727282014059,
          "ema_span_0": 933.0026694803533,
          "ema_span_1": 50.984496409523054,
          "enabled": true,
          "markup_range": 0.028554341571647483,
          "min_markup": 0.03,
          "n_close_orders": 3,
          "qty_pct_close": 0.01,
          "qty_pct_entry": 0.01,
          "wallet_exposure_limit": 0.25,
          "we_multiplier_close": 3.3154318162681773,
          "we_multiplier_entry": 39.77741861072975},
 "short": {"delay_between_fills_minutes_close": 457.8551506702668,
           "delay_between_fills_minutes_entry": 293.26701270385684,
           "delay_weight_close": 83.58183760975824,
           "delay_weight_entry": 4.01984867873176,
           "ema_dist_lower": -0.05086460369771567,
           "ema_dist_upper": 0.00545761211827726,
           "ema_span_0": 145.4998224059784,
           "ema_span_1": 286.36591156092527,
           "enabled": true,
           "markup_range": 0.03,
           "min_markup": 0.018545939393484933,
           "n_close_orders": 9,
           "qty_pct_close": 0.01,
           "qty_pct_entry": 0.01,
           "wallet_exposure_limit": 0.1,
           "we_multiplier_close": 0,
           "we_multiplier_entry": 135.6934548352728}}