{"config_name": "recursive_grid_0days",
 "logging_level": 0,
 "long": {"auto_unstuck_ema_dist": 0.013922904940333436,
          "auto_unstuck_wallet_exposure_threshold": 0.06013191666989444,
          "backwards_tp": true,
          "ddown_factor": 1.9009863601038757,
          "ema_span_0": 452.9107105128253,
          "ema_span_1": 423.5887978292812,
          "enabled": true,
          "initial_eprice_ema_dist": 0.018601568710440265,
          "initial_qty_pct": 0.0285541340201749,
          "markup_range": 0.0114370730502484,
          "min_markup": 0.007265135529271159,
          "n_close_orders": 3,
          "rentry_pprice_dist": 0.03327114831278245,
          "rentry_pprice_dist_wallet_exposure_weighting": 1.8195439605302526,
          "wallet_exposure_limit": 0.3},
 "short": {"auto_unstuck_ema_dist": 0.022655723916529046,
           "auto_unstuck_wallet_exposure_threshold": 0.0018853625608823746,
           "backwards_tp": true,
           "ddown_factor": 2.570254128275739,
           "ema_span_0": 241.00524730900827,
           "ema_span_1": 267.9597584552942,
           "enabled": true,
           "initial_eprice_ema_dist": 0.007413085220994552,
           "initial_qty_pct": 0.015820509274807517,
           "markup_range": 0.0037960691779042274,
           "min_markup": 0.0038509470210956217,
           "n_close_orders": 4,
           "rentry_pprice_dist": 0.024632308448252063,
           "rentry_pprice_dist_wallet_exposure_weighting": 3.8653771271068527,
           "wallet_exposure_limit": 0.1}}