{"config_name": "recursive_grid_0days",
 "logging_level": 0,
 "long": {"auto_unstuck_ema_dist": 0.004811431815812606,
          "auto_unstuck_wallet_exposure_threshold": 0.059437928238843314,
          "backwards_tp": true,
          "ddown_factor": 1.3509938773259578,
          "ema_span_0": 159.56758581063036,
          "ema_span_1": 159.26348412881507,
          "enabled": true,
          "initial_eprice_ema_dist": -0.0024107262953903855,
          "initial_qty_pct": 0.010628237271124738,
          "markup_range": 0.007461013204252805,
          "min_markup": 0.0019520499084777793,
          "n_close_orders": 9,
          "rentry_pprice_dist": 0.01257225455373601,
          "rentry_pprice_dist_wallet_exposure_weighting": 0.3359667412841597,
          "wallet_exposure_limit": 0.3},
 "short": {"auto_unstuck_ema_dist": -0.07126800408434358,
           "auto_unstuck_wallet_exposure_threshold": 0.06792520626515973,
           "backwards_tp": true,
           "ddown_factor": 2.158800099146139,
           "ema_span_0": 37.145062187928104,
           "ema_span_1": 183.62878277595757,
           "enabled": false,
           "initial_eprice_ema_dist": -0.037390092910368544,
           "initial_qty_pct": 0.09253897162010606,
           "markup_range": 0.025363258141873672,
           "min_markup": 0.009070866382555547,
           "n_close_orders": 8,
           "rentry_pprice_dist": 0.013542725674316497,
           "rentry_pprice_dist_wallet_exposure_weighting": 4.4203924972703845,
           "wallet_exposure_limit": 1}}