{"config_name": "neat_grid_0days",
 "logging_level": 0,
 "long": {"auto_unstuck_ema_dist": 0.09303382275687441,
          "auto_unstuck_wallet_exposure_threshold": 0.009532362870053997,
          "backwards_tp": true,
          "ema_span_0": 881.2735429707379,
          "ema_span_1": 663.0693580547753,
          "enabled": true,
          "eprice_exp_base": 1.5,
          "eqty_exp_base": 2.901913680246018,
          "grid_span": 0.13855987335684297,
          "initial_eprice_ema_dist": 0,
          "initial_qty_pct": 0.01,
          "markup_range": 0.0014851048046579513,
          "max_n_entry_orders": 11,
          "min_markup": 0.003,
          "n_close_orders": 8,
          "wallet_exposure_limit": 1},
 "short": {"auto_unstuck_ema_dist": 0.056571507679712536,
           "auto_unstuck_wallet_exposure_threshold": 0.04944329245153354,
           "backwards_tp": true,
           "ema_span_0": 55.63054322203384,
           "ema_span_1": 131.28954582580346,
           "enabled": true,
           "eprice_exp_base": 1.014257902259371,
           "eqty_exp_base": 2.52144782595996,
           "grid_span": 0.17775078571346414,
           "initial_eprice_ema_dist": -0.08554866960918792,
           "initial_qty_pct": 0.01,
           "markup_range": 0.0015820899968768726,
           "max_n_entry_orders": 9,
           "min_markup": 0.003,
           "n_close_orders": 9,
           "wallet_exposure_limit": 0.1}}