{"config_name": "neat_grid_0days",
 "logging_level": 0,
 "long": {"auto_unstuck_ema_dist": 0.0716583793240196,
          "auto_unstuck_wallet_exposure_threshold": 0.32296119248466737,
          "backwards_tp": true,
          "ema_span_0": 72.33770010115708,
          "ema_span_1": 373.537030594386,
          "enabled": true,
          "eprice_exp_base": 1.325313484720938,
          "eqty_exp_base": 1.5055208088967222,
          "grid_span": 0.4049842407624101,
          "initial_eprice_ema_dist": -0.09976086698499226,
          "initial_qty_pct": 0.01,
          "markup_range": 0.0017972675995567857,
          "max_n_entry_orders": 9,
          "min_markup": 0.0027883360898353017,
          "n_close_orders": 9,
          "wallet_exposure_limit": 0.1},
 "short": {"auto_unstuck_ema_dist": 0.027255814222190564,
           "auto_unstuck_wallet_exposure_threshold": 0.37918744466389925,
           "backwards_tp": true,
           "ema_span_0": 2460.8153013471865,
           "ema_span_1": 6563.5442523333295,
           "enabled": true,
           "eprice_exp_base": 1.3752536780440576,
           "eqty_exp_base": 1.5599329625187865,
           "grid_span": 0.4146127980002927,
           "initial_eprice_ema_dist": -0.0818082806885449,
           "initial_qty_pct": 0.01,
           "markup_range": 0.0019255803031069314,
           "max_n_entry_orders": 7,
           "min_markup": 0.002915062681104161,
           "n_close_orders": 17,
           "wallet_exposure_limit": 0.1}}