{"config_name": "recursive_grid_0days",
 "logging_level": 0,
 "long": {"auto_unstuck_ema_dist": -0.0021254646246583347,
          "auto_unstuck_wallet_exposure_threshold": 0.09206385261670146,
          "backwards_tp": true,
          "ddown_factor": 1.5196428185033022,
          "ema_span_0": 247.10990502963392,
          "ema_span_1": 1434.0621389504552,
          "enabled": true,
          "initial_eprice_ema_dist": 0.008785045511022205,
          "initial_qty_pct": 0.02359590169704501,
          "markup_range": 0.005854330238453848,
          "min_markup": 0.0093560234421023,
          "n_close_orders": 15,
          "rentry_pprice_dist": 0.02744352851306229,
          "rentry_pprice_dist_wallet_exposure_weighting": 2.7939628709205655,
          "wallet_exposure_limit": 0.3},
 "short": {"auto_unstuck_ema_dist": -0.07878958600660714,
           "auto_unstuck_wallet_exposure_threshold": 0.08764837597962155,
           "backwards_tp": true,
           "ddown_factor": 0.9211986279739564,
           "ema_span_0": 258.8762385652581,
           "ema_span_1": 1173.9087478343274,
           "enabled": false,
           "initial_eprice_ema_dist": -0.08217524568420032,
           "initial_qty_pct": 0.042731723118537464,
           "markup_range": 0.0382080774514413,
           "min_markup": 0.007828474300498373,
           "n_close_orders": 15,
           "rentry_pprice_dist": 0.03833306651695493,
           "rentry_pprice_dist_wallet_exposure_weighting": 31.984280340949528,
           "wallet_exposure_limit": 1.0}}