{"config_name": "emas_0days",
 "long": {"delay_between_fills_minutes_close": 329.66682517647337,
          "delay_between_fills_minutes_entry": 459.978939687604,
          "delay_weight_close": 61.84522567940836,
          "delay_weight_entry": 37.89349177142185,
          "ema_dist_lower": -0.968263557936882,
          "ema_dist_upper": -0.03492887071743751,
          "ema_span_0": 658.1595345888655,
          "ema_span_1": 920.5320443800373,
          "enabled": true,
          "markup_range": 0.01980988608090118,
          "min_markup": 0.01862393808455516,
          "n_close_orders": 2,
          "qty_pct_close": 0.060566203970763274,
          "qty_pct_entry": 0.008056960632775532,
          "wallet_exposure_limit": 0.25,
          "we_multiplier_close": 1.1989986868806728,
          "we_multiplier_entry": 148.84919337422699},
 "short": {"delay_between_fills_minutes_close": 402.74683155153565,
           "delay_between_fills_minutes_entry": 441.04899048137355,
           "delay_weight_close": 53.03024435084188,
           "delay_weight_entry": 9.792362881779901,
           "ema_dist_lower": -0.29520896112579975,
           "ema_dist_upper": -0.0017974156478509449,
           "ema_span_0": 103.15407254879659,
           "ema_span_1": 2635.6257229351327,
           "enabled": true,
           "markup_range": 0.016442981153806005,
           "min_markup": 0.01972035818925116,
           "n_close_orders": 3,
           "qty_pct_close": 0.004403584883120265,
           "qty_pct_entry": 0.023734977445532386,
           "wallet_exposure_limit": 0.1,
           "we_multiplier_close": 150,
           "we_multiplier_entry": 88.39331770738963}}