{"config_name": "clock_0days",
 "long": {"backwards_tp": true,
          "delay_between_fills_minutes_close": 480.1470252070881,
          "delay_between_fills_minutes_entry": 434.3188286846129,
          "delay_weight_close": 87.63206861018298,
          "delay_weight_entry": 34.2925892460926,
          "ema_dist_close": -0.440105100898906,
          "ema_dist_entry": 0.0014472189124608015,
          "ema_span_0": 1935.7831383166244,
          "ema_span_1": 603.3740049804123,
          "enabled": true,
          "markup_range": 0.015344150961039036,
          "min_markup": 0.006837194244760746,
          "n_close_orders": 3,
          "qty_pct_close": 0.014588934639823158,
          "qty_pct_entry": 0.014022697489200967,
          "wallet_exposure_limit": 0.3,
          "we_multiplier_close": 5.889289649112799,
          "we_multiplier_entry": 54.17085693169793},
 "short": {"backwards_tp": true,
           "delay_between_fills_minutes_close": 3.0852723056040983,
           "delay_between_fills_minutes_entry": 445.2187292479318,
           "delay_weight_close": 76.63286292037917,
           "delay_weight_entry": 52.57281437658189,
           "ema_dist_close": -0.04976245523475049,
           "ema_dist_entry": -0.00240853594935362,
           "ema_span_0": 176.3094942393507,
           "ema_span_1": 155.68307351860363,
           "enabled": false,
           "markup_range": 0.019402503688581207,
           "min_markup": 0.09386109149121614,
           "n_close_orders": 4,
           "qty_pct_close": 0.5078532340340124,
           "qty_pct_entry": 0.4649832476792426,
           "wallet_exposure_limit": 1.0,
           "we_multiplier_close": 7.4708976639107885,
           "we_multiplier_entry": 97.873098140468}}