{"config_name": "recursive_grid_0days",
 "logging_level": 0,
 "long": {"auto_unstuck_ema_dist": 0.0029946994867911126,
          "auto_unstuck_wallet_exposure_threshold": 0.7266443240545699,
          "backwards_tp": true,
          "ddown_factor": 3.0,
          "ema_span_0": 279.1977812520498,
          "ema_span_1": 254.69228558402662,
          "enabled": true,
          "initial_eprice_ema_dist": -0.09937168359652425,
          "initial_qty_pct": 0.04904646556397007,
          "markup_range": 0.005,
          "min_markup": 0.004,
          "n_close_orders": 4,
          "rentry_pprice_dist": 0.005,
          "rentry_pprice_dist_wallet_exposure_weighting": 76.35698723840422,
          "wallet_exposure_limit": 0.1},
 "short": {"auto_unstuck_ema_dist": 0.05077129336401047,
           "auto_unstuck_wallet_exposure_threshold": 0.4643683177670695,
           "backwards_tp": true,
           "ddown_factor": 1.4282358543714,
           "ema_span_0": 1780.6196552713313,
           "ema_span_1": 7988.984078372684,
           "enabled": false,
           "initial_eprice_ema_dist": -0.049562317226076735,
           "initial_qty_pct": 0.02860540144487582,
           "markup_range": 0.035183477415041575,
           "min_markup": 0.00464324391623939,
           "n_close_orders": 14,
           "rentry_pprice_dist": 0.01814422528136358,
           "rentry_pprice_dist_wallet_exposure_weighting": 33.80578413595839,
           "wallet_exposure_limit": 0.1}}