{"config_name": "neat_grid_0days",
 "logging_level": 0,
 "long": {"auto_unstuck_ema_dist": 0.003,
          "auto_unstuck_wallet_exposure_threshold": 0.0787051645949326,
          "backwards_tp": false,
          "ema_span_0": 1149.9137995031865,
          "ema_span_1": 1392.0605047257272,
          "enabled": true,
          "eprice_exp_base": 1.1476103916065592,
          "eqty_exp_base": 1.7155220545114553,
          "grid_span": 0.20487869175216566,
          "initial_eprice_ema_dist": -0.0049804770911144065,
          "initial_qty_pct": 0.01,
          "markup_range": 0.0031041010569652348,
          "max_n_entry_orders": 8,
          "min_markup": 0.004275,
          "n_close_orders": 1,
          "wallet_exposure_limit": 1},
 "short": {"auto_unstuck_ema_dist": -0.08848932990563743,
           "auto_unstuck_wallet_exposure_threshold": 0.0682313390028598,
           "backwards_tp": false,
           "ema_span_0": 652.0925410295872,
           "ema_span_1": 1305.1000165728487,
           "enabled": false,
           "eprice_exp_base": 2.879016690948093,
           "eqty_exp_base": 1.2096338133044844,
           "grid_span": 0.4859081558360995,
           "initial_eprice_ema_dist": -0.02070755518050353,
           "initial_qty_pct": 0.09012126239722763,
           "markup_range": 0.049357929523794676,
           "max_n_entry_orders": 22,
           "min_markup": 0.006561690228413654,
           "n_close_orders": 7,
           "wallet_exposure_limit": 1}}