{"config_name": "recursive_grid_0days",
 "logging_level": 0,
 "long": {"auto_unstuck_ema_dist": 0,
          "auto_unstuck_wallet_exposure_threshold": 0.08615153640348712,
          "backwards_tp": true,
          "ddown_factor": 1.1783659904647716,
          "ema_span_0": 643.2292376112142,
          "ema_span_1": 1171.7727460292006,
          "enabled": true,
          "initial_eprice_ema_dist": 0.005090864298520847,
          "initial_qty_pct": 0.02733544737009487,
          "markup_range": 0.0063000229809482295,
          "min_markup": 0.009312024764059883,
          "n_close_orders": 15,
          "rentry_pprice_dist": 0.03626197179142457,
          "rentry_pprice_dist_wallet_exposure_weighting": 0.8504677829735586,
          "wallet_exposure_limit": 0.3},
 "short": {"auto_unstuck_ema_dist": -0.022977417395308578,
           "auto_unstuck_wallet_exposure_threshold": 0.034870609996178754,
           "backwards_tp": true,
           "ddown_factor": 2.8453153062096295,
           "ema_span_0": 973.5120717196863,
           "ema_span_1": 892.1883250752634,
           "enabled": false,
           "initial_eprice_ema_dist": -0.06932745091381848,
           "initial_qty_pct": 0.05051814019863751,
           "markup_range": 0.026580742422610052,
           "min_markup": 0.004493617789281187,
           "n_close_orders": 5,
           "rentry_pprice_dist": 0.008238471567459715,
           "rentry_pprice_dist_wallet_exposure_weighting": 10.070734416135235,
           "wallet_exposure_limit": 1.0}}