{"config_name": "clock_0days",
 "long": {"delay_between_fills_minutes_close": 287.61829396481164,
          "delay_between_fills_minutes_entry": 432.0244346904345,
          "delay_weight_close": 77.06452625387895,
          "delay_weight_entry": 37.918342413005576,
          "ema_dist_lower": -0.9104354900777044,
          "ema_dist_upper": -0.03573250382366206,
          "ema_span_0": 970.0124257112898,
          "ema_span_1": 126.60398837918811,
          "enabled": true,
          "markup_range": 0.01964175503541954,
          "min_markup": 0.01955776723386204,
          "n_close_orders": 6,
          "qty_pct_close": 0.01551419099115833,
          "qty_pct_entry": 0.01158906759454437,
          "wallet_exposure_limit": 0.3,
          "we_multiplier_close": 24.177920253165038,
          "we_multiplier_entry": 89.17799195160295},
 "short": {"delay_between_fills_minutes_close": 475.82025859568466,
           "delay_between_fills_minutes_entry": 641.8407857679447,
           "delay_weight_close": 8.058239083815991,
           "delay_weight_entry": 10.934825391165415,
           "ema_dist_lower": 0.014351552990691786,
           "ema_dist_upper": 0.006430771868654415,
           "ema_span_0": 791.4550743456703,
           "ema_span_1": 1881.1501305876793,
           "enabled": false,
           "markup_range": 0.09732689173017371,
           "min_markup": 0.09491776375948538,
           "n_close_orders": 11,
           "qty_pct_close": 0.041527581455689924,
           "qty_pct_entry": 0.06851177128301802,
           "wallet_exposure_limit": 1.0,
           "we_multiplier_close": 7.130476643768095,
           "we_multiplier_entry": 67.88126534954473}}