{"config_name": "recursive_grid_0days",
 "logging_level": 0,
 "long": {"auto_unstuck_ema_dist": 0,
          "auto_unstuck_wallet_exposure_threshold": 0.0,
          "backwards_tp": false,
          "ddown_factor": 1.697041691333455,
          "ema_span_0": 118.59042211394764,
          "ema_span_1": 470.18141016314917,
          "enabled": true,
          "initial_eprice_ema_dist": -0.07453666296977779,
          "initial_qty_pct": 0.004102009506972552,
          "markup_range": 0.05194863386166659,
          "min_markup": 0.007231363753426228,
          "n_close_orders": 2,
          "rentry_pprice_dist": 0.029663384555229145,
          "rentry_pprice_dist_wallet_exposure_weighting": 0.3623336019233592,
          "wallet_exposure_limit": 0.2},
 "short": {"auto_unstuck_ema_dist": -0.005307113044109205,
           "auto_unstuck_wallet_exposure_threshold": 0.06301867122391923,
           "backwards_tp": false,
           "ddown_factor": 1.5249131342490954,
           "ema_span_0": 1367.4668588702423,
           "ema_span_1": 5,
           "enabled": false,
           "initial_eprice_ema_dist": -0.0026588609088671056,
           "initial_qty_pct": 0.03353389622873142,
           "markup_range": 0.01921216709338383,
           "min_markup": 0.0017618693218433056,
           "n_close_orders": 12,
           "rentry_pprice_dist": 0.020131495515739128,
           "rentry_pprice_dist_wallet_exposure_weighting": 3.452938393544733,
           "wallet_exposure_limit": 1}}