{"config_name": "recursive_grid_0days",
 "logging_level": 0,
 "long": {"auto_unstuck_ema_dist": 0,
          "auto_unstuck_wallet_exposure_threshold": 0.0,
          "backwards_tp": false,
          "ddown_factor": 0.42436875228959703,
          "ema_span_0": 182.03801993730178,
          "ema_span_1": 133.8468231017272,
          "enabled": true,
          "initial_eprice_ema_dist": -0.060884447248360736,
          "initial_qty_pct": 0.002359053305125927,
          "markup_range": 0.008747495536452439,
          "min_markup": 0.004360919091672951,
          "n_close_orders": 5,
          "rentry_pprice_dist": 0.019130578513477305,
          "rentry_pprice_dist_wallet_exposure_weighting": 2.1941174242449417,
          "wallet_exposure_limit": 0.2},
 "short": {"auto_unstuck_ema_dist": -0.0027192563816012677,
           "auto_unstuck_wallet_exposure_threshold": 0.06841885281238355,
           "backwards_tp": false,
           "ddown_factor": 1.1469245909119268,
           "ema_span_0": 11.844922006154388,
           "ema_span_1": 608.2530623043596,
           "enabled": false,
           "initial_eprice_ema_dist": -0.053761475940550085,
           "initial_qty_pct": 0.040768899544895855,
           "markup_range": 0.048759312187548844,
           "min_markup": 0.0022017903087183863,
           "n_close_orders": 3,
           "rentry_pprice_dist": 0.02409719715843242,
           "rentry_pprice_dist_wallet_exposure_weighting": 16.191445255201153,
           "wallet_exposure_limit": 1.0}}