{"config_name": "recursive_grid_0days",
 "logging_level": 0,
 "long": {"auto_unstuck_ema_dist": 0,
          "auto_unstuck_wallet_exposure_threshold": 0.0,
          "backwards_tp": false,
          "ddown_factor": 0.6131466285331512,
          "ema_span_0": 91.57813933866491,
          "ema_span_1": 83.73809202784473,
          "enabled": true,
          "initial_eprice_ema_dist": -0.02869610620175727,
          "initial_qty_pct": 0.0017660664914281215,
          "markup_range": 0.016466570727623753,
          "min_markup": 0.01032911644800937,
          "n_close_orders": 4,
          "rentry_pprice_dist": 0.02641704894012241,
          "rentry_pprice_dist_wallet_exposure_weighting": 0.9391916661301638,
          "wallet_exposure_limit": 0.2},
 "short": {"auto_unstuck_ema_dist": -0.044540015026349696,
           "auto_unstuck_wallet_exposure_threshold": 0.04474132852347623,
           "backwards_tp": false,
           "ddown_factor": 2.747966720235613,
           "ema_span_0": 856.8926770331249,
           "ema_span_1": 1317.6672166909543,
           "enabled": false,
           "initial_eprice_ema_dist": -0.04633516520169497,
           "initial_qty_pct": 0.08846614072902666,
           "markup_range": 0.025671757533140046,
           "min_markup": 0.006082445584504931,
           "n_close_orders": 10,
           "rentry_pprice_dist": 0.0071280775967662805,
           "rentry_pprice_dist_wallet_exposure_weighting": 14.70023200026755,
           "wallet_exposure_limit": 1.0}}