{"config_name": "clock_0days",
 "long": {"backwards_tp": true,
          "delay_between_fills_minutes_close": 388.5123036184955,
          "delay_between_fills_minutes_entry": 472.5475890543686,
          "delay_weight_close": 83.94750990564282,
          "delay_weight_entry": 22.368239705043436,
          "ema_dist_close": -0.00394540600088759,
          "ema_dist_entry": -0.8139983808698432,
          "ema_span_0": 500,
          "ema_span_1": 154.41371608360384,
          "enabled": true,
          "markup_range": 0.017531205933695906,
          "min_markup": 0.01,
          "n_close_orders": 3,
          "qty_pct_close": 0.01,
          "qty_pct_entry": 0.01,
          "wallet_exposure_limit": 0.3,
          "we_multiplier_close": 2.65239206207304,
          "we_multiplier_entry": 27.363065406401116},
 "short": {"backwards_tp": true,
           "delay_between_fills_minutes_close": 323.8098249788323,
           "delay_between_fills_minutes_entry": 20.39301236796938,
           "delay_weight_close": 41.622622794357696,
           "delay_weight_entry": 132.7940752866431,
           "ema_dist_close": -0.6460353272435775,
           "ema_dist_entry": -0.6671141356796305,
           "ema_span_0": 120.50320551569298,
           "ema_span_1": 313.92880559851807,
           "enabled": false,
           "markup_range": 0.010334083179092375,
           "min_markup": 0.06254944348910171,
           "n_close_orders": 4,
           "qty_pct_close": 0.01,
           "qty_pct_entry": 0.01,
           "wallet_exposure_limit": 1,
           "we_multiplier_close": 147.83947014600662,
           "we_multiplier_entry": 72.55485252537127}}