{"config_name": "recursive_grid_0days",
 "logging_level": 0,
 "long": {"auto_unstuck_ema_dist": 0,
          "auto_unstuck_wallet_exposure_threshold": 0.0,
          "backwards_tp": false,
          "ddown_factor": 0.9792768233021687,
          "ema_span_0": 136.79297213359354,
          "ema_span_1": 111.03096349812795,
          "enabled": true,
          "initial_eprice_ema_dist": -0.04316248174497436,
          "initial_qty_pct": 0.0014954436750647753,
          "markup_range": 0.015978980973314322,
          "min_markup": 0.009604486728911463,
          "n_close_orders": 3,
          "rentry_pprice_dist": 0.02786610355345523,
          "rentry_pprice_dist_wallet_exposure_weighting": 1.3747777968559163,
          "wallet_exposure_limit": 0.2},
 "short": {"auto_unstuck_ema_dist": -0.055246617059482916,
           "auto_unstuck_wallet_exposure_threshold": 0.05762987747198692,
           "backwards_tp": false,
           "ddown_factor": 1.9862988764566258,
           "ema_span_0": 242.48203959621438,
           "ema_span_1": 1235.622901907364,
           "enabled": false,
           "initial_eprice_ema_dist": -0.07492376370227602,
           "initial_qty_pct": 0.036912056629683505,
           "markup_range": 0.03783843556494464,
           "min_markup": 0.0056932629223824345,
           "n_close_orders": 13,
           "rentry_pprice_dist": 0.009679667125384404,
           "rentry_pprice_dist_wallet_exposure_weighting": 19.21834515352554,
           "wallet_exposure_limit": 1.0}}