{"config_name": "recursive_grid_0days",
 "logging_level": 0,
 "long": {"auto_unstuck_ema_dist": 0,
          "auto_unstuck_wallet_exposure_threshold": 0.0,
          "backwards_tp": false,
          "ddown_factor": 2.483835054861163,
          "ema_span_0": 153.80449881033203,
          "ema_span_1": 496.611269616231,
          "enabled": true,
          "initial_eprice_ema_dist": -0.12109121858489415,
          "initial_qty_pct": 0.0028086168479669773,
          "markup_range": 0.05194863386166659,
          "min_markup": 0.010561194433435443,
          "n_close_orders": 2,
          "rentry_pprice_dist": 0.02981428069917951,
          "rentry_pprice_dist_wallet_exposure_weighting": 0.906956277489307,
          "wallet_exposure_limit": 0.2},
 "short": {"auto_unstuck_ema_dist": -0.04278018686211079,
           "auto_unstuck_wallet_exposure_threshold": 0.06857501205336973,
           "backwards_tp": false,
           "ddown_factor": 0.34964061019941095,
           "ema_span_0": 1262.4234525820395,
           "ema_span_1": 594.3917623467947,
           "enabled": false,
           "initial_eprice_ema_dist": -0.0015551796726242257,
           "initial_qty_pct": 0.02726952769158912,
           "markup_range": 0.05062350419525358,
           "min_markup": 0.006935081959303974,
           "n_close_orders": 5,
           "rentry_pprice_dist": 0.03020997905595527,
           "rentry_pprice_dist_wallet_exposure_weighting": 8.558246489710598,
           "wallet_exposure_limit": 1.0}}