{"config_name": "clock_0days",
 "long": {"delay_between_fills_minutes_close": 458.0873465891792,
          "delay_between_fills_minutes_entry": 500,
          "delay_weight_close": 131.97149954026793,
          "delay_weight_entry": 31.234851407608247,
          "ema_dist_lower": 0.005357721847173577,
          "ema_dist_upper": -0.04426227869753018,
          "ema_span_0": 503.7305261008673,
          "ema_span_1": 57.346417401106635,
          "enabled": true,
          "markup_range": 0.02982567640087416,
          "min_markup": 0.03,
          "n_close_orders": 8,
          "qty_pct_close": 0.012709028806813802,
          "qty_pct_entry": 0.0184406398329077,
          "wallet_exposure_limit": 0.3,
          "we_multiplier_close": 59.62609516219127,
          "we_multiplier_entry": 129.59884125076275},
 "short": {"delay_between_fills_minutes_close": 450.4636116261643,
           "delay_between_fills_minutes_entry": 263.8571586120819,
           "delay_weight_close": 7.9944950407933195,
           "delay_weight_entry": 0.7682745113618883,
           "ema_dist_lower": 0.011771134697244001,
           "ema_dist_upper": 0.006167798729507785,
           "ema_span_0": 446.4190942516145,
           "ema_span_1": 807.4642991110246,
           "enabled": false,
           "markup_range": 0.09635149137373497,
           "min_markup": 0.05834010848596532,
           "n_close_orders": 3,
           "qty_pct_close": 0.0367346448451634,
           "qty_pct_entry": 0.03589007293462465,
           "wallet_exposure_limit": 1.0,
           "we_multiplier_close": 7.644551850702904,
           "we_multiplier_entry": 30.688889195200787}}