{"config_name": "neat_grid_0days",
 "logging_level": 0,
 "long": {"auto_unstuck_ema_dist": 0.003,
          "auto_unstuck_wallet_exposure_threshold": 0.0531466529739407,
          "backwards_tp": false,
          "ema_span_0": 398.50026387140366,
          "ema_span_1": 1440,
          "enabled": true,
          "eprice_exp_base": 1.1232144676077969,
          "eqty_exp_base": 3.625,
          "grid_span": 0.1151750270420549,
          "initial_eprice_ema_dist": -0.0014177599105865291,
          "initial_qty_pct": 0.01,
          "markup_range": 0.0030257082888005683,
          "max_n_entry_orders": 14,
          "min_markup": 0.004275,
          "n_close_orders": 1,
          "wallet_exposure_limit": 1},
 "short": {"auto_unstuck_ema_dist": -0.005580501924114828,
           "auto_unstuck_wallet_exposure_threshold": 0.073374359557798,
           "backwards_tp": false,
           "ema_span_0": 712.4755008643865,
           "ema_span_1": 1127.2247751781608,
           "enabled": false,
           "eprice_exp_base": 1.0625047140860173,
           "eqty_exp_base": 3.8092590343480843,
           "grid_span": 0.19769512811798676,
           "initial_eprice_ema_dist": -0.07343524854339525,
           "initial_qty_pct": 0.07415113441629688,
           "markup_range": 0.05432717036674068,
           "max_n_entry_orders": 11,
           "min_markup": 0.003870056048842309,
           "n_close_orders": 11,
           "wallet_exposure_limit": 1}}