{"config_name": "neat_grid_EOSUSDT_905days",
 "logging_level": 0,
 "long": {"auto_unstuck_ema_dist": 0.0,
          "auto_unstuck_wallet_exposure_threshold": 0,
          "backwards_tp": true,
          "ema_span_0": 71.15131222905852,
          "ema_span_1": 1073.680621095807,
          "enabled": true,
          "eprice_exp_base": 1.2974390872395662,
          "eqty_exp_base": 2.8080970073367384,
          "grid_span": 0.24613276462578715,
          "initial_eprice_ema_dist": -0.09283030236251462,
          "initial_qty_pct": 0.0102388967295567,
          "markup_range": 0.019557815708936627,
          "max_n_entry_orders": 7,
          "min_markup": 0.002,
          "n_close_orders": 9,
          "wallet_exposure_limit": 1},
 "short": {"auto_unstuck_ema_dist": 0.0,
           "auto_unstuck_wallet_exposure_threshold": 0,
           "backwards_tp": true,
           "ema_span_0": 2965.5483288646496,
           "ema_span_1": 6411.01934927865,
           "enabled": true,
           "eprice_exp_base": 1.3159260646427744,
           "eqty_exp_base": 3,
           "grid_span": 0.17841894179617893,
           "initial_eprice_ema_dist": -0.09837652302234527,
           "initial_qty_pct": 0.02144084706196651,
           "markup_range": 0.016460819728854017,
           "max_n_entry_orders": 7,
           "min_markup": 0.006510366950149196,
           "n_close_orders": 15,
           "wallet_exposure_limit": 0.1}}