{"config_name": "recursive_grid_0days",
 "logging_level": 0,
 "long": {"auto_unstuck_ema_dist": 0,
          "auto_unstuck_wallet_exposure_threshold": 0.0,
          "backwards_tp": false,
          "ddown_factor": 0.939080795344898,
          "ema_span_0": 600.7517523248835,
          "ema_span_1": 405.50961379159844,
          "enabled": true,
          "initial_eprice_ema_dist": -0.03979342107652126,
          "initial_qty_pct": 0.005532394758947829,
          "markup_range": 0.04912699245216293,
          "min_markup": 0.010425467833082784,
          "n_close_orders": 8,
          "rentry_pprice_dist": 0.03321340450631688,
          "rentry_pprice_dist_wallet_exposure_weighting": 3.6527576993979913,
          "wallet_exposure_limit": 0.2},
 "short": {"auto_unstuck_ema_dist": -0.04296056760417147,
           "auto_unstuck_wallet_exposure_threshold": 0.09377744102298674,
           "backwards_tp": false,
           "ddown_factor": 2.853631330665923,
           "ema_span_0": 85.20936959558725,
           "ema_span_1": 1280.0721492320947,
           "enabled": false,
           "initial_eprice_ema_dist": -0.009684801812677654,
           "initial_qty_pct": 0.08378916277782797,
           "markup_range": 0.01824206203984319,
           "min_markup": 0.006708312993872468,
           "n_close_orders": 6,
           "rentry_pprice_dist": 0.018174812791566512,
           "rentry_pprice_dist_wallet_exposure_weighting": 19.209585866025385,
           "wallet_exposure_limit": 1.0}}