{"config_name": "recursive_grid_0days",
 "logging_level": 0,
 "long": {"auto_unstuck_ema_dist": 0,
          "auto_unstuck_wallet_exposure_threshold": 0.0,
          "backwards_tp": true,
          "ddown_factor": 2.043725849860637,
          "ema_span_0": 526.4568290966083,
          "ema_span_1": 372.92870071283573,
          "enabled": true,
          "initial_eprice_ema_dist": 0.010796116838822424,
          "initial_qty_pct": 0.014055483687678656,
          "markup_range": 0.003897892820671922,
          "min_markup": 0.00344650316996834,
          "n_close_orders": 7,
          "rentry_pprice_dist": 0.021073142156797665,
          "rentry_pprice_dist_wallet_exposure_weighting": 3.0188146691976545,
          "wallet_exposure_limit": 0.3},
 "short": {"auto_unstuck_ema_dist": -0.09571471031167916,
           "auto_unstuck_wallet_exposure_threshold": 0.06062858338668063,
           "backwards_tp": true,
           "ddown_factor": 0.17261349246317437,
           "ema_span_0": 847.873403967728,
           "ema_span_1": 1126.3775060242433,
           "enabled": false,
           "initial_eprice_ema_dist": -0.049670981893475144,
           "initial_qty_pct": 0.04708194872975763,
           "markup_range": 0.04392374467494546,
           "min_markup": 0.007401363997816497,
           "n_close_orders": 5,
           "rentry_pprice_dist": 0.018960265595694966,
           "rentry_pprice_dist_wallet_exposure_weighting": 13.265611429033788,
           "wallet_exposure_limit": 1.0}}