{"config_name": "clock_0days",
 "long": {"backwards_tp": true,
          "delay_between_fills_minutes_close": 266.8696378918914,
          "delay_between_fills_minutes_entry": 216.80398791160536,
          "delay_weight_close": 62.616062506940594,
          "delay_weight_entry": 39.00949728721293,
          "ema_dist_close": -0.005038011191197812,
          "ema_dist_entry": 0.013627611472792876,
          "ema_span_0": 866.9164828982885,
          "ema_span_1": 384.4242702262069,
          "enabled": true,
          "markup_range": 0.027711331377106466,
          "min_markup": 0.008514775063011919,
          "n_close_orders": 10,
          "qty_pct_close": 0.014047938731695558,
          "qty_pct_entry": 0.014046153408524293,
          "wallet_exposure_limit": 0.3,
          "we_multiplier_close": 44.99081051847598,
          "we_multiplier_entry": 37.177906748598126},
 "short": {"backwards_tp": true,
           "delay_between_fills_minutes_close": 129.10023341592375,
           "delay_between_fills_minutes_entry": 1209.8417269860454,
           "delay_weight_close": 94.81242180076036,
           "delay_weight_entry": 38.59025214024798,
           "ema_dist_close": -0.02768986659811499,
           "ema_dist_entry": -0.014849686722253147,
           "ema_span_0": 385.4483148272263,
           "ema_span_1": 58.46165700056965,
           "enabled": false,
           "markup_range": 0.08047202377536042,
           "min_markup": 0.005633931206633001,
           "n_close_orders": 4,
           "qty_pct_close": 0.11537974258348849,
           "qty_pct_entry": 0.3848498365190633,
           "wallet_exposure_limit": 1.0,
           "we_multiplier_close": 0.19181963334661045,
           "we_multiplier_entry": 28.365289579312236}}