{"config_name": "recursive_grid_0days",
 "logging_level": 0,
 "long": {"auto_unstuck_ema_dist": 0.028258552499422832,
          "auto_unstuck_wallet_exposure_threshold": 0.0027588917949396743,
          "backwards_tp": true,
          "ddown_factor": 1.1878165187891534,
          "ema_span_0": 667.2159434102374,
          "ema_span_1": 681.5182279241438,
          "enabled": true,
          "initial_eprice_ema_dist": 0.010103593757841523,
          "initial_qty_pct": 0.016535667775437673,
          "markup_range": 0.009062226078862822,
          "min_markup": 0.0035541883242689166,
          "n_close_orders": 4,
          "rentry_pprice_dist": 0.031218798406014353,
          "rentry_pprice_dist_wallet_exposure_weighting": 3.3652827611729146,
          "wallet_exposure_limit": 0.3},
 "short": {"auto_unstuck_ema_dist": 0.01302226207815885,
           "auto_unstuck_wallet_exposure_threshold": 0.006841936978206915,
           "backwards_tp": true,
           "ddown_factor": 1.4222155110145904,
           "ema_span_0": 720,
           "ema_span_1": 1110.293093173445,
           "enabled": true,
           "initial_eprice_ema_dist": 0.0057514606087787955,
           "initial_qty_pct": 0.01170709357400732,
           "markup_range": 0.006577542811223432,
           "min_markup": 0.005006560258493787,
           "n_close_orders": 15,
           "rentry_pprice_dist": 0.018883920684576623,
           "rentry_pprice_dist_wallet_exposure_weighting": 2.6075575471625565,
           "wallet_exposure_limit": 0.1}}