{"config_name": "recursive_grid_0days",
 "logging_level": 0,
 "long": {"auto_unstuck_ema_dist": -0.0036408958072448993,
          "auto_unstuck_wallet_exposure_threshold": 0.05148602377378746,
          "backwards_tp": true,
          "ddown_factor": 2.137107948277022,
          "ema_span_0": 103.61802907582961,
          "ema_span_1": 691.3998916414837,
          "enabled": true,
          "initial_eprice_ema_dist": 0.008844793264075591,
          "initial_qty_pct": 0.020695362161112365,
          "markup_range": 0.00395995006799029,
          "min_markup": 0.004337516955913466,
          "n_close_orders": 7,
          "rentry_pprice_dist": 0.0154717401624495,
          "rentry_pprice_dist_wallet_exposure_weighting": 4.148660234906355,
          "wallet_exposure_limit": 0.3},
 "short": {"auto_unstuck_ema_dist": -0.04768119665143119,
           "auto_unstuck_wallet_exposure_threshold": 0.07111440269084943,
           "backwards_tp": true,
           "ddown_factor": 1.7988176600573091,
           "ema_span_0": 425.20643804683345,
           "ema_span_1": 272.1943878129466,
           "enabled": false,
           "initial_eprice_ema_dist": -0.01709413624271336,
           "initial_qty_pct": 0.059482476787123775,
           "markup_range": 0.05164385767963624,
           "min_markup": 0.003967580061226224,
           "n_close_orders": 16,
           "rentry_pprice_dist": 0.037414360244868924,
           "rentry_pprice_dist_wallet_exposure_weighting": 15.110882935871661,
           "wallet_exposure_limit": 1.0}}