{"config_name": "recursive_grid_0days",
 "logging_level": 0,
 "long": {"auto_unstuck_ema_dist": 0,
          "auto_unstuck_wallet_exposure_threshold": 0.0,
          "backwards_tp": false,
          "ddown_factor": 1.7977015138125378,
          "ema_span_0": 73.1865742398833,
          "ema_span_1": 81.10173147731795,
          "enabled": true,
          "initial_eprice_ema_dist": -0.05352885016624071,
          "initial_qty_pct": 0.0011915730747166023,
          "markup_range": 0.008790545747202517,
          "min_markup": 0.006820711957463358,
          "n_close_orders": 6,
          "rentry_pprice_dist": 0.008584764630856032,
          "rentry_pprice_dist_wallet_exposure_weighting": 0.28780485490532826,
          "wallet_exposure_limit": 0.2},
 "short": {"auto_unstuck_ema_dist": -0.05502541186414803,
           "auto_unstuck_wallet_exposure_threshold": 0.07480822929162088,
           "backwards_tp": false,
           "ddown_factor": 1.2141987606096263,
           "ema_span_0": 163.04265889880986,
           "ema_span_1": 1346.542885851063,
           "enabled": false,
           "initial_eprice_ema_dist": -0.008592541554509031,
           "initial_qty_pct": 0.02154399734738767,
           "markup_range": 0.021120000741116418,
           "min_markup": 0.006945610025165925,
           "n_close_orders": 16,
           "rentry_pprice_dist": 0.011605118961739325,
           "rentry_pprice_dist_wallet_exposure_weighting": 4.247997343253562,
           "wallet_exposure_limit": 1.0}}