{"config_name": "clock_0days",
 "long": {"backwards_tp": false,
          "delay_between_fills_minutes_close": 1322.7874118104096,
          "delay_between_fills_minutes_entry": 773.1760023395294,
          "delay_weight_close": 89.18488145540618,
          "delay_weight_entry": 5.666550472548278,
          "ema_dist_close": -7.785590939462673e-05,
          "ema_dist_entry": -0.001989642204575934,
          "ema_span_0": 397.20265721542046,
          "ema_span_1": 1429.609546610693,
          "enabled": true,
          "markup_range": 0.019171882345096054,
          "min_markup": 0.006954990325910746,
          "n_close_orders": 14,
          "qty_pct_close": 0.03889169966812338,
          "qty_pct_entry": 0.01,
          "wallet_exposure_limit": 0.2,
          "we_multiplier_close": 0.5394208903427189,
          "we_multiplier_entry": 97.21306533782081},
 "short": {"backwards_tp": false,
           "delay_between_fills_minutes_close": 589.0679479600768,
           "delay_between_fills_minutes_entry": 1027.0279955525846,
           "delay_weight_close": 85.88844831819632,
           "delay_weight_entry": 94.05290940027824,
           "ema_dist_close": -0.04541222470751902,
           "ema_dist_entry": -0.002776144702738452,
           "ema_span_0": 1093.2039878940943,
           "ema_span_1": 90.36652211522028,
           "enabled": false,
           "markup_range": 0.02215515857845357,
           "min_markup": 0.002791037368772179,
           "n_close_orders": 8,
           "qty_pct_close": 0.05201465478026961,
           "qty_pct_entry": 0.06552376893167855,
           "wallet_exposure_limit": 1.0,
           "we_multiplier_close": 38.327892017608114,
           "we_multiplier_entry": 92.14387240515708}}