{"config_name": "clock_0days",
 "long": {"backwards_tp": true,
          "delay_between_fills_minutes_close": 466.55371499398836,
          "delay_between_fills_minutes_entry": 431.06952855158505,
          "delay_weight_close": 86.62967072325546,
          "delay_weight_entry": 19.877512065650745,
          "ema_dist_close": -0.0043764254845879424,
          "ema_dist_entry": -0.5063649981428879,
          "ema_span_0": 565.0591723392384,
          "ema_span_1": 556.5019665130621,
          "enabled": true,
          "markup_range": 0.016385281171989716,
          "min_markup": 0.006626269971843711,
          "n_close_orders": 10,
          "qty_pct_close": 0.013406732692741966,
          "qty_pct_entry": 0.017038796697038283,
          "wallet_exposure_limit": 0.3,
          "we_multiplier_close": 71.08162502884682,
          "we_multiplier_entry": 146.9220732247059},
 "short": {"backwards_tp": true,
           "delay_between_fills_minutes_close": 215.87130939014173,
           "delay_between_fills_minutes_entry": 461.1356836635929,
           "delay_weight_close": 133.50575215706618,
           "delay_weight_entry": 125.69115798975764,
           "ema_dist_close": -0.4669928650995624,
           "ema_dist_entry": -0.6009217957384481,
           "ema_span_0": 457.9211086008913,
           "ema_span_1": 386.5600383844124,
           "enabled": false,
           "markup_range": 0.014692090493034667,
           "min_markup": 0.04712961766296331,
           "n_close_orders": 2,
           "qty_pct_close": 0.01,
           "qty_pct_entry": 0.01,
           "wallet_exposure_limit": 1.0,
           "we_multiplier_close": 52.591263093175286,
           "we_multiplier_entry": 14.953486780615233}}