{"config_name": "clock_0days",
 "long": {"backwards_tp": true,
          "delay_between_fills_minutes_close": 377.0283046127262,
          "delay_between_fills_minutes_entry": 460.89899883737695,
          "delay_weight_close": 53.31707077760518,
          "delay_weight_entry": 27.28998241145593,
          "ema_dist_close": -0.6383573230567046,
          "ema_dist_entry": -0.23981276717079544,
          "ema_span_0": 57.49028895962116,
          "ema_span_1": 280.04953219753247,
          "enabled": true,
          "markup_range": 0.025486411767975576,
          "min_markup": 0.0076616196339576335,
          "n_close_orders": 3,
          "qty_pct_close": 0.013988406744767286,
          "qty_pct_entry": 0.010291340107660545,
          "wallet_exposure_limit": 0.3,
          "we_multiplier_close": 7.738771492979048,
          "we_multiplier_entry": 20.221372091341735},
 "short": {"backwards_tp": true,
           "delay_between_fills_minutes_close": 45.865404461631634,
           "delay_between_fills_minutes_entry": 285.89356051203816,
           "delay_weight_close": 82.5573921843733,
           "delay_weight_entry": 61.359983534842854,
           "ema_dist_close": 0.005685672293527511,
           "ema_dist_entry": -0.040976685593405726,
           "ema_span_0": 68.10317104306469,
           "ema_span_1": 1249.841682231099,
           "enabled": false,
           "markup_range": 0.07142084346517841,
           "min_markup": 0.07016405469672465,
           "n_close_orders": 15,
           "qty_pct_close": 0.034465947080205575,
           "qty_pct_entry": 0.7855189106518982,
           "wallet_exposure_limit": 1.0,
           "we_multiplier_close": 2.9033717939535872,
           "we_multiplier_entry": 26.153477758384124}}