{"config_name": "clock_0days",
 "long": {"backwards_tp": true,
          "delay_between_fills_minutes_close": 375.50291293024435,
          "delay_between_fills_minutes_entry": 497.8683931187132,
          "delay_weight_close": 92.74349173086036,
          "delay_weight_entry": 31.99959387263159,
          "ema_dist_close": -0.5556526195155678,
          "ema_dist_entry": -0.2443009160489697,
          "ema_span_0": 432.24370197766126,
          "ema_span_1": 154.33004910250528,
          "enabled": true,
          "markup_range": 0.018287733619920674,
          "min_markup": 0.0032858279301740526,
          "n_close_orders": 2,
          "qty_pct_close": 0.01,
          "qty_pct_entry": 0.01,
          "wallet_exposure_limit": 0.3,
          "we_multiplier_close": 1.2726909991703048,
          "we_multiplier_entry": 27.67894584309384},
 "short": {"backwards_tp": true,
           "delay_between_fills_minutes_close": 34.84084747612559,
           "delay_between_fills_minutes_entry": 23.419871942396824,
           "delay_weight_close": 43.713078717067,
           "delay_weight_entry": 56.101151989022675,
           "ema_dist_close": -0.6030034776937705,
           "ema_dist_entry": -0.6238242025538552,
           "ema_span_0": 168.79924352017176,
           "ema_span_1": 138.89879278517503,
           "enabled": false,
           "markup_range": 0.019889982256698725,
           "min_markup": 0.07561953516441743,
           "n_close_orders": 3,
           "qty_pct_close": 0.01,
           "qty_pct_entry": 0.01,
           "wallet_exposure_limit": 1.0,
           "we_multiplier_close": 19.845069647604547,
           "we_multiplier_entry": 24.0871366196863}}