{"config_name": "clock_0days",
 "long": {"backwards_tp": true,
          "delay_between_fills_minutes_close": 439.42282348194254,
          "delay_between_fills_minutes_entry": 500,
          "delay_weight_close": 110.6045922688676,
          "delay_weight_entry": 21.00728505893519,
          "ema_dist_close": 0.003298267615560596,
          "ema_dist_entry": 0.013078778499309133,
          "ema_span_0": 357.0288273286196,
          "ema_span_1": 326.85947892740836,
          "enabled": true,
          "markup_range": 0.0214195590861421,
          "min_markup": 0.0017046535679816012,
          "n_close_orders": 2,
          "qty_pct_close": 0.010949493463149143,
          "qty_pct_entry": 0.01180607033569346,
          "wallet_exposure_limit": 0.3,
          "we_multiplier_close": 35.00291644383269,
          "we_multiplier_entry": 141.8384966326355},
 "short": {"backwards_tp": true,
           "delay_between_fills_minutes_close": 738.6351903037723,
           "delay_between_fills_minutes_entry": 921.0890613841287,
           "delay_weight_close": 62.89743723185761,
           "delay_weight_entry": 66.47633745042096,
           "ema_dist_close": -0.02378491663719178,
           "ema_dist_entry": -0.011328046497362979,
           "ema_span_0": 875.5857399040466,
           "ema_span_1": 843.5153885061897,
           "enabled": false,
           "markup_range": 0.004661604763330227,
           "min_markup": 0.007916021630374389,
           "n_close_orders": 13,
           "qty_pct_close": 0.08953867663184163,
           "qty_pct_entry": 0.045778364930791536,
           "wallet_exposure_limit": 1.0,
           "we_multiplier_close": 21.195238044021604,
           "we_multiplier_entry": 76.02267646332918}}