{"config_name": "clock_0days",
 "long": {"backwards_tp": false,
          "delay_between_fills_minutes_close": 337.2070436386594,
          "delay_between_fills_minutes_entry": 436.27293025506407,
          "delay_weight_close": 96.48692841329662,
          "delay_weight_entry": 26.03585339970642,
          "ema_dist_close": 0.02,
          "ema_dist_entry": -0.0005208684015180019,
          "ema_span_0": 658.5560686419966,
          "ema_span_1": 700.4717559992138,
          "enabled": true,
          "markup_range": 0.016968842359172377,
          "min_markup": 0.004164069546978043,
          "n_close_orders": 9,
          "qty_pct_close": 0.01049628927281582,
          "qty_pct_entry": 0.014408881627305125,
          "wallet_exposure_limit": 0.3,
          "we_multiplier_close": 0,
          "we_multiplier_entry": 15.59901701214084},
 "short": {"backwards_tp": false,
           "delay_between_fills_minutes_close": 550.1044774793231,
           "delay_between_fills_minutes_entry": 1096.0839738928398,
           "delay_weight_close": 87.09274672971024,
           "delay_weight_entry": 48.12782446253178,
           "ema_dist_close": -0.03741435318183068,
           "ema_dist_entry": -0.0038948314930471045,
           "ema_span_0": 265.153458776705,
           "ema_span_1": 447.81227381166775,
           "enabled": false,
           "markup_range": 0.05518923816954479,
           "min_markup": 0.008315791877845043,
           "n_close_orders": 7,
           "qty_pct_close": 0.08837184137282697,
           "qty_pct_entry": 0.0959638254778085,
           "wallet_exposure_limit": 1.0,
           "we_multiplier_close": 8.40854030716881,
           "we_multiplier_entry": 85.1383345235018}}