{"config_name": "clock_0days",
 "long": {"backwards_tp": true,
          "delay_between_fills_minutes_close": 498.48542181561896,
          "delay_between_fills_minutes_entry": 462.62011183864223,
          "delay_weight_close": 146.89650484984122,
          "delay_weight_entry": 21.466755782867164,
          "ema_dist_close": -0.007160671476033387,
          "ema_dist_entry": 0.009410931132853406,
          "ema_span_0": 206.97520075637377,
          "ema_span_1": 228.79505242611552,
          "enabled": true,
          "markup_range": 0.015260510285889,
          "min_markup": 0.002839340258818776,
          "n_close_orders": 4,
          "qty_pct_close": 0.01,
          "qty_pct_entry": 0.01,
          "wallet_exposure_limit": 0.3,
          "we_multiplier_close": 24.311020333864075,
          "we_multiplier_entry": 133.04198154114113},
 "short": {"backwards_tp": true,
           "delay_between_fills_minutes_close": 857.6420351922623,
           "delay_between_fills_minutes_entry": 971.1817373726005,
           "delay_weight_close": 10.073101457394017,
           "delay_weight_entry": 38.36890759043665,
           "ema_dist_close": -0.007165134823885762,
           "ema_dist_entry": 0.0004239073223326825,
           "ema_span_0": 575.5455328678986,
           "ema_span_1": 1135.4777930166952,
           "enabled": false,
           "markup_range": 0.03287053165020923,
           "min_markup": 0.006867265183890646,
           "n_close_orders": 6,
           "qty_pct_close": 0.06563757282519996,
           "qty_pct_entry": 0.04630518260494417,
           "wallet_exposure_limit": 1.0,
           "we_multiplier_close": 41.229452639440545,
           "we_multiplier_entry": 78.75695523708441}}