{"config_name": "clock_0days",
 "long": {"backwards_tp": false,
          "delay_between_fills_minutes_close": 1440,
          "delay_between_fills_minutes_entry": 1288.2506103683104,
          "delay_weight_close": 168.62686616137947,
          "delay_weight_entry": 23.39661117515397,
          "ema_dist_close": -0.00017450604404637207,
          "ema_dist_entry": -0.0054631727243996285,
          "ema_span_0": 922.6439245409432,
          "ema_span_1": 475.4579197893587,
          "enabled": true,
          "markup_range": 0.03185343658622195,
          "min_markup": 0.0023018182509360395,
          "n_close_orders": 12,
          "qty_pct_close": 0.012762812876557908,
          "qty_pct_entry": 0.023285709581552447,
          "wallet_exposure_limit": 0.25,
          "we_multiplier_close": 0,
          "we_multiplier_entry": 120.57938163138985},
 "short": {"backwards_tp": false,
           "delay_between_fills_minutes_close": 293.79869808760606,
           "delay_between_fills_minutes_entry": 432.41753439143025,
           "delay_weight_close": 99.65093016489539,
           "delay_weight_entry": 8.283624265146194,
           "ema_dist_close": -0.00014429882727864246,
           "ema_dist_entry": -0.007473515477723812,
           "ema_span_0": 768.700497327561,
           "ema_span_1": 1249.1392167001138,
           "enabled": false,
           "markup_range": 0.05406666266365055,
           "min_markup": 0.0015600242644760501,
           "n_close_orders": 4,
           "qty_pct_close": 0.04981810907483998,
           "qty_pct_entry": 0.09072627808448289,
           "wallet_exposure_limit": 1.0,
           "we_multiplier_close": 4.321811465678749,
           "we_multiplier_entry": 22.3037514908482}}