{"config_name": "recursive_grid_0days",
 "logging_level": 0,
 "long": {"auto_unstuck_ema_dist": 0.0016486125042417753,
          "auto_unstuck_wallet_exposure_threshold": 0.07210129288440285,
          "backwards_tp": true,
          "ddown_factor": 2.685300226980395,
          "ema_span_0": 656.3123005583813,
          "ema_span_1": 68.33025458022682,
          "enabled": true,
          "initial_eprice_ema_dist": -0.08528436913016599,
          "initial_qty_pct": 0.02597923554792013,
          "markup_range": 0.002635968739749707,
          "min_markup": 0.008190333833988582,
          "n_close_orders": 14,
          "rentry_pprice_dist": 0.028081774377784204,
          "rentry_pprice_dist_wallet_exposure_weighting": 2.1308516955553705,
          "wallet_exposure_limit": 0.3},
 "short": {"auto_unstuck_ema_dist": -0.046679357622355276,
           "auto_unstuck_wallet_exposure_threshold": 0.07181542665435231,
           "backwards_tp": true,
           "ddown_factor": 0.795842893664273,
           "ema_span_0": 568.9397194109971,
           "ema_span_1": 1028.6714544702486,
           "enabled": false,
           "initial_eprice_ema_dist": -0.03143741463404501,
           "initial_qty_pct": 0.049154288857715875,
           "markup_range": 0.03749347958678972,
           "min_markup": 0.004850618008391203,
           "n_close_orders": 10,
           "rentry_pprice_dist": 0.023800379683464004,
           "rentry_pprice_dist_wallet_exposure_weighting": 28.034229113797412,
           "wallet_exposure_limit": 1.0}}