{"config_name": "neat_grid_0days",
 "logging_level": 0,
 "long": {"auto_unstuck_ema_dist": 0.003,
          "auto_unstuck_wallet_exposure_threshold": 0.030809380207171923,
          "backwards_tp": false,
          "ema_span_0": 144.88574330715107,
          "ema_span_1": 370.44205326948276,
          "enabled": true,
          "eprice_exp_base": 1.1875893990166124,
          "eqty_exp_base": 3.0832759171933066,
          "grid_span": 0.10876048663806843,
          "initial_eprice_ema_dist": -0.0044250879438163014,
          "initial_qty_pct": 0.01,
          "markup_range": 0.0,
          "max_n_entry_orders": 14,
          "min_markup": 0.004275,
          "n_close_orders": 1,
          "wallet_exposure_limit": 0.2},
 "short": {"auto_unstuck_ema_dist": -0.03574430964546037,
           "auto_unstuck_wallet_exposure_threshold": 0.06547314042821334,
           "backwards_tp": false,
           "ema_span_0": 159.2115635158148,
           "ema_span_1": 945.7381137557956,
           "enabled": false,
           "eprice_exp_base": 1.7573575072488712,
           "eqty_exp_base": 3.916461877681437,
           "grid_span": 0.20692653125722732,
           "initial_eprice_ema_dist": -0.060121273729560894,
           "initial_qty_pct": 0.07342810264589326,
           "markup_range": 0.055887740303737526,
           "max_n_entry_orders": 10,
           "min_markup": 0.005604228236109546,
           "n_close_orders": 3,
           "wallet_exposure_limit": 1}}