{"config_name": "recursive_grid_0days",
 "logging_level": 0,
 "long": {"auto_unstuck_ema_dist": -0.005893600112082494,
          "auto_unstuck_wallet_exposure_threshold": 0.06082194487758634,
          "backwards_tp": true,
          "ddown_factor": 2.0181288569851312,
          "ema_span_0": 695.0502964392964,
          "ema_span_1": 800.1797342462171,
          "enabled": true,
          "initial_eprice_ema_dist": 0.008662633070995112,
          "initial_qty_pct": 0.03082342093914114,
          "markup_range": 0.005802059213345281,
          "min_markup": 0.0063976315403802666,
          "n_close_orders": 7,
          "rentry_pprice_dist": 0.03253158226862972,
          "rentry_pprice_dist_wallet_exposure_weighting": 0.0,
          "wallet_exposure_limit": 1.0},
 "short": {"auto_unstuck_ema_dist": -0.08512451951733385,
           "auto_unstuck_wallet_exposure_threshold": 0.06146431469127081,
           "backwards_tp": true,
           "ddown_factor": 1.1887867453416467,
           "ema_span_0": 133.20719669036896,
           "ema_span_1": 1357.2253178614294,
           "enabled": false,
           "initial_eprice_ema_dist": -0.040820570217483323,
           "initial_qty_pct": 0.0377368170460147,
           "markup_range": 0.00897606230203482,
           "min_markup": 0.0032829064874622415,
           "n_close_orders": 11,
           "rentry_pprice_dist": 0.04315882534606814,
           "rentry_pprice_dist_wallet_exposure_weighting": 25.532009292369885,
           "wallet_exposure_limit": 1.0}}