{"config_name": "recursive_grid_0days",
 "logging_level": 0,
 "long": {"auto_unstuck_ema_dist": 0.00026863050181570586,
          "auto_unstuck_wallet_exposure_threshold": 0.09369130450992431,
          "backwards_tp": true,
          "ddown_factor": 1.6444887882469026,
          "ema_span_0": 479.4139464514462,
          "ema_span_1": 1289.0464918894502,
          "enabled": true,
          "initial_eprice_ema_dist": -0.010334463649257778,
          "initial_qty_pct": 0.027012694820753608,
          "markup_range": 0.010080165990914521,
          "min_markup": 0.009721575297326198,
          "n_close_orders": 4,
          "rentry_pprice_dist": 0.023667757265184896,
          "rentry_pprice_dist_wallet_exposure_weighting": 2.934086533162719,
          "wallet_exposure_limit": 0.3},
 "short": {"auto_unstuck_ema_dist": -0.05854717233509945,
           "auto_unstuck_wallet_exposure_threshold": 0.04629949415169973,
           "backwards_tp": true,
           "ddown_factor": 1.0644853579384284,
           "ema_span_0": 84.24060534539343,
           "ema_span_1": 1268.6627039615344,
           "enabled": false,
           "initial_eprice_ema_dist": -0.09036338223469173,
           "initial_qty_pct": 0.05287895597878612,
           "markup_range": 0.00030505609498092,
           "min_markup": 0.008707557513698134,
           "n_close_orders": 7,
           "rentry_pprice_dist": 0.04552659551359767,
           "rentry_pprice_dist_wallet_exposure_weighting": 10.055505838512207,
           "wallet_exposure_limit": 1.0}}