{"config_name": "recursive_grid_0days",
 "logging_level": 0,
 "long": {"auto_unstuck_ema_dist": 0,
          "auto_unstuck_wallet_exposure_threshold": 0.0,
          "backwards_tp": true,
          "ddown_factor": 1.5832447098665572,
          "ema_span_0": 720,
          "ema_span_1": 597.5600682482665,
          "enabled": true,
          "initial_eprice_ema_dist": -0.007973877021043041,
          "initial_qty_pct": 0.014664028772675315,
          "markup_range": 0.00530928606062019,
          "min_markup": 0.005275874895374493,
          "n_close_orders": 4,
          "rentry_pprice_dist": 0.03566961960197961,
          "rentry_pprice_dist_wallet_exposure_weighting": 3.7124812615924734,
          "wallet_exposure_limit": 0.3},
 "short": {"auto_unstuck_ema_dist": -0.08223669448963682,
           "auto_unstuck_wallet_exposure_threshold": 0.09080476216674943,
           "backwards_tp": true,
           "ddown_factor": 1.0737168411932232,
           "ema_span_0": 533.8202462238701,
           "ema_span_1": 1228.6730406097913,
           "enabled": false,
           "initial_eprice_ema_dist": -0.0601393799648456,
           "initial_qty_pct": 0.01696877382606341,
           "markup_range": 0.008209799540075622,
           "min_markup": 0.0016339433114015685,
           "n_close_orders": 4,
           "rentry_pprice_dist": 0.03289611758683942,
           "rentry_pprice_dist_wallet_exposure_weighting": 17.81886549575719,
           "wallet_exposure_limit": 1.0}}