{"config_name": "recursive_grid_0days",
 "logging_level": 0,
 "long": {"auto_unstuck_ema_dist": 0,
          "auto_unstuck_wallet_exposure_threshold": 0.0,
          "backwards_tp": true,
          "ddown_factor": 1.3847259887046044,
          "ema_span_0": 294.4823479579839,
          "ema_span_1": 191.13959391647234,
          "enabled": true,
          "initial_eprice_ema_dist": 0.0037904675632542233,
          "initial_qty_pct": 0.014094163218271392,
          "markup_range": 0.0011554294923100783,
          "min_markup": 0.002771761302182152,
          "n_close_orders": 2,
          "rentry_pprice_dist": 0.02636520299195952,
          "rentry_pprice_dist_wallet_exposure_weighting": 2.63654321458854,
          "wallet_exposure_limit": 0.3},
 "short": {"auto_unstuck_ema_dist": -0.04766454817107406,
           "auto_unstuck_wallet_exposure_threshold": 0.0848480646603954,
           "backwards_tp": true,
           "ddown_factor": 2.661946214999016,
           "ema_span_0": 998.2643523860663,
           "ema_span_1": 1252.3703222283539,
           "enabled": false,
           "initial_eprice_ema_dist": -0.06726874161058077,
           "initial_qty_pct": 0.06473790778605597,
           "markup_range": 0.05342631244632565,
           "min_markup": 0.005719295548596311,
           "n_close_orders": 10,
           "rentry_pprice_dist": 0.03966059506422008,
           "rentry_pprice_dist_wallet_exposure_weighting": 15.282725604619767,
           "wallet_exposure_limit": 1.0}}