{"config_name": "clock_0days",
 "long": {"backwards_tp": true,
          "delay_between_fills_minutes_close": 487.78945032892784,
          "delay_between_fills_minutes_entry": 196.36148768938494,
          "delay_weight_close": 2.3335079136909243,
          "delay_weight_entry": 22.43594682119008,
          "ema_dist_close": -0.01354137365893464,
          "ema_dist_entry": 0.014773918808587139,
          "ema_span_0": 456.4761975693187,
          "ema_span_1": 417.8245294325326,
          "enabled": true,
          "markup_range": 0.019473439570560563,
          "min_markup": 0.009189246270372493,
          "n_close_orders": 5,
          "qty_pct_close": 0.019321685263182713,
          "qty_pct_entry": 0.019242927171575684,
          "wallet_exposure_limit": 0.3,
          "we_multiplier_close": 50.449881535638,
          "we_multiplier_entry": 137.8544597210508},
 "short": {"backwards_tp": true,
           "delay_between_fills_minutes_close": 26.422410916423473,
           "delay_between_fills_minutes_entry": 346.96088417727077,
           "delay_weight_close": 85.85590610856639,
           "delay_weight_entry": 13.233997635174022,
           "ema_dist_close": -0.04016071244719107,
           "ema_dist_entry": -0.03037984906906403,
           "ema_span_0": 502.7060208710971,
           "ema_span_1": 919.1753075553921,
           "enabled": false,
           "markup_range": 0.01647171279488401,
           "min_markup": 0.08801111527932354,
           "n_close_orders": 7,
           "qty_pct_close": 0.26809636440077167,
           "qty_pct_entry": 0.658418156635873,
           "wallet_exposure_limit": 1.0,
           "we_multiplier_close": 7.728391553307131,
           "we_multiplier_entry": 57.669522686903875}}