{"config_name": "recursive_grid_0days",
 "logging_level": 0,
 "long": {"auto_unstuck_ema_dist": 0,
          "auto_unstuck_wallet_exposure_threshold": 0.0,
          "backwards_tp": false,
          "ddown_factor": 0.9972138936091051,
          "ema_span_0": 620.6401039201075,
          "ema_span_1": 643.883673981705,
          "enabled": true,
          "initial_eprice_ema_dist": -0.01925718012310587,
          "initial_qty_pct": 0.0055165136207898985,
          "markup_range": 0.0473656748606243,
          "min_markup": 0.007913430246457562,
          "n_close_orders": 6,
          "rentry_pprice_dist": 0.032291563586613295,
          "rentry_pprice_dist_wallet_exposure_weighting": 2.6362551965927725,
          "wallet_exposure_limit": 0.2},
 "short": {"auto_unstuck_ema_dist": -0.03373553261194523,
           "auto_unstuck_wallet_exposure_threshold": 0.09621402351084594,
           "backwards_tp": false,
           "ddown_factor": 2.6442391574451642,
           "ema_span_0": 794.1837721769218,
           "ema_span_1": 1018.2383682665159,
           "enabled": false,
           "initial_eprice_ema_dist": -0.0006547711725546079,
           "initial_qty_pct": 0.07070081399862999,
           "markup_range": 0.033359339544625694,
           "min_markup": 0.008295578696238863,
           "n_close_orders": 4,
           "rentry_pprice_dist": 0.03998158307324468,
           "rentry_pprice_dist_wallet_exposure_weighting": 9.32695124447446,
           "wallet_exposure_limit": 1.0}}