{"config_name": "neat_grid_0days",
 "logging_level": 0,
 "long": {"auto_unstuck_ema_dist": 0.09762800778747241,
          "auto_unstuck_wallet_exposure_threshold": 0.011780756846637905,
          "backwards_tp": true,
          "ema_span_0": 1733.8996866922716,
          "ema_span_1": 1723.6569771019908,
          "enabled": true,
          "eprice_exp_base": 1.5344369857073812,
          "eqty_exp_base": 2.2373634241900806,
          "grid_span": 0.36901528301796327,
          "initial_eprice_ema_dist": -0.015066586938757096,
          "initial_qty_pct": 0.01,
          "markup_range": 0.002744347021944173,
          "max_n_entry_orders": 7,
          "min_markup": 0.002,
          "n_close_orders": 8,
          "wallet_exposure_limit": 1},
 "short": {"auto_unstuck_ema_dist": 0.04345778299934029,
           "auto_unstuck_wallet_exposure_threshold": 0.018638653531302375,
           "backwards_tp": true,
           "ema_span_0": 10,
           "ema_span_1": 16.526434929078818,
           "enabled": true,
           "eprice_exp_base": 1.170322794611724,
           "eqty_exp_base": 1.797907720578098,
           "grid_span": 0.3711814638424109,
           "initial_eprice_ema_dist": -0.09448169327435822,
           "initial_qty_pct": 0.01,
           "markup_range": 0.002847971005100778,
           "max_n_entry_orders": 8,
           "min_markup": 0.002,
           "n_close_orders": 5,
           "wallet_exposure_limit": 1}}