{"config_name": "clock_0days",
 "long": {"backwards_tp": true,
          "delay_between_fills_minutes_close": 457.66668118247514,
          "delay_between_fills_minutes_entry": 411.15468994694334,
          "delay_weight_close": 120.31596357101601,
          "delay_weight_entry": 46.617445860213834,
          "ema_dist_close": -0.024085773241875448,
          "ema_dist_entry": 0.004073742778385409,
          "ema_span_0": 528.2569653552287,
          "ema_span_1": 774.2012701476018,
          "enabled": true,
          "markup_range": 0.014988017416601617,
          "min_markup": 0.009525772250604232,
          "n_close_orders": 3,
          "qty_pct_close": 0.010235441234595043,
          "qty_pct_entry": 0.017867613933413903,
          "wallet_exposure_limit": 0.3,
          "we_multiplier_close": 22.55890837225295,
          "we_multiplier_entry": 98.77963508947799},
 "short": {"backwards_tp": true,
           "delay_between_fills_minutes_close": 64.6168204971805,
           "delay_between_fills_minutes_entry": 357.80627717104295,
           "delay_weight_close": 34.11579677133373,
           "delay_weight_entry": 32.32456569223206,
           "ema_dist_close": -0.03277398971244548,
           "ema_dist_entry": -0.04835917416061447,
           "ema_span_0": 344.1638122714046,
           "ema_span_1": 1270.5379057076086,
           "enabled": false,
           "markup_range": 0.01582256851709677,
           "min_markup": 0.03805104564863853,
           "n_close_orders": 15,
           "qty_pct_close": 0.9553919023682791,
           "qty_pct_entry": 0.03483858717397643,
           "wallet_exposure_limit": 1.0,
           "we_multiplier_close": 3.9314163133675626,
           "we_multiplier_entry": 95.71459144784764}}