{"config_name": "recursive_grid_0days",
 "logging_level": 0,
 "long": {"auto_unstuck_ema_dist": 0,
          "auto_unstuck_wallet_exposure_threshold": 0.0,
          "backwards_tp": true,
          "ddown_factor": 2.8460031044587186,
          "ema_span_0": 612.8511014377414,
          "ema_span_1": 556.047669219811,
          "enabled": true,
          "initial_eprice_ema_dist": 0.011541019288602185,
          "initial_qty_pct": 0.02322896806718905,
          "markup_range": 0.004141567025881213,
          "min_markup": 0.0069697817422428275,
          "n_close_orders": 11,
          "rentry_pprice_dist": 0.0329322002935343,
          "rentry_pprice_dist_wallet_exposure_weighting": 2.834795874049759,
          "wallet_exposure_limit": 0.3},
 "short": {"auto_unstuck_ema_dist": -0.003459197315813095,
           "auto_unstuck_wallet_exposure_threshold": 0.07255542867315581,
           "backwards_tp": true,
           "ddown_factor": 2.5452191912628224,
           "ema_span_0": 447.872266036251,
           "ema_span_1": 953.1487630229888,
           "enabled": false,
           "initial_eprice_ema_dist": -0.01577195240107339,
           "initial_qty_pct": 0.0776394018719757,
           "markup_range": 0.03642490420530444,
           "min_markup": 0.009837413645446706,
           "n_close_orders": 13,
           "rentry_pprice_dist": 0.015925936017254734,
           "rentry_pprice_dist_wallet_exposure_weighting": 15.797465140124917,
           "wallet_exposure_limit": 1.0}}