{"config_name": "recursive_grid_0days",
 "logging_level": 0,
 "long": {"auto_unstuck_ema_dist": 0,
          "auto_unstuck_wallet_exposure_threshold": 0.0,
          "backwards_tp": false,
          "ddown_factor": 1.4958599640042458,
          "ema_span_0": 222.5219229216095,
          "ema_span_1": 232.87661092389558,
          "enabled": true,
          "initial_eprice_ema_dist": -0.11532227417951232,
          "initial_qty_pct": 0.0010256279052223726,
          "markup_range": 0.010258632098384207,
          "min_markup": 0.00579688206678532,
          "n_close_orders": 1,
          "rentry_pprice_dist": 0.020644365462387574,
          "rentry_pprice_dist_wallet_exposure_weighting": 0.3726803328233313,
          "wallet_exposure_limit": 0.2},
 "short": {"auto_unstuck_ema_dist": 0.001719262415094902,
           "auto_unstuck_wallet_exposure_threshold": 0.053896523450832415,
           "backwards_tp": false,
           "ddown_factor": 2.0622077220579182,
           "ema_span_0": 963.967918483536,
           "ema_span_1": 734.9213839202732,
           "enabled": false,
           "initial_eprice_ema_dist": -0.0634604545663256,
           "initial_qty_pct": 0.0880162182753283,
           "markup_range": 0.026690276595545785,
           "min_markup": 0.009470530317143722,
           "n_close_orders": 6,
           "rentry_pprice_dist": 0.03661750185804607,
           "rentry_pprice_dist_wallet_exposure_weighting": 16.94901848439505,
           "wallet_exposure_limit": 1.0}}