{"config_name": "clock_0days",
 "long": {"backwards_tp": true,
          "delay_between_fills_minutes_close": 468.39192346050925,
          "delay_between_fills_minutes_entry": 292.58719313172514,
          "delay_weight_close": 120.73822523566601,
          "delay_weight_entry": 30.297474347639625,
          "ema_dist_close": -0.007471852742259505,
          "ema_dist_entry": 0.00857087511191068,
          "ema_span_0": 69.94328655898144,
          "ema_span_1": 413.2993889778549,
          "enabled": true,
          "markup_range": 0.017221140778548027,
          "min_markup": 0.006875462752249261,
          "n_close_orders": 10,
          "qty_pct_close": 0.010419268758157664,
          "qty_pct_entry": 0.01371956001351669,
          "wallet_exposure_limit": 0.3,
          "we_multiplier_close": 15.992837122204591,
          "we_multiplier_entry": 123.95358252995969},
 "short": {"backwards_tp": false,
           "delay_between_fills_minutes_close": 130.3184639602397,
           "delay_between_fills_minutes_entry": 485.39638031591943,
           "delay_weight_close": 54.3038605122342,
           "delay_weight_entry": 87.6604641301855,
           "ema_dist_close": -0.028256326537076156,
           "ema_dist_entry": 0.00984999276694739,
           "ema_span_0": 422.3077623707257,
           "ema_span_1": 1143.191317703731,
           "enabled": false,
           "markup_range": 0.037848660601840924,
           "min_markup": 0.06223017872109663,
           "n_close_orders": 14,
           "qty_pct_close": 0.32904651047743966,
           "qty_pct_entry": 0.07121706920631479,
           "wallet_exposure_limit": 1.0,
           "we_multiplier_close": 8.887471975243347,
           "we_multiplier_entry": 81.6713433492398}}