{"config_name": "recursive_grid_0days",
 "logging_level": 0,
 "long": {"auto_unstuck_ema_dist": 0.002092686723915202,
          "auto_unstuck_wallet_exposure_threshold": 0.03732134624090279,
          "backwards_tp": true,
          "ddown_factor": 2.0605728219435804,
          "ema_span_0": 407.22961596029177,
          "ema_span_1": 25.579150018282352,
          "enabled": true,
          "initial_eprice_ema_dist": -0.1,
          "initial_qty_pct": 0.0048634775774032135,
          "markup_range": 0.014224817739873488,
          "min_markup": 0.001635309392820716,
          "n_close_orders": 7,
          "rentry_pprice_dist": 0.034495158613237355,
          "rentry_pprice_dist_wallet_exposure_weighting": 0.0,
          "wallet_exposure_limit": 1},
 "short": {"auto_unstuck_ema_dist": -0.08519583640247971,
           "auto_unstuck_wallet_exposure_threshold": 0.09540214541545232,
           "backwards_tp": true,
           "ddown_factor": 1.7501554126994918,
           "ema_span_0": 1414.7411177001547,
           "ema_span_1": 965.0966872884338,
           "enabled": false,
           "initial_eprice_ema_dist": -0.0034467727131109044,
           "initial_qty_pct": 0.03904428315676994,
           "markup_range": 0.02063479860888231,
           "min_markup": 0.00547591387027848,
           "n_close_orders": 7,
           "rentry_pprice_dist": 0.007634127094275089,
           "rentry_pprice_dist_wallet_exposure_weighting": 2.8079650373211895,
           "wallet_exposure_limit": 1.0}}