{"config_name": "recursive_grid_0days",
 "logging_level": 0,
 "long": {"auto_unstuck_ema_dist": 0,
          "auto_unstuck_wallet_exposure_threshold": 0.0,
          "backwards_tp": true,
          "ddown_factor": 1.5481394129607726,
          "ema_span_0": 709.2309447135639,
          "ema_span_1": 734.2579400836335,
          "enabled": true,
          "initial_eprice_ema_dist": 0.011246607439839932,
          "initial_qty_pct": 0.024025663427823977,
          "markup_range": 0.005052508960138879,
          "min_markup": 0.008551968703252411,
          "n_close_orders": 4,
          "rentry_pprice_dist": 0.043848154938955775,
          "rentry_pprice_dist_wallet_exposure_weighting": 1.6858151563611625,
          "wallet_exposure_limit": 0.3},
 "short": {"auto_unstuck_ema_dist": -0.05786057374655367,
           "auto_unstuck_wallet_exposure_threshold": 0.08309036731615489,
           "backwards_tp": true,
           "ddown_factor": 2.893407548568152,
           "ema_span_0": 483.59676940493694,
           "ema_span_1": 401.7308186629336,
           "enabled": false,
           "initial_eprice_ema_dist": 0.003226694502816388,
           "initial_qty_pct": 0.08945385460288527,
           "markup_range": 0.026849359070312016,
           "min_markup": 0.006672428494392241,
           "n_close_orders": 7,
           "rentry_pprice_dist": 0.022225940126967794,
           "rentry_pprice_dist_wallet_exposure_weighting": 9.122156445558131,
           "wallet_exposure_limit": 1.0}}