{"config_name": "clock_0days",
 "long": {"backwards_tp": true,
          "delay_between_fills_minutes_close": 481.5065522954697,
          "delay_between_fills_minutes_entry": 391.5887692963094,
          "delay_weight_close": 15.838292417355813,
          "delay_weight_entry": 25.584770301823813,
          "ema_dist_close": -0.00934707346797656,
          "ema_dist_entry": 0.00396258314920743,
          "ema_span_0": 442.3942620358869,
          "ema_span_1": 223.93378437616482,
          "enabled": true,
          "markup_range": 0.014292603336416448,
          "min_markup": 0.006994852542104593,
          "n_close_orders": 6,
          "qty_pct_close": 0.016713981300597786,
          "qty_pct_entry": 0.013893638740216709,
          "wallet_exposure_limit": 0.3,
          "we_multiplier_close": 133.05452112905925,
          "we_multiplier_entry": 120.91008589499556},
 "short": {"backwards_tp": true,
           "delay_between_fills_minutes_close": 740.3225646469889,
           "delay_between_fills_minutes_entry": 1374.0008579278,
           "delay_weight_close": 57.06261247326775,
           "delay_weight_entry": 3.267938314258967,
           "ema_dist_close": 0.002100410137306441,
           "ema_dist_entry": -0.04305330086205179,
           "ema_span_0": 1125.8763921652067,
           "ema_span_1": 382.0085015770222,
           "enabled": false,
           "markup_range": 0.029284466719981448,
           "min_markup": 0.009248073237268829,
           "n_close_orders": 8,
           "qty_pct_close": 0.01837521156781502,
           "qty_pct_entry": 0.06093760683910379,
           "wallet_exposure_limit": 1.0,
           "we_multiplier_close": 11.257485592572092,
           "we_multiplier_entry": 73.8045058095888}}