{"config_name": "recursive_grid_0days",
 "logging_level": 0,
 "long": {"auto_unstuck_ema_dist": 0,
          "auto_unstuck_wallet_exposure_threshold": 0.0,
          "backwards_tp": false,
          "ddown_factor": 1.659859096450516,
          "ema_span_0": 542.1908675905775,
          "ema_span_1": 391.52768758699176,
          "enabled": true,
          "initial_eprice_ema_dist": -0.015,
          "initial_qty_pct": 0.0029198474048369883,
          "markup_range": 0.044803623936539236,
          "min_markup": 0.010348758888692907,
          "n_close_orders": 7,
          "rentry_pprice_dist": 0.03425842014282715,
          "rentry_pprice_dist_wallet_exposure_weighting": 3.6014395107273516,
          "wallet_exposure_limit": 0.2},
 "short": {"auto_unstuck_ema_dist": -0.09818147463791174,
           "auto_unstuck_wallet_exposure_threshold": 0.06034100091345322,
           "backwards_tp": false,
           "ddown_factor": 2.4098834907612607,
           "ema_span_0": 41.71922847985624,
           "ema_span_1": 351.89987118651504,
           "enabled": false,
           "initial_eprice_ema_dist": -0.01798775675922855,
           "initial_qty_pct": 0.0597990477963388,
           "markup_range": 0.01723041346763866,
           "min_markup": 0.002828856940748823,
           "n_close_orders": 11,
           "rentry_pprice_dist": 0.04615715088414259,
           "rentry_pprice_dist_wallet_exposure_weighting": 16.68318489174306,
           "wallet_exposure_limit": 1.0}}