{"config_name": "clock_0days",
 "long": {"backwards_tp": false,
          "delay_between_fills_minutes_close": 1392.5197602513226,
          "delay_between_fills_minutes_entry": 1244.4605012044121,
          "delay_weight_close": 23.20890592258325,
          "delay_weight_entry": 24.246023717847443,
          "ema_dist_close": -7.785590939462673e-05,
          "ema_dist_entry": -0.0029232700298663736,
          "ema_span_0": 405.54860620300167,
          "ema_span_1": 1432.524405991715,
          "enabled": true,
          "markup_range": 0.037940534416905335,
          "min_markup": 0.005547008998256394,
          "n_close_orders": 14,
          "qty_pct_close": 0.04272982547806463,
          "qty_pct_entry": 0.01,
          "wallet_exposure_limit": 0.2,
          "we_multiplier_close": 0.3274346532093529,
          "we_multiplier_entry": 65.52504469933365},
 "short": {"backwards_tp": false,
           "delay_between_fills_minutes_close": 1428.5717100766046,
           "delay_between_fills_minutes_entry": 1066.596936473514,
           "delay_weight_close": 26.52466776874003,
           "delay_weight_entry": 27.78951813614341,
           "ema_dist_close": -0.012672895444718515,
           "ema_dist_entry": -0.009826105450208206,
           "ema_span_0": 829.0190828174998,
           "ema_span_1": 591.0722920122695,
           "enabled": false,
           "markup_range": 0.009485044255459677,
           "min_markup": 0.005046691232544495,
           "n_close_orders": 7,
           "qty_pct_close": 0.08182122726169809,
           "qty_pct_entry": 0.07267172368884559,
           "wallet_exposure_limit": 1.0,
           "we_multiplier_close": 68.52250444940329,
           "we_multiplier_entry": 59.57925196105799}}