{"config_name": "clock_0days",
 "long": {"backwards_tp": false,
          "delay_between_fills_minutes_close": 1380.2039920204174,
          "delay_between_fills_minutes_entry": 1028.929077178185,
          "delay_weight_close": 54.817102121661804,
          "delay_weight_entry": 24.232020249077813,
          "ema_dist_close": -7.785590939462673e-05,
          "ema_dist_entry": -0.001989642204575934,
          "ema_span_0": 1121.9751710958699,
          "ema_span_1": 1196.740000439987,
          "enabled": true,
          "markup_range": 0.03243327606576443,
          "min_markup": 0.0068079781538735685,
          "n_close_orders": 14,
          "qty_pct_close": 0.03889169966812338,
          "qty_pct_entry": 0.01,
          "wallet_exposure_limit": 0.2,
          "we_multiplier_close": 0.10722842218737175,
          "we_multiplier_entry": 96.1369848873039},
 "short": {"backwards_tp": false,
           "delay_between_fills_minutes_close": 505.17637916073653,
           "delay_between_fills_minutes_entry": 534.36620962808,
           "delay_weight_close": 31.56416756651772,
           "delay_weight_entry": 27.404234403086768,
           "ema_dist_close": -0.0423944411329679,
           "ema_dist_entry": -0.006566804860622798,
           "ema_span_0": 329.5599025731572,
           "ema_span_1": 1208.1165594758695,
           "enabled": false,
           "markup_range": 0.038001957181005866,
           "min_markup": 0.008781982447338245,
           "n_close_orders": 10,
           "qty_pct_close": 0.038813752226226454,
           "qty_pct_entry": 0.037232994439409264,
           "wallet_exposure_limit": 1.0,
           "we_multiplier_close": 63.01285779550769,
           "we_multiplier_entry": 11.70000018119306}}