{"config_name": "clock_0days",
 "long": {"backwards_tp": true,
          "delay_between_fills_minutes_close": 321.05962137167285,
          "delay_between_fills_minutes_entry": 440.49990932152787,
          "delay_weight_close": 148.12025301090873,
          "delay_weight_entry": 24.633863676373064,
          "ema_dist_close": -0.015671334662889815,
          "ema_dist_entry": 0.013258005864469286,
          "ema_span_0": 971.5880479545566,
          "ema_span_1": 800,
          "enabled": true,
          "markup_range": 0.021181726290286983,
          "min_markup": 0.0036444651165894086,
          "n_close_orders": 5,
          "qty_pct_close": 0.01702461323246643,
          "qty_pct_entry": 0.011181635226175345,
          "wallet_exposure_limit": 0.3,
          "we_multiplier_close": 14.817334295781304,
          "we_multiplier_entry": 52.07554392161796},
 "short": {"backwards_tp": true,
           "delay_between_fills_minutes_close": 1037.1302137104485,
           "delay_between_fills_minutes_entry": 436.47478971264866,
           "delay_weight_close": 9.63825066805687,
           "delay_weight_entry": 99.90309468095644,
           "ema_dist_close": -0.0073200743628812,
           "ema_dist_entry": -0.036550676471911014,
           "ema_span_0": 957.7859080816152,
           "ema_span_1": 888.0182649210149,
           "enabled": false,
           "markup_range": 0.014370228370032294,
           "min_markup": 0.001905294416392851,
           "n_close_orders": 13,
           "qty_pct_close": 0.029689349853846275,
           "qty_pct_entry": 0.011235317865875078,
           "wallet_exposure_limit": 1.0,
           "we_multiplier_close": 52.39464678352639,
           "we_multiplier_entry": 17.66719785965689}}