{"config_name": "recursive_grid_0days",
 "logging_level": 0,
 "long": {"auto_unstuck_ema_dist": 0.003499939325564236,
          "auto_unstuck_wallet_exposure_threshold": 0.09831264313338328,
          "backwards_tp": true,
          "ddown_factor": 2.060437591236556,
          "ema_span_0": 554.8470532001508,
          "ema_span_1": 1075.6676205034814,
          "enabled": true,
          "initial_eprice_ema_dist": -0.02235328902754871,
          "initial_qty_pct": 0.01,
          "markup_range": 0.0007012313299267103,
          "min_markup": 0.0033949998312863376,
          "n_close_orders": 4,
          "rentry_pprice_dist": 0.016703041585103804,
          "rentry_pprice_dist_wallet_exposure_weighting": 7.274724855437765,
          "wallet_exposure_limit": 0.3},
 "short": {"auto_unstuck_ema_dist": -0.01447740139759851,
           "auto_unstuck_wallet_exposure_threshold": 0.08245026542703551,
           "backwards_tp": true,
           "ddown_factor": 2.960864767814743,
           "ema_span_0": 112.22323574634525,
           "ema_span_1": 1051.5406801488814,
           "enabled": false,
           "initial_eprice_ema_dist": -0.09321738192471705,
           "initial_qty_pct": 0.09716807724844924,
           "markup_range": 0.05592639445093908,
           "min_markup": 0.009340685083922863,
           "n_close_orders": 5,
           "rentry_pprice_dist": 0.03354409187805128,
           "rentry_pprice_dist_wallet_exposure_weighting": 14.438783901424156,
           "wallet_exposure_limit": 1.0}}