{"config_name": "clock_0days",
 "long": {"backwards_tp": true,
          "delay_between_fills_minutes_close": 242.5517077252742,
          "delay_between_fills_minutes_entry": 433.00180807731766,
          "delay_weight_close": 34.624389012404535,
          "delay_weight_entry": 25.884204681039435,
          "ema_dist_close": -0.0287848303689687,
          "ema_dist_entry": -0.806281212458666,
          "ema_span_0": 1978.9391341143291,
          "ema_span_1": 735.593634647104,
          "enabled": true,
          "markup_range": 0.01671512265449191,
          "min_markup": 0.007838473198023152,
          "n_close_orders": 7,
          "qty_pct_close": 0.010489865521897164,
          "qty_pct_entry": 0.013637964493480245,
          "wallet_exposure_limit": 0.3,
          "we_multiplier_close": 1.8352330479822836,
          "we_multiplier_entry": 130.57683182346304},
 "short": {"backwards_tp": true,
           "delay_between_fills_minutes_close": 109.43708520610573,
           "delay_between_fills_minutes_entry": 1083.9889403033271,
           "delay_weight_close": 77.19603970088905,
           "delay_weight_entry": 71.078370319165,
           "ema_dist_close": -0.007167067100229976,
           "ema_dist_entry": -0.033401011827028884,
           "ema_span_0": 280.4034462807582,
           "ema_span_1": 561.443873024125,
           "enabled": false,
           "markup_range": 0.08285566756657647,
           "min_markup": 0.08189313315505824,
           "n_close_orders": 2,
           "qty_pct_close": 0.7076843620843938,
           "qty_pct_entry": 0.7243126740583463,
           "wallet_exposure_limit": 1.0,
           "we_multiplier_close": 9.646966765284908,
           "we_multiplier_entry": 48.652897577534084}}