{"config_name": "emas_0days",
 "long": {"delay_between_fills_minutes_close": 391.39454843832186,
          "delay_between_fills_minutes_entry": 483.78345037497036,
          "delay_weight_close": 26.178603716555052,
          "delay_weight_entry": 23.386396817348768,
          "ema_dist_lower": -0.9399072850409678,
          "ema_dist_upper": -0.07193666070095332,
          "ema_span_0": 398.71464759068573,
          "ema_span_1": 310.83613056441965,
          "enabled": true,
          "markup_range": 0.03,
          "min_markup": 0.01923961595410774,
          "n_close_orders": 4,
          "qty_pct_close": 0.059179108128636644,
          "qty_pct_entry": 0.007175645854964742,
          "wallet_exposure_limit": 2,
          "we_multiplier_close": 0.19821155641682942,
          "we_multiplier_entry": 150},
 "short": {"delay_between_fills_minutes_close": 283.29927495521406,
           "delay_between_fills_minutes_entry": 431.8300932278465,
           "delay_weight_close": 82.73750653206923,
           "delay_weight_entry": 11.60873099374804,
           "ema_dist_lower": 0.003974122356676957,
           "ema_dist_upper": 0.0188219811725687,
           "ema_span_0": 124.8127393631149,
           "ema_span_1": 865.7617862024267,
           "enabled": false,
           "markup_range": 0.01358166325819261,
           "min_markup": 0.004220688934321978,
           "n_close_orders": 2,
           "qty_pct_close": 0.01282356260629659,
           "qty_pct_entry": 0.008176753305735637,
           "wallet_exposure_limit": 1.0,
           "we_multiplier_close": 4.6816653955193575,
           "we_multiplier_entry": 113.11420429890174}}