{"config_name": "clock_0days",
 "long": {"backwards_tp": true,
          "delay_between_fills_minutes_close": 368.9763053929985,
          "delay_between_fills_minutes_entry": 500,
          "delay_weight_close": 141.1553550995282,
          "delay_weight_entry": 22.24204185312264,
          "ema_dist_close": 0.013717756611857382,
          "ema_dist_entry": 0.010859935064992983,
          "ema_span_0": 1000,
          "ema_span_1": 574.4766511733492,
          "enabled": true,
          "markup_range": 0.01583852068200128,
          "min_markup": 0.019272464904088685,
          "n_close_orders": 4,
          "qty_pct_close": 0.012901349460507226,
          "qty_pct_entry": 0.01024597047901319,
          "wallet_exposure_limit": 0.3,
          "we_multiplier_close": 1.9622942558255152,
          "we_multiplier_entry": 18.00021481848565},
 "short": {"backwards_tp": false,
           "delay_between_fills_minutes_close": 94.80937720390367,
           "delay_between_fills_minutes_entry": 946.3758859694873,
           "delay_weight_close": 21.48784734283161,
           "delay_weight_entry": 20.31695425415011,
           "ema_dist_close": -0.04305717052414629,
           "ema_dist_entry": 0.0010510910042271435,
           "ema_span_0": 602.4187610100613,
           "ema_span_1": 687.9547797129513,
           "enabled": false,
           "markup_range": 0.03844718108767908,
           "min_markup": 0.0472907917532032,
           "n_close_orders": 9,
           "qty_pct_close": 0.02904629195445934,
           "qty_pct_entry": 0.4883473721068985,
           "wallet_exposure_limit": 1.0,
           "we_multiplier_close": 1.685448514368123,
           "we_multiplier_entry": 72.87004423654663}}