{"config_name": "neat_grid_0days",
 "logging_level": 0,
 "long": {"auto_unstuck_ema_dist": 0.003,
          "auto_unstuck_wallet_exposure_threshold": 0.03020552677097393,
          "backwards_tp": false,
          "ema_span_0": 967.0462167005036,
          "ema_span_1": 580.3552053348695,
          "enabled": true,
          "eprice_exp_base": 1.1544057701543646,
          "eqty_exp_base": 1.3807240922718356,
          "grid_span": 0.15401270233436837,
          "initial_eprice_ema_dist": -0.001,
          "initial_qty_pct": 0.01,
          "markup_range": 0.006347674782353372,
          "max_n_entry_orders": 5,
          "min_markup": 0.004275,
          "n_close_orders": 1,
          "wallet_exposure_limit": 0.2},
 "short": {"auto_unstuck_ema_dist": -0.023332868659444603,
           "auto_unstuck_wallet_exposure_threshold": 0.05211237386316224,
           "backwards_tp": false,
           "ema_span_0": 1336.3348104081085,
           "ema_span_1": 563.0626177149315,
           "enabled": false,
           "eprice_exp_base": 1.7510542925568702,
           "eqty_exp_base": 3.8398043805279207,
           "grid_span": 0.46620484557924546,
           "initial_eprice_ema_dist": -0.07803532151746936,
           "initial_qty_pct": 0.014587872952149892,
           "markup_range": 0.03037970903943235,
           "max_n_entry_orders": 13,
           "min_markup": 0.00832707383958968,
           "n_close_orders": 14,
           "wallet_exposure_limit": 1.0}}