{"config_name": "recursive_grid_0days",
 "logging_level": 0,
 "long": {"auto_unstuck_ema_dist": 0.006122952215290562,
          "auto_unstuck_wallet_exposure_threshold": 0.011262560575894615,
          "backwards_tp": false,
          "ddown_factor": 2.1283357580224247,
          "ema_span_0": 648.5854119834104,
          "ema_span_1": 11.622606249771286,
          "enabled": true,
          "initial_eprice_ema_dist": 0.005094741664258934,
          "initial_qty_pct": 0.03562865556133767,
          "markup_range": 0.014999431122776932,
          "min_markup": 0.002291824307658984,
          "n_close_orders": 26,
          "rentry_pprice_dist": 0.024210016250065417,
          "rentry_pprice_dist_wallet_exposure_weighting": 0.0,
          "wallet_exposure_limit": 0.2},
 "short": {"auto_unstuck_ema_dist": -0.005137952172955346,
           "auto_unstuck_wallet_exposure_threshold": 0.0557858337209567,
           "backwards_tp": false,
           "ddown_factor": 2.0596842735674192,
           "ema_span_0": 1229.050170499725,
           "ema_span_1": 1410.215723937264,
           "enabled": false,
           "initial_eprice_ema_dist": -0.04996446643876878,
           "initial_qty_pct": 0.08128115938506084,
           "markup_range": 0.0167736303706102,
           "min_markup": 0.004596675877742739,
           "n_close_orders": 4,
           "rentry_pprice_dist": 0.010154076468542286,
           "rentry_pprice_dist_wallet_exposure_weighting": 5.372390971164844,
           "wallet_exposure_limit": 1.0}}