{"config_name": "clock_0days",
 "long": {"backwards_tp": true,
          "delay_between_fills_minutes_close": 474.78384344782006,
          "delay_between_fills_minutes_entry": 306.64943471081307,
          "delay_weight_close": 82.68655628009944,
          "delay_weight_entry": 25.31868465726983,
          "ema_dist_close": -0.8237186296631288,
          "ema_dist_entry": 0.013730675184551585,
          "ema_span_0": 633.5582290279067,
          "ema_span_1": 542.7463551837395,
          "enabled": true,
          "markup_range": 0.011201546379636922,
          "min_markup": 0.0036010422396301066,
          "n_close_orders": 10,
          "qty_pct_close": 0.016151775783387255,
          "qty_pct_entry": 0.016880590309865114,
          "wallet_exposure_limit": 0.3,
          "we_multiplier_close": 6.96116518400087,
          "we_multiplier_entry": 150},
 "short": {"backwards_tp": true,
           "delay_between_fills_minutes_close": 36.30799765329152,
           "delay_between_fills_minutes_entry": 1045.383750837597,
           "delay_weight_close": 65.57395440755862,
           "delay_weight_entry": 10.862817011990566,
           "ema_dist_close": -0.0023864853181920984,
           "ema_dist_entry": -0.029084014232118125,
           "ema_span_0": 386.91452410443424,
           "ema_span_1": 850.3294201186875,
           "enabled": false,
           "markup_range": 0.0021873615568212324,
           "min_markup": 0.004314783108853743,
           "n_close_orders": 16,
           "qty_pct_close": 0.10408796061854785,
           "qty_pct_entry": 0.043355940711554235,
           "wallet_exposure_limit": 1.0,
           "we_multiplier_close": 4.701624944057238,
           "we_multiplier_entry": 31.614416047683804}}