{"config_name": "recursive_grid_0days",
 "logging_level": 0,
 "long": {"auto_unstuck_ema_dist": -0.002353116263814301,
          "auto_unstuck_wallet_exposure_threshold": 0.06510294916014873,
          "backwards_tp": true,
          "ddown_factor": 2.8144563313095445,
          "ema_span_0": 602.6683004089235,
          "ema_span_1": 915.0957083471876,
          "enabled": true,
          "initial_eprice_ema_dist": 0.005995417227672786,
          "initial_qty_pct": 0.020502024599350094,
          "markup_range": 0.0039533640461345545,
          "min_markup": 0.005388604851486357,
          "n_close_orders": 14,
          "rentry_pprice_dist": 0.0261764686467613,
          "rentry_pprice_dist_wallet_exposure_weighting": 0.0,
          "wallet_exposure_limit": 0.3},
 "short": {"auto_unstuck_ema_dist": -0.0337643964889508,
           "auto_unstuck_wallet_exposure_threshold": 0.05408805971471571,
           "backwards_tp": true,
           "ddown_factor": 2.915796710932906,
           "ema_span_0": 392.27283676863317,
           "ema_span_1": 1077.0992377152447,
           "enabled": false,
           "initial_eprice_ema_dist": -0.06486727182940238,
           "initial_qty_pct": 0.05971773826127008,
           "markup_range": 0.04210480476786084,
           "min_markup": 0.0059035756996712084,
           "n_close_orders": 5,
           "rentry_pprice_dist": 0.028318472100347762,
           "rentry_pprice_dist_wallet_exposure_weighting": 0.3160852503675926,
           "wallet_exposure_limit": 1.0}}