{"config_name": "recursive_grid_0days",
 "logging_level": 0,
 "long": {"auto_unstuck_ema_dist": 0,
          "auto_unstuck_wallet_exposure_threshold": 0.0,
          "backwards_tp": true,
          "ddown_factor": 2.2732629597225245,
          "ema_span_0": 367.08270597928214,
          "ema_span_1": 357.95490585420714,
          "enabled": true,
          "initial_eprice_ema_dist": 0.008198938348398088,
          "initial_qty_pct": 0.010857353706421378,
          "markup_range": 0.0051533479953545895,
          "min_markup": 0.002971324429933948,
          "n_close_orders": 6,
          "rentry_pprice_dist": 0.03496479789447277,
          "rentry_pprice_dist_wallet_exposure_weighting": 3.7674115100490186,
          "wallet_exposure_limit": 0.3},
 "short": {"auto_unstuck_ema_dist": -0.0900444841283948,
           "auto_unstuck_wallet_exposure_threshold": 0.07247808197828093,
           "backwards_tp": true,
           "ddown_factor": 0.587442578258695,
           "ema_span_0": 1426.9771887067304,
           "ema_span_1": 1342.095248235563,
           "enabled": false,
           "initial_eprice_ema_dist": -0.07209318140947979,
           "initial_qty_pct": 0.039149716495303626,
           "markup_range": 0.05766506867341164,
           "min_markup": 0.002867296715268558,
           "n_close_orders": 3,
           "rentry_pprice_dist": 0.01620862672763681,
           "rentry_pprice_dist_wallet_exposure_weighting": 10.555803281100829,
           "wallet_exposure_limit": 1.0}}