{"config_name": "recursive_grid_0days",
 "logging_level": 0,
 "long": {"auto_unstuck_ema_dist": 0.0036234870885923664,
          "auto_unstuck_wallet_exposure_threshold": 0.0650323622087935,
          "backwards_tp": true,
          "ddown_factor": 3.103805565453036,
          "ema_span_0": 176.40080373467111,
          "ema_span_1": 36.617266367693254,
          "enabled": true,
          "initial_eprice_ema_dist": -0.1,
          "initial_qty_pct": 0.0026382148209645982,
          "markup_range": 0.013697786721005389,
          "min_markup": 0.00270102246370465,
          "n_close_orders": 7,
          "rentry_pprice_dist": 0.03293917112219302,
          "rentry_pprice_dist_wallet_exposure_weighting": 0.0,
          "wallet_exposure_limit": 1},
 "short": {"auto_unstuck_ema_dist": -0.08047099079873792,
           "auto_unstuck_wallet_exposure_threshold": 0.05403892185586519,
           "backwards_tp": true,
           "ddown_factor": 1.6919226830693808,
           "ema_span_0": 754.8890000898881,
           "ema_span_1": 1268.1633833155847,
           "enabled": false,
           "initial_eprice_ema_dist": -0.019374124558649137,
           "initial_qty_pct": 0.09572822489926185,
           "markup_range": 0.04632002204313663,
           "min_markup": 0.0026323405605994353,
           "n_close_orders": 7,
           "rentry_pprice_dist": 0.034297581246372125,
           "rentry_pprice_dist_wallet_exposure_weighting": 11.843314356473622,
           "wallet_exposure_limit": 1}}