{"config_name": "recursive_grid_0days",
 "logging_level": 0,
 "long": {"auto_unstuck_ema_dist": -0.001608216666060212,
          "auto_unstuck_wallet_exposure_threshold": 0.08631375529899711,
          "backwards_tp": true,
          "ddown_factor": 2.393913734625573,
          "ema_span_0": 148.42330558524338,
          "ema_span_1": 391.30813861269746,
          "enabled": true,
          "initial_eprice_ema_dist": 0.006771528964316629,
          "initial_qty_pct": 0.018844733579227196,
          "markup_range": 0.003428018877508262,
          "min_markup": 0.007998317477952285,
          "n_close_orders": 15,
          "rentry_pprice_dist": 0.02390741929703728,
          "rentry_pprice_dist_wallet_exposure_weighting": 10.196905889237962,
          "wallet_exposure_limit": 0.3},
 "short": {"auto_unstuck_ema_dist": -0.06550478966416995,
           "auto_unstuck_wallet_exposure_threshold": 0.07259125486035319,
           "backwards_tp": true,
           "ddown_factor": 1.1367102536866047,
           "ema_span_0": 424.1522497419919,
           "ema_span_1": 465.28341410234594,
           "enabled": false,
           "initial_eprice_ema_dist": 0.008223886562343685,
           "initial_qty_pct": 0.09482754395453137,
           "markup_range": 0.049535656660828424,
           "min_markup": 0.009194848338669976,
           "n_close_orders": 2,
           "rentry_pprice_dist": 0.020374532870576115,
           "rentry_pprice_dist_wallet_exposure_weighting": 37.73523365815539,
           "wallet_exposure_limit": 1.0}}