{"config_name": "recursive_grid_0days",
 "logging_level": 0,
 "long": {"auto_unstuck_ema_dist": 0.0026663163149355036,
          "auto_unstuck_wallet_exposure_threshold": 0.06886351042359651,
          "backwards_tp": true,
          "ddown_factor": 2.0323865975056017,
          "ema_span_0": 546.1627406927913,
          "ema_span_1": 1428.940524225365,
          "enabled": true,
          "initial_eprice_ema_dist": 0.004513975857832938,
          "initial_qty_pct": 0.014526122111572106,
          "markup_range": 0.0028715491252430197,
          "min_markup": 0.01,
          "n_close_orders": 3,
          "rentry_pprice_dist": 0.026282398191169766,
          "rentry_pprice_dist_wallet_exposure_weighting": 7.627509236014708,
          "wallet_exposure_limit": 0.3},
 "short": {"auto_unstuck_ema_dist": -0.01757883996866437,
           "auto_unstuck_wallet_exposure_threshold": 0.0925422962351175,
           "backwards_tp": true,
           "ddown_factor": 2.0918051710010714,
           "ema_span_0": 364.1383124892435,
           "ema_span_1": 208.54816957398148,
           "enabled": false,
           "initial_eprice_ema_dist": -0.07043028257988004,
           "initial_qty_pct": 0.03207335500465547,
           "markup_range": 0.05915438227735749,
           "min_markup": 0.008105758765906315,
           "n_close_orders": 12,
           "rentry_pprice_dist": 0.04774913900688121,
           "rentry_pprice_dist_wallet_exposure_weighting": 23.077588652475743,
           "wallet_exposure_limit": 1.0}}