{"config_name": "recursive_grid_0days",
 "logging_level": 0,
 "long": {"auto_unstuck_ema_dist": 0.0,
          "auto_unstuck_wallet_exposure_threshold": 0.0,
          "backwards_tp": true,
          "ddown_factor": 1.2176953630129437,
          "ema_span_0": 865.060903203983,
          "ema_span_1": 722.5214649118714,
          "enabled": true,
          "initial_eprice_ema_dist": -0.02988109977600788,
          "initial_qty_pct": 0.0038674868080432584,
          "markup_range": 0.00350147387622756,
          "min_markup": 0.0024785307230382587,
          "n_close_orders": 10,
          "rentry_pprice_dist": 0.017188731972258828,
          "rentry_pprice_dist_wallet_exposure_weighting": 1.5880172676656066,
          "wallet_exposure_limit": 0.1},
 "short": {"auto_unstuck_ema_dist": 0.07892143148952596,
           "auto_unstuck_wallet_exposure_threshold": 0.08016454961908394,
           "backwards_tp": true,
           "ddown_factor": 0.3750665337692782,
           "ema_span_0": 3591.1999162394477,
           "ema_span_1": 7036.183058752954,
           "enabled": false,
           "initial_eprice_ema_dist": -0.03105106812148785,
           "initial_qty_pct": 0.015,
           "markup_range": 0.013712503708288203,
           "min_markup": 0.002763898326808549,
           "n_close_orders": 12,
           "rentry_pprice_dist": 0.03619520011522057,
           "rentry_pprice_dist_wallet_exposure_weighting": 83.42552370532472,
           "wallet_exposure_limit": 0.1}}