{"config_name": "clock_0days",
 "long": {"backwards_tp": false,
          "delay_between_fills_minutes_close": 1075.858833903817,
          "delay_between_fills_minutes_entry": 1378.649606493406,
          "delay_weight_close": 25.947235688175283,
          "delay_weight_entry": 29.04484975710319,
          "ema_dist_close": -0.010234162151991046,
          "ema_dist_entry": 0.0018163732642216858,
          "ema_span_0": 1089.984293193716,
          "ema_span_1": 617.8369271839134,
          "enabled": true,
          "markup_range": 0.033244989464460466,
          "min_markup": 0.00889330175331997,
          "n_close_orders": 12,
          "qty_pct_close": 0.017684236346407443,
          "qty_pct_entry": 0.01,
          "wallet_exposure_limit": 0.2,
          "we_multiplier_close": 0,
          "we_multiplier_entry": 44.02503734948315},
 "short": {"backwards_tp": false,
           "delay_between_fills_minutes_close": 352.65924811631965,
           "delay_between_fills_minutes_entry": 547.4631943996161,
           "delay_weight_close": 52.56428291980173,
           "delay_weight_entry": 41.45086586171114,
           "ema_dist_close": -0.023122368559903822,
           "ema_dist_entry": -0.012050288476253342,
           "ema_span_0": 1132.2865967226603,
           "ema_span_1": 1323.094149181731,
           "enabled": false,
           "markup_range": 0.011420387346524277,
           "min_markup": 0.00972181191332877,
           "n_close_orders": 10,
           "qty_pct_close": 0.05735807826082231,
           "qty_pct_entry": 0.04158727832459736,
           "wallet_exposure_limit": 1.0,
           "we_multiplier_close": 74.41453287658057,
           "we_multiplier_entry": 28.898894671212428}}