{"config_name": "clock_0days",
 "long": {"backwards_tp": true,
          "delay_between_fills_minutes_close": 484.76358509061197,
          "delay_between_fills_minutes_entry": 351.36107418342675,
          "delay_weight_close": 82.1278747462827,
          "delay_weight_entry": 34.33063640462311,
          "ema_dist_close": 0.0020083148246584585,
          "ema_dist_entry": 0.01,
          "ema_span_0": 82.89977372090729,
          "ema_span_1": 100.68332998682524,
          "enabled": true,
          "markup_range": 0.018986748158667778,
          "min_markup": 0.00392900342855044,
          "n_close_orders": 2,
          "qty_pct_close": 0.01,
          "qty_pct_entry": 0.01,
          "wallet_exposure_limit": 0.2,
          "we_multiplier_close": 3.3463725420151413,
          "we_multiplier_entry": 82.82194814518846},
 "short": {"backwards_tp": true,
           "delay_between_fills_minutes_close": 433.7924683726594,
           "delay_between_fills_minutes_entry": 154.12621135051558,
           "delay_weight_close": 102.11398083300631,
           "delay_weight_entry": 0,
           "ema_dist_close": -0.6473137848477843,
           "ema_dist_entry": 0.003580665195078936,
           "ema_span_0": 346.84683514735013,
           "ema_span_1": 146.62279393731538,
           "enabled": true,
           "markup_range": 0.010502810733536115,
           "min_markup": 0.0028309562820958275,
           "n_close_orders": 3,
           "qty_pct_close": 0.01,
           "qty_pct_entry": 0.01,
           "wallet_exposure_limit": 0.1,
           "we_multiplier_close": 0,
           "we_multiplier_entry": 97.64801823974582}}