{"config_name": "recursive_grid_0days",
 "logging_level": 0,
 "long": {"auto_unstuck_ema_dist": 0,
          "auto_unstuck_wallet_exposure_threshold": 0.0,
          "backwards_tp": false,
          "ddown_factor": 0.7321352605631934,
          "ema_span_0": 344.9344320764021,
          "ema_span_1": 251.87301929395775,
          "enabled": true,
          "initial_eprice_ema_dist": -0.05442528521180528,
          "initial_qty_pct": 0.005900990141030767,
          "markup_range": 0.0461220143825849,
          "min_markup": 0.008315345510573027,
          "n_close_orders": 1,
          "rentry_pprice_dist": 0.024359437639529954,
          "rentry_pprice_dist_wallet_exposure_weighting": 2.067346404447588,
          "wallet_exposure_limit": 0.2},
 "short": {"auto_unstuck_ema_dist": -0.029475263700680154,
           "auto_unstuck_wallet_exposure_threshold": 0.03746330589167595,
           "backwards_tp": false,
           "ddown_factor": 2.5868933313736164,
           "ema_span_0": 734.4630279515343,
           "ema_span_1": 1210.982990561313,
           "enabled": false,
           "initial_eprice_ema_dist": -0.05059198692152651,
           "initial_qty_pct": 0.021930156227101125,
           "markup_range": 0.052154862639807495,
           "min_markup": 0.006831352584542248,
           "n_close_orders": 14,
           "rentry_pprice_dist": 0.007059664727800783,
           "rentry_pprice_dist_wallet_exposure_weighting": 11.741558331693685,
           "wallet_exposure_limit": 1.0}}