{"config_name": "clock_0days",
 "long": {"backwards_tp": true,
          "delay_between_fills_minutes_close": 430.9432280480514,
          "delay_between_fills_minutes_entry": 714.5506087227549,
          "delay_weight_close": 0,
          "delay_weight_entry": 24.803098342027745,
          "ema_dist_close": -0.004990883668741121,
          "ema_dist_entry": 0.0031748744501449433,
          "ema_span_0": 964.7588373051622,
          "ema_span_1": 354.49972373813176,
          "enabled": true,
          "markup_range": 0.003450375728460195,
          "min_markup": 0.006516543361983473,
          "n_close_orders": 6,
          "qty_pct_close": 0.003977314843895435,
          "qty_pct_entry": 0.010915673423545786,
          "wallet_exposure_limit": 0.2,
          "we_multiplier_close": 1.3255058993375206,
          "we_multiplier_entry": 173.97450981838762},
 "short": {"backwards_tp": true,
           "delay_between_fills_minutes_close": 1028.0366036262901,
           "delay_between_fills_minutes_entry": 1199.460929304237,
           "delay_weight_close": 63.591021061787615,
           "delay_weight_entry": 44.612306972204195,
           "ema_dist_close": -0.00013910259707358014,
           "ema_dist_entry": -0.025895161631062178,
           "ema_span_0": 552.0978671318798,
           "ema_span_1": 222.10862888178173,
           "enabled": false,
           "markup_range": 0.029153836706128387,
           "min_markup": 0.003929922652430565,
           "n_close_orders": 5,
           "qty_pct_close": 0.018994007911155943,
           "qty_pct_entry": 0.07405999940255249,
           "wallet_exposure_limit": 1.0,
           "we_multiplier_close": 36.79906197595617,
           "we_multiplier_entry": 60.25687531764825}}