{"config_name": "recursive_grid_0days",
 "logging_level": 0,
 "long": {"auto_unstuck_ema_dist": 0,
          "auto_unstuck_wallet_exposure_threshold": 0.0,
          "backwards_tp": true,
          "ddown_factor": 1.8851098563320408,
          "ema_span_0": 484.45052616144505,
          "ema_span_1": 99.81326392782877,
          "enabled": true,
          "initial_eprice_ema_dist": -0.015,
          "initial_qty_pct": 0.001058364392325764,
          "markup_range": 0.030917877199047126,
          "min_markup": 0.002971573946239255,
          "n_close_orders": 1,
          "rentry_pprice_dist": 0.03100559959488817,
          "rentry_pprice_dist_wallet_exposure_weighting": 1.062643422758691,
          "wallet_exposure_limit": 0.2},
 "short": {"auto_unstuck_ema_dist": -0.032048118930699476,
           "auto_unstuck_wallet_exposure_threshold": 0.08911429578813676,
           "backwards_tp": true,
           "ddown_factor": 2.684053403695369,
           "ema_span_0": 900.4812772640811,
           "ema_span_1": 1317.4885592273456,
           "enabled": false,
           "initial_eprice_ema_dist": -0.0982399343121392,
           "initial_qty_pct": 0.049547119479855885,
           "markup_range": 0.0068134194542342884,
           "min_markup": 0.00942980180275237,
           "n_close_orders": 5,
           "rentry_pprice_dist": 0.04092910985864022,
           "rentry_pprice_dist_wallet_exposure_weighting": 5.25131945610505,
           "wallet_exposure_limit": 1.0}}