{"config_name": "recursive_grid_0days",
 "logging_level": 0,
 "long": {"auto_unstuck_ema_dist": 0,
          "auto_unstuck_wallet_exposure_threshold": 0.0,
          "backwards_tp": false,
          "ddown_factor": 1.2289806006150241,
          "ema_span_0": 771.1872215394662,
          "ema_span_1": 475.9333685366969,
          "enabled": true,
          "initial_eprice_ema_dist": -0.015,
          "initial_qty_pct": 0.00133001073576777,
          "markup_range": 0.03339235675446816,
          "min_markup": 0.0015725589263381867,
          "n_close_orders": 2,
          "rentry_pprice_dist": 0.033983996765034365,
          "rentry_pprice_dist_wallet_exposure_weighting": 2.542658550846683,
          "wallet_exposure_limit": 0.2},
 "short": {"auto_unstuck_ema_dist": -0.026476118918229097,
           "auto_unstuck_wallet_exposure_threshold": 0.09548650858985376,
           "backwards_tp": false,
           "ddown_factor": 2.2759803674313432,
           "ema_span_0": 1312.5301147964212,
           "ema_span_1": 280.29775900582445,
           "enabled": false,
           "initial_eprice_ema_dist": -0.015430962532181805,
           "initial_qty_pct": 0.09352974809394185,
           "markup_range": 0.05660307293078969,
           "min_markup": 0.008927868345608547,
           "n_close_orders": 5,
           "rentry_pprice_dist": 0.04483972541261869,
           "rentry_pprice_dist_wallet_exposure_weighting": 14.025900100157408,
           "wallet_exposure_limit": 1.0}}