{"config_name": "clock_0days",
 "long": {"backwards_tp": true,
          "delay_between_fills_minutes_close": 360.9589487100221,
          "delay_between_fills_minutes_entry": 428.2644267971319,
          "delay_weight_close": 117.1170565258867,
          "delay_weight_entry": 36.205632653350406,
          "ema_dist_close": -0.8822878305920008,
          "ema_dist_entry": 0.00402104923237614,
          "ema_span_0": 1536.500929049804,
          "ema_span_1": 520.8213032403648,
          "enabled": true,
          "markup_range": 0.03659354356777527,
          "min_markup": 0.006687791621393528,
          "n_close_orders": 3,
          "qty_pct_close": 0.013884650785735655,
          "qty_pct_entry": 0.01233475372760282,
          "wallet_exposure_limit": 0.3,
          "we_multiplier_close": 3.2312229618810036,
          "we_multiplier_entry": 71.99647025726385},
 "short": {"backwards_tp": true,
           "delay_between_fills_minutes_close": 1313.3884828478338,
           "delay_between_fills_minutes_entry": 131.94626173101378,
           "delay_weight_close": 99.61449446385683,
           "delay_weight_entry": 13.488954523508735,
           "ema_dist_close": -0.041881008906040004,
           "ema_dist_entry": -0.016749059649463126,
           "ema_span_0": 989.3619899380279,
           "ema_span_1": 1369.940342679435,
           "enabled": false,
           "markup_range": 0.05311510588762564,
           "min_markup": 0.005714218624934948,
           "n_close_orders": 11,
           "qty_pct_close": 0.0363073395752311,
           "qty_pct_entry": 0.03448527499790376,
           "wallet_exposure_limit": 1.0,
           "we_multiplier_close": 68.06498326270251,
           "we_multiplier_entry": 32.292922993731146}}