{"config_name": "recursive_grid_0days",
 "logging_level": 0,
 "long": {"auto_unstuck_ema_dist": 0.005,
          "auto_unstuck_wallet_exposure_threshold": 0.05,
          "backwards_tp": true,
          "ddown_factor": 1.5250843751733223,
          "ema_span_0": 662.9260469648319,
          "ema_span_1": 957.8839128691297,
          "enabled": true,
          "initial_eprice_ema_dist": -0.05569798093134798,
          "initial_qty_pct": 0.0025920215088879924,
          "markup_range": 0.00803566552727588,
          "min_markup": 0.0025936074252222063,
          "n_close_orders": 1,
          "rentry_pprice_dist": 0.011342728182659174,
          "rentry_pprice_dist_wallet_exposure_weighting": 0.5666467068598121,
          "wallet_exposure_limit": 0.2},
 "short": {"auto_unstuck_ema_dist": -0.08313619233689305,
           "auto_unstuck_wallet_exposure_threshold": 0.03485630336004251,
           "backwards_tp": true,
           "ddown_factor": 1.592207276305392,
           "ema_span_0": 367.9746718924566,
           "ema_span_1": 1027.2056054258046,
           "enabled": false,
           "initial_eprice_ema_dist": -0.08315471771338362,
           "initial_qty_pct": 0.05517682057271255,
           "markup_range": 0.005995277871677374,
           "min_markup": 0.006793394464697588,
           "n_close_orders": 16,
           "rentry_pprice_dist": 0.03373001112020793,
           "rentry_pprice_dist_wallet_exposure_weighting": 1.3007042045399198,
           "wallet_exposure_limit": 1}}