{"config_name": "recursive_grid_0days",
 "logging_level": 0,
 "long": {"auto_unstuck_ema_dist": -0.0008870239336154618,
          "auto_unstuck_wallet_exposure_threshold": 0.05153456010373281,
          "backwards_tp": true,
          "ddown_factor": 1.3511059031248822,
          "ema_span_0": 538.9389465898838,
          "ema_span_1": 303.4120428568574,
          "enabled": true,
          "initial_eprice_ema_dist": 0.009396334120475065,
          "initial_qty_pct": 0.026223149296043687,
          "markup_range": 0.010145719581246361,
          "min_markup": 0.008609814605038228,
          "n_close_orders": 11,
          "rentry_pprice_dist": 0.02977178260559725,
          "rentry_pprice_dist_wallet_exposure_weighting": 1.504917488801178,
          "wallet_exposure_limit": 0.3},
 "short": {"auto_unstuck_ema_dist": -0.04135032904105806,
           "auto_unstuck_wallet_exposure_threshold": 0.03634183123362261,
           "backwards_tp": true,
           "ddown_factor": 0.8138340165252231,
           "ema_span_0": 576.1908578644976,
           "ema_span_1": 900.5596636614051,
           "enabled": false,
           "initial_eprice_ema_dist": -0.011042038356426693,
           "initial_qty_pct": 0.02899344417624853,
           "markup_range": 0.008854912046486465,
           "min_markup": 0.006175234798149172,
           "n_close_orders": 9,
           "rentry_pprice_dist": 0.038846658395861544,
           "rentry_pprice_dist_wallet_exposure_weighting": 6.270280231519112,
           "wallet_exposure_limit": 1}}