{"config_name": "clock_0days",
 "long": {"backwards_tp": true,
          "delay_between_fills_minutes_close": 500,
          "delay_between_fills_minutes_entry": 495.7278096486426,
          "delay_weight_close": 144.71724748662297,
          "delay_weight_entry": 18.95041700590372,
          "ema_dist_close": -0.09228470630400876,
          "ema_dist_entry": -0.925529976979533,
          "ema_span_0": 920.4292424206768,
          "ema_span_1": 654.1925706266509,
          "enabled": true,
          "markup_range": 0.019123859122254686,
          "min_markup": 0.01933002654949568,
          "n_close_orders": 2,
          "qty_pct_close": 0.011026880147377176,
          "qty_pct_entry": 0.010325791714202026,
          "wallet_exposure_limit": 0.3,
          "we_multiplier_close": 0,
          "we_multiplier_entry": 41.486897886635},
 "short": {"backwards_tp": false,
           "delay_between_fills_minutes_close": 123.36294963552322,
           "delay_between_fills_minutes_entry": 1224.5883254000712,
           "delay_weight_close": 17.124579463980705,
           "delay_weight_entry": 36.45756046822871,
           "ema_dist_close": -0.017145718922982965,
           "ema_dist_entry": -0.037252803620387034,
           "ema_span_0": 55.56763985986576,
           "ema_span_1": 1088.6873923198898,
           "enabled": false,
           "markup_range": 0.09230236295402397,
           "min_markup": 0.09261136913314337,
           "n_close_orders": 10,
           "qty_pct_close": 0.3900592098508553,
           "qty_pct_entry": 0.04362594675442148,
           "wallet_exposure_limit": 1.0,
           "we_multiplier_close": 7.074401578658032,
           "we_multiplier_entry": 37.30701683501658}}