{"config_name": "recursive_grid_0days",
 "logging_level": 0,
 "long": {"auto_unstuck_ema_dist": 0.0022017729169950943,
          "auto_unstuck_wallet_exposure_threshold": 0.06311632988624628,
          "backwards_tp": true,
          "ddown_factor": 1.3466846471230522,
          "ema_span_0": 597.5183004504299,
          "ema_span_1": 1056.6986923564052,
          "enabled": true,
          "initial_eprice_ema_dist": 0.0049107753303235194,
          "initial_qty_pct": 0.016355061773843195,
          "markup_range": 0.006584395192579955,
          "min_markup": 0.009628167280393937,
          "n_close_orders": 10,
          "rentry_pprice_dist": 0.033614331735359056,
          "rentry_pprice_dist_wallet_exposure_weighting": 0.0,
          "wallet_exposure_limit": 0.3},
 "short": {"auto_unstuck_ema_dist": -0.08018306236493815,
           "auto_unstuck_wallet_exposure_threshold": 0.08891086475779791,
           "backwards_tp": true,
           "ddown_factor": 0.9593397412327871,
           "ema_span_0": 375.7289131605247,
           "ema_span_1": 1066.72445440184,
           "enabled": false,
           "initial_eprice_ema_dist": -0.08960947372591262,
           "initial_qty_pct": 0.09844957293188641,
           "markup_range": 0.0031721449776520136,
           "min_markup": 0.00881288114651465,
           "n_close_orders": 12,
           "rentry_pprice_dist": 0.049405624225479325,
           "rentry_pprice_dist_wallet_exposure_weighting": 30.90824902340778,
           "wallet_exposure_limit": 1.0}}