{"config_name": "recursive_grid_0days",
 "logging_level": 0,
 "long": {"auto_unstuck_ema_dist": 0,
          "auto_unstuck_wallet_exposure_threshold": 0.0,
          "backwards_tp": false,
          "ddown_factor": 0.44684701105459307,
          "ema_span_0": 239.20537374685603,
          "ema_span_1": 327.0782592147439,
          "enabled": true,
          "initial_eprice_ema_dist": -0.045699361296869655,
          "initial_qty_pct": 0.004975441166048633,
          "markup_range": 0.04873185113402784,
          "min_markup": 0.01005804227864211,
          "n_close_orders": 8,
          "rentry_pprice_dist": 0.03095032856629607,
          "rentry_pprice_dist_wallet_exposure_weighting": 3.4104240449656613,
          "wallet_exposure_limit": 1},
 "short": {"auto_unstuck_ema_dist": -0.021483393948861246,
           "auto_unstuck_wallet_exposure_threshold": 0.07963247475114055,
           "backwards_tp": false,
           "ddown_factor": 1.578970002370092,
           "ema_span_0": 1013.0212661889049,
           "ema_span_1": 714.5762525330958,
           "enabled": false,
           "initial_eprice_ema_dist": -0.08164741997701805,
           "initial_qty_pct": 0.09635330385167674,
           "markup_range": 0.04697982356770555,
           "min_markup": 0.00523740932756491,
           "n_close_orders": 15,
           "rentry_pprice_dist": 0.02002811896091007,
           "rentry_pprice_dist_wallet_exposure_weighting": 14.835138994707744,
           "wallet_exposure_limit": 1.0}}