{"config_name": "clock_0days",
 "long": {"backwards_tp": false,
          "delay_between_fills_minutes_close": 1440,
          "delay_between_fills_minutes_entry": 984.8026534611572,
          "delay_weight_close": 73.85570034600715,
          "delay_weight_entry": 30.62795826062646,
          "ema_dist_close": -0.00012969733740792524,
          "ema_dist_entry": -0.03210662536862384,
          "ema_span_0": 564.3491814898751,
          "ema_span_1": 1345.2357621302153,
          "enabled": true,
          "markup_range": 0.03076087992538637,
          "min_markup": 0.006061220876059185,
          "n_close_orders": 14,
          "qty_pct_close": 0.13218054944110003,
          "qty_pct_entry": 0.01,
          "wallet_exposure_limit": 1,
          "we_multiplier_close": 0.17165786595720572,
          "we_multiplier_entry": 32.39786970013845},
 "short": {"backwards_tp": false,
           "delay_between_fills_minutes_close": 384.3428286029132,
           "delay_between_fills_minutes_entry": 688.3819638383676,
           "delay_weight_close": 19.51560335285205,
           "delay_weight_entry": 68.29886951716826,
           "ema_dist_close": -0.034648404984381584,
           "ema_dist_entry": 0.0035011023348359774,
           "ema_span_0": 1009.1303116988577,
           "ema_span_1": 479.1921757308085,
           "enabled": false,
           "markup_range": 0.0012579836507386165,
           "min_markup": 0.005792051955231358,
           "n_close_orders": 13,
           "qty_pct_close": 0.05941192744520438,
           "qty_pct_entry": 0.07538643533920125,
           "wallet_exposure_limit": 1,
           "we_multiplier_close": 68.40765462096809,
           "we_multiplier_entry": 81.5612516547568}}