{"config_name": "recursive_grid_0days",
 "logging_level": 0,
 "long": {"auto_unstuck_ema_dist": 0,
          "auto_unstuck_wallet_exposure_threshold": 0.0,
          "backwards_tp": false,
          "ddown_factor": 0.46288328393139416,
          "ema_span_0": 417.4658402387159,
          "ema_span_1": 323.0800912362974,
          "enabled": true,
          "initial_eprice_ema_dist": -0.0461318656253877,
          "initial_qty_pct": 0.005900990141030767,
          "markup_range": 0.0390502734516249,
          "min_markup": 0.009452682931080566,
          "n_close_orders": 8,
          "rentry_pprice_dist": 0.03348360181060248,
          "rentry_pprice_dist_wallet_exposure_weighting": 1.1853575716683191,
          "wallet_exposure_limit": 0.2},
 "short": {"auto_unstuck_ema_dist": -0.004154630925124414,
           "auto_unstuck_wallet_exposure_threshold": 0.07235425446165786,
           "backwards_tp": false,
           "ddown_factor": 0.11089224462058825,
           "ema_span_0": 531.4714163836087,
           "ema_span_1": 149.59206900683694,
           "enabled": false,
           "initial_eprice_ema_dist": -0.07508584624817197,
           "initial_qty_pct": 0.06014268667523896,
           "markup_range": 0.05488100681453536,
           "min_markup": 0.0040898396183651365,
           "n_close_orders": 5,
           "rentry_pprice_dist": 0.012323876215972463,
           "rentry_pprice_dist_wallet_exposure_weighting": 2.7166636813972245,
           "wallet_exposure_limit": 1.0}}