{"config_name": "clock_0days",
 "long": {"backwards_tp": true,
          "delay_between_fills_minutes_close": 476.61364617941814,
          "delay_between_fills_minutes_entry": 465.43685728379046,
          "delay_weight_close": 87.1434972800976,
          "delay_weight_entry": 21.005398678635373,
          "ema_dist_close": -0.01314663803570544,
          "ema_dist_entry": 0.010626011224239562,
          "ema_span_0": 194.0498857720236,
          "ema_span_1": 479.8641697010713,
          "enabled": true,
          "markup_range": 0.05,
          "min_markup": 0.009373096677906248,
          "n_close_orders": 7,
          "qty_pct_close": 0.01812118914165971,
          "qty_pct_entry": 0.013147873443672938,
          "wallet_exposure_limit": 0.3,
          "we_multiplier_close": 2.6665848832899837,
          "we_multiplier_entry": 51.71100359616202},
 "short": {"backwards_tp": true,
           "delay_between_fills_minutes_close": 1399.6057135162112,
           "delay_between_fills_minutes_entry": 1192.9308732540608,
           "delay_weight_close": 63.13397740383638,
           "delay_weight_entry": 12.175834810669151,
           "ema_dist_close": -0.00918970540491372,
           "ema_dist_entry": -0.0009724856996162767,
           "ema_span_0": 643.6652942601175,
           "ema_span_1": 514.8183028393535,
           "enabled": false,
           "markup_range": 0.02010913609644988,
           "min_markup": 0.006682983358297977,
           "n_close_orders": 13,
           "qty_pct_close": 0.022717924770350915,
           "qty_pct_entry": 0.07901670884010051,
           "wallet_exposure_limit": 1.0,
           "we_multiplier_close": 51.65173671238313,
           "we_multiplier_entry": 23.633641393785044}}