{"config_name": "recursive_grid_0days",
 "logging_level": 0,
 "long": {"auto_unstuck_ema_dist": 0.0033872880676263893,
          "auto_unstuck_wallet_exposure_threshold": 0.08011621750552499,
          "backwards_tp": true,
          "ddown_factor": 1.4849072216715187,
          "ema_span_0": 488.3581746232863,
          "ema_span_1": 518.673198252119,
          "enabled": true,
          "initial_eprice_ema_dist": 0.011897877554344623,
          "initial_qty_pct": 0.030117084289184116,
          "markup_range": 0.010344923550899965,
          "min_markup": 0.009077412631798648,
          "n_close_orders": 3,
          "rentry_pprice_dist": 0.03974394552022625,
          "rentry_pprice_dist_wallet_exposure_weighting": 1.338980683532748,
          "wallet_exposure_limit": 0.3},
 "short": {"auto_unstuck_ema_dist": -0.06257600300228126,
           "auto_unstuck_wallet_exposure_threshold": 0.06001027514837563,
           "backwards_tp": true,
           "ddown_factor": 2.7007968998532497,
           "ema_span_0": 192.4975002892575,
           "ema_span_1": 409.3174817491697,
           "enabled": false,
           "initial_eprice_ema_dist": 0.007947566616792509,
           "initial_qty_pct": 0.09345506933954095,
           "markup_range": 0.020089404806243657,
           "min_markup": 0.002659727568245779,
           "n_close_orders": 3,
           "rentry_pprice_dist": 0.02094930167863135,
           "rentry_pprice_dist_wallet_exposure_weighting": 25.201999178997788,
           "wallet_exposure_limit": 1.0}}