{"config_name": "clock_0days",
 "long": {"backwards_tp": false,
          "delay_between_fills_minutes_close": 1311.1133768239843,
          "delay_between_fills_minutes_entry": 1440,
          "delay_weight_close": 33.84779654974661,
          "delay_weight_entry": 15.464475301268202,
          "ema_dist_close": 0.003492675131485283,
          "ema_dist_entry": 0.002287366160532672,
          "ema_span_0": 908.1371822338036,
          "ema_span_1": 282.4328348745712,
          "enabled": true,
          "markup_range": 0.03168979899276429,
          "min_markup": 0.008783364424496851,
          "n_close_orders": 13,
          "qty_pct_close": 0.018180533903417145,
          "qty_pct_entry": 0.0214797056206714,
          "wallet_exposure_limit": 0.2,
          "we_multiplier_close": 0,
          "we_multiplier_entry": 24.38113547495589},
 "short": {"backwards_tp": false,
           "delay_between_fills_minutes_close": 730.7997955064845,
           "delay_between_fills_minutes_entry": 236.86228259790605,
           "delay_weight_close": 98.05501124767973,
           "delay_weight_entry": 66.09158759274932,
           "ema_dist_close": -0.01645111018142076,
           "ema_dist_entry": -0.03735765191037013,
           "ema_span_0": 1226.9661504029225,
           "ema_span_1": 10.300040565747054,
           "enabled": false,
           "markup_range": 0.02955258163589762,
           "min_markup": 0.005994231866604722,
           "n_close_orders": 11,
           "qty_pct_close": 0.027814288775457358,
           "qty_pct_entry": 0.08325686912912378,
           "wallet_exposure_limit": 1.0,
           "we_multiplier_close": 0.13782120138982057,
           "we_multiplier_entry": 75.63799443499411}}