{"config_name": "neat_grid_0days",
 "logging_level": 0,
 "long": {"auto_unstuck_ema_dist": 0,
          "auto_unstuck_wallet_exposure_threshold": 0,
          "backwards_tp": true,
          "ema_span_0": 298.0303622951833,
          "ema_span_1": 34.59060680821242,
          "enabled": true,
          "eprice_exp_base": 1.5586702946873154,
          "eqty_exp_base": 2.538263729942149,
          "grid_span": 0.15,
          "initial_eprice_ema_dist": -0.09924922437939258,
          "initial_qty_pct": 0.01,
          "markup_range": 0.0017675291106220045,
          "max_n_entry_orders": 5,
          "min_markup": 0.002,
          "n_close_orders": 6,
          "wallet_exposure_limit": 1},
 "short": {"auto_unstuck_ema_dist": 0,
           "auto_unstuck_wallet_exposure_threshold": 0.0,
           "backwards_tp": true,
           "ema_span_0": 1813.6169151068354,
           "ema_span_1": 183.4199310240794,
           "enabled": true,
           "eprice_exp_base": 1.0893471314437497,
           "eqty_exp_base": 2.2586625644147684,
           "grid_span": 0.11118561252387679,
           "initial_eprice_ema_dist": -0.0884124557813648,
           "initial_qty_pct": 0.01,
           "markup_range": 0.0017348840364587808,
           "max_n_entry_orders": 5,
           "min_markup": 0.003,
           "n_close_orders": 13,
           "wallet_exposure_limit": 0.1}}