{"config_name": "clock_0days",
 "long": {"backwards_tp": true,
          "delay_between_fills_minutes_close": 500,
          "delay_between_fills_minutes_entry": 246.005505582598,
          "delay_weight_close": 63.53077367922696,
          "delay_weight_entry": 29.387693250249345,
          "ema_dist_close": -0.02844759852299764,
          "ema_dist_entry": 0.00793347622768087,
          "ema_span_0": 46.29117781958024,
          "ema_span_1": 484.3709437050911,
          "enabled": true,
          "markup_range": 0.011742229520232784,
          "min_markup": 0.004766944750868864,
          "n_close_orders": 3,
          "qty_pct_close": 0.01,
          "qty_pct_entry": 0.01,
          "wallet_exposure_limit": 0.3,
          "we_multiplier_close": 12.309688821518872,
          "we_multiplier_entry": 150},
 "short": {"backwards_tp": true,
           "delay_between_fills_minutes_close": 19.33183691077451,
           "delay_between_fills_minutes_entry": 487.81354616945697,
           "delay_weight_close": 26.3963234166225,
           "delay_weight_entry": 67.3034609245446,
           "ema_dist_close": -0.03990783150805721,
           "ema_dist_entry": -0.0100842796984736,
           "ema_span_0": 535.720227781964,
           "ema_span_1": 692.4367057219652,
           "enabled": false,
           "markup_range": 0.08773621871511159,
           "min_markup": 0.017479414413101933,
           "n_close_orders": 11,
           "qty_pct_close": 0.7431846021355372,
           "qty_pct_entry": 0.012701671239787092,
           "wallet_exposure_limit": 1.0,
           "we_multiplier_close": 6.4664916751090455,
           "we_multiplier_entry": 85.24049579749315}}