{"config_name": "recursive_grid_0days",
 "logging_level": 0,
 "long": {"auto_unstuck_ema_dist": 0.001917978120138977,
          "auto_unstuck_wallet_exposure_threshold": 0.05886687060406564,
          "backwards_tp": true,
          "ddown_factor": 2.6468944812965627,
          "ema_span_0": 269.27408156174556,
          "ema_span_1": 352.31888641296445,
          "enabled": true,
          "initial_eprice_ema_dist": 0.007562014968387892,
          "initial_qty_pct": 0.05545979943005821,
          "markup_range": 0.0008874298158077987,
          "min_markup": 0.006946015923790728,
          "n_close_orders": 11,
          "rentry_pprice_dist": 0.043177856475407665,
          "rentry_pprice_dist_wallet_exposure_weighting": 1.1113030186704138,
          "wallet_exposure_limit": 0.3},
 "short": {"auto_unstuck_ema_dist": -0.02267044449071512,
           "auto_unstuck_wallet_exposure_threshold": 0.08807996714249819,
           "backwards_tp": true,
           "ddown_factor": 1.2566990750334377,
           "ema_span_0": 372.16173828813726,
           "ema_span_1": 473.3074846609394,
           "enabled": false,
           "initial_eprice_ema_dist": -0.0471922683756775,
           "initial_qty_pct": 0.0155322662214697,
           "markup_range": 0.03607515525752867,
           "min_markup": 0.005867804686679864,
           "n_close_orders": 16,
           "rentry_pprice_dist": 0.013140899968800189,
           "rentry_pprice_dist_wallet_exposure_weighting": 25.25408955874221,
           "wallet_exposure_limit": 1}}