{"config_name": "recursive_grid_0days",
 "logging_level": 0,
 "long": {"auto_unstuck_ema_dist": 0,
          "auto_unstuck_wallet_exposure_threshold": 0.0,
          "backwards_tp": false,
          "ddown_factor": 3.1345412755247115,
          "ema_span_0": 80.71012117455479,
          "ema_span_1": 123.90527760262431,
          "enabled": true,
          "initial_eprice_ema_dist": -0.16824197063687482,
          "initial_qty_pct": 0.001133862520540292,
          "markup_range": 0.010209676817055901,
          "min_markup": 0.010561194433435443,
          "n_close_orders": 2,
          "rentry_pprice_dist": 0.026645293018427437,
          "rentry_pprice_dist_wallet_exposure_weighting": 3.493758065461323,
          "wallet_exposure_limit": 0.2},
 "short": {"auto_unstuck_ema_dist": -0.08131267565721571,
           "auto_unstuck_wallet_exposure_threshold": 0.06835660099738652,
           "backwards_tp": false,
           "ddown_factor": 2.843475727601992,
           "ema_span_0": 845.2273356318607,
           "ema_span_1": 601.726056442135,
           "enabled": false,
           "initial_eprice_ema_dist": -0.043360848466458025,
           "initial_qty_pct": 0.09544291122255746,
           "markup_range": 0.012623751360713462,
           "min_markup": 0.0040843600413525746,
           "n_close_orders": 13,
           "rentry_pprice_dist": 0.045902929727682736,
           "rentry_pprice_dist_wallet_exposure_weighting": 17.109944560698008,
           "wallet_exposure_limit": 1.0}}