{"config_name": "clock_0days",
 "long": {"backwards_tp": false,
          "delay_between_fills_minutes_close": 1291.76290761799,
          "delay_between_fills_minutes_entry": 436.5980517893559,
          "delay_weight_close": 16.876289136699192,
          "delay_weight_entry": 27.150359563369634,
          "ema_dist_close": -0.006986057853970223,
          "ema_dist_entry": -0.001989642204575934,
          "ema_span_0": 735.558001925222,
          "ema_span_1": 1343.8744705984602,
          "enabled": true,
          "markup_range": 0.038765738954974795,
          "min_markup": 0.006954990325910746,
          "n_close_orders": 15,
          "qty_pct_close": 0.03889169966812338,
          "qty_pct_entry": 0.01,
          "wallet_exposure_limit": 0.25,
          "we_multiplier_close": 0.1733587004307965,
          "we_multiplier_entry": 14.197440436067906},
 "short": {"backwards_tp": false,
           "delay_between_fills_minutes_close": 325.1888733264476,
           "delay_between_fills_minutes_entry": 981.7769084871288,
           "delay_weight_close": 64.6668344192544,
           "delay_weight_entry": 29.51202694312626,
           "ema_dist_close": -0.003391953462080266,
           "ema_dist_entry": -0.004440514434375736,
           "ema_span_0": 1208.236034503571,
           "ema_span_1": 1349.4215139954856,
           "enabled": false,
           "markup_range": 0.0562680350808883,
           "min_markup": 0.005127881994167592,
           "n_close_orders": 6,
           "qty_pct_close": 0.04866551246826739,
           "qty_pct_entry": 0.05411567907176489,
           "wallet_exposure_limit": 1.0,
           "we_multiplier_close": 61.34029988062463,
           "we_multiplier_entry": 51.7961948118122}}