{"config_name": "recursive_grid_0days",
 "logging_level": 0,
 "long": {"auto_unstuck_ema_dist": 0.0012248163602144133,
          "auto_unstuck_wallet_exposure_threshold": 0.06250739258474095,
          "backwards_tp": true,
          "ddown_factor": 2.475975400670811,
          "ema_span_0": 322.2029077529821,
          "ema_span_1": 321.639845746098,
          "enabled": true,
          "initial_eprice_ema_dist": 0.005784540372768606,
          "initial_qty_pct": 0.012312771711166147,
          "markup_range": 0.0037699501729795515,
          "min_markup": 0.0022836541314363813,
          "n_close_orders": 5,
          "rentry_pprice_dist": 0.01607785293078413,
          "rentry_pprice_dist_wallet_exposure_weighting": 2.3530670399627276,
          "wallet_exposure_limit": 0.3},
 "short": {"auto_unstuck_ema_dist": -0.026469515571933153,
           "auto_unstuck_wallet_exposure_threshold": 0.03787436312891659,
           "backwards_tp": true,
           "ddown_factor": 1.8196954008913797,
           "ema_span_0": 125.21750598651624,
           "ema_span_1": 1272.7847588598404,
           "enabled": false,
           "initial_eprice_ema_dist": -0.02447177369365902,
           "initial_qty_pct": 0.08800092181936381,
           "markup_range": 0.03643434248744633,
           "min_markup": 0.0029785605675074875,
           "n_close_orders": 6,
           "rentry_pprice_dist": 0.0428098404570079,
           "rentry_pprice_dist_wallet_exposure_weighting": 32.80054830517158,
           "wallet_exposure_limit": 1.0}}