{"config_name": "clock_0days",
 "long": {"backwards_tp": true,
          "delay_between_fills_minutes_close": 470.65991747098485,
          "delay_between_fills_minutes_entry": 455.4376926794582,
          "delay_weight_close": 82.30456958210145,
          "delay_weight_entry": 57.558194256864105,
          "ema_dist_close": -0.03441797395617856,
          "ema_dist_entry": 0.01,
          "ema_span_0": 449.8941603556979,
          "ema_span_1": 369.24637648446225,
          "enabled": true,
          "markup_range": 0.01,
          "min_markup": 0.003711812412189321,
          "n_close_orders": 2,
          "qty_pct_close": 0.01,
          "qty_pct_entry": 0.01,
          "wallet_exposure_limit": 0.3,
          "we_multiplier_close": 26.765607644087574,
          "we_multiplier_entry": 85.81022924904028},
 "short": {"backwards_tp": true,
           "delay_between_fills_minutes_close": 114.6062583216103,
           "delay_between_fills_minutes_entry": 292.80034192158286,
           "delay_weight_close": 35.09728833548017,
           "delay_weight_entry": 51.79380885272181,
           "ema_dist_close": -0.27987772370435093,
           "ema_dist_entry": -0.09987126099913146,
           "ema_span_0": 372.3870260509201,
           "ema_span_1": 366.09438912234265,
           "enabled": false,
           "markup_range": 0.015809102984260862,
           "min_markup": 0.016005093956513436,
           "n_close_orders": 4,
           "qty_pct_close": 0.01,
           "qty_pct_entry": 0.01,
           "wallet_exposure_limit": 1.0,
           "we_multiplier_close": 88.74335488693941,
           "we_multiplier_entry": 14.287354270649711}}