{"config_name": "clock_0days",
 "long": {"backwards_tp": true,
          "delay_between_fills_minutes_close": 451.0574194954947,
          "delay_between_fills_minutes_entry": 330.1761284112203,
          "delay_weight_close": 75.13549945508808,
          "delay_weight_entry": 24.325097021506714,
          "ema_dist_close": -0.009428665053856875,
          "ema_dist_entry": 0.01,
          "ema_span_0": 486.2995010887978,
          "ema_span_1": 351.46071884038963,
          "enabled": true,
          "markup_range": 0.017255860962381225,
          "min_markup": 0.01,
          "n_close_orders": 3,
          "qty_pct_close": 0.01,
          "qty_pct_entry": 0.01,
          "wallet_exposure_limit": 0.3,
          "we_multiplier_close": 10.802009890549868,
          "we_multiplier_entry": 98.45194617595878},
 "short": {"backwards_tp": true,
           "delay_between_fills_minutes_close": 87.54140725908728,
           "delay_between_fills_minutes_entry": 122.09318838739766,
           "delay_weight_close": 99.67292643682427,
           "delay_weight_entry": 19.72208013450498,
           "ema_dist_close": -0.017972061259068334,
           "ema_dist_entry": 0.005261055762966857,
           "ema_span_0": 422.08567986286647,
           "ema_span_1": 787.8441637956589,
           "enabled": false,
           "markup_range": 0.06479044161402851,
           "min_markup": 0.08139025315351169,
           "n_close_orders": 15,
           "qty_pct_close": 0.49991454749612996,
           "qty_pct_entry": 0.5694297133829905,
           "wallet_exposure_limit": 1.0,
           "we_multiplier_close": 9.566734068020269,
           "we_multiplier_entry": 0.35598424684143426}}