{"config_name": "clock_0days",
 "long": {"backwards_tp": true,
          "delay_between_fills_minutes_close": 424.4373929692612,
          "delay_between_fills_minutes_entry": 226.62962475768063,
          "delay_weight_close": 121.88700041189023,
          "delay_weight_entry": 51.762020426808014,
          "ema_dist_close": -0.06548009207477926,
          "ema_dist_entry": 0.008324485654453675,
          "ema_span_0": 64.60700944464666,
          "ema_span_1": 385.01915541071395,
          "enabled": true,
          "markup_range": 0.01643226824903563,
          "min_markup": 0.007768058438750166,
          "n_close_orders": 2,
          "qty_pct_close": 0.01,
          "qty_pct_entry": 0.01,
          "wallet_exposure_limit": 0.3,
          "we_multiplier_close": 55.12590176639461,
          "we_multiplier_entry": 150},
 "short": {"backwards_tp": true,
           "delay_between_fills_minutes_close": 142.0868197972766,
           "delay_between_fills_minutes_entry": 1027.5325614699036,
           "delay_weight_close": 63.98185213284607,
           "delay_weight_entry": 57.49397719641245,
           "ema_dist_close": -0.010635810664977409,
           "ema_dist_entry": 0.004277140010224986,
           "ema_span_0": 207.77606687827824,
           "ema_span_1": 1094.6337922268444,
           "enabled": false,
           "markup_range": 0.029272768184825573,
           "min_markup": 0.06950406200012008,
           "n_close_orders": 11,
           "qty_pct_close": 0.09161606873025464,
           "qty_pct_entry": 0.16295583356737323,
           "wallet_exposure_limit": 1.0,
           "we_multiplier_close": 4.5182659843117525,
           "we_multiplier_entry": 24.04108841469381}}