{"config_name": "neat_grid_0days",
 "logging_level": 0,
 "long": {"auto_unstuck_ema_dist": 0.003,
          "auto_unstuck_wallet_exposure_threshold": 0.030475395937074327,
          "backwards_tp": false,
          "ema_span_0": 512.110773255096,
          "ema_span_1": 898.8240804555957,
          "enabled": true,
          "eprice_exp_base": 1.0673629103803561,
          "eqty_exp_base": 3.0188164927216294,
          "grid_span": 0.11290558091831243,
          "initial_eprice_ema_dist": -0.0012102368320966094,
          "initial_qty_pct": 0.009978906122153321,
          "markup_range": 0.00681535015234677,
          "max_n_entry_orders": 3,
          "min_markup": 0.004275,
          "n_close_orders": 1,
          "wallet_exposure_limit": 0.2},
 "short": {"auto_unstuck_ema_dist": -0.05800425676854094,
           "auto_unstuck_wallet_exposure_threshold": 0.07339317510998507,
           "backwards_tp": false,
           "ema_span_0": 621.0060218370348,
           "ema_span_1": 984.5988206955267,
           "enabled": false,
           "eprice_exp_base": 3.7222011957198946,
           "eqty_exp_base": 2.1106952873391855,
           "grid_span": 0.6548261898844849,
           "initial_eprice_ema_dist": -0.03864919824328439,
           "initial_qty_pct": 0.06992629397644615,
           "markup_range": 0.022907294252292258,
           "max_n_entry_orders": 15,
           "min_markup": 0.006285734288227971,
           "n_close_orders": 7,
           "wallet_exposure_limit": 1.0}}