{"config_name": "recursive_grid_0days",
 "logging_level": 0,
 "long": {"auto_unstuck_ema_dist": 0.003447223575089981,
          "auto_unstuck_wallet_exposure_threshold": 0.061033979066683126,
          "backwards_tp": true,
          "ddown_factor": 2.0322102874735095,
          "ema_span_0": 685.5052902334364,
          "ema_span_1": 1440,
          "enabled": true,
          "initial_eprice_ema_dist": 0.010961156939364537,
          "initial_qty_pct": 0.038038960067531755,
          "markup_range": 0.007257289207097355,
          "min_markup": 0.009518065965749084,
          "n_close_orders": 3,
          "rentry_pprice_dist": 0.04454595527813222,
          "rentry_pprice_dist_wallet_exposure_weighting": 1.387398180398783,
          "wallet_exposure_limit": 0.3},
 "short": {"auto_unstuck_ema_dist": -0.08268256381311784,
           "auto_unstuck_wallet_exposure_threshold": 0.03424940501954575,
           "backwards_tp": true,
           "ddown_factor": 1.3165092594977976,
           "ema_span_0": 410.1604972798931,
           "ema_span_1": 191.0414945251677,
           "enabled": false,
           "initial_eprice_ema_dist": -0.030268279030734688,
           "initial_qty_pct": 0.04757363096397826,
           "markup_range": 0.0024635974982179843,
           "min_markup": 0.00321698659391096,
           "n_close_orders": 9,
           "rentry_pprice_dist": 0.0052832026208532714,
           "rentry_pprice_dist_wallet_exposure_weighting": 11.834247105321927,
           "wallet_exposure_limit": 1.0}}