{"config_name": "recursive_grid_0days",
 "logging_level": 0,
 "long": {"auto_unstuck_ema_dist": 0,
          "auto_unstuck_wallet_exposure_threshold": 0.0,
          "backwards_tp": true,
          "ddown_factor": 2.2444227704375033,
          "ema_span_0": 633.2460673452489,
          "ema_span_1": 955.6935328797141,
          "enabled": true,
          "initial_eprice_ema_dist": 0.011921712703988133,
          "initial_qty_pct": 0.015042308016671857,
          "markup_range": 0.002473981772459931,
          "min_markup": 0.0025832749136180627,
          "n_close_orders": 5,
          "rentry_pprice_dist": 0.018605000144382117,
          "rentry_pprice_dist_wallet_exposure_weighting": 15.72059838255392,
          "wallet_exposure_limit": 0.3},
 "short": {"auto_unstuck_ema_dist": 0.003,
           "auto_unstuck_wallet_exposure_threshold": 0.03905956824335667,
           "backwards_tp": true,
           "ddown_factor": 1.3498398805425542,
           "ema_span_0": 997.6338637468115,
           "ema_span_1": 1407.9792441223906,
           "enabled": false,
           "initial_eprice_ema_dist": -0.04593965442111592,
           "initial_qty_pct": 0.0779368808992075,
           "markup_range": 0.046873062310750876,
           "min_markup": 0.0020257167146123236,
           "n_close_orders": 7,
           "rentry_pprice_dist": 0.04270839376310232,
           "rentry_pprice_dist_wallet_exposure_weighting": 17.6855076403757,
           "wallet_exposure_limit": 1}}