{"config_name": "recursive_grid_0days",
 "logging_level": 0,
 "long": {"auto_unstuck_ema_dist": 0,
          "auto_unstuck_wallet_exposure_threshold": 0.0,
          "backwards_tp": false,
          "ddown_factor": 1.650513918566827,
          "ema_span_0": 190.34462932398134,
          "ema_span_1": 316.39742737953793,
          "enabled": true,
          "initial_eprice_ema_dist": -0.1677275436819322,
          "initial_qty_pct": 0.0007974784893957852,
          "markup_range": 0.024338065936791203,
          "min_markup": 0.007961783422604014,
          "n_close_orders": 8,
          "rentry_pprice_dist": 0.028666493518181752,
          "rentry_pprice_dist_wallet_exposure_weighting": 3.4319977638423245,
          "wallet_exposure_limit": 1},
 "short": {"auto_unstuck_ema_dist": -0.03166597630511256,
           "auto_unstuck_wallet_exposure_threshold": 0.09624970425231318,
           "backwards_tp": false,
           "ddown_factor": 1.7891082767301283,
           "ema_span_0": 342.0228419942346,
           "ema_span_1": 603.1386640766319,
           "enabled": false,
           "initial_eprice_ema_dist": -0.016587038866845344,
           "initial_qty_pct": 0.0921794378482219,
           "markup_range": 0.03944258790633756,
           "min_markup": 0.0015877918849467995,
           "n_close_orders": 14,
           "rentry_pprice_dist": 0.018185418226496657,
           "rentry_pprice_dist_wallet_exposure_weighting": 16.09875113084203,
           "wallet_exposure_limit": 1.0}}