{"config_name": "recursive_grid_0days",
 "logging_level": 0,
 "long": {"auto_unstuck_ema_dist": 0,
          "auto_unstuck_wallet_exposure_threshold": 0.0,
          "backwards_tp": false,
          "ddown_factor": 2.786561662471786,
          "ema_span_0": 83.51814621186251,
          "ema_span_1": 16.996486234664605,
          "enabled": true,
          "initial_eprice_ema_dist": -0.03827977600833289,
          "initial_qty_pct": 0.0019751913856267287,
          "markup_range": 0.009622546540667354,
          "min_markup": 0.0029119430679555866,
          "n_close_orders": 5,
          "rentry_pprice_dist": 0.027027651152180036,
          "rentry_pprice_dist_wallet_exposure_weighting": 0.3207035367777725,
          "wallet_exposure_limit": 0.2},
 "short": {"auto_unstuck_ema_dist": -0.057332373279439,
           "auto_unstuck_wallet_exposure_threshold": 0.07507836737239992,
           "backwards_tp": false,
           "ddown_factor": 0.9156184383357849,
           "ema_span_0": 208.14051272862093,
           "ema_span_1": 459.6606044951888,
           "enabled": false,
           "initial_eprice_ema_dist": -0.03286217582001259,
           "initial_qty_pct": 0.023400537638740018,
           "markup_range": 0.03401618344616696,
           "min_markup": 0.0010424499299561507,
           "n_close_orders": 8,
           "rentry_pprice_dist": 0.018690817239381256,
           "rentry_pprice_dist_wallet_exposure_weighting": 9.343349365049058,
           "wallet_exposure_limit": 1.0}}