{"config_name": "recursive_grid_0days",
 "logging_level": 0,
 "long": {"auto_unstuck_ema_dist": 0,
          "auto_unstuck_wallet_exposure_threshold": 0.0,
          "backwards_tp": true,
          "ddown_factor": 3,
          "ema_span_0": 402.9201148820228,
          "ema_span_1": 492.8703672335406,
          "enabled": true,
          "initial_eprice_ema_dist": 0.01139605888584354,
          "initial_qty_pct": 0.016200747810626432,
          "markup_range": 0.009225089385751012,
          "min_markup": 0.0033253818538446704,
          "n_close_orders": 2,
          "rentry_pprice_dist": 0.03917780742322059,
          "rentry_pprice_dist_wallet_exposure_weighting": 2.6202801758280385,
          "wallet_exposure_limit": 0.3},
 "short": {"auto_unstuck_ema_dist": -0.031765493935922935,
           "auto_unstuck_wallet_exposure_threshold": 0.04128566433592905,
           "backwards_tp": true,
           "ddown_factor": 2.285488878940783,
           "ema_span_0": 219.8926690230156,
           "ema_span_1": 337.5693519879521,
           "enabled": false,
           "initial_eprice_ema_dist": -0.07998008904638236,
           "initial_qty_pct": 0.06365451379265569,
           "markup_range": 0.04165644758081152,
           "min_markup": 0.007745579866565184,
           "n_close_orders": 7,
           "rentry_pprice_dist": 0.027471801039296497,
           "rentry_pprice_dist_wallet_exposure_weighting": 5.6900611401389645,
           "wallet_exposure_limit": 1}}