{"config_name": "recursive_grid_0days",
 "logging_level": 0,
 "long": {"auto_unstuck_ema_dist": 0.0,
          "auto_unstuck_wallet_exposure_threshold": 0.0,
          "backwards_tp": true,
          "ddown_factor": 1.8887610601189693,
          "ema_span_0": 123.29544482192927,
          "ema_span_1": 495.86011502819093,
          "enabled": true,
          "initial_eprice_ema_dist": -0.1,
          "initial_qty_pct": 0.0020000085061465996,
          "markup_range": 0.016903888979745214,
          "min_markup": 0.003680677439493594,
          "n_close_orders": 4,
          "rentry_pprice_dist": 0.04919842182262476,
          "rentry_pprice_dist_wallet_exposure_weighting": 0.0,
          "wallet_exposure_limit": 1.0},
 "short": {"auto_unstuck_ema_dist": 0.016361558370868,
           "auto_unstuck_wallet_exposure_threshold": 0.07176647357743224,
           "backwards_tp": true,
           "ddown_factor": 1.8481412230587688,
           "ema_span_0": 2225.656196444365,
           "ema_span_1": 6152.544943536962,
           "enabled": false,
           "initial_eprice_ema_dist": -0.028875296741644386,
           "initial_qty_pct": 0.015,
           "markup_range": 0.02156004397065786,
           "min_markup": 0.0022631048074814126,
           "n_close_orders": 9,
           "rentry_pprice_dist": 0.03275588358994964,
           "rentry_pprice_dist_wallet_exposure_weighting": 75.19931834395929,
           "wallet_exposure_limit": 0.1}}