{"config_name": "recursive_grid_0days",
 "logging_level": 0,
 "long": {"auto_unstuck_ema_dist": 0,
          "auto_unstuck_wallet_exposure_threshold": 0.06857254118114876,
          "backwards_tp": true,
          "ddown_factor": 2.1266866381463383,
          "ema_span_0": 40.178251669243664,
          "ema_span_1": 398.2435086499192,
          "enabled": true,
          "initial_eprice_ema_dist": 0.006838989022323185,
          "initial_qty_pct": 0.01966286431858577,
          "markup_range": 0.003221073738383393,
          "min_markup": 0.005001280805350881,
          "n_close_orders": 11,
          "rentry_pprice_dist": 0.021904355644379953,
          "rentry_pprice_dist_wallet_exposure_weighting": 3.8224723313741054,
          "wallet_exposure_limit": 0.3},
 "short": {"auto_unstuck_ema_dist": -0.08475228098693345,
           "auto_unstuck_wallet_exposure_threshold": 0.08648149843967926,
           "backwards_tp": true,
           "ddown_factor": 0.5158088238069348,
           "ema_span_0": 1186.1712801264093,
           "ema_span_1": 443.5397987401415,
           "enabled": false,
           "initial_eprice_ema_dist": -0.020091984286167028,
           "initial_qty_pct": 0.06401533110605899,
           "markup_range": 0.05230267519764398,
           "min_markup": 0.005281288314066987,
           "n_close_orders": 3,
           "rentry_pprice_dist": 0.03256384204529178,
           "rentry_pprice_dist_wallet_exposure_weighting": 5.533996125273781,
           "wallet_exposure_limit": 1.0}}