{"config_name": "recursive_grid_0days",
 "logging_level": 0,
 "long": {"auto_unstuck_ema_dist": 0,
          "auto_unstuck_wallet_exposure_threshold": 0,
          "backwards_tp": false,
          "ddown_factor": 2.2084578307396594,
          "ema_span_0": 972.2677050274456,
          "ema_span_1": 704.6223849253865,
          "enabled": true,
          "initial_eprice_ema_dist": -0.1,
          "initial_qty_pct": 0.005842981171713301,
          "markup_range": 0.03746713411910137,
          "min_markup": 0.003076042836193953,
          "n_close_orders": 5,
          "rentry_pprice_dist": 0.03451813682054459,
          "rentry_pprice_dist_wallet_exposure_weighting": 0,
          "wallet_exposure_limit": 0.25},
 "short": {"auto_unstuck_ema_dist": 0,
           "auto_unstuck_wallet_exposure_threshold": 0,
           "backwards_tp": false,
           "ddown_factor": 1.7593040747941369,
           "ema_span_0": 262.70037518605716,
           "ema_span_1": 126.07471897417913,
           "enabled": true,
           "initial_eprice_ema_dist": -0.1,
           "initial_qty_pct": 0.00309764992467561,
           "markup_range": 0.016979077149420506,
           "min_markup": 0.008171462681374956,
           "n_close_orders": 5,
           "rentry_pprice_dist": 0.03903354351260694,
           "rentry_pprice_dist_wallet_exposure_weighting": 0,
           "wallet_exposure_limit": 0.12}}