{"config_name": "emas_0days",
 "long": {"delay_between_fills_minutes_close": 419.80038452259816,
          "delay_between_fills_minutes_entry": 364.40248574875795,
          "delay_weight_close": -27.19361050658086,
          "delay_weight_entry": 41.20646115608219,
          "ema_dist_lower": -0.6486478064569146,
          "ema_dist_upper": -0.9645086229848489,
          "ema_span_0": 452.77782838976293,
          "ema_span_1": 2304.3432278188398,
          "enabled": true,
          "markup_range": 0.028930332474131407,
          "min_markup": 0.01996589703090846,
          "n_close_orders": 4,
          "qty_pct_close": 0.03222517554272132,
          "qty_pct_entry": 0.004155615449383896,
          "wallet_exposure_limit": 1,
          "we_multiplier_close": -0.12866854657286542,
          "we_multiplier_entry": 29.178369994537178},
 "short": {"delay_between_fills_minutes_close": 364.71379982245463,
           "delay_between_fills_minutes_entry": 71.89613408428288,
           "delay_weight_close": -31.265610618704216,
           "delay_weight_entry": 131.97914142828205,
           "ema_dist_lower": 0.017957897422513868,
           "ema_dist_upper": 0.0005651437956147998,
           "ema_span_0": 20.17783011375061,
           "ema_span_1": 13.527171480833454,
           "enabled": false,
           "markup_range": 0.005374199288173729,
           "min_markup": 0.010962434284016748,
           "n_close_orders": 3,
           "qty_pct_close": 0.015225955264861472,
           "qty_pct_entry": 0.05988567357643745,
           "wallet_exposure_limit": 1.0,
           "we_multiplier_close": 122.39829159024598,
           "we_multiplier_entry": 97.675425228781}}