{"config_name": "neat_grid_0days",
 "logging_level": 0,
 "long": {"auto_unstuck_ema_dist": 0.00868839683337172,
          "auto_unstuck_wallet_exposure_threshold": 0.0504335470857601,
          "backwards_tp": true,
          "ema_span_0": 75.81377554841468,
          "ema_span_1": 77.79534219016847,
          "enabled": true,
          "eprice_exp_base": 1.517446837908224,
          "eqty_exp_base": 1.667735621191001,
          "grid_span": 0.1710225589449823,
          "initial_eprice_ema_dist": -0.08088650705763209,
          "initial_qty_pct": 0.01,
          "markup_range": 0.00031765641237501243,
          "max_n_entry_orders": 5,
          "min_markup": 0.003,
          "n_close_orders": 14,
          "wallet_exposure_limit": 1},
 "short": {"auto_unstuck_ema_dist": 0.06092677211842851,
           "auto_unstuck_wallet_exposure_threshold": 0.004543044438393625,
           "backwards_tp": true,
           "ema_span_0": 1458.033249477157,
           "ema_span_1": 3439.4949438547105,
           "enabled": true,
           "eprice_exp_base": 1.2284656580370656,
           "eqty_exp_base": 1.1175219488836725,
           "grid_span": 0.2609335973134332,
           "initial_eprice_ema_dist": -0.1,
           "initial_qty_pct": 0.01,
           "markup_range": 0.0017686888774725651,
           "max_n_entry_orders": 7,
           "min_markup": 0.003,
           "n_close_orders": 19,
           "wallet_exposure_limit": 0.1}}