{"config_name": "recursive_grid_0days",
 "logging_level": 0,
 "long": {"auto_unstuck_ema_dist": -0.0031690230896567434,
          "auto_unstuck_wallet_exposure_threshold": 0.0905634722813885,
          "backwards_tp": true,
          "ddown_factor": 2.4191342305298678,
          "ema_span_0": 509.776629283376,
          "ema_span_1": 1146.1792896580434,
          "enabled": true,
          "initial_eprice_ema_dist": -0.0041540049950801305,
          "initial_qty_pct": 0.026606812121948986,
          "markup_range": 0.005766627214927832,
          "min_markup": 0.0020499058044298082,
          "n_close_orders": 15,
          "rentry_pprice_dist": 0.021608363306796847,
          "rentry_pprice_dist_wallet_exposure_weighting": 0.9612757968927874,
          "wallet_exposure_limit": 0.3},
 "short": {"auto_unstuck_ema_dist": -0.003498467054034199,
           "auto_unstuck_wallet_exposure_threshold": 0.059274156540379805,
           "backwards_tp": true,
           "ddown_factor": 2.417038649238041,
           "ema_span_0": 560.3622217497364,
           "ema_span_1": 1162.3468635382992,
           "enabled": false,
           "initial_eprice_ema_dist": -0.026831703419295957,
           "initial_qty_pct": 0.08317585278255424,
           "markup_range": 0.04012667552635138,
           "min_markup": 0.0025636257393057116,
           "n_close_orders": 2,
           "rentry_pprice_dist": 0.0363981636201478,
           "rentry_pprice_dist_wallet_exposure_weighting": 14.374487046095474,
           "wallet_exposure_limit": 1.0}}