{"config_name": "clock_0days",
 "long": {"backwards_tp": true,
          "delay_between_fills_minutes_close": 500,
          "delay_between_fills_minutes_entry": 429.76950382874014,
          "delay_weight_close": 75.47371453417992,
          "delay_weight_entry": 27.954313559332807,
          "ema_dist_close": -0.007953267356843985,
          "ema_dist_entry": -0.04232240724485568,
          "ema_span_0": 113.2694714382252,
          "ema_span_1": 211.35717540435962,
          "enabled": true,
          "markup_range": 0.01834534826226602,
          "min_markup": 0.009169152179881368,
          "n_close_orders": 5,
          "qty_pct_close": 0.01,
          "qty_pct_entry": 0.01,
          "wallet_exposure_limit": 0.2,
          "we_multiplier_close": 0,
          "we_multiplier_entry": 4.629780264098825},
 "short": {"backwards_tp": true,
           "delay_between_fills_minutes_close": 359.90173405690007,
           "delay_between_fills_minutes_entry": 498.490513301609,
           "delay_weight_close": 34.55961462083022,
           "delay_weight_entry": 11.492149626965764,
           "ema_dist_close": 0.002135603281861833,
           "ema_dist_entry": 0.01,
           "ema_span_0": 345.6095971981972,
           "ema_span_1": 459.44046696166544,
           "enabled": true,
           "markup_range": 0.013710843069712935,
           "min_markup": 0.009107767736855697,
           "n_close_orders": 4,
           "qty_pct_close": 0.01,
           "qty_pct_entry": 0.01,
           "wallet_exposure_limit": 0.1,
           "we_multiplier_close": 13.798468033346834,
           "we_multiplier_entry": 46.32768977202031}}