{"config_name": "clock_0days",
 "long": {"backwards_tp": true,
          "delay_between_fills_minutes_close": 500,
          "delay_between_fills_minutes_entry": 485.425888622247,
          "delay_weight_close": 14.939150348032506,
          "delay_weight_entry": 34.74587553285663,
          "ema_dist_close": -0.005530311949678867,
          "ema_dist_entry": 0.007263267156415898,
          "ema_span_0": 242.09872100983515,
          "ema_span_1": 428.6176757543514,
          "enabled": true,
          "markup_range": 0.014768904304958747,
          "min_markup": 0.005246314397577763,
          "n_close_orders": 4,
          "qty_pct_close": 0.01,
          "qty_pct_entry": 0.01,
          "wallet_exposure_limit": 0.3,
          "we_multiplier_close": 6.252079875712584,
          "we_multiplier_entry": 122.35659448228623},
 "short": {"backwards_tp": true,
           "delay_between_fills_minutes_close": 69.04397548411772,
           "delay_between_fills_minutes_entry": 1184.8009516770328,
           "delay_weight_close": 46.975856070717114,
           "delay_weight_entry": 42.121721686548554,
           "ema_dist_close": -0.0017881411678710435,
           "ema_dist_entry": -0.016439621702359082,
           "ema_span_0": 283.9714754213982,
           "ema_span_1": 1437.68072645199,
           "enabled": false,
           "markup_range": 0.09755030854113392,
           "min_markup": 0.05206123396682976,
           "n_close_orders": 9,
           "qty_pct_close": 0.33978994045730054,
           "qty_pct_entry": 0.3173082792413497,
           "wallet_exposure_limit": 1.0,
           "we_multiplier_close": 5.382086002438095,
           "we_multiplier_entry": 47.017256821135}}