{"config_name": "clock_0days",
 "long": {"backwards_tp": true,
          "delay_between_fills_minutes_close": 500,
          "delay_between_fills_minutes_entry": 438.8177936819051,
          "delay_weight_close": 144.62168455455264,
          "delay_weight_entry": 28.787026723763503,
          "ema_dist_close": -0.06982008184638598,
          "ema_dist_entry": -0.7795643049421284,
          "ema_span_0": 152.3256010419192,
          "ema_span_1": 420.80818868703693,
          "enabled": true,
          "markup_range": 0.02,
          "min_markup": 0.00969043677657663,
          "n_close_orders": 5,
          "qty_pct_close": 0.01,
          "qty_pct_entry": 0.01,
          "wallet_exposure_limit": 0.3,
          "we_multiplier_close": 37.83896040444645,
          "we_multiplier_entry": 122.10177144551962},
 "short": {"backwards_tp": true,
           "delay_between_fills_minutes_close": 71.5407904280938,
           "delay_between_fills_minutes_entry": 671.646284018229,
           "delay_weight_close": 19.95019545461102,
           "delay_weight_entry": 46.34893676830616,
           "ema_dist_close": -0.0021374245694060767,
           "ema_dist_entry": -0.04449113280578924,
           "ema_span_0": 357.8681753084686,
           "ema_span_1": 168.81470601357213,
           "enabled": false,
           "markup_range": 0.026888108963659764,
           "min_markup": 0.08602729277614717,
           "n_close_orders": 6,
           "qty_pct_close": 0.4667141931960438,
           "qty_pct_entry": 0.6199409301221024,
           "wallet_exposure_limit": 1.0,
           "we_multiplier_close": 9.016262252352615,
           "we_multiplier_entry": 7.779621328937225}}