{"config_name": "recursive_grid_0days",
 "logging_level": 0,
 "long": {"auto_unstuck_ema_dist": 0,
          "auto_unstuck_wallet_exposure_threshold": 0.0,
          "backwards_tp": true,
          "ddown_factor": 1.8915848867269762,
          "ema_span_0": 636.2107113222298,
          "ema_span_1": 1402.854355954242,
          "enabled": true,
          "initial_eprice_ema_dist": -0.0051506492217677675,
          "initial_qty_pct": 0.010644696547975396,
          "markup_range": 0.009589465974180627,
          "min_markup": 0.0033495465116723687,
          "n_close_orders": 6,
          "rentry_pprice_dist": 0.025305791541959232,
          "rentry_pprice_dist_wallet_exposure_weighting": 5.445179019339598,
          "wallet_exposure_limit": 0.3},
 "short": {"auto_unstuck_ema_dist": -0.0926400125044751,
           "auto_unstuck_wallet_exposure_threshold": 0.0367554242680709,
           "backwards_tp": true,
           "ddown_factor": 1.4894335077246634,
           "ema_span_0": 1077.9595303582187,
           "ema_span_1": 937.1642164784305,
           "enabled": false,
           "initial_eprice_ema_dist": -0.039006858653661214,
           "initial_qty_pct": 0.057799037952044705,
           "markup_range": 0.03183383496814563,
           "min_markup": 0.002538597593972221,
           "n_close_orders": 16,
           "rentry_pprice_dist": 0.020355105041328748,
           "rentry_pprice_dist_wallet_exposure_weighting": 11.244699318250566,
           "wallet_exposure_limit": 1.0}}