{"config_name": "recursive_grid_0days",
 "logging_level": 0,
 "long": {"auto_unstuck_ema_dist": -0.00018307036518172765,
          "auto_unstuck_wallet_exposure_threshold": 0.02857649205891946,
          "backwards_tp": false,
          "ddown_factor": 2.1429,
          "ema_span_0": 1385.805817571269,
          "ema_span_1": 297.4687490095991,
          "enabled": true,
          "initial_eprice_ema_dist": 0.0009677727578036008,
          "initial_qty_pct": 0.0031893,
          "markup_range": 0.028078,
          "min_markup": 0.005709,
          "n_close_orders": 5,
          "rentry_pprice_dist": 0.018515,
          "rentry_pprice_dist_wallet_exposure_weighting": 2.1199,
          "wallet_exposure_limit": 0.2},
 "short": {"auto_unstuck_ema_dist": -0.025064137914400653,
           "auto_unstuck_wallet_exposure_threshold": 0.09016971354475545,
           "backwards_tp": false,
           "ddown_factor": 0.27766187723696906,
           "ema_span_0": 1158.1686760708071,
           "ema_span_1": 295.5237515409777,
           "enabled": false,
           "initial_eprice_ema_dist": -0.0155406870173692,
           "initial_qty_pct": 0.07624775811190386,
           "markup_range": 0.04255336618072213,
           "min_markup": 0.0028409261625611795,
           "n_close_orders": 12,
           "rentry_pprice_dist": 0.01924655815120295,
           "rentry_pprice_dist_wallet_exposure_weighting": 3.0972552567487344,
           "wallet_exposure_limit": 1.0}}