{"config_name": "recursive_grid_0days",
 "logging_level": 0,
 "long": {"auto_unstuck_ema_dist": 0,
          "auto_unstuck_wallet_exposure_threshold": 0.0,
          "backwards_tp": true,
          "ddown_factor": 2.295357723821604,
          "ema_span_0": 720,
          "ema_span_1": 460.5630773128239,
          "enabled": true,
          "initial_eprice_ema_dist": 0.01072886582250875,
          "initial_qty_pct": 0.019556449114912767,
          "markup_range": 0.006286611810965731,
          "min_markup": 0.006488046771816106,
          "n_close_orders": 10,
          "rentry_pprice_dist": 0.04435340275904204,
          "rentry_pprice_dist_wallet_exposure_weighting": 1.9257287258357225,
          "wallet_exposure_limit": 0.3},
 "short": {"auto_unstuck_ema_dist": -0.012335953987135342,
           "auto_unstuck_wallet_exposure_threshold": 0.05467914731814412,
           "backwards_tp": true,
           "ddown_factor": 2.7789820549878463,
           "ema_span_0": 492.2906638459703,
           "ema_span_1": 979.9141281841369,
           "enabled": false,
           "initial_eprice_ema_dist": -0.1,
           "initial_qty_pct": 0.028566931201617997,
           "markup_range": 0.0396495864882214,
           "min_markup": 0.003334609360531294,
           "n_close_orders": 10,
           "rentry_pprice_dist": 0.02365629328039106,
           "rentry_pprice_dist_wallet_exposure_weighting": 8.839665594347228,
           "wallet_exposure_limit": 1}}