{"config_name": "recursive_grid_0days",
 "logging_level": 0,
 "long": {"auto_unstuck_ema_dist": 0.0,
          "auto_unstuck_wallet_exposure_threshold": 0.0,
          "backwards_tp": true,
          "ddown_factor": 1.2680274220021328,
          "ema_span_0": 565.9423385793737,
          "ema_span_1": 460.4361332549844,
          "enabled": true,
          "initial_eprice_ema_dist": -0.1,
          "initial_qty_pct": 0.002146319939732503,
          "markup_range": 0.02331101303202031,
          "min_markup": 0.006527115241620223,
          "n_close_orders": 3,
          "rentry_pprice_dist": 0.04582844299026994,
          "rentry_pprice_dist_wallet_exposure_weighting": 0.0,
          "wallet_exposure_limit": 1.0},
 "short": {"auto_unstuck_ema_dist": 0.005875857012179818,
           "auto_unstuck_wallet_exposure_threshold": 0.06206739559804915,
           "backwards_tp": true,
           "ddown_factor": 2.629874723756481,
           "ema_span_0": 1276.7633630828027,
           "ema_span_1": 1106.585006965066,
           "enabled": false,
           "initial_eprice_ema_dist": -0.09108951340016404,
           "initial_qty_pct": 0.015,
           "markup_range": 0.03280174465962937,
           "min_markup": 0.003900548247935576,
           "n_close_orders": 13,
           "rentry_pprice_dist": 0.0322318552264444,
           "rentry_pprice_dist_wallet_exposure_weighting": 26.758145161586775,
           "wallet_exposure_limit": 0.1}}