{"config_name": "recursive_grid_0days",
 "logging_level": 0,
 "long": {"auto_unstuck_ema_dist": 1.2481523639982982e-05,
          "auto_unstuck_wallet_exposure_threshold": 0.08549666455272363,
          "backwards_tp": true,
          "ddown_factor": 2.3986620263454683,
          "ema_span_0": 371.86571329141515,
          "ema_span_1": 725.4824524146666,
          "enabled": true,
          "initial_eprice_ema_dist": 0.010949653380333052,
          "initial_qty_pct": 0.014763808536554903,
          "markup_range": 0.008319021791155309,
          "min_markup": 0.008747683285689438,
          "n_close_orders": 4,
          "rentry_pprice_dist": 0.040228107572071486,
          "rentry_pprice_dist_wallet_exposure_weighting": 0.0,
          "wallet_exposure_limit": 0.3},
 "short": {"auto_unstuck_ema_dist": -0.03838014114951098,
           "auto_unstuck_wallet_exposure_threshold": 0.08563836503083483,
           "backwards_tp": true,
           "ddown_factor": 0.49274327323068645,
           "ema_span_0": 360.3319337639794,
           "ema_span_1": 134.34820376316588,
           "enabled": false,
           "initial_eprice_ema_dist": -0.08813952778350462,
           "initial_qty_pct": 0.063877361502451,
           "markup_range": 0.020219566117690123,
           "min_markup": 0.0010823375878781707,
           "n_close_orders": 15,
           "rentry_pprice_dist": 0.009833832338297079,
           "rentry_pprice_dist_wallet_exposure_weighting": 18.57860391093609,
           "wallet_exposure_limit": 1.0}}