{"config_name": "clock_0days",
 "long": {"backwards_tp": false,
          "delay_between_fills_minutes_close": 480.81470517123785,
          "delay_between_fills_minutes_entry": 216.90062082324445,
          "delay_weight_close": 117.57889253379328,
          "delay_weight_entry": 25.205250645595285,
          "ema_dist_close": 0.02,
          "ema_dist_entry": 0.00844684880999882,
          "ema_span_0": 638.0184885471467,
          "ema_span_1": 657.944112423086,
          "enabled": true,
          "markup_range": 0.014013015812829087,
          "min_markup": 0.0030251738174233594,
          "n_close_orders": 6,
          "qty_pct_close": 0.010428279264697695,
          "qty_pct_entry": 0.014113524075396188,
          "wallet_exposure_limit": 0.3,
          "we_multiplier_close": 2.6644375642562186,
          "we_multiplier_entry": 93.14707966319129},
 "short": {"backwards_tp": false,
           "delay_between_fills_minutes_close": 1111.433826660867,
           "delay_between_fills_minutes_entry": 357.3338871511739,
           "delay_weight_close": 51.064649706950306,
           "delay_weight_entry": 35.794472749808,
           "ema_dist_close": -0.010427280825584417,
           "ema_dist_entry": -0.03185352183976334,
           "ema_span_0": 877.2701398317649,
           "ema_span_1": 1206.9440571625057,
           "enabled": false,
           "markup_range": 0.037970714199359386,
           "min_markup": 0.00829694498823497,
           "n_close_orders": 7,
           "qty_pct_close": 0.023774112703068,
           "qty_pct_entry": 0.07225851834186539,
           "wallet_exposure_limit": 1.0,
           "we_multiplier_close": 98.34936657975045,
           "we_multiplier_entry": 78.17009629275432}}