{"config_name": "clock_0days",
 "long": {"backwards_tp": true,
          "delay_between_fills_minutes_close": 433.79812118599045,
          "delay_between_fills_minutes_entry": 454.0200169444451,
          "delay_weight_close": 129.98582417912667,
          "delay_weight_entry": 77.2037141969623,
          "ema_dist_close": -0.23439038500819515,
          "ema_dist_entry": -0.9361926934202687,
          "ema_span_0": 357.32204058698625,
          "ema_span_1": 260.5691649377422,
          "enabled": true,
          "markup_range": 0.016412876956315846,
          "min_markup": 0.009185983452409001,
          "n_close_orders": 2,
          "qty_pct_close": 0.01,
          "qty_pct_entry": 0.01,
          "wallet_exposure_limit": 0.3,
          "we_multiplier_close": 6.950439065646085,
          "we_multiplier_entry": 1.491294650660147},
 "short": {"backwards_tp": true,
           "delay_between_fills_minutes_close": 86.12487551265617,
           "delay_between_fills_minutes_entry": 701.8615781903824,
           "delay_weight_close": 60.77323527714932,
           "delay_weight_entry": 34.5676937628795,
           "ema_dist_close": -0.0478093319082194,
           "ema_dist_entry": -0.021942838569441812,
           "ema_span_0": 456.62136204251,
           "ema_span_1": 702.3965831277217,
           "enabled": false,
           "markup_range": 0.013411625056098476,
           "min_markup": 0.08300199686736966,
           "n_close_orders": 15,
           "qty_pct_close": 0.6868285555256664,
           "qty_pct_entry": 0.7208931990280807,
           "wallet_exposure_limit": 1.0,
           "we_multiplier_close": 5.170682354837152,
           "we_multiplier_entry": 45.08883462769796}}