{"config_name": "recursive_grid_0days",
 "logging_level": 0,
 "long": {"auto_unstuck_ema_dist": 0.002485446469590758,
          "auto_unstuck_wallet_exposure_threshold": 0.08429330161661526,
          "backwards_tp": true,
          "ddown_factor": 1.4596154079449108,
          "ema_span_0": 647.5059828260115,
          "ema_span_1": 435.65465133290365,
          "enabled": true,
          "initial_eprice_ema_dist": 0.004076463002999685,
          "initial_qty_pct": 0.0328386166425309,
          "markup_range": 0.0012792326465382157,
          "min_markup": 0.00407990276468645,
          "n_close_orders": 15,
          "rentry_pprice_dist": 0.02423634514311738,
          "rentry_pprice_dist_wallet_exposure_weighting": 1.6675993983876178,
          "wallet_exposure_limit": 0.3},
 "short": {"auto_unstuck_ema_dist": -0.05252903800253277,
           "auto_unstuck_wallet_exposure_threshold": 0.09129771454506427,
           "backwards_tp": true,
           "ddown_factor": 1.0528441858291868,
           "ema_span_0": 341.4812047553546,
           "ema_span_1": 388.5136397775522,
           "enabled": false,
           "initial_eprice_ema_dist": -0.04090669937908549,
           "initial_qty_pct": 0.01396412245958897,
           "markup_range": 0.05724435098092956,
           "min_markup": 0.007390379954489703,
           "n_close_orders": 4,
           "rentry_pprice_dist": 0.02531952910230841,
           "rentry_pprice_dist_wallet_exposure_weighting": 34.20797064233526,
           "wallet_exposure_limit": 1.0}}