{"config_name": "recursive_grid_0days",
 "logging_level": 0,
 "long": {"auto_unstuck_ema_dist": 0,
          "auto_unstuck_wallet_exposure_threshold": 0.0,
          "backwards_tp": false,
          "ddown_factor": 2.227927840045334,
          "ema_span_0": 164.08643080496466,
          "ema_span_1": 279.37490141713886,
          "enabled": true,
          "initial_eprice_ema_dist": -0.15475579977492707,
          "initial_qty_pct": 0.004798174069344441,
          "markup_range": 0.05041207333909671,
          "min_markup": 0.0036606662404260835,
          "n_close_orders": 4,
          "rentry_pprice_dist": 0.03126790593452244,
          "rentry_pprice_dist_wallet_exposure_weighting": 1.3539839234296034,
          "wallet_exposure_limit": 0.2},
 "short": {"auto_unstuck_ema_dist": -0.09656635611926147,
           "auto_unstuck_wallet_exposure_threshold": 0.032162961588768656,
           "backwards_tp": false,
           "ddown_factor": 2.2609166463150734,
           "ema_span_0": 1285.2320255464338,
           "ema_span_1": 465.88742729005156,
           "enabled": false,
           "initial_eprice_ema_dist": -0.09542757461651885,
           "initial_qty_pct": 0.04188207786403394,
           "markup_range": 0.01620307422166956,
           "min_markup": 0.006134112356747616,
           "n_close_orders": 2,
           "rentry_pprice_dist": 0.04861686963638819,
           "rentry_pprice_dist_wallet_exposure_weighting": 7.621076520256453,
           "wallet_exposure_limit": 1}}