{"config_name": "recursive_grid_0days",
 "logging_level": 0,
 "long": {"auto_unstuck_ema_dist": 0.00017725004721107858,
          "auto_unstuck_wallet_exposure_threshold": 0.09708410236311045,
          "backwards_tp": true,
          "ddown_factor": 1.2269850455509428,
          "ema_span_0": 537.6222027872807,
          "ema_span_1": 186.07520774698514,
          "enabled": true,
          "initial_eprice_ema_dist": -0.02147953813870884,
          "initial_qty_pct": 0.023676149953487498,
          "markup_range": 0.004704877249194785,
          "min_markup": 0.005078579606030516,
          "n_close_orders": 3,
          "rentry_pprice_dist": 0.024498516132989447,
          "rentry_pprice_dist_wallet_exposure_weighting": 1.6366068840006611,
          "wallet_exposure_limit": 0.3},
 "short": {"auto_unstuck_ema_dist": -0.05505644046646868,
           "auto_unstuck_wallet_exposure_threshold": 0.05295137397757992,
           "backwards_tp": true,
           "ddown_factor": 2.5116171824619458,
           "ema_span_0": 32.335147985101145,
           "ema_span_1": 1160.8997442193136,
           "enabled": false,
           "initial_eprice_ema_dist": -0.09162343904637682,
           "initial_qty_pct": 0.013593738871254308,
           "markup_range": 0.03544709927221917,
           "min_markup": 0.0035321353527142797,
           "n_close_orders": 7,
           "rentry_pprice_dist": 0.030884431248025132,
           "rentry_pprice_dist_wallet_exposure_weighting": 37.87872310818087,
           "wallet_exposure_limit": 1.0}}