{"config_name": "neat_grid_0days",
 "logging_level": 0,
 "long": {"auto_unstuck_ema_dist": 0,
          "auto_unstuck_wallet_exposure_threshold": 0,
          "backwards_tp": true,
          "ema_span_0": 10,
          "ema_span_1": 10,
          "enabled": true,
          "eprice_exp_base": 1.144499033576076,
          "eqty_exp_base": 1.6260720689473267,
          "grid_span": 0.3602566215705024,
          "initial_eprice_ema_dist": -0.1,
          "initial_qty_pct": 0.015621826440285928,
          "markup_range": 0.028676361091938,
          "max_n_entry_orders": 8,
          "min_markup": 0.002,
          "n_close_orders": 10,
          "wallet_exposure_limit": 1},
 "short": {"auto_unstuck_ema_dist": 0,
           "auto_unstuck_wallet_exposure_threshold": 0,
           "backwards_tp": true,
           "ema_span_0": 3558.2419882448953,
           "ema_span_1": 5188.24123097233,
           "enabled": true,
           "eprice_exp_base": 1.3985437487163428,
           "eqty_exp_base": 1.9355700374542473,
           "grid_span": 0.15616359498172186,
           "initial_eprice_ema_dist": -0.09691936907374772,
           "initial_qty_pct": 0.012499094644124128,
           "markup_range": 0.006714259583011802,
           "max_n_entry_orders": 17,
           "min_markup": 0.005909484267993702,
           "n_close_orders": 17,
           "wallet_exposure_limit": 0.1}}