{"config_name": "recursive_grid_0days",
 "logging_level": 0,
 "long": {"auto_unstuck_ema_dist": -0.000626196449652328,
          "auto_unstuck_wallet_exposure_threshold": 0.06392579861439932,
          "backwards_tp": true,
          "ddown_factor": 2.486384244235429,
          "ema_span_0": 677.7485377530948,
          "ema_span_1": 821.2592358424314,
          "enabled": true,
          "initial_eprice_ema_dist": 0.009316553728925928,
          "initial_qty_pct": 0.014219252259439465,
          "markup_range": 0.00599751940831499,
          "min_markup": 0.006509249138748424,
          "n_close_orders": 7,
          "rentry_pprice_dist": 0.029977908152029727,
          "rentry_pprice_dist_wallet_exposure_weighting": 1.6743123795139057,
          "wallet_exposure_limit": 0.3},
 "short": {"auto_unstuck_ema_dist": -0.08728478822703273,
           "auto_unstuck_wallet_exposure_threshold": 0.07451724545121298,
           "backwards_tp": true,
           "ddown_factor": 0.744103527978531,
           "ema_span_0": 167.60778967130219,
           "ema_span_1": 1406.7925493590963,
           "enabled": false,
           "initial_eprice_ema_dist": -0.0005094609874473216,
           "initial_qty_pct": 0.06151616924725809,
           "markup_range": 0.04244486974789488,
           "min_markup": 0.00692021203718681,
           "n_close_orders": 10,
           "rentry_pprice_dist": 0.03337425249369874,
           "rentry_pprice_dist_wallet_exposure_weighting": 21.22486752425305,
           "wallet_exposure_limit": 1.0}}