{"config_name": "neat_grid_0days",
 "logging_level": 0,
 "long": {"auto_unstuck_ema_dist": 0.018045073541581746,
          "auto_unstuck_wallet_exposure_threshold": 0.04526893584305095,
          "backwards_tp": true,
          "ema_span_0": 1109.8080055433124,
          "ema_span_1": 1068.8477871963585,
          "enabled": true,
          "eprice_exp_base": 1.1897441893844887,
          "eqty_exp_base": 1.2964815367462716,
          "grid_span": 0.4480553005113143,
          "initial_eprice_ema_dist": -0.03653787170395427,
          "initial_qty_pct": 0.01,
          "markup_range": 0.0016918135167751738,
          "max_n_entry_orders": 8,
          "min_markup": 0.002,
          "n_close_orders": 2,
          "wallet_exposure_limit": 0.1},
 "short": {"auto_unstuck_ema_dist": 0.028478481203349386,
           "auto_unstuck_wallet_exposure_threshold": 0.0602296248423674,
           "backwards_tp": true,
           "ema_span_0": 394.0531682363701,
           "ema_span_1": 14.633286654603934,
           "enabled": true,
           "eprice_exp_base": 1.1812834847066846,
           "eqty_exp_base": 1.7772815911774136,
           "grid_span": 0.4317665837873765,
           "initial_eprice_ema_dist": -0.040742934896124815,
           "initial_qty_pct": 0.01,
           "markup_range": 0.0021499472216887265,
           "max_n_entry_orders": 9,
           "min_markup": 0.002,
           "n_close_orders": 4,
           "wallet_exposure_limit": 0.1}}