{"config_name": "clock_0days",
 "long": {"backwards_tp": true,
          "delay_between_fills_minutes_close": 452.3892948377104,
          "delay_between_fills_minutes_entry": 434.9045014231777,
          "delay_weight_close": 144.84912870349802,
          "delay_weight_entry": 19.815290900963905,
          "ema_dist_close": -0.007409398558740452,
          "ema_dist_entry": -0.9493781816857216,
          "ema_span_0": 684.521375476575,
          "ema_span_1": 60.23625269645863,
          "enabled": true,
          "markup_range": 0.02865436012633401,
          "min_markup": 0.005040374670057331,
          "n_close_orders": 8,
          "qty_pct_close": 0.019562886732611258,
          "qty_pct_entry": 0.011665925953807197,
          "wallet_exposure_limit": 0.3,
          "we_multiplier_close": 2.4468330239252425,
          "we_multiplier_entry": 74.97653716079978},
 "short": {"backwards_tp": true,
           "delay_between_fills_minutes_close": 134.5446012279726,
           "delay_between_fills_minutes_entry": 1181.2073268355189,
           "delay_weight_close": 53.78944245368375,
           "delay_weight_entry": 62.96513231866492,
           "ema_dist_close": -0.02608544636515548,
           "ema_dist_entry": -0.04089335557133935,
           "ema_span_0": 537.0332521304468,
           "ema_span_1": 225.92776942082773,
           "enabled": false,
           "markup_range": 0.08063799675984944,
           "min_markup": 0.08658637097287122,
           "n_close_orders": 10,
           "qty_pct_close": 0.5522802260189356,
           "qty_pct_entry": 0.15264984075828894,
           "wallet_exposure_limit": 1.0,
           "we_multiplier_close": 5.423904086606557,
           "we_multiplier_entry": 98.71228254917969}}