{"config_name": "recursive_grid_0days",
 "logging_level": 0,
 "long": {"auto_unstuck_ema_dist": 0.0,
          "auto_unstuck_wallet_exposure_threshold": 0.0,
          "backwards_tp": true,
          "ddown_factor": 0.9977489937667116,
          "ema_span_0": 943.4495932825822,
          "ema_span_1": 280.9104674609725,
          "enabled": true,
          "initial_eprice_ema_dist": -0.3582603795111198,
          "initial_qty_pct": 0.00288174081909438,
          "markup_range": 0.0008152539303877625,
          "min_markup": 0.003139252460981535,
          "n_close_orders": 12,
          "rentry_pprice_dist": 0.01645806078246791,
          "rentry_pprice_dist_wallet_exposure_weighting": 4.612993923773169,
          "wallet_exposure_limit": 0.1},
 "short": {"auto_unstuck_ema_dist": 0.03242414891830982,
           "auto_unstuck_wallet_exposure_threshold": 0.016733287731622887,
           "backwards_tp": true,
           "ddown_factor": 1.7080176999095573,
           "ema_span_0": 1212.6096539597079,
           "ema_span_1": 731.8722959973882,
           "enabled": false,
           "initial_eprice_ema_dist": -0.09802551586442093,
           "initial_qty_pct": 0.015,
           "markup_range": 0.039682356326355334,
           "min_markup": 0.0036540283849823426,
           "n_close_orders": 4,
           "rentry_pprice_dist": 0.04159753590218782,
           "rentry_pprice_dist_wallet_exposure_weighting": 84.15608640269365,
           "wallet_exposure_limit": 0.1}}