{"config_name": "recursive_grid_0days",
 "logging_level": 0,
 "long": {"auto_unstuck_ema_dist": 0,
          "auto_unstuck_wallet_exposure_threshold": 0,
          "backwards_tp": false,
          "ddown_factor": 2.527041770136649,
          "ema_span_0": 704.1718259516772,
          "ema_span_1": 825.7889382150055,
          "enabled": true,
          "initial_eprice_ema_dist": -0.1,
          "initial_qty_pct": 0.0033196139594333903,
          "markup_range": 0.036819063059716835,
          "min_markup": 0.0032674523527785734,
          "n_close_orders": 5,
          "rentry_pprice_dist": 0.03277251915252383,
          "rentry_pprice_dist_wallet_exposure_weighting": 0,
          "wallet_exposure_limit": 0.25},
 "short": {"auto_unstuck_ema_dist": 0,
           "auto_unstuck_wallet_exposure_threshold": 0,
           "backwards_tp": false,
           "ddown_factor": 1.254678078449945,
           "ema_span_0": 95.09217373240918,
           "ema_span_1": 705.5300821781293,
           "enabled": true,
           "initial_eprice_ema_dist": -0.1,
           "initial_qty_pct": 0.0036461056953471104,
           "markup_range": 0.0349340354526663,
           "min_markup": 0.008956394063146954,
           "n_close_orders": 4,
           "rentry_pprice_dist": 0.039857968337167454,
           "rentry_pprice_dist_wallet_exposure_weighting": 0.0,
           "wallet_exposure_limit": 0.12}}