{"config_name": "recursive_grid_0days",
 "logging_level": 0,
 "long": {"auto_unstuck_ema_dist": 0.0,
          "auto_unstuck_wallet_exposure_threshold": 0.0,
          "backwards_tp": false,
          "ddown_factor": 2.538115770940361,
          "ema_span_0": 820.9996469905782,
          "ema_span_1": 396.9043088895514,
          "enabled": true,
          "initial_eprice_ema_dist": -0.03162661122642896,
          "initial_qty_pct": 0.007020179185632788,
          "markup_range": 0.01290687968365396,
          "min_markup": 0.008591295066360005,
          "n_close_orders": 3,
          "rentry_pprice_dist": 0.03562766780391657,
          "rentry_pprice_dist_wallet_exposure_weighting": 0.0,
          "wallet_exposure_limit": 0.25},
 "short": {"auto_unstuck_ema_dist": 0.0,
           "auto_unstuck_wallet_exposure_threshold": 0.0,
           "backwards_tp": false,
           "ddown_factor": 1.060984729731571,
           "ema_span_0": 538.106337485149,
           "ema_span_1": 199.39463170178712,
           "enabled": true,
           "initial_eprice_ema_dist": -3.3493171295959994e-05,
           "initial_qty_pct": 0.006985610181953806,
           "markup_range": 0.03197116621367907,
           "min_markup": 0.0035287339576021096,
           "n_close_orders": 3,
           "rentry_pprice_dist": 0.04341160338216243,
           "rentry_pprice_dist_wallet_exposure_weighting": 0.0,
           "wallet_exposure_limit": 0.12}}