{"config_name": "neat_grid_0days",
 "logging_level": 0,
 "long": {"auto_unstuck_ema_dist": 0,
          "auto_unstuck_wallet_exposure_threshold": 0,
          "backwards_tp": true,
          "ema_span_0": 973.8319601939008,
          "ema_span_1": 1808.1081800502043,
          "enabled": true,
          "eprice_exp_base": 1.2292916342361793,
          "eqty_exp_base": 2.4847549477461497,
          "grid_span": 0.2911346551764573,
          "initial_eprice_ema_dist": -0.08050456436709892,
          "initial_qty_pct": 0.016976751630686886,
          "markup_range": 0.012576285941685765,
          "max_n_entry_orders": 7,
          "min_markup": 0.002,
          "n_close_orders": 5,
          "wallet_exposure_limit": 1},
 "short": {"auto_unstuck_ema_dist": 0,
           "auto_unstuck_wallet_exposure_threshold": 0,
           "backwards_tp": true,
           "ema_span_0": 1968.128603416582,
           "ema_span_1": 7535.824253731022,
           "enabled": true,
           "eprice_exp_base": 1.2043329410013401,
           "eqty_exp_base": 2.9848488335193504,
           "grid_span": 0.48602765165655737,
           "initial_eprice_ema_dist": -0.035854760927124835,
           "initial_qty_pct": 0.035906346903603205,
           "markup_range": 0.028281639092195845,
           "max_n_entry_orders": 17,
           "min_markup": 0.004063905319107438,
           "n_close_orders": 13,
           "wallet_exposure_limit": 0.1}}