{"config_name": "clock_0days",
 "long": {"delay_between_fills_minutes_close": 433.12158253127245,
          "delay_between_fills_minutes_entry": 451.28129776532336,
          "delay_weight_close": 108.15490931914064,
          "delay_weight_entry": 51.81641701298288,
          "ema_dist_lower": 0.002083239593303139,
          "ema_dist_upper": -0.06206757712209434,
          "ema_span_0": 876.834005805394,
          "ema_span_1": 83.06655663108333,
          "enabled": true,
          "markup_range": 0.02493670799418769,
          "min_markup": 0.019349329641909486,
          "n_close_orders": 2,
          "qty_pct_close": 0.01,
          "qty_pct_entry": 0.01,
          "wallet_exposure_limit": 0.25,
          "we_multiplier_close": 101.82000962515924,
          "we_multiplier_entry": 150},
 "short": {"delay_between_fills_minutes_close": 276.01423193837144,
           "delay_between_fills_minutes_entry": 495.9829618398171,
           "delay_weight_close": 139.15141931024326,
           "delay_weight_entry": 24.376315825552062,
           "ema_dist_lower": -0.04157166593365522,
           "ema_dist_upper": 0.0088854170728118,
           "ema_span_0": 215.76877869312383,
           "ema_span_1": 551.9145650968043,
           "enabled": true,
           "markup_range": 0.027344395775298243,
           "min_markup": 0.026033655649608887,
           "n_close_orders": 8,
           "qty_pct_close": 0.01,
           "qty_pct_entry": 0.01,
           "wallet_exposure_limit": 0.1,
           "we_multiplier_close": 60.52685407767129,
           "we_multiplier_entry": 70.36151128761797}}