{"config_name": "recursive_grid_0days",
 "logging_level": 0,
 "long": {"auto_unstuck_ema_dist": 0,
          "auto_unstuck_wallet_exposure_threshold": 0.0,
          "backwards_tp": true,
          "ddown_factor": 1.6666719761877522,
          "ema_span_0": 717.9527007184814,
          "ema_span_1": 676.342003632994,
          "enabled": true,
          "initial_eprice_ema_dist": 0.009570831461001397,
          "initial_qty_pct": 0.02589471951299736,
          "markup_range": 0.00030472970966052815,
          "min_markup": 0.007484370782889411,
          "n_close_orders": 3,
          "rentry_pprice_dist": 0.027087897571896297,
          "rentry_pprice_dist_wallet_exposure_weighting": 2.4697098812835874,
          "wallet_exposure_limit": 0.3},
 "short": {"auto_unstuck_ema_dist": -0.06368315352351145,
           "auto_unstuck_wallet_exposure_threshold": 0.07922889367382463,
           "backwards_tp": true,
           "ddown_factor": 1.9381311935513432,
           "ema_span_0": 341.32538000713873,
           "ema_span_1": 272.45392558352216,
           "enabled": false,
           "initial_eprice_ema_dist": -0.05939152133864184,
           "initial_qty_pct": 0.013142165124562604,
           "markup_range": 0.027677627346557272,
           "min_markup": 0.008411739391420075,
           "n_close_orders": 2,
           "rentry_pprice_dist": 0.040292157931145836,
           "rentry_pprice_dist_wallet_exposure_weighting": 11.614222125672269,
           "wallet_exposure_limit": 1}}