{"config_name": "recursive_grid_0days",
 "logging_level": 0,
 "long": {"auto_unstuck_ema_dist": 0.0025,
          "auto_unstuck_wallet_exposure_threshold": 0.025,
          "backwards_tp": false,
          "ddown_factor": 2.1429,
          "ema_span_0": 1173.4720808547352,
          "ema_span_1": 347.0084605655593,
          "enabled": true,
          "initial_eprice_ema_dist": -0.005946685061383883,
          "initial_qty_pct": 0.0031893,
          "markup_range": 0.028078,
          "min_markup": 0.005709,
          "n_close_orders": 5,
          "rentry_pprice_dist": 0.018515,
          "rentry_pprice_dist_wallet_exposure_weighting": 2.1199,
          "wallet_exposure_limit": 0.2},
 "short": {"auto_unstuck_ema_dist": -0.06328823890453089,
           "auto_unstuck_wallet_exposure_threshold": 0.07803572532322298,
           "backwards_tp": false,
           "ddown_factor": 0.47569294365686676,
           "ema_span_0": 127.30447294105093,
           "ema_span_1": 1115.2966219204468,
           "enabled": false,
           "initial_eprice_ema_dist": -0.014104550629495338,
           "initial_qty_pct": 0.019612620572743683,
           "markup_range": 0.051968730813862586,
           "min_markup": 0.005628127382075237,
           "n_close_orders": 5,
           "rentry_pprice_dist": 0.012150718945259351,
           "rentry_pprice_dist_wallet_exposure_weighting": 16.772536702251383,
           "wallet_exposure_limit": 1.0}}