{"config_name": "recursive_grid_0days",
 "logging_level": 0,
 "long": {"auto_unstuck_ema_dist": 0.0010262600996379387,
          "auto_unstuck_wallet_exposure_threshold": 0.06132434906081679,
          "backwards_tp": true,
          "ddown_factor": 2.115528614305446,
          "ema_span_0": 347.7112262054021,
          "ema_span_1": 442.9240115274097,
          "enabled": true,
          "initial_eprice_ema_dist": 0.0114360453008907,
          "initial_qty_pct": 0.014727923415557174,
          "markup_range": 0.0020429252180140063,
          "min_markup": 0.003970955224353943,
          "n_close_orders": 3,
          "rentry_pprice_dist": 0.017272367264290534,
          "rentry_pprice_dist_wallet_exposure_weighting": 1.9269657499762287,
          "wallet_exposure_limit": 0.3},
 "short": {"auto_unstuck_ema_dist": -0.026300447512957875,
           "auto_unstuck_wallet_exposure_threshold": 0.05432896498454155,
           "backwards_tp": true,
           "ddown_factor": 1.0200101239361423,
           "ema_span_0": 255.6393404062896,
           "ema_span_1": 576.64295847428,
           "enabled": false,
           "initial_eprice_ema_dist": -0.0061536372430227165,
           "initial_qty_pct": 0.015556360689013575,
           "markup_range": 0.03191850606094505,
           "min_markup": 0.005922403016845231,
           "n_close_orders": 2,
           "rentry_pprice_dist": 0.0067074413233690865,
           "rentry_pprice_dist_wallet_exposure_weighting": 33.226271832164464,
           "wallet_exposure_limit": 1.0}}