{"config_name": "recursive_grid_0days",
 "logging_level": 0,
 "long": {"auto_unstuck_ema_dist": 0,
          "auto_unstuck_wallet_exposure_threshold": 0.0,
          "backwards_tp": true,
          "ddown_factor": 1.7891488322162958,
          "ema_span_0": 353.9999507118497,
          "ema_span_1": 353.453137592297,
          "enabled": true,
          "initial_eprice_ema_dist": 0.016688724907290734,
          "initial_qty_pct": 0.02055580139816094,
          "markup_range": 0.0028712503236980095,
          "min_markup": 0.0029076224587327986,
          "n_close_orders": 2,
          "rentry_pprice_dist": 0.013896971772377156,
          "rentry_pprice_dist_wallet_exposure_weighting": 13.11593409247391,
          "wallet_exposure_limit": 0.3},
 "short": {"auto_unstuck_ema_dist": -0.07374172751616433,
           "auto_unstuck_wallet_exposure_threshold": 0.05396063498269997,
           "backwards_tp": true,
           "ddown_factor": 0.8212948695653778,
           "ema_span_0": 393.9740308444368,
           "ema_span_1": 1304.032306196207,
           "enabled": false,
           "initial_eprice_ema_dist": -0.0060393210054075185,
           "initial_qty_pct": 0.05871918445041758,
           "markup_range": 0.048309488693306445,
           "min_markup": 0.007826972861133794,
           "n_close_orders": 14,
           "rentry_pprice_dist": 0.03223740046854361,
           "rentry_pprice_dist_wallet_exposure_weighting": 19.860143842612878,
           "wallet_exposure_limit": 1}}