{"config_name": "recursive_grid_0days",
 "logging_level": 0,
 "long": {"auto_unstuck_ema_dist": 0,
          "auto_unstuck_wallet_exposure_threshold": 0.0,
          "backwards_tp": false,
          "ddown_factor": 4.014258245297077,
          "ema_span_0": 646.3326384167575,
          "ema_span_1": 706.5467150272423,
          "enabled": true,
          "initial_eprice_ema_dist": -0.05476605895848165,
          "initial_qty_pct": 0.0017912503520387533,
          "markup_range": 0.05323482393150286,
          "min_markup": 0.007404820747293239,
          "n_close_orders": 15,
          "rentry_pprice_dist": 0.03046903634335302,
          "rentry_pprice_dist_wallet_exposure_weighting": 2.4545101053965093,
          "wallet_exposure_limit": 0.2},
 "short": {"auto_unstuck_ema_dist": -0.0009634122722059074,
           "auto_unstuck_wallet_exposure_threshold": 0.042985290081535885,
           "backwards_tp": false,
           "ddown_factor": 2.2333774888062807,
           "ema_span_0": 1103.8597355367515,
           "ema_span_1": 842.0622644741671,
           "enabled": false,
           "initial_eprice_ema_dist": -0.07210184268857521,
           "initial_qty_pct": 0.027908146811296143,
           "markup_range": 0.05777933235257724,
           "min_markup": 0.008898793517439302,
           "n_close_orders": 3,
           "rentry_pprice_dist": 0.049688220980273305,
           "rentry_pprice_dist_wallet_exposure_weighting": 11.893171813025813,
           "wallet_exposure_limit": 1.0}}