{"config_name": "recursive_grid_0days",
 "logging_level": 0,
 "long": {"auto_unstuck_ema_dist": 0.005,
          "auto_unstuck_wallet_exposure_threshold": 0.05,
          "backwards_tp": true,
          "ddown_factor": 2.1450683066241565,
          "ema_span_0": 74.71865308696154,
          "ema_span_1": 632.5197772026614,
          "enabled": true,
          "initial_eprice_ema_dist": -0.180921764462235,
          "initial_qty_pct": 0.002105758460515647,
          "markup_range": 0.01105003026467972,
          "min_markup": 0.004437457832115979,
          "n_close_orders": 1,
          "rentry_pprice_dist": 0.017483984449031112,
          "rentry_pprice_dist_wallet_exposure_weighting": 1.1895991970150839,
          "wallet_exposure_limit": 0.2},
 "short": {"auto_unstuck_ema_dist": -0.09245647407790117,
           "auto_unstuck_wallet_exposure_threshold": 0.06137578095238375,
           "backwards_tp": true,
           "ddown_factor": 2.150526682974522,
           "ema_span_0": 226.6251427903079,
           "ema_span_1": 417.78416506310504,
           "enabled": false,
           "initial_eprice_ema_dist": -0.0889494990266128,
           "initial_qty_pct": 0.06663686167793458,
           "markup_range": 0.05961079030188254,
           "min_markup": 0.007766433452315805,
           "n_close_orders": 11,
           "rentry_pprice_dist": 0.034822799218512425,
           "rentry_pprice_dist_wallet_exposure_weighting": 2.5434131569212393,
           "wallet_exposure_limit": 1.0}}