{"config_name": "neat_grid_0days",
 "logging_level": 0,
 "long": {"auto_unstuck_ema_dist": 0,
          "auto_unstuck_wallet_exposure_threshold": 0,
          "backwards_tp": true,
          "ema_span_0": 15.21823564078575,
          "ema_span_1": 10,
          "enabled": true,
          "eprice_exp_base": 1.5433558761860242,
          "eqty_exp_base": 2.7316074063357694,
          "grid_span": 0.14410430540124153,
          "initial_eprice_ema_dist": -0.06685460811434224,
          "initial_qty_pct": 0.01,
          "markup_range": 0.0016774761958206056,
          "max_n_entry_orders": 8,
          "min_markup": 0.002,
          "n_close_orders": 5,
          "wallet_exposure_limit": 1.0},
 "short": {"auto_unstuck_ema_dist": 0,
           "auto_unstuck_wallet_exposure_threshold": 0,
           "backwards_tp": true,
           "ema_span_0": 3394.1470311105145,
           "ema_span_1": 4984.350979804143,
           "enabled": true,
           "eprice_exp_base": 1.4908509799704013,
           "eqty_exp_base": 1.930970703933295,
           "grid_span": 0.11366137264352923,
           "initial_eprice_ema_dist": -0.09642603564065637,
           "initial_qty_pct": 0.01,
           "markup_range": 0.0005197031139107835,
           "max_n_entry_orders": 20,
           "min_markup": 0.003,
           "n_close_orders": 20,
           "wallet_exposure_limit": 0.1}}