{"config_name": "clock_0days",
 "long": {"backwards_tp": false,
          "delay_between_fills_minutes_close": 1239.5510364767656,
          "delay_between_fills_minutes_entry": 1132.5216868387324,
          "delay_weight_close": 156.49360992215495,
          "delay_weight_entry": 17.184654830777014,
          "ema_dist_close": -0.00807178323581715,
          "ema_dist_entry": -0.0006929230320814606,
          "ema_span_0": 1204.436198284227,
          "ema_span_1": 757.1842822178111,
          "enabled": true,
          "markup_range": 0.038561310327549246,
          "min_markup": 0.009465622616288819,
          "n_close_orders": 11,
          "qty_pct_close": 0.01703561737779343,
          "qty_pct_entry": 0.017885950153113516,
          "wallet_exposure_limit": 0.25,
          "we_multiplier_close": 0,
          "we_multiplier_entry": 175.84209202326363},
 "short": {"backwards_tp": false,
           "delay_between_fills_minutes_close": 383.9114673546282,
           "delay_between_fills_minutes_entry": 68.12027499903212,
           "delay_weight_close": 45.509297734740585,
           "delay_weight_entry": 97.98977776088158,
           "ema_dist_close": -0.024129291909174937,
           "ema_dist_entry": -0.0027721121836985774,
           "ema_span_0": 961.9811925671302,
           "ema_span_1": 553.8934621290177,
           "enabled": false,
           "markup_range": 0.02232967725498607,
           "min_markup": 0.005173738973193881,
           "n_close_orders": 9,
           "qty_pct_close": 0.032130198747608654,
           "qty_pct_entry": 0.02696647605831859,
           "wallet_exposure_limit": 1.0,
           "we_multiplier_close": 30.019894593688047,
           "we_multiplier_entry": 80.50365192056621}}