{"config_name": "recursive_grid_0days",
 "logging_level": 0,
 "long": {"auto_unstuck_ema_dist": 0.004761382723257143,
          "auto_unstuck_wallet_exposure_threshold": 0.051114735448398896,
          "backwards_tp": true,
          "ddown_factor": 1.0722630720733206,
          "ema_span_0": 318.9818255357847,
          "ema_span_1": 312.22401321848156,
          "enabled": true,
          "initial_eprice_ema_dist": 0.012908890419157517,
          "initial_qty_pct": 0.017364208257625836,
          "markup_range": 0.009650901446998577,
          "min_markup": 0.009944066613588494,
          "n_close_orders": 5,
          "rentry_pprice_dist": 0.024659439967553445,
          "rentry_pprice_dist_wallet_exposure_weighting": 4.771753029455232,
          "wallet_exposure_limit": 0.3},
 "short": {"auto_unstuck_ema_dist": -0.059504024487396036,
           "auto_unstuck_wallet_exposure_threshold": 0.0528648690417132,
           "backwards_tp": true,
           "ddown_factor": 2.656476007440737,
           "ema_span_0": 69.62377125196613,
           "ema_span_1": 1369.9872915223664,
           "enabled": false,
           "initial_eprice_ema_dist": -0.0060449831999499215,
           "initial_qty_pct": 0.03313252708647628,
           "markup_range": 0.03397990158374564,
           "min_markup": 0.00248608916249144,
           "n_close_orders": 2,
           "rentry_pprice_dist": 0.04371717708725576,
           "rentry_pprice_dist_wallet_exposure_weighting": 7.01270379646215,
           "wallet_exposure_limit": 1}}