{"config_name": "clock_0days",
 "long": {"backwards_tp": true,
          "delay_between_fills_minutes_close": 220.81421706263623,
          "delay_between_fills_minutes_entry": 419.5944176858634,
          "delay_weight_close": 95.94883127280679,
          "delay_weight_entry": 35.88766623885074,
          "ema_dist_close": -0.027884825459291496,
          "ema_dist_entry": 0.0019347590979224595,
          "ema_span_0": 190.95321492716445,
          "ema_span_1": 725.6013203786229,
          "enabled": true,
          "markup_range": 0.02003158413668364,
          "min_markup": 0.008321982890377048,
          "n_close_orders": 10,
          "qty_pct_close": 0.010958209149634413,
          "qty_pct_entry": 0.012693791616760406,
          "wallet_exposure_limit": 0.3,
          "we_multiplier_close": 7.218516010737411,
          "we_multiplier_entry": 61.70561136188766},
 "short": {"backwards_tp": true,
           "delay_between_fills_minutes_close": 79.74954640099652,
           "delay_between_fills_minutes_entry": 1043.3402419724723,
           "delay_weight_close": 68.17314687095617,
           "delay_weight_entry": 90.84163779529756,
           "ema_dist_close": 0.009012362302893755,
           "ema_dist_entry": -0.009969648685058653,
           "ema_span_0": 62.49268694205528,
           "ema_span_1": 423.1711082803343,
           "enabled": false,
           "markup_range": 0.06397098674049867,
           "min_markup": 0.04094722495911601,
           "n_close_orders": 16,
           "qty_pct_close": 0.13340607207538552,
           "qty_pct_entry": 0.40851453289101797,
           "wallet_exposure_limit": 1.0,
           "we_multiplier_close": 0.028053062399486794,
           "we_multiplier_entry": 71.57514728864012}}