{"config_name": "recursive_grid_0days",
 "logging_level": 0,
 "long": {"auto_unstuck_ema_dist": 0,
          "auto_unstuck_wallet_exposure_threshold": 0.0,
          "backwards_tp": false,
          "ddown_factor": 2.930408701955962,
          "ema_span_0": 305.4517017391595,
          "ema_span_1": 823.6200532482962,
          "enabled": true,
          "initial_eprice_ema_dist": -0.10512521646051336,
          "initial_qty_pct": 0.0025138807704870947,
          "markup_range": 0.01269165890925413,
          "min_markup": 0.009680027982580318,
          "n_close_orders": 7,
          "rentry_pprice_dist": 0.02673458990350731,
          "rentry_pprice_dist_wallet_exposure_weighting": 2.8621734036538755,
          "wallet_exposure_limit": 0.2},
 "short": {"auto_unstuck_ema_dist": -0.002461405274217829,
           "auto_unstuck_wallet_exposure_threshold": 0.04909174666756699,
           "backwards_tp": false,
           "ddown_factor": 2.430539019319292,
           "ema_span_0": 385.32729826455426,
           "ema_span_1": 972.0234502501302,
           "enabled": false,
           "initial_eprice_ema_dist": -0.0010882852237215218,
           "initial_qty_pct": 0.07827279400991694,
           "markup_range": 0.007571975143310932,
           "min_markup": 0.00834815441223647,
           "n_close_orders": 4,
           "rentry_pprice_dist": 0.02764202708676802,
           "rentry_pprice_dist_wallet_exposure_weighting": 14.45663433210818,
           "wallet_exposure_limit": 1.0}}