{"config_name": "recursive_grid_0days",
 "logging_level": 0,
 "long": {"auto_unstuck_ema_dist": 0.009150470122314663,
          "auto_unstuck_wallet_exposure_threshold": 0.05103221174685729,
          "backwards_tp": true,
          "ddown_factor": 2.0531643531425385,
          "ema_span_0": 680.7144038465143,
          "ema_span_1": 1082.363754724508,
          "enabled": true,
          "initial_eprice_ema_dist": -0.003484072700898091,
          "initial_qty_pct": 0.022867479663133926,
          "markup_range": 0.006542446409200693,
          "min_markup": 0.002831791071325165,
          "n_close_orders": 2,
          "rentry_pprice_dist": 0.026762790813999966,
          "rentry_pprice_dist_wallet_exposure_weighting": 1.2162629360299706,
          "wallet_exposure_limit": 1},
 "short": {"auto_unstuck_ema_dist": 0.009386089907720396,
           "auto_unstuck_wallet_exposure_threshold": 0.031149837419269404,
           "backwards_tp": true,
           "ddown_factor": 1.0910365420440784,
           "ema_span_0": 3447.203174799572,
           "ema_span_1": 997.5513376114575,
           "enabled": false,
           "initial_eprice_ema_dist": -0.013923716317331344,
           "initial_qty_pct": 0.015,
           "markup_range": 0.013385778476750787,
           "min_markup": 0.001944736657852276,
           "n_close_orders": 7,
           "rentry_pprice_dist": 0.036488918758801475,
           "rentry_pprice_dist_wallet_exposure_weighting": 82.53984191238575,
           "wallet_exposure_limit": 0.1}}