{"config_name": "clock_0days",
 "long": {"backwards_tp": true,
          "delay_between_fills_minutes_close": 4.27030482527875,
          "delay_between_fills_minutes_entry": 450.1023344458858,
          "delay_weight_close": 145.19438287274207,
          "delay_weight_entry": 22.30370242758253,
          "ema_dist_close": 0.005223221581361279,
          "ema_dist_entry": 0.008254830177363946,
          "ema_span_0": 123.04247175818254,
          "ema_span_1": 753.0161355436194,
          "enabled": true,
          "markup_range": 0.013245434362579316,
          "min_markup": 0.0014839327819781282,
          "n_close_orders": 9,
          "qty_pct_close": 0.010328068927779169,
          "qty_pct_entry": 0.019954625352454906,
          "wallet_exposure_limit": 0.3,
          "we_multiplier_close": 80.64799486193282,
          "we_multiplier_entry": 59.34392389878458},
 "short": {"backwards_tp": true,
           "delay_between_fills_minutes_close": 482.32991489918567,
           "delay_between_fills_minutes_entry": 1204.2230388797811,
           "delay_weight_close": 98.79952300570997,
           "delay_weight_entry": 71.41131353281635,
           "ema_dist_close": -0.04844563707907227,
           "ema_dist_entry": -0.046882443020692534,
           "ema_span_0": 546.4738727624451,
           "ema_span_1": 96.21811880093146,
           "enabled": false,
           "markup_range": 0.024354594294609972,
           "min_markup": 0.0036615352487293774,
           "n_close_orders": 16,
           "qty_pct_close": 0.021206047765916364,
           "qty_pct_entry": 0.08823681297629205,
           "wallet_exposure_limit": 1.0,
           "we_multiplier_close": 97.87485261355334,
           "we_multiplier_entry": 91.65602514149778}}