{"config_name": "recursive_grid_0days",
 "logging_level": 0,
 "long": {"auto_unstuck_ema_dist": -0.00513481161003868,
          "auto_unstuck_wallet_exposure_threshold": 0.04337991655967064,
          "backwards_tp": false,
          "ddown_factor": 2.1429,
          "ema_span_0": 1141.0470472895604,
          "ema_span_1": 480.815232038162,
          "enabled": true,
          "initial_eprice_ema_dist": -0.0006751617748431359,
          "initial_qty_pct": 0.0031893,
          "markup_range": 0.028078,
          "min_markup": 0.005709,
          "n_close_orders": 5,
          "rentry_pprice_dist": 0.018515,
          "rentry_pprice_dist_wallet_exposure_weighting": 2.1199,
          "wallet_exposure_limit": 0.2},
 "short": {"auto_unstuck_ema_dist": -0.06645385402192185,
           "auto_unstuck_wallet_exposure_threshold": 0.0887800649621719,
           "backwards_tp": false,
           "ddown_factor": 2.73594681717782,
           "ema_span_0": 269.5499711320271,
           "ema_span_1": 1178.2014492273527,
           "enabled": false,
           "initial_eprice_ema_dist": -0.06567002806323863,
           "initial_qty_pct": 0.06420798078148497,
           "markup_range": 0.054175394592573485,
           "min_markup": 0.004433013351111825,
           "n_close_orders": 11,
           "rentry_pprice_dist": 0.03456236997479897,
           "rentry_pprice_dist_wallet_exposure_weighting": 18.75162623117352,
           "wallet_exposure_limit": 1.0}}