{"config_name": "recursive_grid_0days",
 "logging_level": 0,
 "long": {"auto_unstuck_ema_dist": 0,
          "auto_unstuck_wallet_exposure_threshold": 0.0,
          "backwards_tp": false,
          "ddown_factor": 1.0438766626669969,
          "ema_span_0": 70.39565150741132,
          "ema_span_1": 98.66322647882475,
          "enabled": true,
          "initial_eprice_ema_dist": -0.042210584967012195,
          "initial_qty_pct": 0.0055520020019848145,
          "markup_range": 0.017335351719392333,
          "min_markup": 0.010014158499990093,
          "n_close_orders": 2,
          "rentry_pprice_dist": 0.026948077788904023,
          "rentry_pprice_dist_wallet_exposure_weighting": 0.5658904207055813,
          "wallet_exposure_limit": 0.2},
 "short": {"auto_unstuck_ema_dist": -0.06323773018837596,
           "auto_unstuck_wallet_exposure_threshold": 0.07532691654867918,
           "backwards_tp": false,
           "ddown_factor": 2.688426902587649,
           "ema_span_0": 431.1488135669512,
           "ema_span_1": 771.2280192573153,
           "enabled": false,
           "initial_eprice_ema_dist": -0.04683878970740982,
           "initial_qty_pct": 0.012376544863940254,
           "markup_range": 0.029558336594868333,
           "min_markup": 0.0016025228979534376,
           "n_close_orders": 5,
           "rentry_pprice_dist": 0.0057969547849612175,
           "rentry_pprice_dist_wallet_exposure_weighting": 0.8469632327827048,
           "wallet_exposure_limit": 1.0}}