{"config_name": "recursive_grid_0days",
 "logging_level": 0,
 "long": {"auto_unstuck_ema_dist": 0,
          "auto_unstuck_wallet_exposure_threshold": 0.0,
          "backwards_tp": false,
          "ddown_factor": 2.7974765310392637,
          "ema_span_0": 837.1408107517651,
          "ema_span_1": 80.8530354986361,
          "enabled": true,
          "initial_eprice_ema_dist": -0.019688009422466457,
          "initial_qty_pct": 0.0030582235212314253,
          "markup_range": 0.009438437191614676,
          "min_markup": 0.0013869282477635297,
          "n_close_orders": 2,
          "rentry_pprice_dist": 0.03166090050581569,
          "rentry_pprice_dist_wallet_exposure_weighting": 3.6431479044449078,
          "wallet_exposure_limit": 0.2},
 "short": {"auto_unstuck_ema_dist": -0.04228326795494261,
           "auto_unstuck_wallet_exposure_threshold": 0.09394721116606358,
           "backwards_tp": false,
           "ddown_factor": 1.350505821839147,
           "ema_span_0": 443.89969898564397,
           "ema_span_1": 1068.221635639562,
           "enabled": false,
           "initial_eprice_ema_dist": -0.029239539991550892,
           "initial_qty_pct": 0.035139894438282616,
           "markup_range": 0.01820781699430658,
           "min_markup": 0.0064585280800017325,
           "n_close_orders": 13,
           "rentry_pprice_dist": 0.029812179000012064,
           "rentry_pprice_dist_wallet_exposure_weighting": 4.8522792656001545,
           "wallet_exposure_limit": 1.0}}