{"config_name": "clock_0days",
 "long": {"backwards_tp": false,
          "delay_between_fills_minutes_close": 381.07476400902596,
          "delay_between_fills_minutes_entry": 414.10245925239275,
          "delay_weight_close": 136.1548189359569,
          "delay_weight_entry": 19.735974957038326,
          "ema_dist_close": -0.0650918929747224,
          "ema_dist_entry": 0.00423018125383647,
          "ema_span_0": 834.5840351943674,
          "ema_span_1": 30.936801880859463,
          "enabled": true,
          "markup_range": 0.03409183995517434,
          "min_markup": 0.0056376903823304614,
          "n_close_orders": 6,
          "qty_pct_close": 0.017163624821702368,
          "qty_pct_entry": 0.015094848859900784,
          "wallet_exposure_limit": 0.3,
          "we_multiplier_close": 88.17740840298453,
          "we_multiplier_entry": 92.73148555096077},
 "short": {"backwards_tp": false,
           "delay_between_fills_minutes_close": 46.956917723020894,
           "delay_between_fills_minutes_entry": 1060.3215513747884,
           "delay_weight_close": 60.979333468212296,
           "delay_weight_entry": 68.46033334729876,
           "ema_dist_close": -0.01473148898372345,
           "ema_dist_entry": -0.02659706735432465,
           "ema_span_0": 206.91486431003437,
           "ema_span_1": 423.32268692870156,
           "enabled": false,
           "markup_range": 0.051080654159827384,
           "min_markup": 0.09450431666668974,
           "n_close_orders": 15,
           "qty_pct_close": 0.6705663212838675,
           "qty_pct_entry": 0.6507992910147972,
           "wallet_exposure_limit": 1.0,
           "we_multiplier_close": 1.669460933929986,
           "we_multiplier_entry": 25.99227811875391}}