{"config_name": "clock_0days",
 "long": {"backwards_tp": true,
          "delay_between_fills_minutes_close": 186.34614545335208,
          "delay_between_fills_minutes_entry": 438.47633608172697,
          "delay_weight_close": 60.051085424987,
          "delay_weight_entry": 35.06861091163262,
          "ema_dist_close": -0.011116911863535691,
          "ema_dist_entry": 0.01,
          "ema_span_0": 319.88099578235676,
          "ema_span_1": 291.0916771996535,
          "enabled": true,
          "markup_range": 0.01958524656046136,
          "min_markup": 0.009242430989519901,
          "n_close_orders": 3,
          "qty_pct_close": 0.01,
          "qty_pct_entry": 0.01,
          "wallet_exposure_limit": 0.3,
          "we_multiplier_close": 4.155471099409292,
          "we_multiplier_entry": 69.80083197477535},
 "short": {"backwards_tp": true,
           "delay_between_fills_minutes_close": 131.8637072814542,
           "delay_between_fills_minutes_entry": 484.9580344895913,
           "delay_weight_close": 97.04500059591477,
           "delay_weight_entry": 17.63487433008337,
           "ema_dist_close": -0.019152654447043765,
           "ema_dist_entry": -0.022504735170397704,
           "ema_span_0": 370.00747995649584,
           "ema_span_1": 385.3269476525956,
           "enabled": false,
           "markup_range": 0.03230241430209531,
           "min_markup": 0.03119546771755744,
           "n_close_orders": 13,
           "qty_pct_close": 0.9668512075914435,
           "qty_pct_entry": 0.8055140753475197,
           "wallet_exposure_limit": 1.0,
           "we_multiplier_close": 8.411225171723387,
           "we_multiplier_entry": 55.125098773092176}}