{"config_name": "neat_grid_0days",
 "logging_level": 0,
 "long": {"auto_unstuck_ema_dist": 0.022497351163547494,
          "auto_unstuck_wallet_exposure_threshold": 0.040667064621190796,
          "backwards_tp": true,
          "ema_span_0": 129.2048323219778,
          "ema_span_1": 183.7198339862868,
          "enabled": true,
          "eprice_exp_base": 1.2821098421661379,
          "eqty_exp_base": 1.532869151315231,
          "grid_span": 0.2561377827870504,
          "initial_eprice_ema_dist": -0.06331048308350265,
          "initial_qty_pct": 0.01,
          "markup_range": 0.0025117791122248696,
          "max_n_entry_orders": 11,
          "min_markup": 0.002,
          "n_close_orders": 7,
          "wallet_exposure_limit": 1},
 "short": {"auto_unstuck_ema_dist": 0.024739280377979532,
           "auto_unstuck_wallet_exposure_threshold": 0.0016570974333476457,
           "backwards_tp": true,
           "ema_span_0": 2920.8975743445135,
           "ema_span_1": 4019.20883785722,
           "enabled": true,
           "eprice_exp_base": 2.57390682192334,
           "eqty_exp_base": 1.5354974089188393,
           "grid_span": 0.3925243758543719,
           "initial_eprice_ema_dist": -0.09002082702665701,
           "initial_qty_pct": 0.01,
           "markup_range": 0.0027129172736488523,
           "max_n_entry_orders": 17,
           "min_markup": 0.002,
           "n_close_orders": 7,
           "wallet_exposure_limit": 0.1}}