{"config_name": "clock_0days",
 "long": {"backwards_tp": true,
          "delay_between_fills_minutes_close": 500,
          "delay_between_fills_minutes_entry": 184.616312913382,
          "delay_weight_close": 114.49904586604885,
          "delay_weight_entry": 70.74714345831812,
          "ema_dist_close": 0.01,
          "ema_dist_entry": 0.01,
          "ema_span_0": 237.17521457781214,
          "ema_span_1": 156.48344987977055,
          "enabled": true,
          "markup_range": 0.014526595795872727,
          "min_markup": 0.00513385230995525,
          "n_close_orders": 5,
          "qty_pct_close": 0.01,
          "qty_pct_entry": 0.01,
          "wallet_exposure_limit": 0.3,
          "we_multiplier_close": 20.21218983424902,
          "we_multiplier_entry": 125.41527373556143},
 "short": {"backwards_tp": true,
           "delay_between_fills_minutes_close": 72.6553974913754,
           "delay_between_fills_minutes_entry": 1098.9275026747312,
           "delay_weight_close": 95.99987607552823,
           "delay_weight_entry": 11.6127172575347,
           "ema_dist_close": -0.017514255703386446,
           "ema_dist_entry": -0.020458005164294447,
           "ema_span_0": 275.48285968060236,
           "ema_span_1": 1174.3091446235435,
           "enabled": false,
           "markup_range": 0.0808584124169886,
           "min_markup": 0.09151212021461202,
           "n_close_orders": 14,
           "qty_pct_close": 0.6967029389205431,
           "qty_pct_entry": 0.7940330121274114,
           "wallet_exposure_limit": 1.0,
           "we_multiplier_close": 5.103608796912782,
           "we_multiplier_entry": 92.98758137118254}}