{"config_name": "clock_0days",
 "long": {"backwards_tp": true,
          "delay_between_fills_minutes_close": 443.9300381655519,
          "delay_between_fills_minutes_entry": 350.49559058275224,
          "delay_weight_close": 135.11630404052633,
          "delay_weight_entry": 24.70528120500491,
          "ema_dist_close": 0.0008039092162371866,
          "ema_dist_entry": 0.010884022471418842,
          "ema_span_0": 975.0157479373499,
          "ema_span_1": 642.9409482312848,
          "enabled": true,
          "markup_range": 0.014143386514073757,
          "min_markup": 0.004125725865963988,
          "n_close_orders": 8,
          "qty_pct_close": 0.015544663946076702,
          "qty_pct_entry": 0.010498383646331494,
          "wallet_exposure_limit": 0.3,
          "we_multiplier_close": 31.402080084816642,
          "we_multiplier_entry": 125.03842315984065},
 "short": {"backwards_tp": true,
           "delay_between_fills_minutes_close": 85.75697847358643,
           "delay_between_fills_minutes_entry": 723.2672544826612,
           "delay_weight_close": 21.79858317097858,
           "delay_weight_entry": 74.0794544937957,
           "ema_dist_close": 0.0003047436709361917,
           "ema_dist_entry": -0.04459091494120712,
           "ema_span_0": 421.18104148207937,
           "ema_span_1": 219.88877132247282,
           "enabled": false,
           "markup_range": 0.0449626269118687,
           "min_markup": 0.06334857323621118,
           "n_close_orders": 9,
           "qty_pct_close": 0.43654831659448506,
           "qty_pct_entry": 0.765698428725224,
           "wallet_exposure_limit": 1.0,
           "we_multiplier_close": 0.9456034370249189,
           "we_multiplier_entry": 10.976556883521383}}