{"config_name": "clock_0days",
 "long": {"backwards_tp": false,
          "delay_between_fills_minutes_close": 271.17743189827235,
          "delay_between_fills_minutes_entry": 484.6405492153031,
          "delay_weight_close": 79.1822367043299,
          "delay_weight_entry": 29.29971581243147,
          "ema_dist_close": 0.02,
          "ema_dist_entry": 0.010207952301552903,
          "ema_span_0": 789.5315665746069,
          "ema_span_1": 598.3915210711359,
          "enabled": true,
          "markup_range": 0.018103982512353217,
          "min_markup": 0.0076705455593005,
          "n_close_orders": 2,
          "qty_pct_close": 0.01563361353343827,
          "qty_pct_entry": 0.013004003412446655,
          "wallet_exposure_limit": 0.3,
          "we_multiplier_close": 2.4469701622402362,
          "we_multiplier_entry": 133.63957517041675},
 "short": {"backwards_tp": false,
           "delay_between_fills_minutes_close": 587.9887917312625,
           "delay_between_fills_minutes_entry": 827.083652271653,
           "delay_weight_close": 64.91648028307381,
           "delay_weight_entry": 54.726473759208126,
           "ema_dist_close": -0.011732519817186704,
           "ema_dist_entry": -0.046472935910710236,
           "ema_span_0": 66.62051079191123,
           "ema_span_1": 707.0840275000023,
           "enabled": false,
           "markup_range": 0.022205028460452435,
           "min_markup": 0.0032999517330700584,
           "n_close_orders": 14,
           "qty_pct_close": 0.09904991363708429,
           "qty_pct_entry": 0.09685033011147927,
           "wallet_exposure_limit": 1.0,
           "we_multiplier_close": 53.70505669770471,
           "we_multiplier_entry": 52.91092023348758}}