{"config_name": "recursive_grid_0days",
 "logging_level": 0,
 "long": {"auto_unstuck_ema_dist": 0,
          "auto_unstuck_wallet_exposure_threshold": 0.0,
          "backwards_tp": false,
          "ddown_factor": 1.6714438668381266,
          "ema_span_0": 659.484992933365,
          "ema_span_1": 109.23777845090599,
          "enabled": true,
          "initial_eprice_ema_dist": 0.0021394606096844264,
          "initial_qty_pct": 0.009736968097779158,
          "markup_range": 0.05286177676135677,
          "min_markup": 0.00270102246370465,
          "n_close_orders": 12,
          "rentry_pprice_dist": 0.030167264870056113,
          "rentry_pprice_dist_wallet_exposure_weighting": 0.0,
          "wallet_exposure_limit": 1},
 "short": {"auto_unstuck_ema_dist": -0.003953529136354092,
           "auto_unstuck_wallet_exposure_threshold": 0.09736865222327958,
           "backwards_tp": false,
           "ddown_factor": 0.605312862571677,
           "ema_span_0": 903.6170683045399,
           "ema_span_1": 23.754310287040774,
           "enabled": false,
           "initial_eprice_ema_dist": -0.056295148713994526,
           "initial_qty_pct": 0.05897459933107417,
           "markup_range": 0.011940007678113575,
           "min_markup": 0.005245804707416411,
           "n_close_orders": 12,
           "rentry_pprice_dist": 0.029213362774146177,
           "rentry_pprice_dist_wallet_exposure_weighting": 7.286530400459538,
           "wallet_exposure_limit": 1.0}}