{"config_name": "clock_0days",
 "long": {"backwards_tp": true,
          "delay_between_fills_minutes_close": 438.20698081112266,
          "delay_between_fills_minutes_entry": 457.4646591176045,
          "delay_weight_close": 98.30172233822546,
          "delay_weight_entry": 42.55004109223439,
          "ema_dist_close": -0.013077571946052257,
          "ema_dist_entry": 0.00841509546400073,
          "ema_span_0": 170.60018895095163,
          "ema_span_1": 89.06481680078055,
          "enabled": true,
          "markup_range": 0.026947313678109073,
          "min_markup": 0.003796693607558366,
          "n_close_orders": 2,
          "qty_pct_close": 0.010744474610579069,
          "qty_pct_entry": 0.018863421133103634,
          "wallet_exposure_limit": 0.3,
          "we_multiplier_close": 80.66735701632456,
          "we_multiplier_entry": 124.20478423169052},
 "short": {"backwards_tp": true,
           "delay_between_fills_minutes_close": 152.40600453412884,
           "delay_between_fills_minutes_entry": 316.13080400646675,
           "delay_weight_close": 14.985955788686322,
           "delay_weight_entry": 39.42691622881617,
           "ema_dist_close": -0.011722409678258335,
           "ema_dist_entry": -0.04444912985198753,
           "ema_span_0": 151.67858152544812,
           "ema_span_1": 1030.0365099691899,
           "enabled": false,
           "markup_range": 0.02313103755395556,
           "min_markup": 0.014044831444366145,
           "n_close_orders": 12,
           "qty_pct_close": 0.8227024109954241,
           "qty_pct_entry": 0.6841563333055188,
           "wallet_exposure_limit": 1.0,
           "we_multiplier_close": 2.4839560816381123,
           "we_multiplier_entry": 6.039137871283284}}