{"config_name": "recursive_grid_0days",
 "logging_level": 0,
 "long": {"auto_unstuck_ema_dist": 0.0013571401150969048,
          "auto_unstuck_wallet_exposure_threshold": 0.0981501033807043,
          "backwards_tp": true,
          "ddown_factor": 1.357372970654259,
          "ema_span_0": 523.8799215806442,
          "ema_span_1": 645.4384178976115,
          "enabled": true,
          "initial_eprice_ema_dist": 0.0005785622910658788,
          "initial_qty_pct": 0.03131397215718001,
          "markup_range": 0.0069749539974733755,
          "min_markup": 0.004914132492860444,
          "n_close_orders": 7,
          "rentry_pprice_dist": 0.026709920273189976,
          "rentry_pprice_dist_wallet_exposure_weighting": 0.8873808222438724,
          "wallet_exposure_limit": 0.3},
 "short": {"auto_unstuck_ema_dist": -0.004607033317396078,
           "auto_unstuck_wallet_exposure_threshold": 0.050831788451738816,
           "backwards_tp": true,
           "ddown_factor": 1.482454409333928,
           "ema_span_0": 542.1483915759829,
           "ema_span_1": 942.3960659916235,
           "enabled": false,
           "initial_eprice_ema_dist": -0.04260742254314131,
           "initial_qty_pct": 0.06678793053282366,
           "markup_range": 0.029425050718191164,
           "min_markup": 0.0018791829322626383,
           "n_close_orders": 7,
           "rentry_pprice_dist": 0.00727614435271366,
           "rentry_pprice_dist_wallet_exposure_weighting": 20.537506570587848,
           "wallet_exposure_limit": 1.0}}