{"config_name": "neat_grid_0days",
 "logging_level": 0,
 "long": {"auto_unstuck_ema_dist": 0.003,
          "auto_unstuck_wallet_exposure_threshold": 0.03,
          "backwards_tp": false,
          "ema_span_0": 768.0763840704097,
          "ema_span_1": 678.311007049164,
          "enabled": true,
          "eprice_exp_base": 1.196319014518298,
          "eqty_exp_base": 1.6113908761652291,
          "grid_span": 0.16530303176673578,
          "initial_eprice_ema_dist": -0.004997153095843451,
          "initial_qty_pct": 0.009944018906339778,
          "markup_range": 0.006655831310060865,
          "max_n_entry_orders": 6,
          "min_markup": 0.004270390186599243,
          "n_close_orders": 1,
          "wallet_exposure_limit": 1},
 "short": {"auto_unstuck_ema_dist": -0.010509779579101639,
           "auto_unstuck_wallet_exposure_threshold": 0.09034285055558505,
           "backwards_tp": false,
           "ema_span_0": 1050.6326958857896,
           "ema_span_1": 449.6541467739349,
           "enabled": false,
           "eprice_exp_base": 1.830729491534989,
           "eqty_exp_base": 1.8534133749132022,
           "grid_span": 0.4978898859862163,
           "initial_eprice_ema_dist": -0.09977670572269302,
           "initial_qty_pct": 0.04040471228942859,
           "markup_range": 0.052599151497143205,
           "max_n_entry_orders": 8,
           "min_markup": 0.004320155222518583,
           "n_close_orders": 9,
           "wallet_exposure_limit": 1.0}}