{"config_name": "recursive_grid_0days",
 "logging_level": 0,
 "long": {"auto_unstuck_ema_dist": 0.0,
          "auto_unstuck_wallet_exposure_threshold": 0.0,
          "backwards_tp": true,
          "ddown_factor": 1.7854027524995004,
          "ema_span_0": 816.7829920718771,
          "ema_span_1": 571.4597404181612,
          "enabled": true,
          "initial_eprice_ema_dist": -0.034802382206924644,
          "initial_qty_pct": 0.002553921975611477,
          "markup_range": 0.003604554302075017,
          "min_markup": 0.00316437302297144,
          "n_close_orders": 8,
          "rentry_pprice_dist": 0.01296667277216285,
          "rentry_pprice_dist_wallet_exposure_weighting": 6.098833535407758,
          "wallet_exposure_limit": 0.1},
 "short": {"auto_unstuck_ema_dist": 0.019235957554334132,
           "auto_unstuck_wallet_exposure_threshold": 0.06287967182986239,
           "backwards_tp": true,
           "ddown_factor": 0.7500391250063027,
           "ema_span_0": 2846.082107556875,
           "ema_span_1": 5349.374680854261,
           "enabled": false,
           "initial_eprice_ema_dist": -0.030387340835576187,
           "initial_qty_pct": 0.015,
           "markup_range": 0.02957472644825335,
           "min_markup": 0.0031916802943031293,
           "n_close_orders": 7,
           "rentry_pprice_dist": 0.037667889160671174,
           "rentry_pprice_dist_wallet_exposure_weighting": 21.68682348294254,
           "wallet_exposure_limit": 0.1}}