{"config_name": "recursive_grid_0days",
 "logging_level": 0,
 "long": {"auto_unstuck_ema_dist": 0,
          "auto_unstuck_wallet_exposure_threshold": 0.0,
          "backwards_tp": false,
          "ddown_factor": 0.852278003029114,
          "ema_span_0": 53.47178277838095,
          "ema_span_1": 11.622606249771286,
          "enabled": true,
          "initial_eprice_ema_dist": 0.0015647950888128643,
          "initial_qty_pct": 0.013570324687912598,
          "markup_range": 0.05876083789481795,
          "min_markup": 0.0026928596232985704,
          "n_close_orders": 22,
          "rentry_pprice_dist": 0.03845087339404028,
          "rentry_pprice_dist_wallet_exposure_weighting": 0.0,
          "wallet_exposure_limit": 0.2},
 "short": {"auto_unstuck_ema_dist": -0.04887808536007158,
           "auto_unstuck_wallet_exposure_threshold": 0.03311326113781958,
           "backwards_tp": false,
           "ddown_factor": 0.4368393397656607,
           "ema_span_0": 623.3572139677258,
           "ema_span_1": 861.3263857324297,
           "enabled": false,
           "initial_eprice_ema_dist": -0.07788853571504431,
           "initial_qty_pct": 0.032405762081985034,
           "markup_range": 0.049874669184846794,
           "min_markup": 0.002512738169361339,
           "n_close_orders": 9,
           "rentry_pprice_dist": 0.008874001613233732,
           "rentry_pprice_dist_wallet_exposure_weighting": 2.409858383868617,
           "wallet_exposure_limit": 1.0}}