{"config_name": "neat_grid_0days",
 "logging_level": 0,
 "long": {"auto_unstuck_ema_dist": 0.08738484327418751,
          "auto_unstuck_wallet_exposure_threshold": 0.020022223009205066,
          "backwards_tp": true,
          "ema_span_0": 202.29465525005008,
          "ema_span_1": 524.6871085609146,
          "enabled": true,
          "eprice_exp_base": 1.0549807113262613,
          "eqty_exp_base": 1.971912072886648,
          "grid_span": 0.3805877683717275,
          "initial_eprice_ema_dist": -0.08310796325497959,
          "initial_qty_pct": 0.01,
          "markup_range": 0.002974161255905769,
          "max_n_entry_orders": 12,
          "min_markup": 0.002,
          "n_close_orders": 14,
          "wallet_exposure_limit": 1},
 "short": {"auto_unstuck_ema_dist": 0.0758759772220844,
           "auto_unstuck_wallet_exposure_threshold": 0.006798370330323128,
           "backwards_tp": true,
           "ema_span_0": 10,
           "ema_span_1": 875.2682500000001,
           "enabled": true,
           "eprice_exp_base": 1.0911872730872685,
           "eqty_exp_base": 1.6443067284847739,
           "grid_span": 0.5219897825477892,
           "initial_eprice_ema_dist": -0.012031133592325556,
           "initial_qty_pct": 0.01,
           "markup_range": 0.003,
           "max_n_entry_orders": 8,
           "min_markup": 0.002,
           "n_close_orders": 6,
           "wallet_exposure_limit": 1}}