{"config_name": "clock_0days",
 "long": {"backwards_tp": true,
          "delay_between_fills_minutes_close": 441.6683372440081,
          "delay_between_fills_minutes_entry": 255.48933049998098,
          "delay_weight_close": 101.08093224785642,
          "delay_weight_entry": 19.33166295585757,
          "ema_dist_close": -0.09559136315669632,
          "ema_dist_entry": 0.006321278565405093,
          "ema_span_0": 349.4831120273237,
          "ema_span_1": 360.87812239087674,
          "enabled": true,
          "markup_range": 0.02880904475565328,
          "min_markup": 0.009410318703741823,
          "n_close_orders": 10,
          "qty_pct_close": 0.011451166866839398,
          "qty_pct_entry": 0.015034955711592038,
          "wallet_exposure_limit": 0.3,
          "we_multiplier_close": 7.305990000147684,
          "we_multiplier_entry": 82.9264528088845},
 "short": {"backwards_tp": true,
           "delay_between_fills_minutes_close": 64.81408558481317,
           "delay_between_fills_minutes_entry": 379.22422077374085,
           "delay_weight_close": 86.87862649680396,
           "delay_weight_entry": 121.4172428502004,
           "ema_dist_close": -0.41250031707535173,
           "ema_dist_entry": -0.8852757347087398,
           "ema_span_0": 123.68053463740927,
           "ema_span_1": 198.5888302571638,
           "enabled": false,
           "markup_range": 0.011908463332928878,
           "min_markup": 0.06818360461149563,
           "n_close_orders": 3,
           "qty_pct_close": 0.01,
           "qty_pct_entry": 0.01,
           "wallet_exposure_limit": 1.0,
           "we_multiplier_close": 38.164831526602775,
           "we_multiplier_entry": 10.096887253462993}}