{"config_name": "recursive_grid_0days",
 "logging_level": 0,
 "long": {"auto_unstuck_ema_dist": 0,
          "auto_unstuck_wallet_exposure_threshold": 0.0,
          "backwards_tp": true,
          "ddown_factor": 2.6227844008327166,
          "ema_span_0": 667.9516478292198,
          "ema_span_1": 539.5949972281245,
          "enabled": true,
          "initial_eprice_ema_dist": 0.013194208324309687,
          "initial_qty_pct": 0.01421770955530172,
          "markup_range": 0.0053579340430711855,
          "min_markup": 0.003200737683044343,
          "n_close_orders": 5,
          "rentry_pprice_dist": 0.02651405322717085,
          "rentry_pprice_dist_wallet_exposure_weighting": 1.4184841277518925,
          "wallet_exposure_limit": 0.3},
 "short": {"auto_unstuck_ema_dist": -0.023992486957055942,
           "auto_unstuck_wallet_exposure_threshold": 0.09256864909015279,
           "backwards_tp": true,
           "ddown_factor": 2.8047311215168325,
           "ema_span_0": 315.1582887052471,
           "ema_span_1": 602.201002884181,
           "enabled": false,
           "initial_eprice_ema_dist": 0.00015337133049173057,
           "initial_qty_pct": 0.048644632030592216,
           "markup_range": 0.012556887416451711,
           "min_markup": 0.001084985080232094,
           "n_close_orders": 2,
           "rentry_pprice_dist": 0.019591287463528447,
           "rentry_pprice_dist_wallet_exposure_weighting": 11.767753380119201,
           "wallet_exposure_limit": 1.0}}