{"config_name": "clock_0days",
 "long": {"backwards_tp": true,
          "delay_between_fills_minutes_close": 435.00775477785487,
          "delay_between_fills_minutes_entry": 183.8223627180528,
          "delay_weight_close": 62.44726886949228,
          "delay_weight_entry": 15.052224043949437,
          "ema_dist_close": -0.8241696075173222,
          "ema_dist_entry": 0.009233267101276588,
          "ema_span_0": 219.28759958050318,
          "ema_span_1": 133.43354991698837,
          "enabled": true,
          "markup_range": 0.02149722163575029,
          "min_markup": 0.005891137247602253,
          "n_close_orders": 2,
          "qty_pct_close": 0.010202970955663158,
          "qty_pct_entry": 0.016236997875875944,
          "wallet_exposure_limit": 0.3,
          "we_multiplier_close": 6.12300869719221,
          "we_multiplier_entry": 50.86044303369216},
 "short": {"backwards_tp": true,
           "delay_between_fills_minutes_close": 78.45435376802496,
           "delay_between_fills_minutes_entry": 1129.2784438840456,
           "delay_weight_close": 19.243766978894904,
           "delay_weight_entry": 34.55791024773882,
           "ema_dist_close": -0.0007775875853464065,
           "ema_dist_entry": -0.02537726155041143,
           "ema_span_0": 228.23302367825454,
           "ema_span_1": 1259.5833485301446,
           "enabled": false,
           "markup_range": 0.05326001477962566,
           "min_markup": 0.05427131266283053,
           "n_close_orders": 8,
           "qty_pct_close": 0.7188596567068346,
           "qty_pct_entry": 0.9202087704469853,
           "wallet_exposure_limit": 1,
           "we_multiplier_close": 2.4850058728137974,
           "we_multiplier_entry": 35.182541913308775}}