{"config_name": "recursive_grid_0days",
 "logging_level": 0,
 "long": {"auto_unstuck_ema_dist": 0,
          "auto_unstuck_wallet_exposure_threshold": 0.0,
          "backwards_tp": false,
          "ddown_factor": 0.3996461101122838,
          "ema_span_0": 600.5888995397526,
          "ema_span_1": 249.14704531494922,
          "enabled": true,
          "initial_eprice_ema_dist": -0.10340087891821476,
          "initial_qty_pct": 0.033541859351323325,
          "markup_range": 0.043248724081778836,
          "min_markup": 0.013988141801364859,
          "n_close_orders": 3,
          "rentry_pprice_dist": 0.0381225309047246,
          "rentry_pprice_dist_wallet_exposure_weighting": 16.606067461564784,
          "wallet_exposure_limit": 0.2},
 "short": {"auto_unstuck_ema_dist": -0.0185498818511583,
           "auto_unstuck_wallet_exposure_threshold": 0.03515896141374293,
           "backwards_tp": false,
           "ddown_factor": 1.3623288087392773,
           "ema_span_0": 1193.8448027353002,
           "ema_span_1": 1256.106029879881,
           "enabled": false,
           "initial_eprice_ema_dist": -0.0635524669213364,
           "initial_qty_pct": 0.07828779306765325,
           "markup_range": 0.008289598225465983,
           "min_markup": 0.0069188905163845744,
           "n_close_orders": 13,
           "rentry_pprice_dist": 0.03250395234203087,
           "rentry_pprice_dist_wallet_exposure_weighting": 16.07436791150073,
           "wallet_exposure_limit": 1.0}}