{"config_name": "recursive_grid_0days",
 "logging_level": 0,
 "long": {"auto_unstuck_ema_dist": 0,
          "auto_unstuck_wallet_exposure_threshold": 0.0,
          "backwards_tp": false,
          "ddown_factor": 0.9559324058097679,
          "ema_span_0": 942.2516265068713,
          "ema_span_1": 229.14332559290565,
          "enabled": true,
          "initial_eprice_ema_dist": -0.07715964723803234,
          "initial_qty_pct": 0.08133376779477627,
          "markup_range": 0.07140849581865259,
          "min_markup": 0.008899263812816803,
          "n_close_orders": 7,
          "rentry_pprice_dist": 0.03153164257263983,
          "rentry_pprice_dist_wallet_exposure_weighting": 16.606067461564784,
          "wallet_exposure_limit": 0.2},
 "short": {"auto_unstuck_ema_dist": -0.041065576563030635,
           "auto_unstuck_wallet_exposure_threshold": 0.04185354383581387,
           "backwards_tp": false,
           "ddown_factor": 1.209812934523871,
           "ema_span_0": 1291.7164254201066,
           "ema_span_1": 482.58075205050426,
           "enabled": false,
           "initial_eprice_ema_dist": -0.03467698321160462,
           "initial_qty_pct": 0.05005282496942235,
           "markup_range": 0.006698162480630065,
           "min_markup": 0.003949474798550959,
           "n_close_orders": 13,
           "rentry_pprice_dist": 0.03206547545427971,
           "rentry_pprice_dist_wallet_exposure_weighting": 18.48120235690718,
           "wallet_exposure_limit": 1.0}}