{"config_name": "recursive_grid_0days",
 "logging_level": 0,
 "long": {"auto_unstuck_ema_dist": -0.00035971636494241054,
          "auto_unstuck_wallet_exposure_threshold": 0.027315334731286056,
          "backwards_tp": false,
          "ddown_factor": 2.1429,
          "ema_span_0": 194.9774578969677,
          "ema_span_1": 1348.502875992732,
          "enabled": true,
          "initial_eprice_ema_dist": 0.0025,
          "initial_qty_pct": 0.0031893,
          "markup_range": 0.028078,
          "min_markup": 0.005709,
          "n_close_orders": 5,
          "rentry_pprice_dist": 0.018515,
          "rentry_pprice_dist_wallet_exposure_weighting": 2.1199,
          "wallet_exposure_limit": 0.2},
 "short": {"auto_unstuck_ema_dist": -0.03990628089170171,
           "auto_unstuck_wallet_exposure_threshold": 0.050076244257774585,
           "backwards_tp": false,
           "ddown_factor": 2.4511345677521708,
           "ema_span_0": 745.1471290130171,
           "ema_span_1": 723.0687685241479,
           "enabled": false,
           "initial_eprice_ema_dist": -0.02772313192229807,
           "initial_qty_pct": 0.028449378070615344,
           "markup_range": 0.013116772962845883,
           "min_markup": 0.004729411681222633,
           "n_close_orders": 15,
           "rentry_pprice_dist": 0.02141666784695401,
           "rentry_pprice_dist_wallet_exposure_weighting": 3.5632187493545087,
           "wallet_exposure_limit": 1.0}}