{"config_name": "clock_0days",
 "long": {"backwards_tp": false,
          "delay_between_fills_minutes_close": 1401.0688001889919,
          "delay_between_fills_minutes_entry": 1283.3558357477107,
          "delay_weight_close": 9.574422576186032,
          "delay_weight_entry": 33.35148216983819,
          "ema_dist_close": -9.457286835981949e-05,
          "ema_dist_entry": -0.001989642204575934,
          "ema_span_0": 1000.3043257102473,
          "ema_span_1": 1440,
          "enabled": true,
          "markup_range": 0.04143619740796824,
          "min_markup": 0.006453672233138043,
          "n_close_orders": 11,
          "qty_pct_close": 0.22076842610888311,
          "qty_pct_entry": 0.01,
          "wallet_exposure_limit": 0.2,
          "we_multiplier_close": 0.42406338265560173,
          "we_multiplier_entry": 86.52760418341906},
 "short": {"backwards_tp": false,
           "delay_between_fills_minutes_close": 547.2520142291721,
           "delay_between_fills_minutes_entry": 160.97252261942742,
           "delay_weight_close": 14.590297951505171,
           "delay_weight_entry": 32.52108334608316,
           "ema_dist_close": -0.04692121817995939,
           "ema_dist_entry": -0.018275631761997237,
           "ema_span_0": 717.7126313605199,
           "ema_span_1": 1360.5665799250282,
           "enabled": false,
           "markup_range": 0.032240728061212275,
           "min_markup": 0.008213161457974068,
           "n_close_orders": 14,
           "qty_pct_close": 0.0385245752615904,
           "qty_pct_entry": 0.02595176630646085,
           "wallet_exposure_limit": 1.0,
           "we_multiplier_close": 10.671256722255462,
           "we_multiplier_entry": 62.60272945100418}}