{"config_name": "neat_grid_DOTUSDT_678days",
    "logging_level": 0,
    "long": {"auto_unstuck_ema_dist": 0,
             "auto_unstuck_wallet_exposure_threshold": 0,
             "backwards_tp": true,
             "ema_span_0": 57.849952334716264,
             "ema_span_1": 47.87691383521941,
             "enabled": true,
             "eprice_exp_base": 1.005517382076038,
             "eqty_exp_base": 2.0835655430830333,
             "grid_span": 0.11734301897640875,
             "initial_eprice_ema_dist": -0.0958659693008991,
             "initial_qty_pct": 0.010387589310059484,
             "markup_range": 0.006844663239258749,
             "max_n_entry_orders": 7,
             "min_markup": 0.002,
             "n_close_orders": 7,
             "wallet_exposure_limit": 0.39},
    "short": {"auto_unstuck_ema_dist": 0,
              "auto_unstuck_wallet_exposure_threshold": 0,
              "backwards_tp": true,
              "ema_span_0": 80.21641946038687,
              "ema_span_1": 108.39221816302319,
              "enabled": true,
              "eprice_exp_base": 1.161677003944878,
              "eqty_exp_base": 2.043673476349949,
              "grid_span": 0.17286592436590761,
              "initial_eprice_ema_dist": -0.03498221774713656,
              "initial_qty_pct": 0.020819168644198922,
              "markup_range": 0.008457180086409518,
              "max_n_entry_orders": 9,
              "min_markup": 0.002,
              "n_close_orders": 6,
              "wallet_exposure_limit": 0.16}}