{"config_name": "neat_grid_0days",
 "logging_level": 0,
 "long": {"auto_unstuck_ema_dist": 0.003,
          "auto_unstuck_wallet_exposure_threshold": 0.03,
          "backwards_tp": false,
          "ema_span_0": 1109.4373462025192,
          "ema_span_1": 1108.7277957039908,
          "enabled": true,
          "eprice_exp_base": 1.195645582378671,
          "eqty_exp_base": 1.375,
          "grid_span": 0.1539606862562884,
          "initial_eprice_ema_dist": -0.004687085815150009,
          "initial_qty_pct": 0.01,
          "markup_range": 0.0017855266298587105,
          "max_n_entry_orders": 11,
          "min_markup": 0.004275,
          "n_close_orders": 1,
          "wallet_exposure_limit": 1},
 "short": {"auto_unstuck_ema_dist": -0.015939948454349845,
           "auto_unstuck_wallet_exposure_threshold": 0.07346497487593401,
           "backwards_tp": false,
           "ema_span_0": 1438.1055990654222,
           "ema_span_1": 940.8693053629519,
           "enabled": false,
           "eprice_exp_base": 3.8012254041967233,
           "eqty_exp_base": 2.115812193461555,
           "grid_span": 0.3112575413653753,
           "initial_eprice_ema_dist": -0.08780110458276275,
           "initial_qty_pct": 0.09556296518842534,
           "markup_range": 0.010210132292876135,
           "max_n_entry_orders": 22,
           "min_markup": 0.005508333641636928,
           "n_close_orders": 6,
           "wallet_exposure_limit": 1.0}}