{"config_name": "clock_0days",
 "long": {"backwards_tp": false,
          "delay_between_fills_minutes_close": 1425.9657972326734,
          "delay_between_fills_minutes_entry": 895.9520528822814,
          "delay_weight_close": 58.70314776075229,
          "delay_weight_entry": 17.253687363747794,
          "ema_dist_close": -0.005921688186848107,
          "ema_dist_entry": -0.0035378066287359003,
          "ema_span_0": 682.4403613908453,
          "ema_span_1": 1358.8920149993385,
          "enabled": true,
          "markup_range": 0.03816420104626322,
          "min_markup": 0.006132738201340369,
          "n_close_orders": 14,
          "qty_pct_close": 0.06705902691227544,
          "qty_pct_entry": 0.01,
          "wallet_exposure_limit": 1,
          "we_multiplier_close": 0.6743566749810966,
          "we_multiplier_entry": 94.03884249523837},
 "short": {"backwards_tp": false,
           "delay_between_fills_minutes_close": 845.497381193991,
           "delay_between_fills_minutes_entry": 627.0542522802074,
           "delay_weight_close": 91.38727589694075,
           "delay_weight_entry": 97.1493762804299,
           "ema_dist_close": -0.002898934886614031,
           "ema_dist_entry": -0.033401538307715306,
           "ema_span_0": 578.1349381083867,
           "ema_span_1": 475.47707639901665,
           "enabled": false,
           "markup_range": 0.03331114791818066,
           "min_markup": 0.0021920278934733106,
           "n_close_orders": 5,
           "qty_pct_close": 0.07556339975789007,
           "qty_pct_entry": 0.03161723159698832,
           "wallet_exposure_limit": 1.0,
           "we_multiplier_close": 93.83416774373377,
           "we_multiplier_entry": 94.81051580779429}}