{"config_name": "recursive_grid_0days",
 "logging_level": 0,
 "long": {"auto_unstuck_ema_dist": 0,
          "auto_unstuck_wallet_exposure_threshold": 0.0,
          "backwards_tp": false,
          "ddown_factor": 0.8067149779695106,
          "ema_span_0": 839.9733935555622,
          "ema_span_1": 404.08870395368,
          "enabled": true,
          "initial_eprice_ema_dist": -0.1802088505336238,
          "initial_qty_pct": 0.0007982151664170364,
          "markup_range": 0.045787248699903554,
          "min_markup": 0.008252669689758803,
          "n_close_orders": 5,
          "rentry_pprice_dist": 0.032102739945856426,
          "rentry_pprice_dist_wallet_exposure_weighting": 3.483864938311544,
          "wallet_exposure_limit": 0.2},
 "short": {"auto_unstuck_ema_dist": -0.0036447258352859113,
           "auto_unstuck_wallet_exposure_threshold": 0.09063070748500546,
           "backwards_tp": false,
           "ddown_factor": 0.4745318555685136,
           "ema_span_0": 922.1788711107156,
           "ema_span_1": 705.3817589122038,
           "enabled": false,
           "initial_eprice_ema_dist": -0.06090706613869756,
           "initial_qty_pct": 0.015564840572128862,
           "markup_range": 0.057529989283683296,
           "min_markup": 0.008031265229680873,
           "n_close_orders": 6,
           "rentry_pprice_dist": 0.049185445254446944,
           "rentry_pprice_dist_wallet_exposure_weighting": 1.9553182203199637,
           "wallet_exposure_limit": 1.0}}