{"config_name": "recursive_grid_0days",
 "logging_level": 0,
 "long": {"auto_unstuck_ema_dist": 0,
          "auto_unstuck_wallet_exposure_threshold": 0.0,
          "backwards_tp": false,
          "ddown_factor": 0.5752481013995765,
          "ema_span_0": 259.0040131430306,
          "ema_span_1": 417.1444561320677,
          "enabled": true,
          "initial_eprice_ema_dist": -0.03420049041756659,
          "initial_qty_pct": 0.0021941313912422883,
          "markup_range": 0.05180017096012222,
          "min_markup": 0.009912384397865319,
          "n_close_orders": 8,
          "rentry_pprice_dist": 0.02468146976491866,
          "rentry_pprice_dist_wallet_exposure_weighting": 3.293106741540786,
          "wallet_exposure_limit": 0.2},
 "short": {"auto_unstuck_ema_dist": -0.02703113644738091,
           "auto_unstuck_wallet_exposure_threshold": 0.09557992872283602,
           "backwards_tp": false,
           "ddown_factor": 0.8242384841291246,
           "ema_span_0": 856.0163531003896,
           "ema_span_1": 724.9920882244872,
           "enabled": false,
           "initial_eprice_ema_dist": -0.005453256889022373,
           "initial_qty_pct": 0.017944998849254712,
           "markup_range": 0.04471491289585402,
           "min_markup": 0.005080896807613819,
           "n_close_orders": 16,
           "rentry_pprice_dist": 0.040850182538089086,
           "rentry_pprice_dist_wallet_exposure_weighting": 13.9073629244127,
           "wallet_exposure_limit": 1.0}}