{"config_name": "recursive_grid_0days",
 "logging_level": 0,
 "long": {"auto_unstuck_ema_dist": 0,
          "auto_unstuck_wallet_exposure_threshold": 0.0,
          "backwards_tp": false,
          "ddown_factor": 2.1429,
          "ema_span_0": 364.2352304970426,
          "ema_span_1": 285.9085500121356,
          "enabled": true,
          "initial_eprice_ema_dist": -0.0011328154102222625,
          "initial_qty_pct": 0.0031893,
          "markup_range": 0.028078,
          "min_markup": 0.005709,
          "n_close_orders": 5,
          "rentry_pprice_dist": 0.018515,
          "rentry_pprice_dist_wallet_exposure_weighting": 2.1199,
          "wallet_exposure_limit": 0.2},
 "short": {"auto_unstuck_ema_dist": -0.057247374631317044,
           "auto_unstuck_wallet_exposure_threshold": 0.07607580535116551,
           "backwards_tp": false,
           "ddown_factor": 0.8489604571556569,
           "ema_span_0": 708.8774026965411,
           "ema_span_1": 932.8893937588874,
           "enabled": false,
           "initial_eprice_ema_dist": -0.06345759349980036,
           "initial_qty_pct": 0.0824743856165841,
           "markup_range": 0.04587781046882104,
           "min_markup": 0.0025020506539068198,
           "n_close_orders": 15,
           "rentry_pprice_dist": 0.005220403545457288,
           "rentry_pprice_dist_wallet_exposure_weighting": 7.2284652926876465,
           "wallet_exposure_limit": 1}}