{"config_name": "clock_0days",
 "long": {"backwards_tp": true,
          "delay_between_fills_minutes_close": 457.7242462581782,
          "delay_between_fills_minutes_entry": 471.47966058242724,
          "delay_weight_close": 134.62163186836344,
          "delay_weight_entry": 31.266871608562504,
          "ema_dist_close": -0.00416413940700017,
          "ema_dist_entry": 0.008468355337337889,
          "ema_span_0": 23.945598485603156,
          "ema_span_1": 73.79785907474326,
          "enabled": true,
          "markup_range": 0.024556410055464037,
          "min_markup": 0.026729951198938288,
          "n_close_orders": 6,
          "qty_pct_close": 0.010858897523602909,
          "qty_pct_entry": 0.012703768363019787,
          "wallet_exposure_limit": 0.3,
          "we_multiplier_close": 3.18690222187916,
          "we_multiplier_entry": 41.41729338669516},
 "short": {"backwards_tp": false,
           "delay_between_fills_minutes_close": 57.71227193069166,
           "delay_between_fills_minutes_entry": 62.355516056057844,
           "delay_weight_close": 46.98885400903739,
           "delay_weight_entry": 95.82940983990763,
           "ema_dist_close": -0.0038501756002644605,
           "ema_dist_entry": 0.0045664497400346865,
           "ema_span_0": 111.44511963213318,
           "ema_span_1": 664.1371167671176,
           "enabled": false,
           "markup_range": 0.04134488411716687,
           "min_markup": 0.04335009746616248,
           "n_close_orders": 5,
           "qty_pct_close": 0.34195802634951517,
           "qty_pct_entry": 0.28913087679272503,
           "wallet_exposure_limit": 1.0,
           "we_multiplier_close": 7.916792232424896,
           "we_multiplier_entry": 89.41026993001573}}