{"config_name": "neat_grid_0days",
 "logging_level": 0,
 "long": {"auto_unstuck_ema_dist": 0.013942517382141667,
          "auto_unstuck_wallet_exposure_threshold": 0.001,
          "backwards_tp": true,
          "ema_span_0": 1674.3205529913184,
          "ema_span_1": 2247.9693321401087,
          "enabled": true,
          "eprice_exp_base": 1.5869649302089919,
          "eqty_exp_base": 1.6384482057643748,
          "grid_span": 0.3,
          "initial_eprice_ema_dist": -0.03927685522636867,
          "initial_qty_pct": 0.01,
          "markup_range": 0.0017827457777439353,
          "max_n_entry_orders": 8,
          "min_markup": 0.002,
          "n_close_orders": 26,
          "wallet_exposure_limit": 1},
 "short": {"auto_unstuck_ema_dist": 0.038890350760294144,
           "auto_unstuck_wallet_exposure_threshold": 0.015224940181319589,
           "backwards_tp": true,
           "ema_span_0": 549.6031222675529,
           "ema_span_1": 556.7124001125633,
           "enabled": true,
           "eprice_exp_base": 1.04837180554893,
           "eqty_exp_base": 2.7379194414517825,
           "grid_span": 0.3,
           "initial_eprice_ema_dist": 0,
           "initial_qty_pct": 0.015574936321631368,
           "markup_range": 0.007225105663592934,
           "max_n_entry_orders": 13,
           "min_markup": 0.0027228021531318426,
           "n_close_orders": 9,
           "wallet_exposure_limit": 0.1}}