{"config_name": "recursive_grid_0days",
 "logging_level": 0,
 "long": {"auto_unstuck_ema_dist": 0.005,
          "auto_unstuck_wallet_exposure_threshold": 0.059126959294515814,
          "backwards_tp": true,
          "ddown_factor": 1.8615627744950052,
          "ema_span_0": 10.111998192180712,
          "ema_span_1": 693.4057025325487,
          "enabled": true,
          "initial_eprice_ema_dist": -0.07970028986734262,
          "initial_qty_pct": 0.017328776697248763,
          "markup_range": 0.028954296462436115,
          "min_markup": 0.01,
          "n_close_orders": 2,
          "rentry_pprice_dist": 0.036328503927055736,
          "rentry_pprice_dist_wallet_exposure_weighting": 0.9898530680140079,
          "wallet_exposure_limit": 0.3},
 "short": {"auto_unstuck_ema_dist": -0.09968506631742437,
           "auto_unstuck_wallet_exposure_threshold": 0.033817226220639776,
           "backwards_tp": true,
           "ddown_factor": 0.7748309565848903,
           "ema_span_0": 20.764106905211456,
           "ema_span_1": 651.2590208361411,
           "enabled": false,
           "initial_eprice_ema_dist": -0.03874553302785667,
           "initial_qty_pct": 0.03246525701307109,
           "markup_range": 0.02113252324225272,
           "min_markup": 0.006062658993093352,
           "n_close_orders": 6,
           "rentry_pprice_dist": 0.009098127051525799,
           "rentry_pprice_dist_wallet_exposure_weighting": 16.360899766588464,
           "wallet_exposure_limit": 1.0}}