{"config_name": "recursive_grid_0days",
 "logging_level": 0,
 "long": {"auto_unstuck_ema_dist": 0,
          "auto_unstuck_wallet_exposure_threshold": 0.0,
          "backwards_tp": false,
          "ddown_factor": 2.3416958714869036,
          "ema_span_0": 47.5845979214833,
          "ema_span_1": 191.25057151693716,
          "enabled": true,
          "initial_eprice_ema_dist": -0.09378082021127923,
          "initial_qty_pct": 0.003358652145424429,
          "markup_range": 0.0468309208346397,
          "min_markup": 0.011155172969185199,
          "n_close_orders": 9,
          "rentry_pprice_dist": 0.031123068176653355,
          "rentry_pprice_dist_wallet_exposure_weighting": 2.9979805131212345,
          "wallet_exposure_limit": 0.2},
 "short": {"auto_unstuck_ema_dist": -0.05116925553212639,
           "auto_unstuck_wallet_exposure_threshold": 0.04681537055813146,
           "backwards_tp": false,
           "ddown_factor": 1.6547773111126487,
           "ema_span_0": 599.0117520757758,
           "ema_span_1": 451.15892301908485,
           "enabled": false,
           "initial_eprice_ema_dist": -0.06464118444340491,
           "initial_qty_pct": 0.09113126497486251,
           "markup_range": 0.05306855980381829,
           "min_markup": 0.004716247365780995,
           "n_close_orders": 14,
           "rentry_pprice_dist": 0.03831757882639258,
           "rentry_pprice_dist_wallet_exposure_weighting": 2.3967949559513557,
           "wallet_exposure_limit": 1.0}}