{"config_name": "static_grid_GMTUSDT_101days",
    "logging_level": 0,
    "long": {"auto_unstuck_ema_dist": 0,
             "auto_unstuck_wallet_exposure_threshold": 0,
             "backwards_tp": true,
             "ema_span_0": 327.3373439942625,
             "ema_span_1": 217.2222677839885,
             "enabled": true,
             "eprice_exp_base": 1.5193065636138687,
             "eprice_pprice_diff": 0.00979847039169612,
             "grid_span": 0.1643750625966397,
             "initial_eprice_ema_dist": -0.1,
             "initial_qty_pct": 0.01,
             "markup_range": 0.013117521111182086,
             "max_n_entry_orders": 10,
             "min_markup": 0.002,
             "n_close_orders": 13,
             "secondary_allocation": 0.09453090498445738,
             "secondary_pprice_diff": 0.05,
             "wallet_exposure_limit": 1},
    "short": {"auto_unstuck_ema_dist": 0,
              "auto_unstuck_wallet_exposure_threshold": 0,
              "backwards_tp": true,
              "ema_span_0": 73.56623522297177,
              "ema_span_1": 1312.721331026132,
              "enabled": true,
              "eprice_exp_base": 1.1204189608391317,
              "eprice_pprice_diff": 0.007787066453597885,
              "grid_span": 0.03479226394142087,
              "initial_eprice_ema_dist": -0.05411589251841047,
              "initial_qty_pct": 0.01,
              "markup_range": 0.004716211884109781,
              "max_n_entry_orders": 10,
              "min_markup": 0.002,
              "n_close_orders": 9,
              "secondary_allocation": 0.47436999168042693,
              "secondary_pprice_diff": 0.4250839626695086,
              "wallet_exposure_limit": 1}}