{"config_name": "recursive_grid_0days",
 "logging_level": 0,
 "long": {"auto_unstuck_ema_dist": 0,
          "auto_unstuck_wallet_exposure_threshold": 0.0,
          "backwards_tp": false,
          "ddown_factor": 0.482354826946278,
          "ema_span_0": 625.0401773438697,
          "ema_span_1": 885.8190410034352,
          "enabled": true,
          "initial_eprice_ema_dist": -0.04780960207749823,
          "initial_qty_pct": 0.005900990141030767,
          "markup_range": 0.013030385002766492,
          "min_markup": 0.007445520383940458,
          "n_close_orders": 6,
          "rentry_pprice_dist": 0.027691606303655098,
          "rentry_pprice_dist_wallet_exposure_weighting": 0.6155511053683437,
          "wallet_exposure_limit": 0.2},
 "short": {"auto_unstuck_ema_dist": -0.050328439760004715,
           "auto_unstuck_wallet_exposure_threshold": 0.0304124177536248,
           "backwards_tp": false,
           "ddown_factor": 0.2792696572369005,
           "ema_span_0": 419.2653583987848,
           "ema_span_1": 69.48375914546045,
           "enabled": false,
           "initial_eprice_ema_dist": -0.0017011317571453966,
           "initial_qty_pct": 0.0263811064897174,
           "markup_range": 0.029155913837286176,
           "min_markup": 0.0055409511788863655,
           "n_close_orders": 12,
           "rentry_pprice_dist": 0.04820050731635378,
           "rentry_pprice_dist_wallet_exposure_weighting": 9.22972517823634,
           "wallet_exposure_limit": 1.0}}