{"config_name": "recursive_grid_0days",
 "logging_level": 0,
 "long": {"auto_unstuck_ema_dist": 0,
          "auto_unstuck_wallet_exposure_threshold": 0.0,
          "backwards_tp": true,
          "ddown_factor": 1.5231806470541547,
          "ema_span_0": 584.1177374709112,
          "ema_span_1": 972.2850217680872,
          "enabled": true,
          "initial_eprice_ema_dist": 0.005959818474124734,
          "initial_qty_pct": 0.032281397615862926,
          "markup_range": 0.00019807243309551657,
          "min_markup": 0.001633224024733822,
          "n_close_orders": 3,
          "rentry_pprice_dist": 0.04207833636405933,
          "rentry_pprice_dist_wallet_exposure_weighting": 5.643997076218067,
          "wallet_exposure_limit": 0.3},
 "short": {"auto_unstuck_ema_dist": -0.07582084523207575,
           "auto_unstuck_wallet_exposure_threshold": 0.05158733419603205,
           "backwards_tp": true,
           "ddown_factor": 1.3804256184855577,
           "ema_span_0": 232.40403292046284,
           "ema_span_1": 669.0025004617345,
           "enabled": false,
           "initial_eprice_ema_dist": -0.06536324298338073,
           "initial_qty_pct": 0.0697885732922418,
           "markup_range": 0.042702084158459955,
           "min_markup": 0.001048473912318673,
           "n_close_orders": 4,
           "rentry_pprice_dist": 0.02267489930804637,
           "rentry_pprice_dist_wallet_exposure_weighting": 10.5577037031339,
           "wallet_exposure_limit": 1.0}}