{"config_name": "recursive_grid_0days",
 "logging_level": 0,
 "long": {"auto_unstuck_ema_dist": 0,
          "auto_unstuck_wallet_exposure_threshold": 0.0,
          "backwards_tp": true,
          "ddown_factor": 1.7559653543286908,
          "ema_span_0": 343.2253527434099,
          "ema_span_1": 295.586653197369,
          "enabled": true,
          "initial_eprice_ema_dist": 0.016410186694772247,
          "initial_qty_pct": 0.022655681315055652,
          "markup_range": 0.006858985680086419,
          "min_markup": 0.004273337830344118,
          "n_close_orders": 3,
          "rentry_pprice_dist": 0.016814084821172054,
          "rentry_pprice_dist_wallet_exposure_weighting": 5.231175260105136,
          "wallet_exposure_limit": 0.3},
 "short": {"auto_unstuck_ema_dist": -0.08036383069443458,
           "auto_unstuck_wallet_exposure_threshold": 0.03,
           "backwards_tp": true,
           "ddown_factor": 1.9196749743493797,
           "ema_span_0": 471.55676949875266,
           "ema_span_1": 839.1407571651721,
           "enabled": false,
           "initial_eprice_ema_dist": -0.0019854599070311396,
           "initial_qty_pct": 0.047460016927394426,
           "markup_range": 0.05912913698392184,
           "min_markup": 0.005940952866951606,
           "n_close_orders": 15,
           "rentry_pprice_dist": 0.0301159378264337,
           "rentry_pprice_dist_wallet_exposure_weighting": 12.039232445621572,
           "wallet_exposure_limit": 1.0}}