{"config_name": "clock_0days",
 "long": {"backwards_tp": true,
          "delay_between_fills_minutes_close": 330.00693166282895,
          "delay_between_fills_minutes_entry": 487.28277740924824,
          "delay_weight_close": 135.1252744716918,
          "delay_weight_entry": 19.995778866870708,
          "ema_dist_close": -0.012600266555804842,
          "ema_dist_entry": -0.4949942339195067,
          "ema_span_0": 500.3913150111886,
          "ema_span_1": 406.5893097820141,
          "enabled": true,
          "markup_range": 0.012362152865104383,
          "min_markup": 0.02539901090864494,
          "n_close_orders": 8,
          "qty_pct_close": 0.019829124672382976,
          "qty_pct_entry": 0.01017445696946762,
          "wallet_exposure_limit": 0.3,
          "we_multiplier_close": 4.609947497938672,
          "we_multiplier_entry": 113.75120731092466},
 "short": {"backwards_tp": true,
           "delay_between_fills_minutes_close": 48.40799558143649,
           "delay_between_fills_minutes_entry": 716.3241703074551,
           "delay_weight_close": 8.338147717400766,
           "delay_weight_entry": 7.755404830176125,
           "ema_dist_close": 0.008894228387285447,
           "ema_dist_entry": 0.000515074292053129,
           "ema_span_0": 159.03770565144038,
           "ema_span_1": 1078.2749536104157,
           "enabled": false,
           "markup_range": 0.01868375085783184,
           "min_markup": 0.0027480987013627327,
           "n_close_orders": 2,
           "qty_pct_close": 0.8466873984416097,
           "qty_pct_entry": 0.24154537584594038,
           "wallet_exposure_limit": 1.0,
           "we_multiplier_close": 1.724264197165406,
           "we_multiplier_entry": 33.28773603047888}}