{"config_name": "recursive_grid_0days",
 "logging_level": 0,
 "long": {"auto_unstuck_ema_dist": 0,
          "auto_unstuck_wallet_exposure_threshold": 0.0,
          "backwards_tp": false,
          "ddown_factor": 1.0877044917641727,
          "ema_span_0": 798.7851919942775,
          "ema_span_1": 332.5156492753897,
          "enabled": true,
          "initial_eprice_ema_dist": -0.05980350767798167,
          "initial_qty_pct": 0.003808438910910903,
          "markup_range": 0.05194863386166659,
          "min_markup": 0.010561194433435443,
          "n_close_orders": 8,
          "rentry_pprice_dist": 0.03357486167704233,
          "rentry_pprice_dist_wallet_exposure_weighting": 2.8928875635912976,
          "wallet_exposure_limit": 0.2},
 "short": {"auto_unstuck_ema_dist": -0.0033560889972698987,
           "auto_unstuck_wallet_exposure_threshold": 0.04296183906427717,
           "backwards_tp": false,
           "ddown_factor": 1.1313169694848735,
           "ema_span_0": 1038.5485075369766,
           "ema_span_1": 936.7637275607394,
           "enabled": false,
           "initial_eprice_ema_dist": -0.06486115883481663,
           "initial_qty_pct": 0.0237260037417081,
           "markup_range": 0.02164660312205134,
           "min_markup": 0.0036640288206521944,
           "n_close_orders": 11,
           "rentry_pprice_dist": 0.0397208108620307,
           "rentry_pprice_dist_wallet_exposure_weighting": 18.374154212723965,
           "wallet_exposure_limit": 1.0}}