{"config_name": "neat_grid_0days",
 "logging_level": 0,
 "long": {"auto_unstuck_ema_dist": 0.0014154628372538304,
          "auto_unstuck_wallet_exposure_threshold": 0.6,
          "backwards_tp": true,
          "ema_span_0": 1963.6974105358677,
          "ema_span_1": 2348.4487309589463,
          "enabled": true,
          "eprice_exp_base": 1.055098837139278,
          "eqty_exp_base": 1.786665267474599,
          "grid_span": 0.1229630148945595,
          "initial_eprice_ema_dist": -0.08637813265156821,
          "initial_qty_pct": 0.01,
          "markup_range": 0.00131508457779898,
          "max_n_entry_orders": 11,
          "min_markup": 0.003,
          "n_close_orders": 7,
          "wallet_exposure_limit": 0.1},
 "short": {"auto_unstuck_ema_dist": 0.052990628856264724,
           "auto_unstuck_wallet_exposure_threshold": 0.5150233648141144,
           "backwards_tp": true,
           "ema_span_0": 1324.2459475210123,
           "ema_span_1": 1106.7936976559824,
           "enabled": true,
           "eprice_exp_base": 1,
           "eqty_exp_base": 2.0493969349133145,
           "grid_span": 0.10250106122055613,
           "initial_eprice_ema_dist": -0.029944812383584915,
           "initial_qty_pct": 0.01,
           "markup_range": 0.0018550440767521493,
           "max_n_entry_orders": 11,
           "min_markup": 0.003,
           "n_close_orders": 19,
           "wallet_exposure_limit": 0.1}}