{"config_name": "recursive_grid_0days",
 "logging_level": 0,
 "long": {"auto_unstuck_ema_dist": 0.004199984800849151,
          "auto_unstuck_wallet_exposure_threshold": 0.05464313767561723,
          "backwards_tp": true,
          "ddown_factor": 1.877545530054223,
          "ema_span_0": 353.9653524582953,
          "ema_span_1": 425.3515997791979,
          "enabled": true,
          "initial_eprice_ema_dist": 0.007525366675845163,
          "initial_qty_pct": 0.04117093459601017,
          "markup_range": 0.0016406311015251917,
          "min_markup": 0.0032302565629825815,
          "n_close_orders": 13,
          "rentry_pprice_dist": 0.04063664017022512,
          "rentry_pprice_dist_wallet_exposure_weighting": 0.4052085049746609,
          "wallet_exposure_limit": 0.3},
 "short": {"auto_unstuck_ema_dist": -0.012815161884609128,
           "auto_unstuck_wallet_exposure_threshold": 0.09068442295534296,
           "backwards_tp": true,
           "ddown_factor": 1.2543704938250984,
           "ema_span_0": 695.1380864457459,
           "ema_span_1": 24.08014384860509,
           "enabled": false,
           "initial_eprice_ema_dist": -0.014935755548547439,
           "initial_qty_pct": 0.08150120591224674,
           "markup_range": 0.00022357689531342205,
           "min_markup": 0.004459013865802967,
           "n_close_orders": 8,
           "rentry_pprice_dist": 0.026475805929273597,
           "rentry_pprice_dist_wallet_exposure_weighting": 3.512872694020963,
           "wallet_exposure_limit": 1.0}}