{"config_name": "recursive_grid_0days",
 "logging_level": 0,
 "long": {"auto_unstuck_ema_dist": 0,
          "auto_unstuck_wallet_exposure_threshold": 0.0,
          "backwards_tp": false,
          "ddown_factor": 1.9213341488985687,
          "ema_span_0": 362.9310307316546,
          "ema_span_1": 129.27999589131187,
          "enabled": true,
          "initial_eprice_ema_dist": -0.04565841105127052,
          "initial_qty_pct": 0.0027096508949618335,
          "markup_range": 0.07241106162538438,
          "min_markup": 0.0019036173489241437,
          "n_close_orders": 6,
          "rentry_pprice_dist": 0.03366600467193135,
          "rentry_pprice_dist_wallet_exposure_weighting": 1.5439508565610207,
          "wallet_exposure_limit": 0.2},
 "short": {"auto_unstuck_ema_dist": 0.003,
           "auto_unstuck_wallet_exposure_threshold": 0.06677743467238506,
           "backwards_tp": false,
           "ddown_factor": 2.09021234787825,
           "ema_span_0": 206.6064176737667,
           "ema_span_1": 1389.9084206401537,
           "enabled": false,
           "initial_eprice_ema_dist": -0.0023865596441113163,
           "initial_qty_pct": 0.07160354441112073,
           "markup_range": 0.019734899489952492,
           "min_markup": 0.005680610728797242,
           "n_close_orders": 3,
           "rentry_pprice_dist": 0.013633784974521408,
           "rentry_pprice_dist_wallet_exposure_weighting": 3.3643610152421966,
           "wallet_exposure_limit": 1.0}}