{"config_name": "clock_0days",
 "long": {"backwards_tp": true,
          "delay_between_fills_minutes_close": 420.8487678944449,
          "delay_between_fills_minutes_entry": 500,
          "delay_weight_close": 135.84447802014145,
          "delay_weight_entry": 30.04398593428691,
          "ema_dist_close": -0.7481194235134141,
          "ema_dist_entry": 0.010849665363261757,
          "ema_span_0": 933.5828962431733,
          "ema_span_1": 913.2135336040448,
          "enabled": true,
          "markup_range": 0.047607888518104914,
          "min_markup": 0.002533786888182739,
          "n_close_orders": 3,
          "qty_pct_close": 0.011508829913864569,
          "qty_pct_entry": 0.017922726212825806,
          "wallet_exposure_limit": 0.3,
          "we_multiplier_close": 14.895706489068754,
          "we_multiplier_entry": 139.2109845265158},
 "short": {"backwards_tp": true,
           "delay_between_fills_minutes_close": 24.766159628109254,
           "delay_between_fills_minutes_entry": 724.6511547643584,
           "delay_weight_close": 90.3830241734477,
           "delay_weight_entry": 0.22078268449000626,
           "ema_dist_close": 0.00776590504287647,
           "ema_dist_entry": 0.006180265238362903,
           "ema_span_0": 408.8037572779555,
           "ema_span_1": 270.3786862209759,
           "enabled": false,
           "markup_range": 0.01760530735182514,
           "min_markup": 0.06637132679572705,
           "n_close_orders": 7,
           "qty_pct_close": 0.7408921269630719,
           "qty_pct_entry": 0.36629182347858635,
           "wallet_exposure_limit": 1.0,
           "we_multiplier_close": 1.76387111967792,
           "we_multiplier_entry": 16.53126771842365}}