{"config_name": "clock_0days",
 "long": {"backwards_tp": true,
          "delay_between_fills_minutes_close": 409.01698393997424,
          "delay_between_fills_minutes_entry": 360.593153283287,
          "delay_weight_close": 93.76515136229389,
          "delay_weight_entry": 16.90224830038734,
          "ema_dist_close": -0.006838343239043722,
          "ema_dist_entry": 0.007297146916946939,
          "ema_span_0": 1485.1454819796688,
          "ema_span_1": 189.23662592353028,
          "enabled": true,
          "markup_range": 0.04961670656425062,
          "min_markup": 0.009246768760638692,
          "n_close_orders": 4,
          "qty_pct_close": 0.012444821118939773,
          "qty_pct_entry": 0.018024429126654317,
          "wallet_exposure_limit": 0.3,
          "we_multiplier_close": 26.633360175318604,
          "we_multiplier_entry": 24.994370757721427},
 "short": {"backwards_tp": true,
           "delay_between_fills_minutes_close": 98.40773042947723,
           "delay_between_fills_minutes_entry": 339.29173311871244,
           "delay_weight_close": 61.98370187607374,
           "delay_weight_entry": 39.814259789065,
           "ema_dist_close": -0.014730025852749441,
           "ema_dist_entry": -0.03320855756263291,
           "ema_span_0": 521.2928048834257,
           "ema_span_1": 632.4291238990664,
           "enabled": false,
           "markup_range": 0.0852274687152566,
           "min_markup": 0.036511241526209146,
           "n_close_orders": 6,
           "qty_pct_close": 0.7467325004519126,
           "qty_pct_entry": 0.44974994764228476,
           "wallet_exposure_limit": 1.0,
           "we_multiplier_close": 9.1819668401116,
           "we_multiplier_entry": 47.5645228595315}}