{"config_name": "recursive_grid_0days",
 "logging_level": 0,
 "long": {"auto_unstuck_ema_dist": 0,
          "auto_unstuck_wallet_exposure_threshold": 0.0,
          "backwards_tp": true,
          "ddown_factor": 1.2418507987986815,
          "ema_span_0": 467.39354319410734,
          "ema_span_1": 727.8196790910869,
          "enabled": true,
          "initial_eprice_ema_dist": 0.00494358796663757,
          "initial_qty_pct": 0.0202238013399603,
          "markup_range": 0.002569498730073626,
          "min_markup": 0.0019816730099780928,
          "n_close_orders": 6,
          "rentry_pprice_dist": 0.017403609398546405,
          "rentry_pprice_dist_wallet_exposure_weighting": 4.26041038646223,
          "wallet_exposure_limit": 0.3},
 "short": {"auto_unstuck_ema_dist": -0.036004362836756815,
           "auto_unstuck_wallet_exposure_threshold": 0.09286915582549116,
           "backwards_tp": true,
           "ddown_factor": 0.38083623383700427,
           "ema_span_0": 384.24242217941236,
           "ema_span_1": 1002.5091171724438,
           "enabled": false,
           "initial_eprice_ema_dist": -0.06875826922457576,
           "initial_qty_pct": 0.02731359662532202,
           "markup_range": 0.020997398244493006,
           "min_markup": 0.007917072650391373,
           "n_close_orders": 13,
           "rentry_pprice_dist": 0.037200005883132777,
           "rentry_pprice_dist_wallet_exposure_weighting": 2.7435208460130767,
           "wallet_exposure_limit": 1.0}}