{"config_name": "clock_0days",
 "long": {"backwards_tp": true,
          "delay_between_fills_minutes_close": 364.9233515335807,
          "delay_between_fills_minutes_entry": 496.2379745765237,
          "delay_weight_close": 128.1382845590526,
          "delay_weight_entry": 24.171926196652013,
          "ema_dist_close": -0.2718397191033618,
          "ema_dist_entry": -0.31926038869832823,
          "ema_span_0": 484.0815572121234,
          "ema_span_1": 124.85572521246542,
          "enabled": true,
          "markup_range": 0.019587141463661757,
          "min_markup": 0.009356606354419456,
          "n_close_orders": 4,
          "qty_pct_close": 0.01,
          "qty_pct_entry": 0.01,
          "wallet_exposure_limit": 0.3,
          "we_multiplier_close": 0,
          "we_multiplier_entry": 7.296502963774952},
 "short": {"backwards_tp": true,
           "delay_between_fills_minutes_close": 734.4225274631976,
           "delay_between_fills_minutes_entry": 174.62880586091455,
           "delay_weight_close": 45.16442212536455,
           "delay_weight_entry": 69.79107330920515,
           "ema_dist_close": 0.0003261918386136542,
           "ema_dist_entry": -0.014940409042922896,
           "ema_span_0": 238.60550015711624,
           "ema_span_1": 533.7921428032208,
           "enabled": false,
           "markup_range": 0.03180737410879784,
           "min_markup": 0.0059141065613650505,
           "n_close_orders": 10,
           "qty_pct_close": 0.08013083198298562,
           "qty_pct_entry": 0.04347781887716761,
           "wallet_exposure_limit": 1.0,
           "we_multiplier_close": 19.715460876626878,
           "we_multiplier_entry": 87.80104824179882}}