{"config_name": "recursive_grid_0days",
 "logging_level": 0,
 "long": {"auto_unstuck_ema_dist": 0,
          "auto_unstuck_wallet_exposure_threshold": 0.0,
          "backwards_tp": false,
          "ddown_factor": 2.1429,
          "ema_span_0": 147.31469281556383,
          "ema_span_1": 298.56853696257826,
          "enabled": true,
          "initial_eprice_ema_dist": -0.036774415841750646,
          "initial_qty_pct": 0.0031893,
          "markup_range": 0.028078,
          "min_markup": 0.005709,
          "n_close_orders": 5,
          "rentry_pprice_dist": 0.018515,
          "rentry_pprice_dist_wallet_exposure_weighting": 2.1199,
          "wallet_exposure_limit": 0.2},
 "short": {"auto_unstuck_ema_dist": -0.03990080474396181,
           "auto_unstuck_wallet_exposure_threshold": 0.06272254889616136,
           "backwards_tp": false,
           "ddown_factor": 1.5094947399868879,
           "ema_span_0": 1042.3105473716107,
           "ema_span_1": 1006.8325088166807,
           "enabled": false,
           "initial_eprice_ema_dist": -0.016827657773834756,
           "initial_qty_pct": 0.0429485882445844,
           "markup_range": 0.027553813237708072,
           "min_markup": 0.002685505097047988,
           "n_close_orders": 11,
           "rentry_pprice_dist": 0.03795598906500157,
           "rentry_pprice_dist_wallet_exposure_weighting": 3.0700405021247623,
           "wallet_exposure_limit": 1.0}}