{"config_name": "recursive_grid_0days",
 "logging_level": 0,
 "long": {"auto_unstuck_ema_dist": 0.0,
          "auto_unstuck_wallet_exposure_threshold": 0.0,
          "backwards_tp": false,
          "ddown_factor": 0.9826809793728846,
          "ema_span_0": 656.1493749834854,
          "ema_span_1": 581.5587290162051,
          "enabled": true,
          "initial_eprice_ema_dist": -0.13590338436803384,
          "initial_qty_pct": 0.005471314091090591,
          "markup_range": 0.04535688116126846,
          "min_markup": 0.00755566063825467,
          "n_close_orders": 2,
          "rentry_pprice_dist": 0.024095977323295395,
          "rentry_pprice_dist_wallet_exposure_weighting": 2.0373392597687023,
          "wallet_exposure_limit": 0.2},
 "short": {"auto_unstuck_ema_dist": -0.042993456469802085,
           "auto_unstuck_wallet_exposure_threshold": 0.08941764823712711,
           "backwards_tp": false,
           "ddown_factor": 0.1337171820845884,
           "ema_span_0": 805.4750769311007,
           "ema_span_1": 656.6071343453239,
           "enabled": false,
           "initial_eprice_ema_dist": -0.08346744369915937,
           "initial_qty_pct": 0.07645704998720577,
           "markup_range": 0.04260921710769953,
           "min_markup": 0.002076643610370736,
           "n_close_orders": 14,
           "rentry_pprice_dist": 0.006809747806814887,
           "rentry_pprice_dist_wallet_exposure_weighting": 5.789909938077673,
           "wallet_exposure_limit": 1.0}}