{"config_name": "clock_0days",
 "long": {"backwards_tp": false,
          "delay_between_fills_minutes_close": 827.785517743682,
          "delay_between_fills_minutes_entry": 1317.7191485720887,
          "delay_weight_close": 42.61579366151909,
          "delay_weight_entry": 21.54892902970695,
          "ema_dist_close": -0.009126847118553912,
          "ema_dist_entry": -0.0168081750881909,
          "ema_span_0": 1097.158556713078,
          "ema_span_1": 849.768637552669,
          "enabled": true,
          "markup_range": 0.03946954446413443,
          "min_markup": 0.005081042302080685,
          "n_close_orders": 7,
          "qty_pct_close": 0.11368644232983723,
          "qty_pct_entry": 0.01,
          "wallet_exposure_limit": 0.2,
          "we_multiplier_close": 0.017592054805377996,
          "we_multiplier_entry": 75.11108558335683},
 "short": {"backwards_tp": false,
           "delay_between_fills_minutes_close": 445.5582193241766,
           "delay_between_fills_minutes_entry": 1155.1387858705073,
           "delay_weight_close": 38.66493635704841,
           "delay_weight_entry": 40.50148316528352,
           "ema_dist_close": -0.019595742367380948,
           "ema_dist_entry": 0.0011366749213794144,
           "ema_span_0": 688.4992216505024,
           "ema_span_1": 203.8985141950521,
           "enabled": false,
           "markup_range": 0.008478828687193256,
           "min_markup": 0.00514444600239963,
           "n_close_orders": 14,
           "qty_pct_close": 0.07899205085568893,
           "qty_pct_entry": 0.01395809183620767,
           "wallet_exposure_limit": 1.0,
           "we_multiplier_close": 0.4735565593242286,
           "we_multiplier_entry": 67.39156964924778}}