{"config_name": "recursive_grid_0days",
 "logging_level": 0,
 "long": {"auto_unstuck_ema_dist": 0.0021378526377364713,
          "auto_unstuck_wallet_exposure_threshold": 0.030444404190250175,
          "backwards_tp": false,
          "ddown_factor": 3.5009330709879256,
          "ema_span_0": 550.5794821033332,
          "ema_span_1": 27.138879475271658,
          "enabled": true,
          "initial_eprice_ema_dist": 0.0016930359032889778,
          "initial_qty_pct": 0.007203066866614115,
          "markup_range": 0.05601975315323716,
          "min_markup": 0.00270102246370465,
          "n_close_orders": 9,
          "rentry_pprice_dist": 0.027949793762402378,
          "rentry_pprice_dist_wallet_exposure_weighting": 0.0,
          "wallet_exposure_limit": 0.2},
 "short": {"auto_unstuck_ema_dist": -0.07987005525433172,
           "auto_unstuck_wallet_exposure_threshold": 0.08654498066988797,
           "backwards_tp": false,
           "ddown_factor": 1.0456764840219963,
           "ema_span_0": 61.37758150989073,
           "ema_span_1": 802.0784546807216,
           "enabled": false,
           "initial_eprice_ema_dist": 0.003191267796324976,
           "initial_qty_pct": 0.014246558598109346,
           "markup_range": 0.008394641995818795,
           "min_markup": 0.005811839494533123,
           "n_close_orders": 11,
           "rentry_pprice_dist": 0.010920191235064075,
           "rentry_pprice_dist_wallet_exposure_weighting": 3.5401088890816124,
           "wallet_exposure_limit": 1.0}}