{"config_name": "recursive_grid_0days",
 "logging_level": 0,
 "long": {"auto_unstuck_ema_dist": -0.0022837169356664726,
          "auto_unstuck_wallet_exposure_threshold": 0.05497400550568054,
          "backwards_tp": true,
          "ddown_factor": 2.780622395515743,
          "ema_span_0": 67.73764072289006,
          "ema_span_1": 532.6286469768198,
          "enabled": true,
          "initial_eprice_ema_dist": 0.01222684636086725,
          "initial_qty_pct": 0.08973709776981396,
          "markup_range": 0.005949299633713455,
          "min_markup": 0.0051616863475326576,
          "n_close_orders": 2,
          "rentry_pprice_dist": 0.04741356619286723,
          "rentry_pprice_dist_wallet_exposure_weighting": 0.0038033448801414686,
          "wallet_exposure_limit": 0.3},
 "short": {"auto_unstuck_ema_dist": -0.03530786296207218,
           "auto_unstuck_wallet_exposure_threshold": 0.04088531180934625,
           "backwards_tp": true,
           "ddown_factor": 0.21217249338500477,
           "ema_span_0": 266.59521178421653,
           "ema_span_1": 1425.92480431591,
           "enabled": false,
           "initial_eprice_ema_dist": -0.047892852972730576,
           "initial_qty_pct": 0.04324525265450923,
           "markup_range": 0.01541325581837268,
           "min_markup": 0.0016538118016594014,
           "n_close_orders": 5,
           "rentry_pprice_dist": 0.015889150257154087,
           "rentry_pprice_dist_wallet_exposure_weighting": 10.492049677147065,
           "wallet_exposure_limit": 1.0}}