{"config_name": "neat_grid_0days",
 "logging_level": 0,
 "long": {"auto_unstuck_ema_dist": 0,
          "auto_unstuck_wallet_exposure_threshold": 0,
          "backwards_tp": true,
          "ema_span_0": 1332.7916996794297,
          "ema_span_1": 1562.0677873751076,
          "enabled": true,
          "eprice_exp_base": 1.6185375824196369,
          "eqty_exp_base": 2.232490586011557,
          "grid_span": 0.11290645700634822,
          "initial_eprice_ema_dist": -0.000925057872426277,
          "initial_qty_pct": 0.01,
          "markup_range": 0.0014218727058616472,
          "max_n_entry_orders": 6,
          "min_markup": 0.002,
          "n_close_orders": 10,
          "wallet_exposure_limit": 1},
 "short": {"auto_unstuck_ema_dist": 0,
           "auto_unstuck_wallet_exposure_threshold": 0,
           "backwards_tp": true,
           "ema_span_0": 2057.975261471233,
           "ema_span_1": 7058.674344526635,
           "enabled": true,
           "eprice_exp_base": 1.0929221386006052,
           "eqty_exp_base": 2.17172328451719,
           "grid_span": 0.26389921515281806,
           "initial_eprice_ema_dist": -0.03612126827089796,
           "initial_qty_pct": 0.01,
           "markup_range": 0.020441007166486714,
           "max_n_entry_orders": 12,
           "min_markup": 0.0031255902153947716,
           "n_close_orders": 15,
           "wallet_exposure_limit": 0.16950720884308634}}