{"config_name": "clock_0days",
 "long": {"delay_between_fills_minutes_close": 487.90771422981294,
          "delay_between_fills_minutes_entry": 350.24387193701386,
          "delay_weight_close": 43.63640120103661,
          "delay_weight_entry": 27.86664689766367,
          "ema_dist_lower": -0.35735726056734957,
          "ema_dist_upper": -0.016568872780666176,
          "ema_span_0": 662.6081569894662,
          "ema_span_1": 3424.834569187574,
          "enabled": true,
          "markup_range": 0.02997011897454759,
          "min_markup": 0.02,
          "n_close_orders": 2,
          "qty_pct_close": 0.030896845960243655,
          "qty_pct_entry": 0.0016178734925790007,
          "wallet_exposure_limit": 0.25,
          "we_multiplier_close": 111.44492595406894,
          "we_multiplier_entry": 40.07002396110874},
 "short": {"delay_between_fills_minutes_close": 462.68379401704124,
           "delay_between_fills_minutes_entry": 396.7982180368803,
           "delay_weight_close": 98.89471921971278,
           "delay_weight_entry": 36.280214972683744,
           "ema_dist_lower": -0.06966117927368562,
           "ema_dist_upper": 0.004304982315939787,
           "ema_span_0": 292.29479361992225,
           "ema_span_1": 1404.4679472602747,
           "enabled": true,
           "markup_range": 0.011821689889671434,
           "min_markup": 0.002453490321248855,
           "n_close_orders": 3,
           "qty_pct_close": 0.011224322617645943,
           "qty_pct_entry": 0.007187149342690475,
           "wallet_exposure_limit": 0.1,
           "we_multiplier_close": 6.639899238668474,
           "we_multiplier_entry": 129.91775375166682}}