{"config_name": "recursive_grid_0days",
 "logging_level": 0,
 "long": {"auto_unstuck_ema_dist": -0.0023982903885178767,
          "auto_unstuck_wallet_exposure_threshold": 0.07927653559157832,
          "backwards_tp": true,
          "ddown_factor": 1.4784546526747748,
          "ema_span_0": 115.78106852067268,
          "ema_span_1": 664.043877654381,
          "enabled": true,
          "initial_eprice_ema_dist": 0.002084374534128283,
          "initial_qty_pct": 0.01,
          "markup_range": 0.00393313266442077,
          "min_markup": 0.009777597031536188,
          "n_close_orders": 12,
          "rentry_pprice_dist": 0.02416211059390445,
          "rentry_pprice_dist_wallet_exposure_weighting": 5.105973905852787,
          "wallet_exposure_limit": 0.3},
 "short": {"auto_unstuck_ema_dist": -0.08314881907303548,
           "auto_unstuck_wallet_exposure_threshold": 0.040181584742453855,
           "backwards_tp": true,
           "ddown_factor": 2.454088527542418,
           "ema_span_0": 698.1024962320025,
           "ema_span_1": 440.6675572585377,
           "enabled": false,
           "initial_eprice_ema_dist": -0.008103140064351436,
           "initial_qty_pct": 0.04707801727141303,
           "markup_range": 0.05744876391139066,
           "min_markup": 0.0069359700128621615,
           "n_close_orders": 12,
           "rentry_pprice_dist": 0.03451009618473285,
           "rentry_pprice_dist_wallet_exposure_weighting": 27.99424938161141,
           "wallet_exposure_limit": 1.0}}