{"config_name": "recursive_grid_0days",
 "logging_level": 0,
 "long": {"auto_unstuck_ema_dist": -0.0002166658480307745,
          "auto_unstuck_wallet_exposure_threshold": 0.07579624107164279,
          "backwards_tp": true,
          "ddown_factor": 2.188693468793151,
          "ema_span_0": 156.18044192771663,
          "ema_span_1": 384.2666953508166,
          "enabled": true,
          "initial_eprice_ema_dist": 0.010731645429159595,
          "initial_qty_pct": 0.014334005232984755,
          "markup_range": 0.005358651688203973,
          "min_markup": 0.0028810815050752704,
          "n_close_orders": 9,
          "rentry_pprice_dist": 0.016519980210127766,
          "rentry_pprice_dist_wallet_exposure_weighting": 3.062468173963794,
          "wallet_exposure_limit": 0.3},
 "short": {"auto_unstuck_ema_dist": -0.013451232995323067,
           "auto_unstuck_wallet_exposure_threshold": 0.056994054655246956,
           "backwards_tp": true,
           "ddown_factor": 0.5545614855857781,
           "ema_span_0": 453.5874577243635,
           "ema_span_1": 1415.3721696693287,
           "enabled": false,
           "initial_eprice_ema_dist": -0.08660798644251312,
           "initial_qty_pct": 0.04034500841222919,
           "markup_range": 0.027325387987813976,
           "min_markup": 0.006220037168548242,
           "n_close_orders": 2,
           "rentry_pprice_dist": 0.04112233200443394,
           "rentry_pprice_dist_wallet_exposure_weighting": 38.11870424215597,
           "wallet_exposure_limit": 1.0}}