{"config_name": "recursive_grid_0days",
 "logging_level": 0,
 "long": {"auto_unstuck_ema_dist": 0,
          "auto_unstuck_wallet_exposure_threshold": 0.0,
          "backwards_tp": true,
          "ddown_factor": 3.491682150970728,
          "ema_span_0": 230.07503345723597,
          "ema_span_1": 663.6429861443647,
          "enabled": true,
          "initial_eprice_ema_dist": -0.1739343495345374,
          "initial_qty_pct": 0.0019358593131072511,
          "markup_range": 0.045362452745443094,
          "min_markup": 0.00784549089793492,
          "n_close_orders": 1,
          "rentry_pprice_dist": 0.032406699977798686,
          "rentry_pprice_dist_wallet_exposure_weighting": 1.1094865564855112,
          "wallet_exposure_limit": 0.2},
 "short": {"auto_unstuck_ema_dist": -0.01259155520555258,
           "auto_unstuck_wallet_exposure_threshold": 0.05892779265663209,
           "backwards_tp": true,
           "ddown_factor": 2.3025137868622183,
           "ema_span_0": 1085.6349849882554,
           "ema_span_1": 1338.083106560918,
           "enabled": false,
           "initial_eprice_ema_dist": -0.075514532046504,
           "initial_qty_pct": 0.08552407011932928,
           "markup_range": 0.056297973686083184,
           "min_markup": 0.00866389773787142,
           "n_close_orders": 5,
           "rentry_pprice_dist": 0.03530037637363063,
           "rentry_pprice_dist_wallet_exposure_weighting": 5.4438134714336055,
           "wallet_exposure_limit": 1.0}}