{"config_name": "recursive_grid_0days",
 "logging_level": 0,
 "long": {"auto_unstuck_ema_dist": 0.0,
          "auto_unstuck_wallet_exposure_threshold": 0.0,
          "backwards_tp": false,
          "ddown_factor": 0.6360395221287134,
          "ema_span_0": 396.46141588885206,
          "ema_span_1": 48.919148720426165,
          "enabled": true,
          "initial_eprice_ema_dist": 0.0025123593174799104,
          "initial_qty_pct": 0.020104282606207856,
          "markup_range": 0.05185761319659195,
          "min_markup": 0.0009035112388913304,
          "n_close_orders": 23,
          "rentry_pprice_dist": 0.037545019658241766,
          "rentry_pprice_dist_wallet_exposure_weighting": 0.0,
          "wallet_exposure_limit": 0.2},
 "short": {"auto_unstuck_ema_dist": -0.0766030324978027,
           "auto_unstuck_wallet_exposure_threshold": 0.06935350973993243,
           "backwards_tp": false,
           "ddown_factor": 1.2237121365392323,
           "ema_span_0": 1038.9670467920926,
           "ema_span_1": 1004.0009723065939,
           "enabled": false,
           "initial_eprice_ema_dist": -0.04798499738996672,
           "initial_qty_pct": 0.04984386841020674,
           "markup_range": 0.04163710893701654,
           "min_markup": 0.009359707604942182,
           "n_close_orders": 9,
           "rentry_pprice_dist": 0.036414392278027966,
           "rentry_pprice_dist_wallet_exposure_weighting": 1.5057191817765658,
           "wallet_exposure_limit": 1.0}}