{"config_name": "clock_0days",
 "long": {"backwards_tp": true,
          "delay_between_fills_minutes_close": 267.8797471786871,
          "delay_between_fills_minutes_entry": 392.47121255750415,
          "delay_weight_close": 35.78403326772947,
          "delay_weight_entry": 42.13273581227538,
          "ema_dist_close": -0.0053208899925202505,
          "ema_dist_entry": 0.01,
          "ema_span_0": 499.45859737284485,
          "ema_span_1": 407.9964589871376,
          "enabled": true,
          "markup_range": 0.017792346524201433,
          "min_markup": 0.0044743913704925285,
          "n_close_orders": 4,
          "qty_pct_close": 0.01,
          "qty_pct_entry": 0.01,
          "wallet_exposure_limit": 0.3,
          "we_multiplier_close": 33.83295359306918,
          "we_multiplier_entry": 138.0479859386337},
 "short": {"backwards_tp": true,
           "delay_between_fills_minutes_close": 12.593654383876633,
           "delay_between_fills_minutes_entry": 653.7132549516258,
           "delay_weight_close": 93.08947160762402,
           "delay_weight_entry": 98.0934840914371,
           "ema_dist_close": -0.04115948607459878,
           "ema_dist_entry": -0.009691719426752912,
           "ema_span_0": 602.1822010782805,
           "ema_span_1": 1042.6825166521282,
           "enabled": false,
           "markup_range": 0.08696587138613793,
           "min_markup": 0.033707595097648285,
           "n_close_orders": 10,
           "qty_pct_close": 0.24194075709459306,
           "qty_pct_entry": 0.8796967902859822,
           "wallet_exposure_limit": 1.0,
           "we_multiplier_close": 0.6352057750594353,
           "we_multiplier_entry": 78.92405302852778}}