{"config_name": "recursive_grid_0days",
 "logging_level": 0,
 "long": {"auto_unstuck_ema_dist": -0.0058696552025415795,
          "auto_unstuck_wallet_exposure_threshold": 0.07604521993400225,
          "backwards_tp": true,
          "ddown_factor": 2.392913601986957,
          "ema_span_0": 720,
          "ema_span_1": 1213.013803110914,
          "enabled": true,
          "initial_eprice_ema_dist": 4.694069527891006e-06,
          "initial_qty_pct": 0.018287242708202332,
          "markup_range": 0.003918699767376868,
          "min_markup": 0.006413832659809667,
          "n_close_orders": 16,
          "rentry_pprice_dist": 0.02424453531763777,
          "rentry_pprice_dist_wallet_exposure_weighting": 1.4248277492709214,
          "wallet_exposure_limit": 0.3},
 "short": {"auto_unstuck_ema_dist": -0.09284483023461548,
           "auto_unstuck_wallet_exposure_threshold": 0.08251902787903996,
           "backwards_tp": true,
           "ddown_factor": 1.2281043280050192,
           "ema_span_0": 554.5077145548306,
           "ema_span_1": 370.52613874506284,
           "enabled": false,
           "initial_eprice_ema_dist": -0.060242075299430244,
           "initial_qty_pct": 0.06476646749016433,
           "markup_range": 0.05574641809599881,
           "min_markup": 0.006815171473143441,
           "n_close_orders": 11,
           "rentry_pprice_dist": 0.039321585016918015,
           "rentry_pprice_dist_wallet_exposure_weighting": 25.54123099745389,
           "wallet_exposure_limit": 1.0}}