{"config_name": "clock_0days",
 "long": {"backwards_tp": false,
          "delay_between_fills_minutes_close": 1425.2258379003667,
          "delay_between_fills_minutes_entry": 1228.0646860278807,
          "delay_weight_close": 52.154463200087555,
          "delay_weight_entry": 7.221442560818437,
          "ema_dist_close": 0.003521103570510918,
          "ema_dist_entry": 0.003908881276890595,
          "ema_span_0": 100.57378760692991,
          "ema_span_1": 1380.7531825252197,
          "enabled": true,
          "markup_range": 0.039655320115707327,
          "min_markup": 0.0036256751109484692,
          "n_close_orders": 4,
          "qty_pct_close": 0.03966694701068078,
          "qty_pct_entry": 0.07275837067355682,
          "wallet_exposure_limit": 0.2,
          "we_multiplier_close": 0,
          "we_multiplier_entry": 33.712889652457605},
 "short": {"backwards_tp": false,
           "delay_between_fills_minutes_close": 1142.6878360350736,
           "delay_between_fills_minutes_entry": 858.7687843913249,
           "delay_weight_close": 29.93794851984781,
           "delay_weight_entry": 33.82450264038057,
           "ema_dist_close": -0.022780074862023266,
           "ema_dist_entry": -0.01838575436047827,
           "ema_span_0": 1354.9691863709759,
           "ema_span_1": 1407.740591909216,
           "enabled": false,
           "markup_range": 0.004637485473258956,
           "min_markup": 0.0015014515670528682,
           "n_close_orders": 7,
           "qty_pct_close": 0.024668884240445447,
           "qty_pct_entry": 0.06543385462640297,
           "wallet_exposure_limit": 1.0,
           "we_multiplier_close": 87.81908536141081,
           "we_multiplier_entry": 47.663752475959974}}