{"config_name": "clock_0days",
 "long": {"backwards_tp": true,
          "delay_between_fills_minutes_close": 372.045232006775,
          "delay_between_fills_minutes_entry": 283.9818421130387,
          "delay_weight_close": 68.54461866434013,
          "delay_weight_entry": 21.87251238731201,
          "ema_dist_close": -0.010818264549865595,
          "ema_dist_entry": 0.01,
          "ema_span_0": 469.396276301602,
          "ema_span_1": 450.97480338117134,
          "enabled": true,
          "markup_range": 0.012481796882224542,
          "min_markup": 0.00454498727957617,
          "n_close_orders": 5,
          "qty_pct_close": 0.01,
          "qty_pct_entry": 0.01,
          "wallet_exposure_limit": 0.3,
          "we_multiplier_close": 3.5158983119815224,
          "we_multiplier_entry": 138.58063074354772},
 "short": {"backwards_tp": true,
           "delay_between_fills_minutes_close": 33.54118364855743,
           "delay_between_fills_minutes_entry": 145.03855775002663,
           "delay_weight_close": 24.305799592602916,
           "delay_weight_entry": 26.74184830109183,
           "ema_dist_close": -0.8293698977291517,
           "ema_dist_entry": -0.8878581045829506,
           "ema_span_0": 454.16038374299114,
           "ema_span_1": 116.3573683495032,
           "enabled": false,
           "markup_range": 0.01692276588019092,
           "min_markup": 0.04923770176663536,
           "n_close_orders": 4,
           "qty_pct_close": 0.01,
           "qty_pct_entry": 0.01,
           "wallet_exposure_limit": 1.0,
           "we_multiplier_close": 17.380442398658825,
           "we_multiplier_entry": 45.02144340181871}}