{"config_name": "recursive_grid_0days",
 "logging_level": 0,
 "long": {"auto_unstuck_ema_dist": 0.00499333838789614,
          "auto_unstuck_wallet_exposure_threshold": 0.055100792104016104,
          "backwards_tp": true,
          "ddown_factor": 2.5214991990167688,
          "ema_span_0": 497.57579774114424,
          "ema_span_1": 580.0368229381318,
          "enabled": true,
          "initial_eprice_ema_dist": 0.003809872433894323,
          "initial_qty_pct": 0.02569236173916214,
          "markup_range": 0.013026474526327813,
          "min_markup": 0.009721613721873707,
          "n_close_orders": 7,
          "rentry_pprice_dist": 0.03172053124501304,
          "rentry_pprice_dist_wallet_exposure_weighting": 2.7673877326763128,
          "wallet_exposure_limit": 0.3},
 "short": {"auto_unstuck_ema_dist": -0.047324868802550615,
           "auto_unstuck_wallet_exposure_threshold": 0.05526722965374713,
           "backwards_tp": true,
           "ddown_factor": 2.5696493330148127,
           "ema_span_0": 167.24906612392402,
           "ema_span_1": 281.22369089626164,
           "enabled": false,
           "initial_eprice_ema_dist": -0.03832161062276139,
           "initial_qty_pct": 0.08931506402211754,
           "markup_range": 0.053323492931730616,
           "min_markup": 0.009853314330152022,
           "n_close_orders": 2,
           "rentry_pprice_dist": 0.020225479930697877,
           "rentry_pprice_dist_wallet_exposure_weighting": 9.66028172414855,
           "wallet_exposure_limit": 1.0}}