{"config_name": "clock_0days",
 "long": {"backwards_tp": true,
          "delay_between_fills_minutes_close": 441.1656459845003,
          "delay_between_fills_minutes_entry": 500,
          "delay_weight_close": 112.8629954246125,
          "delay_weight_entry": 31.741219880284717,
          "ema_dist_close": -0.006789168229284104,
          "ema_dist_entry": 0.0050694947760066,
          "ema_span_0": 104.39328453790316,
          "ema_span_1": 508.23468804108654,
          "enabled": true,
          "markup_range": 0.03682082543124103,
          "min_markup": 0.003340896582953909,
          "n_close_orders": 2,
          "qty_pct_close": 0.014171110292275444,
          "qty_pct_entry": 0.010625715440622909,
          "wallet_exposure_limit": 0.3,
          "we_multiplier_close": 117.03286582991255,
          "we_multiplier_entry": 139.33205713082396},
 "short": {"backwards_tp": true,
           "delay_between_fills_minutes_close": 691.5896137000086,
           "delay_between_fills_minutes_entry": 1346.3824417196251,
           "delay_weight_close": 54.276635388200575,
           "delay_weight_entry": 91.57098297895375,
           "ema_dist_close": -0.041037187992719555,
           "ema_dist_entry": -0.027873283764041277,
           "ema_span_0": 625.9062162074804,
           "ema_span_1": 1181.5338634068598,
           "enabled": false,
           "markup_range": 0.05685665703177138,
           "min_markup": 0.007168833991320433,
           "n_close_orders": 10,
           "qty_pct_close": 0.0978762496474523,
           "qty_pct_entry": 0.0770667136218714,
           "wallet_exposure_limit": 1.0,
           "we_multiplier_close": 26.105623806813483,
           "we_multiplier_entry": 81.46821770512494}}