{"config_name": "neat_grid_0days",
 "logging_level": 0,
 "long": {"auto_unstuck_ema_dist": 0,
          "auto_unstuck_wallet_exposure_threshold": 0,
          "backwards_tp": true,
          "ema_span_0": 296.34532617787863,
          "ema_span_1": 345.5531275263286,
          "enabled": true,
          "eprice_exp_base": 1.1423580339326016,
          "eqty_exp_base": 1.5981268318632273,
          "grid_span": 0.32500152223199213,
          "initial_eprice_ema_dist": -0.05990721221267947,
          "initial_qty_pct": 0.01013464352072521,
          "markup_range": 0.018034149424071194,
          "max_n_entry_orders": 11,
          "min_markup": 0.002,
          "n_close_orders": 20,
          "wallet_exposure_limit": 1.0},
 "short": {"auto_unstuck_ema_dist": 0,
           "auto_unstuck_wallet_exposure_threshold": 0,
           "backwards_tp": true,
           "ema_span_0": 341.8321847705561,
           "ema_span_1": 120,
           "enabled": true,
           "eprice_exp_base": 1.2984478064721157,
           "eqty_exp_base": 1.7086469798720267,
           "grid_span": 0.364295627897159,
           "initial_eprice_ema_dist": -0.05996220382303243,
           "initial_qty_pct": 0.016313024554788252,
           "markup_range": 0.006729195929665876,
           "max_n_entry_orders": 5,
           "min_markup": 0.004787815392083812,
           "n_close_orders": 6,
           "wallet_exposure_limit": 0.1}}