{"config_name": "recursive_grid_0days",
 "logging_level": 0,
 "long": {"auto_unstuck_ema_dist": 0,
          "auto_unstuck_wallet_exposure_threshold": 0.0996420619688279,
          "backwards_tp": true,
          "ddown_factor": 2.9714430383980472,
          "ema_span_0": 651.1314381689926,
          "ema_span_1": 856.4059842073068,
          "enabled": true,
          "initial_eprice_ema_dist": 0.010527690990955107,
          "initial_qty_pct": 0.020096779128584145,
          "markup_range": 0.0007214842627787735,
          "min_markup": 0.003186505540466223,
          "n_close_orders": 7,
          "rentry_pprice_dist": 0.02438577860197975,
          "rentry_pprice_dist_wallet_exposure_weighting": 0.03372100596461483,
          "wallet_exposure_limit": 0.3},
 "short": {"auto_unstuck_ema_dist": -0.015557411436092072,
           "auto_unstuck_wallet_exposure_threshold": 0.04549058915781068,
           "backwards_tp": true,
           "ddown_factor": 1.6488676681959478,
           "ema_span_0": 134.2038985480704,
           "ema_span_1": 1191.4154081422485,
           "enabled": false,
           "initial_eprice_ema_dist": -0.08453003528638353,
           "initial_qty_pct": 0.05449038851541587,
           "markup_range": 0.05588214801347798,
           "min_markup": 0.003811673462355799,
           "n_close_orders": 6,
           "rentry_pprice_dist": 0.045112606865162004,
           "rentry_pprice_dist_wallet_exposure_weighting": 6.935098348513728,
           "wallet_exposure_limit": 1.0}}