{"config_name": "neat_grid_0days",
 "logging_level": 0,
 "long": {"auto_unstuck_ema_dist": 0.0,
          "auto_unstuck_wallet_exposure_threshold": 0,
          "backwards_tp": true,
          "ema_span_0": 75.48466964495677,
          "ema_span_1": 10,
          "enabled": true,
          "eprice_exp_base": 1.0029839299239351,
          "eqty_exp_base": 1.5463815615643637,
          "grid_span": 0.28073986391272665,
          "initial_eprice_ema_dist": -0.06148581145293449,
          "initial_qty_pct": 0.013061235557801245,
          "markup_range": 0.01561149675022753,
          "max_n_entry_orders": 8,
          "min_markup": 0.002,
          "n_close_orders": 9,
          "wallet_exposure_limit": 1},
 "short": {"auto_unstuck_ema_dist": 0,
           "auto_unstuck_wallet_exposure_threshold": 0,
           "backwards_tp": true,
           "ema_span_0": 3658.6292128210684,
           "ema_span_1": 2966.953016757011,
           "enabled": true,
           "eprice_exp_base": 1.002196554870229,
           "eqty_exp_base": 2.699920584610612,
           "grid_span": 0.2385568895428234,
           "initial_eprice_ema_dist": -0.0033974063494721348,
           "initial_qty_pct": 0.011392682878266806,
           "markup_range": 0,
           "max_n_entry_orders": 16,
           "min_markup": 0.00981878494695824,
           "n_close_orders": 19,
           "wallet_exposure_limit": 0.1}}