{"config_name": "recursive_grid_0days",
 "logging_level": 0,
 "long": {"auto_unstuck_ema_dist": -0.07849505879408615,
          "auto_unstuck_wallet_exposure_threshold": 0.03221223165263488,
          "backwards_tp": false,
          "ddown_factor": 2.1429,
          "ema_span_0": 368.49718058625115,
          "ema_span_1": 172.88753487834663,
          "enabled": true,
          "initial_eprice_ema_dist": 0.0012597135148176095,
          "initial_qty_pct": 0.0031893,
          "markup_range": 0.028078,
          "min_markup": 0.005709,
          "n_close_orders": 5,
          "rentry_pprice_dist": 0.018515,
          "rentry_pprice_dist_wallet_exposure_weighting": 2.1199,
          "wallet_exposure_limit": 1},
 "short": {"auto_unstuck_ema_dist": -0.09801962668894137,
           "auto_unstuck_wallet_exposure_threshold": 0.08048794451660135,
           "backwards_tp": false,
           "ddown_factor": 1.3235557432572744,
           "ema_span_0": 1271.281433629293,
           "ema_span_1": 693.6238581442318,
           "enabled": false,
           "initial_eprice_ema_dist": -0.09596686326244828,
           "initial_qty_pct": 0.04235938762493172,
           "markup_range": 0.04683436915253399,
           "min_markup": 0.0017430859182073872,
           "n_close_orders": 15,
           "rentry_pprice_dist": 0.027759508301320505,
           "rentry_pprice_dist_wallet_exposure_weighting": 9.741170441631187,
           "wallet_exposure_limit": 1}}