{"config_name": "emas_0days",
 "long": {"delay_between_fills_minutes_close": 480.0254028565909,
          "delay_between_fills_minutes_entry": 423.54632200883833,
          "delay_weight_close": 124.78535789970744,
          "delay_weight_entry": 66.77668741412728,
          "ema_dist_lower": 0.009695222723417303,
          "ema_dist_upper": -0.10989938613473822,
          "ema_span_0": 1025.1073985140204,
          "ema_span_1": 373.4735654746949,
          "enabled": true,
          "markup_range": 0.020176903587099747,
          "min_markup": 0.016975992536160882,
          "n_close_orders": 5,
          "qty_pct_close": 0.02064870564127868,
          "qty_pct_entry": 0.006529088145624175,
          "wallet_exposure_limit": 0.25,
          "we_multiplier_close": 32.10162792204158,
          "we_multiplier_entry": 128.18862088393777},
 "short": {"delay_between_fills_minutes_close": 1.0,
           "delay_between_fills_minutes_entry": 491.89513383262596,
           "delay_weight_close": 94.22261988009132,
           "delay_weight_entry": 39.27492042241424,
           "ema_dist_lower": -0.005099983185419969,
           "ema_dist_upper": 0.005922308007362594,
           "ema_span_0": 1497.07097737923,
           "ema_span_1": 1493.7375002292356,
           "enabled": true,
           "markup_range": 0.015583605211841548,
           "min_markup": 0.004366152971592086,
           "n_close_orders": 2,
           "qty_pct_close": 0.07165958796059628,
           "qty_pct_entry": 0.004825992580914739,
           "wallet_exposure_limit": 0.1,
           "we_multiplier_close": 87.39462053348966,
           "we_multiplier_entry": 106.48175290747301}}