{"config_name": "clock_0days",
 "long": {"backwards_tp": true,
          "delay_between_fills_minutes_close": 494.62768295686476,
          "delay_between_fills_minutes_entry": 287.34814799929916,
          "delay_weight_close": 140.81134735706675,
          "delay_weight_entry": 30.762572036928564,
          "ema_dist_close": -0.0555997999082906,
          "ema_dist_entry": 0.008334712637442267,
          "ema_span_0": 86.59589527787418,
          "ema_span_1": 755.3260619453757,
          "enabled": true,
          "markup_range": 0.011692242826709014,
          "min_markup": 0.03,
          "n_close_orders": 6,
          "qty_pct_close": 0.017971486631860455,
          "qty_pct_entry": 0.018358070903389947,
          "wallet_exposure_limit": 0.3,
          "we_multiplier_close": 77.65612886266027,
          "we_multiplier_entry": 65.12473932873678},
 "short": {"backwards_tp": false,
           "delay_between_fills_minutes_close": 95.28319109062426,
           "delay_between_fills_minutes_entry": 176.2953600552385,
           "delay_weight_close": 45.863852676925745,
           "delay_weight_entry": 99.17781759619027,
           "ema_dist_close": -0.04740131890227478,
           "ema_dist_entry": -0.023797594671429174,
           "ema_span_0": 562.1287392627927,
           "ema_span_1": 1424.2607965643342,
           "enabled": false,
           "markup_range": 0.06150869338317499,
           "min_markup": 0.030802803915323085,
           "n_close_orders": 16,
           "qty_pct_close": 0.6781329425433249,
           "qty_pct_entry": 0.026464075705512534,
           "wallet_exposure_limit": 1.0,
           "we_multiplier_close": 1.4966705546141912,
           "we_multiplier_entry": 36.303506599473444}}