{"config_name": "recursive_grid_0days",
 "logging_level": 0,
 "long": {"auto_unstuck_ema_dist": 0.0025,
          "auto_unstuck_wallet_exposure_threshold": 0.035740761821010485,
          "backwards_tp": false,
          "ddown_factor": 2.1429,
          "ema_span_0": 261.7819380425697,
          "ema_span_1": 401.60066669417506,
          "enabled": true,
          "initial_eprice_ema_dist": -0.000811536477743225,
          "initial_qty_pct": 0.0031893,
          "markup_range": 0.028078,
          "min_markup": 0.005709,
          "n_close_orders": 5,
          "rentry_pprice_dist": 0.018515,
          "rentry_pprice_dist_wallet_exposure_weighting": 2.1199,
          "wallet_exposure_limit": 0.2},
 "short": {"auto_unstuck_ema_dist": -0.01649911032151087,
           "auto_unstuck_wallet_exposure_threshold": 0.06620542901515625,
           "backwards_tp": false,
           "ddown_factor": 2.6300046835755393,
           "ema_span_0": 857.2931327725156,
           "ema_span_1": 491.3119211874981,
           "enabled": false,
           "initial_eprice_ema_dist": -0.07622416256731981,
           "initial_qty_pct": 0.0240850522743623,
           "markup_range": 0.02710409261281502,
           "min_markup": 0.0026581425934176024,
           "n_close_orders": 4,
           "rentry_pprice_dist": 0.038790639202552636,
           "rentry_pprice_dist_wallet_exposure_weighting": 13.31725671005553,
           "wallet_exposure_limit": 1.0}}