{"config_name": "clock_0days",
 "long": {"backwards_tp": true,
          "delay_between_fills_minutes_close": 500,
          "delay_between_fills_minutes_entry": 456.8687297426772,
          "delay_weight_close": 121.81883787174569,
          "delay_weight_entry": 21.370069026737287,
          "ema_dist_close": -0.5376269782926462,
          "ema_dist_entry": -0.21648104100541266,
          "ema_span_0": 552.0444029411292,
          "ema_span_1": 86.66430005214002,
          "enabled": true,
          "markup_range": 0.022703572630153157,
          "min_markup": 0.007886177984759973,
          "n_close_orders": 6,
          "qty_pct_close": 0.010072960891641934,
          "qty_pct_entry": 0.014232672040573541,
          "wallet_exposure_limit": 0.3,
          "we_multiplier_close": 10.222602689257057,
          "we_multiplier_entry": 26.83538231004536},
 "short": {"backwards_tp": true,
           "delay_between_fills_minutes_close": 106.71469851071492,
           "delay_between_fills_minutes_entry": 441.9820086537627,
           "delay_weight_close": 37.99006494315241,
           "delay_weight_entry": 104.54301144302195,
           "ema_dist_close": -0.8610852894460788,
           "ema_dist_entry": -0.42413715933966534,
           "ema_span_0": 281.53998708066655,
           "ema_span_1": 43.86462370698939,
           "enabled": false,
           "markup_range": 0.01325712269905509,
           "min_markup": 0.058219074557639486,
           "n_close_orders": 4,
           "qty_pct_close": 0.01,
           "qty_pct_entry": 0.01,
           "wallet_exposure_limit": 1.0,
           "we_multiplier_close": 6.8885800298595035,
           "we_multiplier_entry": 30.791184571583575}}