{"config_name": "clock_0days",
 "long": {"delay_between_fills_minutes_close": 1352.4241093608725,
          "delay_between_fills_minutes_entry": 1.0,
          "delay_weight_close": 5.6980907633921385,
          "delay_weight_entry": 18.04708038261298,
          "ema_dist_lower": 0.004085486203947957,
          "ema_dist_upper": 0.005850457841883382,
          "ema_span_0": 801.6107452653248,
          "ema_span_1": 313.88704303055715,
          "enabled": true,
          "markup_range": 0.0,
          "min_markup": 0.025304520182576163,
          "n_close_orders": 2,
          "qty_pct_close": 0.101362339708168,
          "qty_pct_entry": 0.2603513942650119,
          "wallet_exposure_limit": 0.25,
          "we_multiplier_close": 0,
          "we_multiplier_entry": 48.01763722189009},
 "short": {"delay_between_fills_minutes_close": 959.5980416558277,
           "delay_between_fills_minutes_entry": 378.84166799658846,
           "delay_weight_close": 18.252350422139234,
           "delay_weight_entry": 19.630727095488567,
           "ema_dist_lower": 0.016649197890596823,
           "ema_dist_upper": 0.000375897329889916,
           "ema_span_0": 506.44036154069187,
           "ema_span_1": 731.398759846607,
           "enabled": false,
           "markup_range": 0.05553257103604371,
           "min_markup": 0.011471436169052789,
           "n_close_orders": 6,
           "qty_pct_close": 0.034902177598180165,
           "qty_pct_entry": 0.0314487644309871,
           "wallet_exposure_limit": 1.0,
           "we_multiplier_close": 3.87639771950119,
           "we_multiplier_entry": 63.77419782014494}}