{"config_name": "neat_grid_0days",
 "logging_level": 0,
 "long": {"auto_unstuck_ema_dist": 0.033189136529730615,
          "auto_unstuck_wallet_exposure_threshold": 0.024894513843061156,
          "backwards_tp": true,
          "ema_span_0": 1167.675332549321,
          "ema_span_1": 1652.1603556370874,
          "enabled": true,
          "eprice_exp_base": 1.1717419383966197,
          "eqty_exp_base": 1.2822235745936634,
          "grid_span": 0.4,
          "initial_eprice_ema_dist": -0.001067778233883748,
          "initial_qty_pct": 0.01,
          "markup_range": 0.0023971611868005608,
          "max_n_entry_orders": 9,
          "min_markup": 0.002,
          "n_close_orders": 2,
          "wallet_exposure_limit": 0.1},
 "short": {"auto_unstuck_ema_dist": 0.07815203214037177,
           "auto_unstuck_wallet_exposure_threshold": 0.001,
           "backwards_tp": true,
           "ema_span_0": 1448.8459798869103,
           "ema_span_1": 2262.7762871816462,
           "enabled": true,
           "eprice_exp_base": 2.3827924248530463,
           "eqty_exp_base": 1.25,
           "grid_span": 0.4,
           "initial_eprice_ema_dist": -0.015757224409123066,
           "initial_qty_pct": 0.01,
           "markup_range": 0.0019259339761850348,
           "max_n_entry_orders": 23,
           "min_markup": 0.002,
           "n_close_orders": 5,
           "wallet_exposure_limit": 0.1}}