{"config_name": "clock_0days",
 "long": {"backwards_tp": true,
          "delay_between_fills_minutes_close": 315.6524379335498,
          "delay_between_fills_minutes_entry": 422.78340629744105,
          "delay_weight_close": 66.94808612195638,
          "delay_weight_entry": 17.76330338373948,
          "ema_dist_close": 0.006288584969166719,
          "ema_dist_entry": -0.22333425965746784,
          "ema_span_0": 755.9271440102852,
          "ema_span_1": 300.5222714858636,
          "enabled": true,
          "markup_range": 0.027529889036612232,
          "min_markup": 0.006281207759610842,
          "n_close_orders": 6,
          "qty_pct_close": 0.016734910743879568,
          "qty_pct_entry": 0.013366158412596828,
          "wallet_exposure_limit": 0.3,
          "we_multiplier_close": 9.693680370694802,
          "we_multiplier_entry": 41.638738479985605},
 "short": {"backwards_tp": true,
           "delay_between_fills_minutes_close": 486.5935916978878,
           "delay_between_fills_minutes_entry": 260.62546566555045,
           "delay_weight_close": 60.57640460107466,
           "delay_weight_entry": 15.745471763766316,
           "ema_dist_close": -0.923943039561621,
           "ema_dist_entry": -0.224327058668353,
           "ema_span_0": 90.63198113498747,
           "ema_span_1": 62.807335884630085,
           "enabled": false,
           "markup_range": 0.010387248359555895,
           "min_markup": 0.04940585619659583,
           "n_close_orders": 3,
           "qty_pct_close": 0.01,
           "qty_pct_entry": 0.01,
           "wallet_exposure_limit": 1.0,
           "we_multiplier_close": 46.46373153321545,
           "we_multiplier_entry": 42.00955860831458}}