{"config_name": "recursive_grid_0days",
 "logging_level": 0,
 "long": {"auto_unstuck_ema_dist": 0,
          "auto_unstuck_wallet_exposure_threshold": 0.0,
          "backwards_tp": false,
          "ddown_factor": 1.5352938117934858,
          "ema_span_0": 275.48346361701044,
          "ema_span_1": 811.231258599404,
          "enabled": true,
          "initial_eprice_ema_dist": -0.02668895946210105,
          "initial_qty_pct": 0.0020633622865110514,
          "markup_range": 0.05101290706564706,
          "min_markup": 0.005216678082066272,
          "n_close_orders": 5,
          "rentry_pprice_dist": 0.030912323329280667,
          "rentry_pprice_dist_wallet_exposure_weighting": 2.6270735906309106,
          "wallet_exposure_limit": 0.2},
 "short": {"auto_unstuck_ema_dist": -0.001102674121614619,
           "auto_unstuck_wallet_exposure_threshold": 0.05333611404097294,
           "backwards_tp": false,
           "ddown_factor": 2.765077421275909,
           "ema_span_0": 483.58550481946486,
           "ema_span_1": 714.4216153648132,
           "enabled": false,
           "initial_eprice_ema_dist": -0.009682944490460338,
           "initial_qty_pct": 0.035332864519065144,
           "markup_range": 0.05693446145587166,
           "min_markup": 0.00685225736952357,
           "n_close_orders": 14,
           "rentry_pprice_dist": 0.015118400807658926,
           "rentry_pprice_dist_wallet_exposure_weighting": 5.932197922012119,
           "wallet_exposure_limit": 1}}