{"config_name": "recursive_grid_0days",
 "logging_level": 0,
 "long": {"auto_unstuck_ema_dist": 0,
          "auto_unstuck_wallet_exposure_threshold": 0.0,
          "backwards_tp": false,
          "ddown_factor": 2.052757941912864,
          "ema_span_0": 84.85649199294656,
          "ema_span_1": 188.12783477473224,
          "enabled": true,
          "initial_eprice_ema_dist": -0.15955037655092918,
          "initial_qty_pct": 0.0018079419155261115,
          "markup_range": 0.04491763199974734,
          "min_markup": 0.007000220019493029,
          "n_close_orders": 8,
          "rentry_pprice_dist": 0.02289018673269606,
          "rentry_pprice_dist_wallet_exposure_weighting": 1.8971278982589173,
          "wallet_exposure_limit": 0.2},
 "short": {"auto_unstuck_ema_dist": -0.0381276166292455,
           "auto_unstuck_wallet_exposure_threshold": 0.08868323850707095,
           "backwards_tp": false,
           "ddown_factor": 1.5610210368640949,
           "ema_span_0": 321.78039134141255,
           "ema_span_1": 685.6940853429581,
           "enabled": false,
           "initial_eprice_ema_dist": -0.04453622898482637,
           "initial_qty_pct": 0.0529062506831846,
           "markup_range": 0.0333352411635002,
           "min_markup": 0.005821100787286336,
           "n_close_orders": 15,
           "rentry_pprice_dist": 0.044382496014728406,
           "rentry_pprice_dist_wallet_exposure_weighting": 15.871513983641732,
           "wallet_exposure_limit": 1}}