{"config_name": "recursive_grid_0days",
 "logging_level": 0,
 "long": {"auto_unstuck_ema_dist": 0,
          "auto_unstuck_wallet_exposure_threshold": 0.0,
          "backwards_tp": false,
          "ddown_factor": 3.3753071497894087,
          "ema_span_0": 96.5666794165554,
          "ema_span_1": 328.7418760583505,
          "enabled": true,
          "initial_eprice_ema_dist": -0.13091051214946575,
          "initial_qty_pct": 0.004277962182477682,
          "markup_range": 0.03960275187056784,
          "min_markup": 0.00471817623528794,
          "n_close_orders": 1,
          "rentry_pprice_dist": 0.0027707800252093537,
          "rentry_pprice_dist_wallet_exposure_weighting": 0.3236259239469858,
          "wallet_exposure_limit": 0.2},
 "short": {"auto_unstuck_ema_dist": -0.04792740347441445,
           "auto_unstuck_wallet_exposure_threshold": 0.08738768557458405,
           "backwards_tp": false,
           "ddown_factor": 2.9731233183355337,
           "ema_span_0": 1138.8093020000733,
           "ema_span_1": 797.9290800775257,
           "enabled": false,
           "initial_eprice_ema_dist": -0.05022948001091604,
           "initial_qty_pct": 0.07830552407164255,
           "markup_range": 0.028839929061517857,
           "min_markup": 0.006279899034418001,
           "n_close_orders": 5,
           "rentry_pprice_dist": 0.030590201498593355,
           "rentry_pprice_dist_wallet_exposure_weighting": 7.979746348491245,
           "wallet_exposure_limit": 1.0}}