{"config_name": "recursive_grid_0days",
 "logging_level": 0,
 "long": {"auto_unstuck_ema_dist": 0.0009931052357041248,
          "auto_unstuck_wallet_exposure_threshold": 0.056071592474715784,
          "backwards_tp": false,
          "ddown_factor": 2.1429,
          "ema_span_0": 14.043981725110491,
          "ema_span_1": 1089.5969410833432,
          "enabled": true,
          "initial_eprice_ema_dist": -0.08456099777790949,
          "initial_qty_pct": 0.0031893,
          "markup_range": 0.028078,
          "min_markup": 0.005709,
          "n_close_orders": 5,
          "rentry_pprice_dist": 0.018515,
          "rentry_pprice_dist_wallet_exposure_weighting": 2.1199,
          "wallet_exposure_limit": 1},
 "short": {"auto_unstuck_ema_dist": -0.09190261745385575,
           "auto_unstuck_wallet_exposure_threshold": 0.08862947576346342,
           "backwards_tp": false,
           "ddown_factor": 1.469139652235328,
           "ema_span_0": 1065.0238437943826,
           "ema_span_1": 586.6473252700075,
           "enabled": false,
           "initial_eprice_ema_dist": -0.0823588914257231,
           "initial_qty_pct": 0.05519501301837803,
           "markup_range": 0.03333320998393961,
           "min_markup": 0.0038458306204801483,
           "n_close_orders": 3,
           "rentry_pprice_dist": 0.04018703172266938,
           "rentry_pprice_dist_wallet_exposure_weighting": 6.563109664257714,
           "wallet_exposure_limit": 1.0}}