{"config_name": "recursive_grid_0days",
 "logging_level": 0,
 "long": {"auto_unstuck_ema_dist": 0,
          "auto_unstuck_wallet_exposure_threshold": 0.0,
          "backwards_tp": false,
          "ddown_factor": 1.5733929191916005,
          "ema_span_0": 377.69177730481437,
          "ema_span_1": 154.8651750990007,
          "enabled": true,
          "initial_eprice_ema_dist": -0.1062508108150497,
          "initial_qty_pct": 0.0006933338694772289,
          "markup_range": 0.03175253832489865,
          "min_markup": 0.010545884499080256,
          "n_close_orders": 8,
          "rentry_pprice_dist": 0.03262436424594985,
          "rentry_pprice_dist_wallet_exposure_weighting": 1.7681699681882161,
          "wallet_exposure_limit": 0.2},
 "short": {"auto_unstuck_ema_dist": -0.08402127739763639,
           "auto_unstuck_wallet_exposure_threshold": 0.04889472496927359,
           "backwards_tp": false,
           "ddown_factor": 0.6882100181176078,
           "ema_span_0": 90.71558708331591,
           "ema_span_1": 894.9376500168999,
           "enabled": false,
           "initial_eprice_ema_dist": -0.06161017144350217,
           "initial_qty_pct": 0.09287878425875452,
           "markup_range": 0.05561384403959296,
           "min_markup": 0.009331049723649357,
           "n_close_orders": 14,
           "rentry_pprice_dist": 0.04657390723990078,
           "rentry_pprice_dist_wallet_exposure_weighting": 11.987657708988174,
           "wallet_exposure_limit": 1.0}}