{"config_name": "neat_grid_0days",
 "logging_level": 0,
 "long": {"auto_unstuck_ema_dist": 0.003,
          "auto_unstuck_wallet_exposure_threshold": 0.03,
          "backwards_tp": false,
          "ema_span_0": 985.9551271285109,
          "ema_span_1": 716.3990956574758,
          "enabled": true,
          "eprice_exp_base": 1.1802874842519069,
          "eqty_exp_base": 1.6220298205962294,
          "grid_span": 0.16171338465199311,
          "initial_eprice_ema_dist": -0.0040882436699873955,
          "initial_qty_pct": 0.01,
          "markup_range": 0.004630602820324667,
          "max_n_entry_orders": 6,
          "min_markup": 0.004275,
          "n_close_orders": 1,
          "wallet_exposure_limit": 0.2},
 "short": {"auto_unstuck_ema_dist": -0.06655053223265295,
           "auto_unstuck_wallet_exposure_threshold": 0.05743861258786227,
           "backwards_tp": false,
           "ema_span_0": 1355.8152716089314,
           "ema_span_1": 971.2542839823839,
           "enabled": false,
           "eprice_exp_base": 3.554446483759788,
           "eqty_exp_base": 3.366510407386689,
           "grid_span": 0.4464402342726197,
           "initial_eprice_ema_dist": -0.052043162212848874,
           "initial_qty_pct": 0.031449954560891544,
           "markup_range": 0.003335347755298077,
           "max_n_entry_orders": 22,
           "min_markup": 0.007401534770007835,
           "n_close_orders": 10,
           "wallet_exposure_limit": 1.0}}