{"config_name": "clock_0days",
 "long": {"backwards_tp": false,
          "delay_between_fills_minutes_close": 1393.0948244834813,
          "delay_between_fills_minutes_entry": 1011.4170806788013,
          "delay_weight_close": 42.42174978671308,
          "delay_weight_entry": 22.796256615944603,
          "ema_dist_close": -7.785590939462673e-05,
          "ema_dist_entry": -0.001989642204575934,
          "ema_span_0": 879.1730062937489,
          "ema_span_1": 1367.9752647646817,
          "enabled": true,
          "markup_range": 0.04143619740796824,
          "min_markup": 0.004354631272931449,
          "n_close_orders": 5,
          "qty_pct_close": 0.03889169966812338,
          "qty_pct_entry": 0.01,
          "wallet_exposure_limit": 0.25,
          "we_multiplier_close": 0.20494295341518992,
          "we_multiplier_entry": 97.21306533782081},
 "short": {"backwards_tp": false,
           "delay_between_fills_minutes_close": 658.4300223632023,
           "delay_between_fills_minutes_entry": 988.3412214731959,
           "delay_weight_close": 63.757544247710825,
           "delay_weight_entry": 97.82661808354472,
           "ema_dist_close": -0.0019047372635208545,
           "ema_dist_entry": -0.01447049869247418,
           "ema_span_0": 691.6211496959801,
           "ema_span_1": 1415.3069000535338,
           "enabled": false,
           "markup_range": 0.01005813517318381,
           "min_markup": 0.00954023849177955,
           "n_close_orders": 14,
           "qty_pct_close": 0.06596509739418206,
           "qty_pct_entry": 0.05333557617552449,
           "wallet_exposure_limit": 1.0,
           "we_multiplier_close": 22.43092109067597,
           "we_multiplier_entry": 88.59582916003431}}