{"config_name": "recursive_grid_0days",
 "logging_level": 0,
 "long": {"auto_unstuck_ema_dist": -0.002210136859708134,
          "auto_unstuck_wallet_exposure_threshold": 0.05291591549689725,
          "backwards_tp": true,
          "ddown_factor": 1.1486947478486669,
          "ema_span_0": 165.62009368940733,
          "ema_span_1": 1167.7655851118477,
          "enabled": true,
          "initial_eprice_ema_dist": 0.0010676493237672933,
          "initial_qty_pct": 0.01314853256205759,
          "markup_range": 0.0032662573573390167,
          "min_markup": 0.004345965182999221,
          "n_close_orders": 6,
          "rentry_pprice_dist": 0.016920405715547343,
          "rentry_pprice_dist_wallet_exposure_weighting": 5.788747721811308,
          "wallet_exposure_limit": 0.3},
 "short": {"auto_unstuck_ema_dist": -0.06813449344716782,
           "auto_unstuck_wallet_exposure_threshold": 0.07794455936934769,
           "backwards_tp": true,
           "ddown_factor": 0.8365265393233249,
           "ema_span_0": 257.7029283556335,
           "ema_span_1": 783.4160536362865,
           "enabled": false,
           "initial_eprice_ema_dist": -0.002648759372327252,
           "initial_qty_pct": 0.07326531017985848,
           "markup_range": 0.03518495039325287,
           "min_markup": 0.00730918273730781,
           "n_close_orders": 5,
           "rentry_pprice_dist": 0.03592909216149372,
           "rentry_pprice_dist_wallet_exposure_weighting": 3.482360268061868,
           "wallet_exposure_limit": 1.0}}