{"config_name": "neat_grid_0days",
 "logging_level": 0,
 "long": {"auto_unstuck_ema_dist": 0.003,
          "auto_unstuck_wallet_exposure_threshold": 0.03657607320738314,
          "backwards_tp": false,
          "ema_span_0": 804.8350283856859,
          "ema_span_1": 1074.1952495402604,
          "enabled": true,
          "eprice_exp_base": 1.2,
          "eqty_exp_base": 1.7446051119041284,
          "grid_span": 0.16078547687560904,
          "initial_eprice_ema_dist": -0.0041537304948225376,
          "initial_qty_pct": 0.008036655132012974,
          "markup_range": 0.006605799937646307,
          "max_n_entry_orders": 14,
          "min_markup": 0.004265370432330305,
          "n_close_orders": 1,
          "wallet_exposure_limit": 0.2},
 "short": {"auto_unstuck_ema_dist": -0.08961151840778381,
           "auto_unstuck_wallet_exposure_threshold": 0.05804523702891848,
           "backwards_tp": false,
           "ema_span_0": 1091.0018507695609,
           "ema_span_1": 319.66974193368725,
           "enabled": false,
           "eprice_exp_base": 3.5977148594770045,
           "eqty_exp_base": 2.1428843513364093,
           "grid_span": 0.17182864443882456,
           "initial_eprice_ema_dist": -0.09013840319785865,
           "initial_qty_pct": 0.09786737876631924,
           "markup_range": 0.02267559083240721,
           "max_n_entry_orders": 9,
           "min_markup": 0.004070477540161489,
           "n_close_orders": 5,
           "wallet_exposure_limit": 1.0}}