{"config_name": "recursive_grid_0days",
 "logging_level": 0,
 "long": {"auto_unstuck_ema_dist": 0,
          "auto_unstuck_wallet_exposure_threshold": 0.0,
          "backwards_tp": false,
          "ddown_factor": 1.7786171879516453,
          "ema_span_0": 417.44514193954586,
          "ema_span_1": 33.10458474165217,
          "enabled": true,
          "initial_eprice_ema_dist": 0.00123271748250478,
          "initial_qty_pct": 0.0037831302573546454,
          "markup_range": 0.04207585144945683,
          "min_markup": 0.0015215429251101726,
          "n_close_orders": 11,
          "rentry_pprice_dist": 0.03133246939414638,
          "rentry_pprice_dist_wallet_exposure_weighting": 0.0,
          "wallet_exposure_limit": 1},
 "short": {"auto_unstuck_ema_dist": -0.08263985655548528,
           "auto_unstuck_wallet_exposure_threshold": 0.05751333574940028,
           "backwards_tp": false,
           "ddown_factor": 0.3481213372137936,
           "ema_span_0": 291.6494706151857,
           "ema_span_1": 1265.4910386815616,
           "enabled": false,
           "initial_eprice_ema_dist": -0.06572518463207115,
           "initial_qty_pct": 0.018821140459011815,
           "markup_range": 0.012386738552746501,
           "min_markup": 0.005347971246150325,
           "n_close_orders": 13,
           "rentry_pprice_dist": 0.017133171789603285,
           "rentry_pprice_dist_wallet_exposure_weighting": 1.004497625066485,
           "wallet_exposure_limit": 1}}