{"config_name": "recursive_grid_0days",
 "logging_level": 0,
 "long": {"auto_unstuck_ema_dist": 0,
          "auto_unstuck_wallet_exposure_threshold": 0.0,
          "backwards_tp": false,
          "ddown_factor": 2.6571700065618025,
          "ema_span_0": 378.66434237290594,
          "ema_span_1": 594.986328559391,
          "enabled": true,
          "initial_eprice_ema_dist": -0.02101268707151656,
          "initial_qty_pct": 0.003354120111602231,
          "markup_range": 0.03731280882398338,
          "min_markup": 0.005756206214925549,
          "n_close_orders": 7,
          "rentry_pprice_dist": 0.023108004605277205,
          "rentry_pprice_dist_wallet_exposure_weighting": 0.6355133306106431,
          "wallet_exposure_limit": 1},
 "short": {"auto_unstuck_ema_dist": -0.032964596230926464,
           "auto_unstuck_wallet_exposure_threshold": 0.08835038365893878,
           "backwards_tp": false,
           "ddown_factor": 0.7563877820411572,
           "ema_span_0": 500.2618478982244,
           "ema_span_1": 687.1632702637437,
           "enabled": false,
           "initial_eprice_ema_dist": -0.08282969185693428,
           "initial_qty_pct": 0.05224598343649201,
           "markup_range": 0.04043967914736956,
           "min_markup": 0.005820919216226538,
           "n_close_orders": 11,
           "rentry_pprice_dist": 0.013081390604298276,
           "rentry_pprice_dist_wallet_exposure_weighting": 3.978517494573033,
           "wallet_exposure_limit": 1}}