{"config_name": "recursive_grid_0days",
 "logging_level": 0,
 "long": {"auto_unstuck_ema_dist": 0,
          "auto_unstuck_wallet_exposure_threshold": 0.0,
          "backwards_tp": false,
          "ddown_factor": 3.1702207301921885,
          "ema_span_0": 363.94031273924816,
          "ema_span_1": 224.93322490643538,
          "enabled": true,
          "initial_eprice_ema_dist": -0.12117112063983863,
          "initial_qty_pct": 0.004631962308603932,
          "markup_range": 0.04457549694914602,
          "min_markup": 0.004442958447463304,
          "n_close_orders": 3,
          "rentry_pprice_dist": 0.03417305468362419,
          "rentry_pprice_dist_wallet_exposure_weighting": 2.8080162368429025,
          "wallet_exposure_limit": 1},
 "short": {"auto_unstuck_ema_dist": -0.008889750076555333,
           "auto_unstuck_wallet_exposure_threshold": 0.045758733158899556,
           "backwards_tp": false,
           "ddown_factor": 0.6240329720830617,
           "ema_span_0": 413.095168175224,
           "ema_span_1": 756.0721691734758,
           "enabled": false,
           "initial_eprice_ema_dist": -0.0677034099610473,
           "initial_qty_pct": 0.07098406317699237,
           "markup_range": 0.017008091200658496,
           "min_markup": 0.009836362418412268,
           "n_close_orders": 3,
           "rentry_pprice_dist": 0.0355187707289482,
           "rentry_pprice_dist_wallet_exposure_weighting": 18.049938847314007,
           "wallet_exposure_limit": 1.0}}