{"config_name": "recursive_grid_0days",
 "logging_level": 0,
 "long": {"auto_unstuck_ema_dist": -0.002167489520815132,
          "auto_unstuck_wallet_exposure_threshold": 0.0600822218253452,
          "backwards_tp": true,
          "ddown_factor": 1.8913288189122939,
          "ema_span_0": 245.26360052647183,
          "ema_span_1": 1034.863620967647,
          "enabled": true,
          "initial_eprice_ema_dist": -0.039126871175003373,
          "initial_qty_pct": 0.01673295779906549,
          "markup_range": 0.002162809058561979,
          "min_markup": 0.003902146600490007,
          "n_close_orders": 6,
          "rentry_pprice_dist": 0.025653665780754804,
          "rentry_pprice_dist_wallet_exposure_weighting": 6.0836396264424915,
          "wallet_exposure_limit": 0.3},
 "short": {"auto_unstuck_ema_dist": -0.06898598476700851,
           "auto_unstuck_wallet_exposure_threshold": 0.057250251373297756,
           "backwards_tp": true,
           "ddown_factor": 2.4213366464624193,
           "ema_span_0": 534.213243190109,
           "ema_span_1": 334.2260739539428,
           "enabled": false,
           "initial_eprice_ema_dist": -0.0022406375991131933,
           "initial_qty_pct": 0.0879974831234792,
           "markup_range": 0.04427165187771973,
           "min_markup": 0.008709291595098898,
           "n_close_orders": 5,
           "rentry_pprice_dist": 0.010253946018498026,
           "rentry_pprice_dist_wallet_exposure_weighting": 35.7219557294243,
           "wallet_exposure_limit": 1.0}}