{"config_name": "recursive_grid_0days",
 "logging_level": 0,
 "long": {"auto_unstuck_ema_dist": 0,
          "auto_unstuck_wallet_exposure_threshold": 0.0,
          "backwards_tp": false,
          "ddown_factor": 2.9614975793275873,
          "ema_span_0": 86.537820417994,
          "ema_span_1": 834.4183682882547,
          "enabled": true,
          "initial_eprice_ema_dist": -0.07415272301389286,
          "initial_qty_pct": 0.0015127030798861463,
          "markup_range": 0.04908923657164272,
          "min_markup": 0.008738234264646288,
          "n_close_orders": 2,
          "rentry_pprice_dist": 0.028677388750784346,
          "rentry_pprice_dist_wallet_exposure_weighting": 2.630715597679113,
          "wallet_exposure_limit": 0.2},
 "short": {"auto_unstuck_ema_dist": -0.023833262263947996,
           "auto_unstuck_wallet_exposure_threshold": 0.06163302659040558,
           "backwards_tp": false,
           "ddown_factor": 1.9054456251300305,
           "ema_span_0": 1072.6378940813258,
           "ema_span_1": 946.8494073158862,
           "enabled": false,
           "initial_eprice_ema_dist": -0.014618133162225752,
           "initial_qty_pct": 0.06993969067427126,
           "markup_range": 0.025201338381947064,
           "min_markup": 0.009911390802662432,
           "n_close_orders": 9,
           "rentry_pprice_dist": 0.044364664535300684,
           "rentry_pprice_dist_wallet_exposure_weighting": 15.000472920931243,
           "wallet_exposure_limit": 1.0}}