{"config_name": "neat_grid_0days",
 "logging_level": 0,
 "long": {"auto_unstuck_ema_dist": 0,
          "auto_unstuck_wallet_exposure_threshold": 0.0,
          "backwards_tp": true,
          "ema_span_0": 336.3281335623733,
          "ema_span_1": 3127.7418255917282,
          "enabled": true,
          "eprice_exp_base": 1.1067132034532348,
          "eqty_exp_base": 1.8779970047904588,
          "grid_span": 0.22859691505755106,
          "initial_eprice_ema_dist": -0.03973989815718687,
          "initial_qty_pct": 0.01226398604312801,
          "markup_range": 0.015387311611349255,
          "max_n_entry_orders": 8,
          "min_markup": 0.002,
          "n_close_orders": 16,
          "wallet_exposure_limit": 1},
 "short": {"auto_unstuck_ema_dist": 0,
           "auto_unstuck_wallet_exposure_threshold": 0,
           "backwards_tp": true,
           "ema_span_0": 10,
           "ema_span_1": 6055.143083127806,
           "enabled": true,
           "eprice_exp_base": 1.7567518507929063,
           "eqty_exp_base": 2.782029512606045,
           "grid_span": 0.14203271677592402,
           "initial_eprice_ema_dist": -0.021290598928177768,
           "initial_qty_pct": 0.01,
           "markup_range": 0.0017235876987922933,
           "max_n_entry_orders": 11,
           "min_markup": 0.002987862646043375,
           "n_close_orders": 10,
           "wallet_exposure_limit": 0.1}}