{"config_name": "recursive_grid_0days",
 "logging_level": 0,
 "long": {"auto_unstuck_ema_dist": 0.006439953553980254,
          "auto_unstuck_wallet_exposure_threshold": 0.021496228829255365,
          "backwards_tp": true,
          "ddown_factor": 2.1198830137363625,
          "ema_span_0": 560.1926045413179,
          "ema_span_1": 1119.966213674462,
          "enabled": true,
          "initial_eprice_ema_dist": -0.00827220915158004,
          "initial_qty_pct": 0.0157290070458993,
          "markup_range": 0.003979666689920939,
          "min_markup": 0.006098441148880869,
          "n_close_orders": 2,
          "rentry_pprice_dist": 0.02452005472569696,
          "rentry_pprice_dist_wallet_exposure_weighting": 1.9108090644587115,
          "wallet_exposure_limit": 0.3},
 "short": {"auto_unstuck_ema_dist": 0.026902372713654407,
           "auto_unstuck_wallet_exposure_threshold": 0.013289034341879275,
           "backwards_tp": true,
           "ddown_factor": 1.957604410338912,
           "ema_span_0": 2826.4061801122516,
           "ema_span_1": 9602.545020910036,
           "enabled": false,
           "initial_eprice_ema_dist": -0.054935729319235745,
           "initial_qty_pct": 0.015,
           "markup_range": 0.0017103669053762692,
           "min_markup": 0.0011493511190741753,
           "n_close_orders": 7,
           "rentry_pprice_dist": 0.04739745269097079,
           "rentry_pprice_dist_wallet_exposure_weighting": 60.11909733224074,
           "wallet_exposure_limit": 0.1}}