{"config_name": "neat_grid_0days",
 "logging_level": 0,
 "long": {"auto_unstuck_ema_dist": 0.014686497753605308,
          "auto_unstuck_wallet_exposure_threshold": 0.07556846222409336,
          "backwards_tp": true,
          "ema_span_0": 231.04650118689085,
          "ema_span_1": 292.8546427777244,
          "enabled": true,
          "eprice_exp_base": 1.2209591644337165,
          "eqty_exp_base": 1.4845218557569502,
          "grid_span": 0.4237906282892917,
          "initial_eprice_ema_dist": -0.08479741187272453,
          "initial_qty_pct": 0.01,
          "markup_range": 0.0026224283099008376,
          "max_n_entry_orders": 8,
          "min_markup": 0.002,
          "n_close_orders": 2,
          "wallet_exposure_limit": 0.1},
 "short": {"auto_unstuck_ema_dist": 0.04067077822972587,
           "auto_unstuck_wallet_exposure_threshold": 0.028292045714599548,
           "backwards_tp": true,
           "ema_span_0": 927.4624659055706,
           "ema_span_1": 1078.6349867405297,
           "enabled": true,
           "eprice_exp_base": 1.1,
           "eqty_exp_base": 1.2639949134088155,
           "grid_span": 0.43975611292212224,
           "initial_eprice_ema_dist": -0.036403783554893814,
           "initial_qty_pct": 0.01,
           "markup_range": 0.0029337344962014674,
           "max_n_entry_orders": 7,
           "min_markup": 0.002,
           "n_close_orders": 2,
           "wallet_exposure_limit": 0.1}}