{"config_name": "recursive_grid_0days",
 "logging_level": 0,
 "long": {"auto_unstuck_ema_dist": 0.005530208926430876,
          "auto_unstuck_wallet_exposure_threshold": 0.01652249630931336,
          "backwards_tp": false,
          "ddown_factor": 0.4294113148279558,
          "ema_span_0": 376.3005581283666,
          "ema_span_1": 54.0038840972831,
          "enabled": true,
          "initial_eprice_ema_dist": 0.002626758041477048,
          "initial_qty_pct": 0.003882030292318156,
          "markup_range": 0.05830952390806231,
          "min_markup": 0.00270102246370465,
          "n_close_orders": 28,
          "rentry_pprice_dist": 0.026171059383808204,
          "rentry_pprice_dist_wallet_exposure_weighting": 0.0,
          "wallet_exposure_limit": 0.2},
 "short": {"auto_unstuck_ema_dist": -0.03338109284655237,
           "auto_unstuck_wallet_exposure_threshold": 0.07505390714411068,
           "backwards_tp": false,
           "ddown_factor": 2.770734298968716,
           "ema_span_0": 6.770581769788842,
           "ema_span_1": 1146.7262212222618,
           "enabled": false,
           "initial_eprice_ema_dist": -0.008015503418589975,
           "initial_qty_pct": 0.062033936055953066,
           "markup_range": 0.027061098820663196,
           "min_markup": 0.009832358940912667,
           "n_close_orders": 3,
           "rentry_pprice_dist": 0.03724917797701804,
           "rentry_pprice_dist_wallet_exposure_weighting": 10.645720224291207,
           "wallet_exposure_limit": 1.0}}