{"config_name": "recursive_grid_0days",
 "logging_level": 0,
 "long": {"auto_unstuck_ema_dist": 0,
          "auto_unstuck_wallet_exposure_threshold": 0.0,
          "backwards_tp": false,
          "ddown_factor": 2.2676295469317056,
          "ema_span_0": 160.92847047388415,
          "ema_span_1": 80.8530354986361,
          "enabled": true,
          "initial_eprice_ema_dist": -0.01702412642178333,
          "initial_qty_pct": 0.0025040716478429504,
          "markup_range": 0.024832440596085158,
          "min_markup": 0.0061008278941029415,
          "n_close_orders": 1,
          "rentry_pprice_dist": 0.03172177240499493,
          "rentry_pprice_dist_wallet_exposure_weighting": 0.6757515273247194,
          "wallet_exposure_limit": 0.2},
 "short": {"auto_unstuck_ema_dist": -0.05003395550027144,
           "auto_unstuck_wallet_exposure_threshold": 0.07025759801038438,
           "backwards_tp": false,
           "ddown_factor": 0.43244312694977527,
           "ema_span_0": 1287.60397682905,
           "ema_span_1": 39.75899615551185,
           "enabled": false,
           "initial_eprice_ema_dist": -0.06892199857422146,
           "initial_qty_pct": 0.05888329506058368,
           "markup_range": 0.02919950768986926,
           "min_markup": 0.004263432453571546,
           "n_close_orders": 7,
           "rentry_pprice_dist": 0.014278903422306245,
           "rentry_pprice_dist_wallet_exposure_weighting": 15.144620825596306,
           "wallet_exposure_limit": 1.0}}