{"config_name": "neat_grid_0days",
 "logging_level": 0,
 "long": {"auto_unstuck_ema_dist": -0.015062112185347545,
          "auto_unstuck_wallet_exposure_threshold": 0.0439346326567803,
          "backwards_tp": false,
          "ema_span_0": 1226.9627341885246,
          "ema_span_1": 1237.5430136650314,
          "enabled": true,
          "eprice_exp_base": 1.1283293504731422,
          "eqty_exp_base": 1.7958959239120698,
          "grid_span": 0.15864710720976674,
          "initial_eprice_ema_dist": -0.0017880714420666923,
          "initial_qty_pct": 0.006666090531753681,
          "markup_range": 0.006189345698535468,
          "max_n_entry_orders": 5,
          "min_markup": 0.00392235941422783,
          "n_close_orders": 1,
          "wallet_exposure_limit": 1},
 "short": {"auto_unstuck_ema_dist": -0.07117676511424456,
           "auto_unstuck_wallet_exposure_threshold": 0.06739980492948422,
           "backwards_tp": false,
           "ema_span_0": 1397.8261626686954,
           "ema_span_1": 1353.2098505125655,
           "enabled": false,
           "eprice_exp_base": 3.491809349096415,
           "eqty_exp_base": 3.930209906194702,
           "grid_span": 0.2441472736886431,
           "initial_eprice_ema_dist": -0.03264592973164028,
           "initial_qty_pct": 0.02598323489384076,
           "markup_range": 0.0425370419083625,
           "max_n_entry_orders": 19,
           "min_markup": 0.004468310107276394,
           "n_close_orders": 13,
           "wallet_exposure_limit": 1}}