{"config_name": "recursive_grid_0days",
 "logging_level": 0,
 "long": {"auto_unstuck_ema_dist": 0,
          "auto_unstuck_wallet_exposure_threshold": 0.0,
          "backwards_tp": false,
          "ddown_factor": 1.1168332531780154,
          "ema_span_0": 75.22058551496022,
          "ema_span_1": 382.72523355757244,
          "enabled": true,
          "initial_eprice_ema_dist": -0.043510628605241186,
          "initial_qty_pct": 0.0015333930219295685,
          "markup_range": 0.0441315733951117,
          "min_markup": 0.01037980627449962,
          "n_close_orders": 8,
          "rentry_pprice_dist": 0.03241623787926991,
          "rentry_pprice_dist_wallet_exposure_weighting": 0.3955623391901106,
          "wallet_exposure_limit": 0.2},
 "short": {"auto_unstuck_ema_dist": -0.025289054214992807,
           "auto_unstuck_wallet_exposure_threshold": 0.059272514010571556,
           "backwards_tp": false,
           "ddown_factor": 0.5094628658126831,
           "ema_span_0": 397.8978285648179,
           "ema_span_1": 1050.0065925652,
           "enabled": false,
           "initial_eprice_ema_dist": -0.0864447589969227,
           "initial_qty_pct": 0.08551011628456613,
           "markup_range": 0.04366232407897641,
           "min_markup": 0.003185726544962457,
           "n_close_orders": 4,
           "rentry_pprice_dist": 0.046478611805500454,
           "rentry_pprice_dist_wallet_exposure_weighting": 19.736974816815703,
           "wallet_exposure_limit": 1.0}}