{"config_name": "clock_0days",
 "long": {"backwards_tp": true,
          "delay_between_fills_minutes_close": 435.01763165931453,
          "delay_between_fills_minutes_entry": 437.2218953539729,
          "delay_weight_close": 102.4447844574142,
          "delay_weight_entry": 32.978488264721726,
          "ema_dist_close": -0.04157118622655424,
          "ema_dist_entry": 0.007295342628421577,
          "ema_span_0": 659.4526756383959,
          "ema_span_1": 74.89953490025405,
          "enabled": true,
          "markup_range": 0.016523004935748452,
          "min_markup": 0.01,
          "n_close_orders": 2,
          "qty_pct_close": 0.013646020322144372,
          "qty_pct_entry": 0.015976514823675222,
          "wallet_exposure_limit": 0.3,
          "we_multiplier_close": 112.5261370744512,
          "we_multiplier_entry": 100.28508452891423},
 "short": {"backwards_tp": true,
           "delay_between_fills_minutes_close": 64.29594875128873,
           "delay_between_fills_minutes_entry": 173.8647215043615,
           "delay_weight_close": 85.04306850795277,
           "delay_weight_entry": 124.27499250286414,
           "ema_dist_close": -0.07343523934503449,
           "ema_dist_entry": -0.7841459062755162,
           "ema_span_0": 105.59681144285892,
           "ema_span_1": 196.80857983940732,
           "enabled": false,
           "markup_range": 0.018690391795690237,
           "min_markup": 0.06097960317197149,
           "n_close_orders": 5,
           "qty_pct_close": 0.01,
           "qty_pct_entry": 0.01,
           "wallet_exposure_limit": 1.0,
           "we_multiplier_close": 41.837875604490264,
           "we_multiplier_entry": 34.25121371087617}}