{"config_name": "clock_0days",
 "long": {"backwards_tp": true,
          "delay_between_fills_minutes_close": 339.153527166681,
          "delay_between_fills_minutes_entry": 416.4185043318296,
          "delay_weight_close": 112.48849196684176,
          "delay_weight_entry": 28.773093234907783,
          "ema_dist_close": -0.31689147031173537,
          "ema_dist_entry": 0.008582563679494238,
          "ema_span_0": 828.2548797197446,
          "ema_span_1": 800,
          "enabled": true,
          "markup_range": 0.01422099034878772,
          "min_markup": 0.008796510907688614,
          "n_close_orders": 8,
          "qty_pct_close": 0.015922266164521994,
          "qty_pct_entry": 0.01716689758820993,
          "wallet_exposure_limit": 0.3,
          "we_multiplier_close": 4.595130634485341,
          "we_multiplier_entry": 49.064444307430975},
 "short": {"backwards_tp": true,
           "delay_between_fills_minutes_close": 158.12241804911372,
           "delay_between_fills_minutes_entry": 1142.1953137319865,
           "delay_weight_close": 47.604866486982424,
           "delay_weight_entry": 75.85643859587242,
           "ema_dist_close": -0.01983208724195676,
           "ema_dist_entry": -0.0023485540913151456,
           "ema_span_0": 262.09838195576083,
           "ema_span_1": 442.16810774953433,
           "enabled": false,
           "markup_range": 0.08595856476636256,
           "min_markup": 0.0981897554969598,
           "n_close_orders": 14,
           "qty_pct_close": 0.13659898920236843,
           "qty_pct_entry": 0.9252349566545354,
           "wallet_exposure_limit": 1.0,
           "we_multiplier_close": 8.886257498551162,
           "we_multiplier_entry": 22.008406244026435}}