{"config_name": "recursive_grid_0days",
 "logging_level": 0,
 "long": {"auto_unstuck_ema_dist": 0,
          "auto_unstuck_wallet_exposure_threshold": 0.0,
          "backwards_tp": true,
          "ddown_factor": 1.4549697096310177,
          "ema_span_0": 439.3445283257373,
          "ema_span_1": 439.52882420916455,
          "enabled": true,
          "initial_eprice_ema_dist": 0.007257852638186127,
          "initial_qty_pct": 0.030814797590651498,
          "markup_range": 0.002803380006418878,
          "min_markup": 0.004793084120730596,
          "n_close_orders": 3,
          "rentry_pprice_dist": 0.032708568282384456,
          "rentry_pprice_dist_wallet_exposure_weighting": 3.6590880672826245,
          "wallet_exposure_limit": 0.3},
 "short": {"auto_unstuck_ema_dist": -0.057611230343093484,
           "auto_unstuck_wallet_exposure_threshold": 0.03148388791656587,
           "backwards_tp": true,
           "ddown_factor": 0.41966415745792907,
           "ema_span_0": 818.4728413651736,
           "ema_span_1": 137.4193492018569,
           "enabled": false,
           "initial_eprice_ema_dist": -0.01762386725790037,
           "initial_qty_pct": 0.09100111347451854,
           "markup_range": 0.009598816913833321,
           "min_markup": 0.0017756136691542757,
           "n_close_orders": 15,
           "rentry_pprice_dist": 0.029161348168784303,
           "rentry_pprice_dist_wallet_exposure_weighting": 11.530153528482433,
           "wallet_exposure_limit": 1.0}}