{"config_name": "recursive_grid_0days",
 "logging_level": 0,
 "long": {"auto_unstuck_ema_dist": -0.003765907703413813,
          "auto_unstuck_wallet_exposure_threshold": 0.0854306470494069,
          "backwards_tp": true,
          "ddown_factor": 1.4818224013815076,
          "ema_span_0": 113.86547834235854,
          "ema_span_1": 1197.564766329601,
          "enabled": true,
          "initial_eprice_ema_dist": -0.0890217570891906,
          "initial_qty_pct": 0.01825861847325851,
          "markup_range": 0.003002963036903104,
          "min_markup": 0.00246212406326567,
          "n_close_orders": 5,
          "rentry_pprice_dist": 0.023903177941329533,
          "rentry_pprice_dist_wallet_exposure_weighting": 0.0,
          "wallet_exposure_limit": 0.3},
 "short": {"auto_unstuck_ema_dist": -0.020744726566962773,
           "auto_unstuck_wallet_exposure_threshold": 0.09172359666528762,
           "backwards_tp": true,
           "ddown_factor": 1.5398176677928044,
           "ema_span_0": 618.9019960847276,
           "ema_span_1": 344.09539756490756,
           "enabled": false,
           "initial_eprice_ema_dist": -0.055343774685492474,
           "initial_qty_pct": 0.04923156558820903,
           "markup_range": 0.05788596423076543,
           "min_markup": 0.004250554802353114,
           "n_close_orders": 4,
           "rentry_pprice_dist": 0.04097526052083349,
           "rentry_pprice_dist_wallet_exposure_weighting": 7.134133039034958,
           "wallet_exposure_limit": 1.0}}