{"config_name": "neat_grid_0days",
 "logging_level": 0,
 "long": {"auto_unstuck_ema_dist": 0.015258022902018624,
          "auto_unstuck_wallet_exposure_threshold": 0.048350711750903115,
          "backwards_tp": true,
          "ema_span_0": 360.37363480549135,
          "ema_span_1": 158.58915771679096,
          "enabled": true,
          "eprice_exp_base": 1.349897496435683,
          "eqty_exp_base": 1.5243377058952172,
          "grid_span": 0.380320008990038,
          "initial_eprice_ema_dist": -0.09816080109228477,
          "initial_qty_pct": 0.01,
          "markup_range": 0.0026461677892662713,
          "max_n_entry_orders": 7,
          "min_markup": 0.002,
          "n_close_orders": 7,
          "wallet_exposure_limit": 1},
 "short": {"auto_unstuck_ema_dist": 0.08935074192196892,
           "auto_unstuck_wallet_exposure_threshold": 0.01561646717019509,
           "backwards_tp": true,
           "ema_span_0": 74.69802494862067,
           "ema_span_1": 46.867432034275936,
           "enabled": true,
           "eprice_exp_base": 1.2441471739216459,
           "eqty_exp_base": 1.5046431283185573,
           "grid_span": 0.35746620349394137,
           "initial_eprice_ema_dist": -0.08967135743236819,
           "initial_qty_pct": 0.01,
           "markup_range": 0.0027920189812385833,
           "max_n_entry_orders": 8,
           "min_markup": 0.002,
           "n_close_orders": 7,
           "wallet_exposure_limit": 1}}