{"config_name": "neat_grid_0days",
 "logging_level": 0,
 "long": {"auto_unstuck_ema_dist": 0.09473798343664747,
          "auto_unstuck_wallet_exposure_threshold": 0.0801655719858567,
          "backwards_tp": true,
          "ema_span_0": 46.849089504834375,
          "ema_span_1": 78.53067218994127,
          "enabled": true,
          "eprice_exp_base": 1.6081121354523173,
          "eqty_exp_base": 2.5028410864060127,
          "grid_span": 0.14455023991315805,
          "initial_eprice_ema_dist": -0.09814667383356876,
          "initial_qty_pct": 0.01,
          "markup_range": 4.9265903804185827e-05,
          "max_n_entry_orders": 6,
          "min_markup": 0.003,
          "n_close_orders": 6,
          "wallet_exposure_limit": 1},
 "short": {"auto_unstuck_ema_dist": 0.002897731157577272,
           "auto_unstuck_wallet_exposure_threshold": 0.09990703589478529,
           "backwards_tp": true,
           "ema_span_0": 2629.988169132256,
           "ema_span_1": 3463.858074017375,
           "enabled": true,
           "eprice_exp_base": 1.0686679957699345,
           "eqty_exp_base": 2.5025234957485893,
           "grid_span": 0.1709959140406348,
           "initial_eprice_ema_dist": -0.05183286014907898,
           "initial_qty_pct": 0.01,
           "markup_range": 0.00160281564950115,
           "max_n_entry_orders": 7,
           "min_markup": 0.003,
           "n_close_orders": 13,
           "wallet_exposure_limit": 0.1}}