{"config_name": "clock_0days",
 "long": {"backwards_tp": true,
          "delay_between_fills_minutes_close": 423.0566136746071,
          "delay_between_fills_minutes_entry": 451.85281469620696,
          "delay_weight_close": 138.6468142101483,
          "delay_weight_entry": 42.790883162173564,
          "ema_dist_close": -0.06161416013124199,
          "ema_dist_entry": 0.008404596247844731,
          "ema_span_0": 920.2877443435684,
          "ema_span_1": 245.65550418504185,
          "enabled": true,
          "markup_range": 0.02885553845145351,
          "min_markup": 0.008942904335741146,
          "n_close_orders": 4,
          "qty_pct_close": 0.01959270214960502,
          "qty_pct_entry": 0.011178826219601947,
          "wallet_exposure_limit": 0.3,
          "we_multiplier_close": 114.38398835070693,
          "we_multiplier_entry": 82.14808514652393},
 "short": {"backwards_tp": true,
           "delay_between_fills_minutes_close": 1001.6694276763857,
           "delay_between_fills_minutes_entry": 170.16575716596827,
           "delay_weight_close": 21.749997115973418,
           "delay_weight_entry": 6.067355476954561,
           "ema_dist_close": -0.01584792346603328,
           "ema_dist_entry": -0.04984213313638036,
           "ema_span_0": 1401.1645902578728,
           "ema_span_1": 124.51522217247899,
           "enabled": false,
           "markup_range": 0.0005203582478142698,
           "min_markup": 0.00919094817434116,
           "n_close_orders": 12,
           "qty_pct_close": 0.03677282947555519,
           "qty_pct_entry": 0.07668070621185331,
           "wallet_exposure_limit": 1.0,
           "we_multiplier_close": 45.43018827736292,
           "we_multiplier_entry": 95.48235106065337}}