{"config_name": "clock_0days",
 "long": {"delay_between_fills_minutes_close": 500,
          "delay_between_fills_minutes_entry": 491.35075434077055,
          "delay_weight_close": 87.96477910759666,
          "delay_weight_entry": 15.793626217334575,
          "ema_dist_lower": 0.003841145702358827,
          "ema_dist_upper": -0.047542760034219374,
          "ema_span_0": 84.24829414882362,
          "ema_span_1": 1796.2181233791146,
          "enabled": true,
          "markup_range": 0.028793718054584173,
          "min_markup": 0.003941651664179373,
          "n_close_orders": 3,
          "qty_pct_close": 0.38840343507052294,
          "qty_pct_entry": 0.1,
          "wallet_exposure_limit": 0.25,
          "we_multiplier_close": 48.50156994907213,
          "we_multiplier_entry": 12.633180505351822},
 "short": {"delay_between_fills_minutes_close": 350.1452299781116,
           "delay_between_fills_minutes_entry": 431.5832105884901,
           "delay_weight_close": 62.5936737379871,
           "delay_weight_entry": 1.829632187312812,
           "ema_dist_lower": -0.3386986119317173,
           "ema_dist_upper": -0.0019219191725384005,
           "ema_span_0": 417.8069841117272,
           "ema_span_1": 3477.495684881601,
           "enabled": true,
           "markup_range": 0.03,
           "min_markup": 0.02,
           "n_close_orders": 4,
           "qty_pct_close": 0.36789399889104846,
           "qty_pct_entry": 0.1,
           "wallet_exposure_limit": 0.1,
           "we_multiplier_close": 56.73474516073482,
           "we_multiplier_entry": 111.79923625901618}}