{"config_name": "neat_grid_0days",
 "logging_level": 0,
 "long": {"auto_unstuck_ema_dist": 0.003,
          "auto_unstuck_wallet_exposure_threshold": 0.030406729406501083,
          "backwards_tp": false,
          "ema_span_0": 1070.8464165015744,
          "ema_span_1": 991.7041717664667,
          "enabled": true,
          "eprice_exp_base": 1.1023905456752965,
          "eqty_exp_base": 1.3753842605683064,
          "grid_span": 0.16119298613007374,
          "initial_eprice_ema_dist": -0.004159525283970205,
          "initial_qty_pct": 0.009825629349236444,
          "markup_range": 0.0035111283553700026,
          "max_n_entry_orders": 8,
          "min_markup": 0.004253956159926141,
          "n_close_orders": 1,
          "wallet_exposure_limit": 1},
 "short": {"auto_unstuck_ema_dist": -0.03919875825184862,
           "auto_unstuck_wallet_exposure_threshold": 0.041374300210215736,
           "backwards_tp": false,
           "ema_span_0": 180.06541080716167,
           "ema_span_1": 1246.228037933001,
           "enabled": false,
           "eprice_exp_base": 2.538523985785081,
           "eqty_exp_base": 2.374622752425779,
           "grid_span": 0.13326145461801117,
           "initial_eprice_ema_dist": -0.04200441896274727,
           "initial_qty_pct": 0.02203745439528127,
           "markup_range": 0.010865269061867801,
           "max_n_entry_orders": 7,
           "min_markup": 0.0011027861751336213,
           "n_close_orders": 11,
           "wallet_exposure_limit": 1}}