{"config_name": "neat_grid_0days",
 "logging_level": 0,
 "long": {"auto_unstuck_ema_dist": 0.05548128226814065,
          "auto_unstuck_wallet_exposure_threshold": 0.06783430778539515,
          "backwards_tp": true,
          "ema_span_0": 10.0,
          "ema_span_1": 47.226528269368494,
          "enabled": true,
          "eprice_exp_base": 1.2521607598237086,
          "eqty_exp_base": 1.9473381786345134,
          "grid_span": 0.38473301152550277,
          "initial_eprice_ema_dist": -0.06450293490534843,
          "initial_qty_pct": 0.01,
          "markup_range": 0.0018302944487465463,
          "max_n_entry_orders": 20,
          "min_markup": 0.0015,
          "n_close_orders": 19,
          "wallet_exposure_limit": 0.1},
 "short": {"auto_unstuck_ema_dist": 0.020309788015064015,
           "auto_unstuck_wallet_exposure_threshold": 0.03807296373296288,
           "backwards_tp": true,
           "ema_span_0": 1470.0694691277263,
           "ema_span_1": 6226.764171900624,
           "enabled": true,
           "eprice_exp_base": 1.4174687483072415,
           "eqty_exp_base": 1.8305301262346063,
           "grid_span": 0.4810277089158569,
           "initial_eprice_ema_dist": -0.04139429061056505,
           "initial_qty_pct": 0.01,
           "markup_range": 0.0017458702949169444,
           "max_n_entry_orders": 8,
           "min_markup": 0.0015,
           "n_close_orders": 13,
           "wallet_exposure_limit": 0.1}}