{"config_name": "recursive_grid_0days",
 "logging_level": 0,
 "long": {"auto_unstuck_ema_dist": -0.0037789505281101777,
          "auto_unstuck_wallet_exposure_threshold": 0.08187845631325646,
          "backwards_tp": true,
          "ddown_factor": 1.8551091501432375,
          "ema_span_0": 435.27097553589084,
          "ema_span_1": 970.1796848063855,
          "enabled": true,
          "initial_eprice_ema_dist": 0.003744285876782218,
          "initial_qty_pct": 0.019616054050054784,
          "markup_range": 0.003379469638062769,
          "min_markup": 0.005355678313981811,
          "n_close_orders": 15,
          "rentry_pprice_dist": 0.01865550735006249,
          "rentry_pprice_dist_wallet_exposure_weighting": 4.298061173538836,
          "wallet_exposure_limit": 0.3},
 "short": {"auto_unstuck_ema_dist": -0.09839188477211638,
           "auto_unstuck_wallet_exposure_threshold": 0.03469425301671327,
           "backwards_tp": true,
           "ddown_factor": 0.3915606260033613,
           "ema_span_0": 293.34961414024775,
           "ema_span_1": 819.685942207264,
           "enabled": false,
           "initial_eprice_ema_dist": -0.016407241274115927,
           "initial_qty_pct": 0.05059736322157347,
           "markup_range": 0.01783642081534264,
           "min_markup": 0.008560868469940374,
           "n_close_orders": 7,
           "rentry_pprice_dist": 0.02768491919315197,
           "rentry_pprice_dist_wallet_exposure_weighting": 27.965343880047154,
           "wallet_exposure_limit": 1.0}}