{"config_name": "recursive_grid_0days",
 "logging_level": 0,
 "long": {"auto_unstuck_ema_dist": 0,
          "auto_unstuck_wallet_exposure_threshold": 0.0,
          "backwards_tp": false,
          "ddown_factor": 3.3747558382242966,
          "ema_span_0": 545.4761538870083,
          "ema_span_1": 683.9482970026826,
          "enabled": true,
          "initial_eprice_ema_dist": -0.06303710054134141,
          "initial_qty_pct": 0.005530295874306918,
          "markup_range": 0.011834311553138884,
          "min_markup": 0.002230029796305191,
          "n_close_orders": 6,
          "rentry_pprice_dist": 0.033323349585939854,
          "rentry_pprice_dist_wallet_exposure_weighting": 0.4528413952206496,
          "wallet_exposure_limit": 0.2},
 "short": {"auto_unstuck_ema_dist": -0.023131584823197493,
           "auto_unstuck_wallet_exposure_threshold": 0.04869793995664812,
           "backwards_tp": false,
           "ddown_factor": 2.298799174916263,
           "ema_span_0": 711.6584867710299,
           "ema_span_1": 1322.8976553271889,
           "enabled": false,
           "initial_eprice_ema_dist": 0.0037418887079375407,
           "initial_qty_pct": 0.02842594724669629,
           "markup_range": 0.01737692700211925,
           "min_markup": 0.005385740750483214,
           "n_close_orders": 11,
           "rentry_pprice_dist": 0.020983796123941446,
           "rentry_pprice_dist_wallet_exposure_weighting": 14.916229650721373,
           "wallet_exposure_limit": 1.0}}