{"config_name": "clock_0days",
 "long": {"backwards_tp": true,
          "delay_between_fills_minutes_close": 500,
          "delay_between_fills_minutes_entry": 494.3644524089167,
          "delay_weight_close": 18.958832999907152,
          "delay_weight_entry": 27.956703185095947,
          "ema_dist_close": -0.08029546951472061,
          "ema_dist_entry": -0.7452773567532541,
          "ema_span_0": 852.3268765985954,
          "ema_span_1": 633.5135796078963,
          "enabled": true,
          "markup_range": 0.04285664656149782,
          "min_markup": 0.009562034647206853,
          "n_close_orders": 10,
          "qty_pct_close": 0.014280160660906722,
          "qty_pct_entry": 0.010440474795860733,
          "wallet_exposure_limit": 0.3,
          "we_multiplier_close": 129.66386074021625,
          "we_multiplier_entry": 134.72682778893937},
 "short": {"backwards_tp": true,
           "delay_between_fills_minutes_close": 149.0998732114722,
           "delay_between_fills_minutes_entry": 340.62783305455963,
           "delay_weight_close": 41.94138335134272,
           "delay_weight_entry": 128.90978373068572,
           "ema_dist_close": -0.5541819023390118,
           "ema_dist_entry": -0.7494004486174258,
           "ema_span_0": 152.19336697180935,
           "ema_span_1": 312.0152984268309,
           "enabled": false,
           "markup_range": 0.01176451779208621,
           "min_markup": 0.05259026448094796,
           "n_close_orders": 4,
           "qty_pct_close": 0.01,
           "qty_pct_entry": 0.01,
           "wallet_exposure_limit": 1.0,
           "we_multiplier_close": 140.11252188735682,
           "we_multiplier_entry": 67.95404290718527}}