{"config_name": "clock_0days",
 "long": {"backwards_tp": true,
          "delay_between_fills_minutes_close": 496.43311038493596,
          "delay_between_fills_minutes_entry": 440.78740843860004,
          "delay_weight_close": 110.09923823614854,
          "delay_weight_entry": 39.02141795307045,
          "ema_dist_close": -0.037537706823227546,
          "ema_dist_entry": 0.006686238656673459,
          "ema_span_0": 602.187804571523,
          "ema_span_1": 111.83855333571518,
          "enabled": true,
          "markup_range": 0.029090858221531186,
          "min_markup": 0.004674053854792035,
          "n_close_orders": 2,
          "qty_pct_close": 0.011815253497952963,
          "qty_pct_entry": 0.014700510726264247,
          "wallet_exposure_limit": 0.3,
          "we_multiplier_close": 34.07422509347487,
          "we_multiplier_entry": 148.58801237507745},
 "short": {"backwards_tp": true,
           "delay_between_fills_minutes_close": 127.93520397493634,
           "delay_between_fills_minutes_entry": 156.04121081870895,
           "delay_weight_close": 96.10964009379374,
           "delay_weight_entry": 85.51025409080353,
           "ema_dist_close": -0.01324062369981216,
           "ema_dist_entry": -0.02729489083816833,
           "ema_span_0": 701.7559510381061,
           "ema_span_1": 1288.4076809130274,
           "enabled": false,
           "markup_range": 0.000432735592935396,
           "min_markup": 0.09827368089352137,
           "n_close_orders": 10,
           "qty_pct_close": 0.9774517983923879,
           "qty_pct_entry": 0.8737970570737835,
           "wallet_exposure_limit": 1.0,
           "we_multiplier_close": 0.6214274403170317,
           "we_multiplier_entry": 83.5920378113291}}