{"config_name": "recursive_grid_0days",
 "logging_level": 0,
 "long": {"auto_unstuck_ema_dist": 0,
          "auto_unstuck_wallet_exposure_threshold": 0.0,
          "backwards_tp": false,
          "ddown_factor": 1.9921443769008294,
          "ema_span_0": 646.5168287697232,
          "ema_span_1": 803.1351644767313,
          "enabled": true,
          "initial_eprice_ema_dist": -0.0851829861424176,
          "initial_qty_pct": 0.001178143340250872,
          "markup_range": 0.05151893974409288,
          "min_markup": 0.00925602704069863,
          "n_close_orders": 6,
          "rentry_pprice_dist": 0.03319873290834743,
          "rentry_pprice_dist_wallet_exposure_weighting": 2.7664715961767086,
          "wallet_exposure_limit": 1},
 "short": {"auto_unstuck_ema_dist": -0.04303121334748871,
           "auto_unstuck_wallet_exposure_threshold": 0.0449983718967118,
           "backwards_tp": false,
           "ddown_factor": 1.1739008454562583,
           "ema_span_0": 759.1582009293014,
           "ema_span_1": 604.4070107208769,
           "enabled": false,
           "initial_eprice_ema_dist": -0.09042965444229972,
           "initial_qty_pct": 0.020585299443516836,
           "markup_range": 0.03726821758458475,
           "min_markup": 0.0019484454599300125,
           "n_close_orders": 4,
           "rentry_pprice_dist": 0.028808606850780558,
           "rentry_pprice_dist_wallet_exposure_weighting": 17.424437103486078,
           "wallet_exposure_limit": 1.0}}