{"config_name": "recursive_grid_0days",
 "logging_level": 0,
 "long": {"auto_unstuck_ema_dist": 0.0013623372491474845,
          "auto_unstuck_wallet_exposure_threshold": 0.09999107487195405,
          "backwards_tp": true,
          "ddown_factor": 1.9207466040274268,
          "ema_span_0": 257.8048594599739,
          "ema_span_1": 177.06556554333653,
          "enabled": true,
          "initial_eprice_ema_dist": -0.09858442291884617,
          "initial_qty_pct": 0.01540626794105279,
          "markup_range": 0.004975742943558314,
          "min_markup": 0.0022864039364554494,
          "n_close_orders": 6,
          "rentry_pprice_dist": 0.02936786263587313,
          "rentry_pprice_dist_wallet_exposure_weighting": 1.4957956859861714e-09,
          "wallet_exposure_limit": 0.1},
 "short": {"auto_unstuck_ema_dist": 0.05875338637070312,
           "auto_unstuck_wallet_exposure_threshold": 0.46503744998963065,
           "backwards_tp": true,
           "ddown_factor": 0.7608021469707675,
           "ema_span_0": 1695.8116660734674,
           "ema_span_1": 1590.652673735455,
           "enabled": false,
           "initial_eprice_ema_dist": -0.06402233991204288,
           "initial_qty_pct": 0.02275684174769415,
           "markup_range": 0.012601491247317641,
           "min_markup": 0.006521610997013944,
           "n_close_orders": 11,
           "rentry_pprice_dist": 0.03592056172044692,
           "rentry_pprice_dist_wallet_exposure_weighting": 65.6625543000924,
           "wallet_exposure_limit": 0.1}}