{"config_name": "clock_0days",
 "long": {"backwards_tp": true,
          "delay_between_fills_minutes_close": 490.35897007641614,
          "delay_between_fills_minutes_entry": 293.57556256414034,
          "delay_weight_close": 109.26947162212846,
          "delay_weight_entry": 33.01095896844152,
          "ema_dist_close": -0.06743267406335039,
          "ema_dist_entry": 0.012346063447245427,
          "ema_span_0": 631.4906952747282,
          "ema_span_1": 748.0475633296631,
          "enabled": true,
          "markup_range": 0.02416320847606823,
          "min_markup": 0.009703864721626309,
          "n_close_orders": 5,
          "qty_pct_close": 0.019939754596317444,
          "qty_pct_entry": 0.015797729452348683,
          "wallet_exposure_limit": 0.3,
          "we_multiplier_close": 87.63001859088844,
          "we_multiplier_entry": 144.80817683615552},
 "short": {"backwards_tp": true,
           "delay_between_fills_minutes_close": 173.51846703805305,
           "delay_between_fills_minutes_entry": 363.9732900737332,
           "delay_weight_close": 18.27801356626947,
           "delay_weight_entry": 17.58906423977791,
           "ema_dist_close": -0.009773747673758298,
           "ema_dist_entry": -0.003103247660958021,
           "ema_span_0": 178.15320973607456,
           "ema_span_1": 893.4714636194644,
           "enabled": false,
           "markup_range": 0.02554513796421878,
           "min_markup": 0.06671925385700551,
           "n_close_orders": 8,
           "qty_pct_close": 0.6470702020775436,
           "qty_pct_entry": 0.8873078159885156,
           "wallet_exposure_limit": 1.0,
           "we_multiplier_close": 4.573434521292825,
           "we_multiplier_entry": 60.78541789600924}}