{"config_name": "clock_0days",
 "long": {"backwards_tp": true,
          "delay_between_fills_minutes_close": 473.1610099338922,
          "delay_between_fills_minutes_entry": 273.812939425339,
          "delay_weight_close": 73.99651054273666,
          "delay_weight_entry": 27.920619570977784,
          "ema_dist_close": -0.21413789973238306,
          "ema_dist_entry": 0.009421579320980644,
          "ema_span_0": 414.51830486438496,
          "ema_span_1": 442.47015006781663,
          "enabled": true,
          "markup_range": 0.019418426583670267,
          "min_markup": 0.01,
          "n_close_orders": 5,
          "qty_pct_close": 0.01,
          "qty_pct_entry": 0.01,
          "wallet_exposure_limit": 0.3,
          "we_multiplier_close": 6.629123729952463,
          "we_multiplier_entry": 49.430149663031905},
 "short": {"backwards_tp": true,
           "delay_between_fills_minutes_close": 127.44131134861878,
           "delay_between_fills_minutes_entry": 257.9780093787503,
           "delay_weight_close": 24.530891186024416,
           "delay_weight_entry": 59.544987570699526,
           "ema_dist_close": -0.0241594819023919,
           "ema_dist_entry": 0.0013710123413742253,
           "ema_span_0": 402.6152434916176,
           "ema_span_1": 1270.1591154696684,
           "enabled": false,
           "markup_range": 0.010195688633657031,
           "min_markup": 0.07007825383333947,
           "n_close_orders": 15,
           "qty_pct_close": 0.21806242794319938,
           "qty_pct_entry": 0.4198360880842662,
           "wallet_exposure_limit": 1.0,
           "we_multiplier_close": 4.192787196464753,
           "we_multiplier_entry": 59.4555810438831}}