{"config_name": "neat_grid_0days",
 "logging_level": 0,
 "long": {"auto_unstuck_ema_dist": 1.8697209781551316e-05,
          "auto_unstuck_wallet_exposure_threshold": 0.04959006922927953,
          "backwards_tp": false,
          "ema_span_0": 1081.1722617825098,
          "ema_span_1": 1087.583832714902,
          "enabled": true,
          "eprice_exp_base": 1.1028782517114384,
          "eqty_exp_base": 1.870672819880465,
          "grid_span": 0.10195568223767505,
          "initial_eprice_ema_dist": -0.004770921177770201,
          "initial_qty_pct": 0.01,
          "markup_range": 0.006541766290990575,
          "max_n_entry_orders": 14,
          "min_markup": 0.004275,
          "n_close_orders": 1,
          "wallet_exposure_limit": 1},
 "short": {"auto_unstuck_ema_dist": -0.040284958186144235,
           "auto_unstuck_wallet_exposure_threshold": 0.07330017865334384,
           "backwards_tp": false,
           "ema_span_0": 1067.0781629657586,
           "ema_span_1": 950.9917175325376,
           "enabled": false,
           "eprice_exp_base": 2.2273452857749785,
           "eqty_exp_base": 3.0965155274693683,
           "grid_span": 0.1969704141628312,
           "initial_eprice_ema_dist": -0.07446632782836769,
           "initial_qty_pct": 0.07248267912663094,
           "markup_range": 0.028898689841020415,
           "max_n_entry_orders": 13,
           "min_markup": 0.0029852965360058987,
           "n_close_orders": 10,
           "wallet_exposure_limit": 1}}