{"config_name": "neat_grid_0days",
 "logging_level": 0,
 "long": {"auto_unstuck_ema_dist": 0,
          "auto_unstuck_wallet_exposure_threshold": 0,
          "backwards_tp": true,
          "ema_span_0": 10,
          "ema_span_1": 11.706930488521877,
          "enabled": true,
          "eprice_exp_base": 1.1765385799521604,
          "eqty_exp_base": 1.8291471488529767,
          "grid_span": 0.3669344374629855,
          "initial_eprice_ema_dist": -0.0694673637517988,
          "initial_qty_pct": 0.01730808105502263,
          "markup_range": 0.02845593445352973,
          "max_n_entry_orders": 8,
          "min_markup": 0.002,
          "n_close_orders": 5,
          "wallet_exposure_limit": 1},
 "short": {"auto_unstuck_ema_dist": 0,
           "auto_unstuck_wallet_exposure_threshold": 0,
           "backwards_tp": true,
           "ema_span_0": 3125.068400622673,
           "ema_span_1": 9408.339587709132,
           "enabled": true,
           "eprice_exp_base": 2.6022290963059915,
           "eqty_exp_base": 2.9846371264940386,
           "grid_span": 0.33930198969586006,
           "initial_eprice_ema_dist": -0.06844847967394793,
           "initial_qty_pct": 0.034827277546031286,
           "markup_range": 0.016829206099749548,
           "max_n_entry_orders": 16,
           "min_markup": 0.009981010056133938,
           "n_close_orders": 15,
           "wallet_exposure_limit": 0.1}}