{"config_name": "recursive_grid_0days",
 "logging_level": 0,
 "long": {"auto_unstuck_ema_dist": 0.004715805207019029,
          "auto_unstuck_wallet_exposure_threshold": 0.05247634278130767,
          "backwards_tp": true,
          "ddown_factor": 1.4906594561152815,
          "ema_span_0": 663.4426474489693,
          "ema_span_1": 1255.6426775481139,
          "enabled": true,
          "initial_eprice_ema_dist": 0.014911989938788388,
          "initial_qty_pct": 0.012410033748040259,
          "markup_range": 0.006667250762000247,
          "min_markup": 0.0032067158852028097,
          "n_close_orders": 3,
          "rentry_pprice_dist": 0.023805088988354494,
          "rentry_pprice_dist_wallet_exposure_weighting": 3.8506956301097532,
          "wallet_exposure_limit": 0.3},
 "short": {"auto_unstuck_ema_dist": -0.09142242315739288,
           "auto_unstuck_wallet_exposure_threshold": 0.05525367990416977,
           "backwards_tp": true,
           "ddown_factor": 2.1224342436084593,
           "ema_span_0": 518.6783544131963,
           "ema_span_1": 1359.6067572851277,
           "enabled": false,
           "initial_eprice_ema_dist": -0.05124672725436115,
           "initial_qty_pct": 0.09314637935425818,
           "markup_range": 0.03991764970578158,
           "min_markup": 0.0012249081604531768,
           "n_close_orders": 4,
           "rentry_pprice_dist": 0.015238776999583835,
           "rentry_pprice_dist_wallet_exposure_weighting": 8.114244163059595,
           "wallet_exposure_limit": 1.0}}