{"config_name": "recursive_grid_0days",
 "logging_level": 0,
 "long": {"auto_unstuck_ema_dist": 0,
          "auto_unstuck_wallet_exposure_threshold": 0.0,
          "backwards_tp": true,
          "ddown_factor": 2.9288100160230646,
          "ema_span_0": 404.476320464933,
          "ema_span_1": 52.65016564044956,
          "enabled": true,
          "initial_eprice_ema_dist": -0.09686045931572955,
          "initial_qty_pct": 0.012179248702924046,
          "markup_range": 0.001119590574113736,
          "min_markup": 0.0028144452827255115,
          "n_close_orders": 11,
          "rentry_pprice_dist": 0.03476268280561235,
          "rentry_pprice_dist_wallet_exposure_weighting": 1.5103596144948161,
          "wallet_exposure_limit": 0.3},
 "short": {"auto_unstuck_ema_dist": -0.022577128346286668,
           "auto_unstuck_wallet_exposure_threshold": 0.05729757756129951,
           "backwards_tp": true,
           "ddown_factor": 1.6241654834423307,
           "ema_span_0": 1386.3858214626391,
           "ema_span_1": 221.81979309472726,
           "enabled": false,
           "initial_eprice_ema_dist": -0.052617291258314845,
           "initial_qty_pct": 0.034391223893466875,
           "markup_range": 0.047385276907869554,
           "min_markup": 0.0033734180253074597,
           "n_close_orders": 3,
           "rentry_pprice_dist": 0.023567864361388476,
           "rentry_pprice_dist_wallet_exposure_weighting": 14.534378065340476,
           "wallet_exposure_limit": 1}}