{"config_name": "recursive_grid_0days",
 "logging_level": 0,
 "long": {"auto_unstuck_ema_dist": 0,
          "auto_unstuck_wallet_exposure_threshold": 0.0,
          "backwards_tp": false,
          "ddown_factor": 1.8117093421702373,
          "ema_span_0": 72.10330455721207,
          "ema_span_1": 101.94870490664624,
          "enabled": true,
          "initial_eprice_ema_dist": -0.0006437708209547408,
          "initial_qty_pct": 0.003908519341956499,
          "markup_range": 0.053734381659000775,
          "min_markup": 0.00270102246370465,
          "n_close_orders": 7,
          "rentry_pprice_dist": 0.02949634952899795,
          "rentry_pprice_dist_wallet_exposure_weighting": 0.0,
          "wallet_exposure_limit": 1},
 "short": {"auto_unstuck_ema_dist": -0.00019622968833060694,
           "auto_unstuck_wallet_exposure_threshold": 0.04484075417920193,
           "backwards_tp": false,
           "ddown_factor": 2.1121772351962655,
           "ema_span_0": 532.3998422391721,
           "ema_span_1": 50.07692525797333,
           "enabled": false,
           "initial_eprice_ema_dist": -0.07090831103771372,
           "initial_qty_pct": 0.05764880148472,
           "markup_range": 0.053628942369801494,
           "min_markup": 0.008469155209368757,
           "n_close_orders": 11,
           "rentry_pprice_dist": 0.028402863404190674,
           "rentry_pprice_dist_wallet_exposure_weighting": 6.450363882232253,
           "wallet_exposure_limit": 1}}