{"config_name": "clock_0days",
 "long": {"backwards_tp": true,
          "delay_between_fills_minutes_close": 418.68387020062545,
          "delay_between_fills_minutes_entry": 469.85498497483195,
          "delay_weight_close": 93.04011165326689,
          "delay_weight_entry": 33.73546647539731,
          "ema_dist_close": -0.6880000425546658,
          "ema_dist_entry": 0.014182864905960551,
          "ema_span_0": 773.1742153044826,
          "ema_span_1": 173.69078529506643,
          "enabled": true,
          "markup_range": 0.029815946493535302,
          "min_markup": 0.01,
          "n_close_orders": 5,
          "qty_pct_close": 0.017256399244743308,
          "qty_pct_entry": 0.01812596962267792,
          "wallet_exposure_limit": 0.3,
          "we_multiplier_close": 0.14463132867968556,
          "we_multiplier_entry": 94.81078313377819},
 "short": {"backwards_tp": true,
           "delay_between_fills_minutes_close": 65.15219490133248,
           "delay_between_fills_minutes_entry": 321.6760537168408,
           "delay_weight_close": 96.9996161883566,
           "delay_weight_entry": 39.98021725441417,
           "ema_dist_close": -0.029442642417983902,
           "ema_dist_entry": -0.041037168849338786,
           "ema_span_0": 232.22425480546298,
           "ema_span_1": 225.02587830793607,
           "enabled": false,
           "markup_range": 0.03960573095877587,
           "min_markup": 0.002536774784186213,
           "n_close_orders": 5,
           "qty_pct_close": 0.263646892279437,
           "qty_pct_entry": 0.06913098912220458,
           "wallet_exposure_limit": 1.0,
           "we_multiplier_close": 9.766131473543773,
           "we_multiplier_entry": 58.54831557604678}}