{"config_name": "clock_0days",
 "long": {"backwards_tp": false,
          "delay_between_fills_minutes_close": 1399.4651180126375,
          "delay_between_fills_minutes_entry": 670.2324585235053,
          "delay_weight_close": 74.67198602213217,
          "delay_weight_entry": 21.251061108554552,
          "ema_dist_close": -7.785590939462673e-05,
          "ema_dist_entry": -0.043346152123762006,
          "ema_span_0": 222.55258344506274,
          "ema_span_1": 1419.2105283976184,
          "enabled": true,
          "markup_range": 0.031029216196124428,
          "min_markup": 0.006772136155847965,
          "n_close_orders": 15,
          "qty_pct_close": 0.03889169966812338,
          "qty_pct_entry": 0.01,
          "wallet_exposure_limit": 0.2,
          "we_multiplier_close": 0.06402275299754545,
          "we_multiplier_entry": 23.751448025636986},
 "short": {"backwards_tp": false,
           "delay_between_fills_minutes_close": 235.00014077597876,
           "delay_between_fills_minutes_entry": 744.2980587041426,
           "delay_weight_close": 24.510659836874538,
           "delay_weight_entry": 13.737964180435892,
           "ema_dist_close": -0.027849795175623544,
           "ema_dist_entry": -0.03829273798590004,
           "ema_span_0": 821.5726269806887,
           "ema_span_1": 168.29909017568292,
           "enabled": false,
           "markup_range": 0.018050910632634396,
           "min_markup": 0.0032766347667202923,
           "n_close_orders": 13,
           "qty_pct_close": 0.012382736228784514,
           "qty_pct_entry": 0.06490700369385927,
           "wallet_exposure_limit": 1.0,
           "we_multiplier_close": 20.666861194688092,
           "we_multiplier_entry": 86.91133580933344}}