{"config_name": "clock_0days",
 "long": {"backwards_tp": true,
          "delay_between_fills_minutes_close": 729.2475764204295,
          "delay_between_fills_minutes_entry": 939.773334359368,
          "delay_weight_close": 0,
          "delay_weight_entry": 15.458984483632452,
          "ema_dist_close": -0.0016015996143853798,
          "ema_dist_entry": 0.0027508639910285315,
          "ema_span_0": 886.6818630682466,
          "ema_span_1": 295.2997381997293,
          "enabled": true,
          "markup_range": 0.005175312205237156,
          "min_markup": 0.00792956465053037,
          "n_close_orders": 2,
          "qty_pct_close": 0.005007477628923762,
          "qty_pct_entry": 0.0104867313186935,
          "wallet_exposure_limit": 0.2,
          "we_multiplier_close": 0.47394147354422705,
          "we_multiplier_entry": 187.46824433111752},
 "short": {"backwards_tp": true,
           "delay_between_fills_minutes_close": 1201.5115733031062,
           "delay_between_fills_minutes_entry": 226.12923865215538,
           "delay_weight_close": 53.50403865775429,
           "delay_weight_entry": 23.75272388537113,
           "ema_dist_close": -0.005049017206277241,
           "ema_dist_entry": -0.04870834010670538,
           "ema_span_0": 1075.0195215304639,
           "ema_span_1": 1336.7655708025313,
           "enabled": false,
           "markup_range": 0.027821087698468434,
           "min_markup": 0.0011192586393650712,
           "n_close_orders": 11,
           "qty_pct_close": 0.020900855030779833,
           "qty_pct_entry": 0.014974377064346,
           "wallet_exposure_limit": 1.0,
           "we_multiplier_close": 70.71542461537592,
           "we_multiplier_entry": 75.35841517323921}}