{"config_name": "recursive_grid_0days",
 "logging_level": 0,
 "long": {"auto_unstuck_ema_dist": 0,
          "auto_unstuck_wallet_exposure_threshold": 0.0,
          "backwards_tp": false,
          "ddown_factor": 1.6995257736505542,
          "ema_span_0": 826.1046978266683,
          "ema_span_1": 600.1892863664563,
          "enabled": true,
          "initial_eprice_ema_dist": -0.06436892213297926,
          "initial_qty_pct": 0.0019077798269008135,
          "markup_range": 0.01907129260056326,
          "min_markup": 0.004957019989091117,
          "n_close_orders": 3,
          "rentry_pprice_dist": 0.022847246149207766,
          "rentry_pprice_dist_wallet_exposure_weighting": 1.0734260168892098,
          "wallet_exposure_limit": 0.2},
 "short": {"auto_unstuck_ema_dist": -0.08988721353470885,
           "auto_unstuck_wallet_exposure_threshold": 0.05855116353881254,
           "backwards_tp": false,
           "ddown_factor": 0.9566222305700021,
           "ema_span_0": 721.0749144332009,
           "ema_span_1": 538.6384848743229,
           "enabled": false,
           "initial_eprice_ema_dist": -0.049136856233839905,
           "initial_qty_pct": 0.02038769675257559,
           "markup_range": 0.0029282217344870354,
           "min_markup": 0.006386638586915954,
           "n_close_orders": 2,
           "rentry_pprice_dist": 0.019778301234999716,
           "rentry_pprice_dist_wallet_exposure_weighting": 4.217611845878679,
           "wallet_exposure_limit": 1.0}}