{"config_name": "emas_0days",
 "long": {"delay_between_fills_minutes_close": 500,
          "delay_between_fills_minutes_entry": 394.82053236000695,
          "delay_weight_close": 36.82858403867205,
          "delay_weight_entry": 33.02056070977046,
          "ema_dist_lower": -0.7572562350987533,
          "ema_dist_upper": -0.06938504028552736,
          "ema_span_0": 860.154628090332,
          "ema_span_1": 3732.3181645605346,
          "enabled": true,
          "markup_range": 0.022556756348784592,
          "min_markup": 0.01781467330669715,
          "n_close_orders": 3,
          "qty_pct_close": 0.1660011029150436,
          "qty_pct_entry": 0.005515612867522179,
          "wallet_exposure_limit": 0.25,
          "we_multiplier_close": 130.24608685528088,
          "we_multiplier_entry": 76.5046333505542},
 "short": {"delay_between_fills_minutes_close": 375.93913863820694,
           "delay_between_fills_minutes_entry": 383.15773408830125,
           "delay_weight_close": 19.274231555701533,
           "delay_weight_entry": 7.501706873862119,
           "ema_dist_lower": 0.016151039849022997,
           "ema_dist_upper": -0.39406568197446856,
           "ema_span_0": 430.11565995723186,
           "ema_span_1": 1583.536165812115,
           "enabled": true,
           "markup_range": 0.002570613821873527,
           "min_markup": 0.0021253905738242286,
           "n_close_orders": 3,
           "qty_pct_close": 0.001,
           "qty_pct_entry": 0.013849501357874737,
           "wallet_exposure_limit": 0.1,
           "we_multiplier_close": 0.26645946179485236,
           "we_multiplier_entry": 8.401995591142235}}