{"config_name": "recursive_grid_0days",
 "logging_level": 0,
 "long": {"auto_unstuck_ema_dist": 0,
          "auto_unstuck_wallet_exposure_threshold": 0.0,
          "backwards_tp": true,
          "ddown_factor": 2.833120811071211,
          "ema_span_0": 566.9480018711528,
          "ema_span_1": 1180.4374549415306,
          "enabled": true,
          "initial_eprice_ema_dist": 0.002976187088508866,
          "initial_qty_pct": 0.014144527552872661,
          "markup_range": 0.0027492085991789486,
          "min_markup": 0.00893463028492594,
          "n_close_orders": 2,
          "rentry_pprice_dist": 0.03965785826417181,
          "rentry_pprice_dist_wallet_exposure_weighting": 1.062779974772976,
          "wallet_exposure_limit": 0.3},
 "short": {"auto_unstuck_ema_dist": -0.030605106907928184,
           "auto_unstuck_wallet_exposure_threshold": 0.06841953632510217,
           "backwards_tp": true,
           "ddown_factor": 0.3355694493647915,
           "ema_span_0": 1019.3521714148758,
           "ema_span_1": 1284.7884764569244,
           "enabled": false,
           "initial_eprice_ema_dist": -0.05166147139115527,
           "initial_qty_pct": 0.04085787593801773,
           "markup_range": 0.03939155878274848,
           "min_markup": 0.00814456576811393,
           "n_close_orders": 5,
           "rentry_pprice_dist": 0.031984632814010455,
           "rentry_pprice_dist_wallet_exposure_weighting": 14.029521771581768,
           "wallet_exposure_limit": 1}}