{"config_name": "clock_0days",
 "long": {"backwards_tp": true,
          "delay_between_fills_minutes_close": 429.958490750043,
          "delay_between_fills_minutes_entry": 247.14736744743018,
          "delay_weight_close": 7.734233114303025,
          "delay_weight_entry": 18.554509514963417,
          "ema_dist_close": -0.009673720001989239,
          "ema_dist_entry": 0.012948139771951177,
          "ema_span_0": 97.83095685789522,
          "ema_span_1": 754.8201767548434,
          "enabled": true,
          "markup_range": 0.01643742893145015,
          "min_markup": 0.006556387293146414,
          "n_close_orders": 4,
          "qty_pct_close": 0.014522262283135806,
          "qty_pct_entry": 0.010303936444888253,
          "wallet_exposure_limit": 0.3,
          "we_multiplier_close": 0,
          "we_multiplier_entry": 117.76949404230758},
 "short": {"backwards_tp": false,
           "delay_between_fills_minutes_close": 10.329667321530337,
           "delay_between_fills_minutes_entry": 961.7804896288711,
           "delay_weight_close": 84.14559473636628,
           "delay_weight_entry": 44.53907751961902,
           "ema_dist_close": -0.014804326100897242,
           "ema_dist_entry": -0.004246471100046036,
           "ema_span_0": 503.2669364186561,
           "ema_span_1": 560.2991756535014,
           "enabled": false,
           "markup_range": 0.0809695631884865,
           "min_markup": 0.001233400470495497,
           "n_close_orders": 13,
           "qty_pct_close": 0.635186741996754,
           "qty_pct_entry": 0.4580744212799477,
           "wallet_exposure_limit": 1.0,
           "we_multiplier_close": 6.893384545297332,
           "we_multiplier_entry": 56.73548815130939}}