{"config_name": "recursive_grid_0days",
 "logging_level": 0,
 "long": {"auto_unstuck_ema_dist": 0.01922389155856884,
          "auto_unstuck_wallet_exposure_threshold": 0.03965686332442664,
          "backwards_tp": true,
          "ddown_factor": 1.155394921711802,
          "ema_span_0": 703.9126403965013,
          "ema_span_1": 727.7199295314102,
          "enabled": true,
          "initial_eprice_ema_dist": -0.00026628917336038416,
          "initial_qty_pct": 0.021559284267222038,
          "markup_range": 0.0007508032149931749,
          "min_markup": 0.004034377101156397,
          "n_close_orders": 7,
          "rentry_pprice_dist": 0.029911853474711245,
          "rentry_pprice_dist_wallet_exposure_weighting": 0.0,
          "wallet_exposure_limit": 1},
 "short": {"auto_unstuck_ema_dist": 0.09238125019126874,
           "auto_unstuck_wallet_exposure_threshold": 0.07281287026813935,
           "backwards_tp": true,
           "ddown_factor": 0.3196038167048637,
           "ema_span_0": 2805.875019739573,
           "ema_span_1": 4697.243999180008,
           "enabled": false,
           "initial_eprice_ema_dist": -0.09836225814674922,
           "initial_qty_pct": 0.015,
           "markup_range": 0.023214050984341983,
           "min_markup": 0.0022574494594589517,
           "n_close_orders": 8,
           "rentry_pprice_dist": 0.006932333809376403,
           "rentry_pprice_dist_wallet_exposure_weighting": 53.500039360489986,
           "wallet_exposure_limit": 0.1}}