{"config_name": "clock_0days",
 "long": {"backwards_tp": true,
          "delay_between_fills_minutes_close": 277.58853990064335,
          "delay_between_fills_minutes_entry": 415.1614539168558,
          "delay_weight_close": 58.78121738407761,
          "delay_weight_entry": 20.016758954991815,
          "ema_dist_close": -0.012777251256316124,
          "ema_dist_entry": -0.0011469833464057165,
          "ema_span_0": 1539.368938524042,
          "ema_span_1": 653.3959665629545,
          "enabled": true,
          "markup_range": 0.012033171071514364,
          "min_markup": 0.003946526422362417,
          "n_close_orders": 8,
          "qty_pct_close": 0.019464415646309942,
          "qty_pct_entry": 0.010211769682707017,
          "wallet_exposure_limit": 0.3,
          "we_multiplier_close": 1.7680190400666174,
          "we_multiplier_entry": 108.25829812146148},
 "short": {"backwards_tp": true,
           "delay_between_fills_minutes_close": 56.35609073138148,
           "delay_between_fills_minutes_entry": 568.7576410108611,
           "delay_weight_close": 49.48787310578204,
           "delay_weight_entry": 19.745845579232736,
           "ema_dist_close": -0.02488656940396776,
           "ema_dist_entry": -0.025183447718814,
           "ema_span_0": 344.31195614283513,
           "ema_span_1": 936.9922512775016,
           "enabled": false,
           "markup_range": 0.07556254875142715,
           "min_markup": 0.0878527647622642,
           "n_close_orders": 5,
           "qty_pct_close": 0.6436463995099061,
           "qty_pct_entry": 0.2755397738780796,
           "wallet_exposure_limit": 1.0,
           "we_multiplier_close": 0.8106296730005014,
           "we_multiplier_entry": 98.38366173748987}}