{"config_name": "recursive_grid_0days",
 "logging_level": 0,
 "long": {"auto_unstuck_ema_dist": 0,
          "auto_unstuck_wallet_exposure_threshold": 0.0,
          "backwards_tp": false,
          "ddown_factor": 1.1166424858367021,
          "ema_span_0": 310.469441728711,
          "ema_span_1": 490.26468666889673,
          "enabled": true,
          "initial_eprice_ema_dist": -0.10593534169248968,
          "initial_qty_pct": 0.0012075047929575207,
          "markup_range": 0.04678760963057419,
          "min_markup": 0.010302035923252273,
          "n_close_orders": 6,
          "rentry_pprice_dist": 0.03401770840504455,
          "rentry_pprice_dist_wallet_exposure_weighting": 3.766359546835336,
          "wallet_exposure_limit": 0.2},
 "short": {"auto_unstuck_ema_dist": 0.0016872687774408812,
           "auto_unstuck_wallet_exposure_threshold": 0.035715789969282374,
           "backwards_tp": false,
           "ddown_factor": 2.1083979188077926,
           "ema_span_0": 413.6234695772485,
           "ema_span_1": 309.2835813277255,
           "enabled": false,
           "initial_eprice_ema_dist": -0.010221974334177764,
           "initial_qty_pct": 0.06317235043055543,
           "markup_range": 0.01606727753435631,
           "min_markup": 0.001798785316250752,
           "n_close_orders": 7,
           "rentry_pprice_dist": 0.02453018568934551,
           "rentry_pprice_dist_wallet_exposure_weighting": 8.08507427163681,
           "wallet_exposure_limit": 1.0}}