{"config_name": "clock_0days",
 "long": {"backwards_tp": true,
          "delay_between_fills_minutes_close": 426.20338668487847,
          "delay_between_fills_minutes_entry": 370.8117041300546,
          "delay_weight_close": 47.890411792523714,
          "delay_weight_entry": 26.962172505265485,
          "ema_dist_close": -0.06692964688068254,
          "ema_dist_entry": 0.010484623182629604,
          "ema_span_0": 875.4041302491484,
          "ema_span_1": 396.7041637727498,
          "enabled": true,
          "markup_range": 0.028618203221096473,
          "min_markup": 0.009237127928383972,
          "n_close_orders": 7,
          "qty_pct_close": 0.010755356370648558,
          "qty_pct_entry": 0.015594219660993735,
          "wallet_exposure_limit": 0.3,
          "we_multiplier_close": 21.248858696715473,
          "we_multiplier_entry": 108.0548141193091},
 "short": {"backwards_tp": true,
           "delay_between_fills_minutes_close": 145.78870227251124,
           "delay_between_fills_minutes_entry": 507.5174946159458,
           "delay_weight_close": 2.632608081676824,
           "delay_weight_entry": 24.008067021694977,
           "ema_dist_close": -0.029577900840207734,
           "ema_dist_entry": -0.027794029336875345,
           "ema_span_0": 373.91391648784276,
           "ema_span_1": 432.58350467271237,
           "enabled": false,
           "markup_range": 0.006714348227438682,
           "min_markup": 0.08064990013443389,
           "n_close_orders": 12,
           "qty_pct_close": 0.23121900946136079,
           "qty_pct_entry": 0.27050365520492103,
           "wallet_exposure_limit": 1.0,
           "we_multiplier_close": 5.632926376208549,
           "we_multiplier_entry": 90.76044541253788}}