{"config_name": "recursive_grid_0days",
 "logging_level": 0,
 "long": {"auto_unstuck_ema_dist": 0.0006407306180948944,
          "auto_unstuck_wallet_exposure_threshold": 0.1463883460186901,
          "backwards_tp": true,
          "ddown_factor": 2.4088333731688842,
          "ema_span_0": 151.5853879854044,
          "ema_span_1": 230.82694454445902,
          "enabled": true,
          "initial_eprice_ema_dist": -0.0885887820513408,
          "initial_qty_pct": 0.014772795083057648,
          "markup_range": 0.002248303649885211,
          "min_markup": 0.0030362456558115183,
          "n_close_orders": 6,
          "rentry_pprice_dist": 0.029538088784603928,
          "rentry_pprice_dist_wallet_exposure_weighting": 0.6325484755143022,
          "wallet_exposure_limit": 0.1},
 "short": {"auto_unstuck_ema_dist": 0.06282943712663684,
           "auto_unstuck_wallet_exposure_threshold": 0.4847217516423848,
           "backwards_tp": true,
           "ddown_factor": 0.09601807464338888,
           "ema_span_0": 1157.8539901441088,
           "ema_span_1": 3017.3043824397714,
           "enabled": false,
           "initial_eprice_ema_dist": -0.01988640093812468,
           "initial_qty_pct": 0.011154802326547295,
           "markup_range": 0.00772672271731612,
           "min_markup": 0.009664045876549744,
           "n_close_orders": 12,
           "rentry_pprice_dist": 0.02821131727445401,
           "rentry_pprice_dist_wallet_exposure_weighting": 49.0713507705158,
           "wallet_exposure_limit": 0.1}}