{"config_name": "clock_0days",
 "long": {"delay_between_fills_minutes_close": 198.59590097043355,
          "delay_between_fills_minutes_entry": 1032.531257901369,
          "delay_weight_close": 2.3910763636768544,
          "delay_weight_entry": 5.5203717305992015,
          "ema_dist_lower": 0.0043806019508263044,
          "ema_dist_upper": 0.0037629608625970794,
          "ema_span_0": 1268.4078250539703,
          "ema_span_1": 84.87518319731271,
          "enabled": true,
          "markup_range": 0.08172526857538366,
          "min_markup": 0.07480857436656393,
          "n_close_orders": 10,
          "qty_pct_close": 0.061834773899803526,
          "qty_pct_entry": 0.02,
          "wallet_exposure_limit": 0.25,
          "we_multiplier_close": 2.8774764916098543,
          "we_multiplier_entry": 65.17614501485299},
 "short": {"delay_between_fills_minutes_close": 465.0383485148929,
           "delay_between_fills_minutes_entry": 1087.637114727768,
           "delay_weight_close": 2.72265204100128,
           "delay_weight_entry": 2.0198473211347387,
           "ema_dist_lower": 0.0058496695138503235,
           "ema_dist_upper": 0.0004536477207071291,
           "ema_span_0": 1440,
           "ema_span_1": 2319.2447533404675,
           "enabled": true,
           "markup_range": 0.1,
           "min_markup": 0.005421559524958319,
           "n_close_orders": 2,
           "qty_pct_close": 0.06042006968984076,
           "qty_pct_entry": 0.030518411508732704,
           "wallet_exposure_limit": 0.1,
           "we_multiplier_close": 7.8953313535872995,
           "we_multiplier_entry": 40.88429558585941}}