{"config_name": "recursive_grid_0days",
 "logging_level": 0,
 "long": {"auto_unstuck_ema_dist": 0,
          "auto_unstuck_wallet_exposure_threshold": 0.0,
          "backwards_tp": false,
          "ddown_factor": 2.389809209832031,
          "ema_span_0": 44.53811201144203,
          "ema_span_1": 68.75819115623347,
          "enabled": true,
          "initial_eprice_ema_dist": -0.06467439040070215,
          "initial_qty_pct": 0.004126084110585593,
          "markup_range": 0.012733199856516867,
          "min_markup": 0.00554147993931667,
          "n_close_orders": 4,
          "rentry_pprice_dist": 0.008584764630856032,
          "rentry_pprice_dist_wallet_exposure_weighting": 0.3044282759654266,
          "wallet_exposure_limit": 0.2},
 "short": {"auto_unstuck_ema_dist": -0.03852730792745651,
           "auto_unstuck_wallet_exposure_threshold": 0.09964644657668585,
           "backwards_tp": false,
           "ddown_factor": 0.4861583722843924,
           "ema_span_0": 1036.4977388957382,
           "ema_span_1": 568.4184779124579,
           "enabled": false,
           "initial_eprice_ema_dist": -0.06189477641587348,
           "initial_qty_pct": 0.02811289722431797,
           "markup_range": 0.04626916087761772,
           "min_markup": 0.009820955113526111,
           "n_close_orders": 9,
           "rentry_pprice_dist": 0.005610259627430552,
           "rentry_pprice_dist_wallet_exposure_weighting": 11.790297467923534,
           "wallet_exposure_limit": 1.0}}