{"config_name": "clock_0days",
 "long": {"backwards_tp": true,
          "delay_between_fills_minutes_close": 352.4904254275596,
          "delay_between_fills_minutes_entry": 179.43847584955074,
          "delay_weight_close": 58.036722089221826,
          "delay_weight_entry": 31.13850904964533,
          "ema_dist_close": -0.00012249326556557777,
          "ema_dist_entry": 0.013416586142153188,
          "ema_span_0": 203.01115660347617,
          "ema_span_1": 788.4146000231933,
          "enabled": true,
          "markup_range": 0.017089310186567237,
          "min_markup": 0.0044131880661304156,
          "n_close_orders": 7,
          "qty_pct_close": 0.017232981614342023,
          "qty_pct_entry": 0.014332713298558456,
          "wallet_exposure_limit": 0.3,
          "we_multiplier_close": 26.089541312452113,
          "we_multiplier_entry": 105.87096632080835},
 "short": {"backwards_tp": true,
           "delay_between_fills_minutes_close": 103.67399951276053,
           "delay_between_fills_minutes_entry": 896.0062576940937,
           "delay_weight_close": 7.001820288437366,
           "delay_weight_entry": 7.1660136544253845,
           "ema_dist_close": -0.0009881191514498691,
           "ema_dist_entry": -0.008194373285214177,
           "ema_span_0": 90.47403030487784,
           "ema_span_1": 1318.0901830718326,
           "enabled": false,
           "markup_range": 0.02298877474299045,
           "min_markup": 0.08643301120876073,
           "n_close_orders": 7,
           "qty_pct_close": 0.3590865597782061,
           "qty_pct_entry": 0.9108118031402629,
           "wallet_exposure_limit": 1.0,
           "we_multiplier_close": 0.6712611395494961,
           "we_multiplier_entry": 44.0860150810393}}