{"config_name": "recursive_grid_0days",
 "logging_level": 0,
 "long": {"auto_unstuck_ema_dist": 0,
          "auto_unstuck_wallet_exposure_threshold": 0.0,
          "backwards_tp": false,
          "ddown_factor": 2.3227416509987626,
          "ema_span_0": 818.7322510807033,
          "ema_span_1": 228.7309246945627,
          "enabled": true,
          "initial_eprice_ema_dist": -0.1619851687425539,
          "initial_qty_pct": 0.005776693615474482,
          "markup_range": 0.0493376971228537,
          "min_markup": 0.0009384411348374369,
          "n_close_orders": 8,
          "rentry_pprice_dist": 0.026184448148634867,
          "rentry_pprice_dist_wallet_exposure_weighting": 2.005285330282997,
          "wallet_exposure_limit": 0.2},
 "short": {"auto_unstuck_ema_dist": -0.08756661334447341,
           "auto_unstuck_wallet_exposure_threshold": 0.08090112290629936,
           "backwards_tp": false,
           "ddown_factor": 1.259540993215239,
           "ema_span_0": 165.23723967789454,
           "ema_span_1": 204.9571141767035,
           "enabled": false,
           "initial_eprice_ema_dist": -0.06711727234994344,
           "initial_qty_pct": 0.029191043435660986,
           "markup_range": 0.057595676569162674,
           "min_markup": 0.005662613918291659,
           "n_close_orders": 11,
           "rentry_pprice_dist": 0.005794327463888346,
           "rentry_pprice_dist_wallet_exposure_weighting": 18.303766159326308,
           "wallet_exposure_limit": 1.0}}