{"config_name": "recursive_grid_0days",
 "logging_level": 0,
 "long": {"auto_unstuck_ema_dist": 0.0,
          "auto_unstuck_wallet_exposure_threshold": 0.0,
          "backwards_tp": true,
          "ddown_factor": 0.6054696595987182,
          "ema_span_0": 379.4116958547629,
          "ema_span_1": 251.51135526707677,
          "enabled": true,
          "initial_eprice_ema_dist": -0.21173449162356758,
          "initial_qty_pct": 0.001004263185234179,
          "markup_range": 0.0025737282687072066,
          "min_markup": 0.002705335707481537,
          "n_close_orders": 9,
          "rentry_pprice_dist": 0.022066600378643948,
          "rentry_pprice_dist_wallet_exposure_weighting": 3.1054149835492164,
          "wallet_exposure_limit": 0.1},
 "short": {"auto_unstuck_ema_dist": 0.06069695096998948,
           "auto_unstuck_wallet_exposure_threshold": 0.08831483557049873,
           "backwards_tp": true,
           "ddown_factor": 0.7742741538827983,
           "ema_span_0": 3947.680413448405,
           "ema_span_1": 6606.631428761366,
           "enabled": false,
           "initial_eprice_ema_dist": -0.07871111256788087,
           "initial_qty_pct": 0.015,
           "markup_range": 0.007044696462111581,
           "min_markup": 0.002576450350114139,
           "n_close_orders": 6,
           "rentry_pprice_dist": 0.04098471587083275,
           "rentry_pprice_dist_wallet_exposure_weighting": 78.0896109651071,
           "wallet_exposure_limit": 0.1}}