{"config_name": "clock_0days",
 "long": {"backwards_tp": true,
          "delay_between_fills_minutes_close": 369.10414523913886,
          "delay_between_fills_minutes_entry": 428.8668708849316,
          "delay_weight_close": 76.08119642793483,
          "delay_weight_entry": 25.67457998911053,
          "ema_dist_close": -0.02861913388970023,
          "ema_dist_entry": -0.28368384845114963,
          "ema_span_0": 671.8789637790303,
          "ema_span_1": 662.314817355495,
          "enabled": true,
          "markup_range": 0.02850950554874994,
          "min_markup": 0.009197207695147327,
          "n_close_orders": 9,
          "qty_pct_close": 0.012018177400952807,
          "qty_pct_entry": 0.010854858270882447,
          "wallet_exposure_limit": 0.3,
          "we_multiplier_close": 10.07788824986654,
          "we_multiplier_entry": 18.42190980301036},
 "short": {"backwards_tp": true,
           "delay_between_fills_minutes_close": 48.915746160135804,
           "delay_between_fills_minutes_entry": 1137.2376063511883,
           "delay_weight_close": 71.10437053328126,
           "delay_weight_entry": 28.554445313633327,
           "ema_dist_close": -0.008690687433260381,
           "ema_dist_entry": 0.0013109219649267978,
           "ema_span_0": 14.671898929733473,
           "ema_span_1": 140.60900253601315,
           "enabled": false,
           "markup_range": 0.055544425161212954,
           "min_markup": 0.0404184194125197,
           "n_close_orders": 9,
           "qty_pct_close": 0.9206042909698599,
           "qty_pct_entry": 0.5381452047039216,
           "wallet_exposure_limit": 1.0,
           "we_multiplier_close": 0.16895225806455416,
           "we_multiplier_entry": 37.62885504337401}}