{"config_name": "recursive_grid_0days",
 "logging_level": 0,
 "long": {"auto_unstuck_ema_dist": 0,
          "auto_unstuck_wallet_exposure_threshold": 0.0,
          "backwards_tp": false,
          "ddown_factor": 0.7473879360445157,
          "ema_span_0": 53.47178277838095,
          "ema_span_1": 41.75465177591914,
          "enabled": true,
          "initial_eprice_ema_dist": 0.0003036113382024573,
          "initial_qty_pct": 0.0036927309466758245,
          "markup_range": 0.05876083789481795,
          "min_markup": 0.0024536699698234875,
          "n_close_orders": 27,
          "rentry_pprice_dist": 0.0381446801555319,
          "rentry_pprice_dist_wallet_exposure_weighting": 0.0,
          "wallet_exposure_limit": 1},
 "short": {"auto_unstuck_ema_dist": -0.04143911270018285,
           "auto_unstuck_wallet_exposure_threshold": 0.037301737763325724,
           "backwards_tp": false,
           "ddown_factor": 0.5523665662115418,
           "ema_span_0": 497.1749281551305,
           "ema_span_1": 653.1983599819214,
           "enabled": false,
           "initial_eprice_ema_dist": -0.04539444849165941,
           "initial_qty_pct": 0.07946095477417682,
           "markup_range": 0.007642065045835635,
           "min_markup": 0.007831043845183922,
           "n_close_orders": 4,
           "rentry_pprice_dist": 0.05,
           "rentry_pprice_dist_wallet_exposure_weighting": 14.48875335982624,
           "wallet_exposure_limit": 1.0}}