{"config_name": "clock_0days",
 "long": {"backwards_tp": true,
          "delay_between_fills_minutes_close": 467.21768479491703,
          "delay_between_fills_minutes_entry": 280.24108592439524,
          "delay_weight_close": 137.93519084382183,
          "delay_weight_entry": 38.022398718014195,
          "ema_dist_close": -0.3222263961961462,
          "ema_dist_entry": 0.008505909005840518,
          "ema_span_0": 299.58224455173917,
          "ema_span_1": 524.6362372961553,
          "enabled": true,
          "markup_range": 0.029499418839362985,
          "min_markup": 0.007221185866550478,
          "n_close_orders": 4,
          "qty_pct_close": 0.011656195146720352,
          "qty_pct_entry": 0.01416057798987641,
          "wallet_exposure_limit": 0.3,
          "we_multiplier_close": 18.984260829361734,
          "we_multiplier_entry": 117.98971751203268},
 "short": {"backwards_tp": true,
           "delay_between_fills_minutes_close": 293.62287629603543,
           "delay_between_fills_minutes_entry": 463.03558027547746,
           "delay_weight_close": 17.713028877696384,
           "delay_weight_entry": 100.68379179432486,
           "ema_dist_close": -0.4221295951706081,
           "ema_dist_entry": -0.38216183349511645,
           "ema_span_0": 87.15739977487631,
           "ema_span_1": 267.80878239295197,
           "enabled": false,
           "markup_range": 0.019933508770092458,
           "min_markup": 0.0225321998641098,
           "n_close_orders": 4,
           "qty_pct_close": 0.01,
           "qty_pct_entry": 0.01,
           "wallet_exposure_limit": 1.0,
           "we_multiplier_close": 81.72829527050541,
           "we_multiplier_entry": 69.39044750954201}}