{"config_name": "recursive_grid_0days",
 "logging_level": 0,
 "long": {"auto_unstuck_ema_dist": 0.003148425701572906,
          "auto_unstuck_wallet_exposure_threshold": 0.06730943792997184,
          "backwards_tp": true,
          "ddown_factor": 0.43573352209935207,
          "ema_span_0": 356.06144858838866,
          "ema_span_1": 857.6484623381823,
          "enabled": true,
          "initial_eprice_ema_dist": -0.15982754240678837,
          "initial_qty_pct": 0.0051816234542087685,
          "markup_range": 0.009564067326571078,
          "min_markup": 0.006831182406607201,
          "n_close_orders": 3,
          "rentry_pprice_dist": 0.02625780802447134,
          "rentry_pprice_dist_wallet_exposure_weighting": 0.9685758991430794,
          "wallet_exposure_limit": 0.2},
 "short": {"auto_unstuck_ema_dist": 0.0010164238712196821,
           "auto_unstuck_wallet_exposure_threshold": 0.09305836237327857,
           "backwards_tp": true,
           "ddown_factor": 1.0511971659311645,
           "ema_span_0": 1205.4618453326486,
           "ema_span_1": 184.6327924135646,
           "enabled": false,
           "initial_eprice_ema_dist": -0.013270422982802552,
           "initial_qty_pct": 0.08054070765323165,
           "markup_range": 0.0061621785328368215,
           "min_markup": 0.006177310495790355,
           "n_close_orders": 6,
           "rentry_pprice_dist": 0.024038638834239342,
           "rentry_pprice_dist_wallet_exposure_weighting": 4.248154090587461,
           "wallet_exposure_limit": 1}}