{"config_name": "recursive_grid_0days",
 "logging_level": 0,
 "long": {"auto_unstuck_ema_dist": 0,
          "auto_unstuck_wallet_exposure_threshold": 0.0,
          "backwards_tp": false,
          "ddown_factor": 1.7137756984368087,
          "ema_span_0": 1300.4489804752347,
          "ema_span_1": 1271.917560389778,
          "enabled": true,
          "initial_eprice_ema_dist": 0.005184492364008,
          "initial_qty_pct": 0.007267758551491489,
          "markup_range": 0.007319210599905052,
          "min_markup": 0.005337790314828772,
          "n_close_orders": 2,
          "rentry_pprice_dist": 0.01578256189289713,
          "rentry_pprice_dist_wallet_exposure_weighting": 1.2824743605612572,
          "wallet_exposure_limit": 1},
 "short": {"auto_unstuck_ema_dist": -0.02700136224127621,
           "auto_unstuck_wallet_exposure_threshold": 0.048530569822901076,
           "backwards_tp": false,
           "ddown_factor": 1.6156493284930618,
           "ema_span_0": 631.468453054661,
           "ema_span_1": 509.8630700591809,
           "enabled": false,
           "initial_eprice_ema_dist": -0.011184281643565497,
           "initial_qty_pct": 0.061046108079420375,
           "markup_range": 0.009485063990909565,
           "min_markup": 0.0011365645063413595,
           "n_close_orders": 14,
           "rentry_pprice_dist": 0.04943247539597144,
           "rentry_pprice_dist_wallet_exposure_weighting": 12.825032046004768,
           "wallet_exposure_limit": 1.0}}