{"config_name": "clock_0days",
 "long": {"backwards_tp": true,
          "delay_between_fills_minutes_close": 455.0345362940428,
          "delay_between_fills_minutes_entry": 485.2335579122392,
          "delay_weight_close": 26.784881347764376,
          "delay_weight_entry": 33.17464377441001,
          "ema_dist_close": -0.14633553502104568,
          "ema_dist_entry": 0.009530050934400805,
          "ema_span_0": 609.6161407298783,
          "ema_span_1": 274.272788643778,
          "enabled": true,
          "markup_range": 0.028090581642476957,
          "min_markup": 0.006716416864814347,
          "n_close_orders": 2,
          "qty_pct_close": 0.01973133624641391,
          "qty_pct_entry": 0.01145983055074834,
          "wallet_exposure_limit": 0.3,
          "we_multiplier_close": 128.73209486962116,
          "we_multiplier_entry": 105.98211241179064},
 "short": {"backwards_tp": true,
           "delay_between_fills_minutes_close": 298.6190541301296,
           "delay_between_fills_minutes_entry": 996.2859676752661,
           "delay_weight_close": 85.03471116324121,
           "delay_weight_entry": 9.633721316693256,
           "ema_dist_close": -0.027303453405231784,
           "ema_dist_entry": -0.03277159856812101,
           "ema_span_0": 1067.5735845787103,
           "ema_span_1": 1197.0839202028374,
           "enabled": false,
           "markup_range": 0.04789575711233696,
           "min_markup": 0.0077829403720389816,
           "n_close_orders": 6,
           "qty_pct_close": 0.08251900382531092,
           "qty_pct_entry": 0.06149930978432944,
           "wallet_exposure_limit": 1.0,
           "we_multiplier_close": 91.19346621647806,
           "we_multiplier_entry": 43.00946935024462}}