{"config_name": "recursive_grid_0days",
 "logging_level": 0,
 "long": {"auto_unstuck_ema_dist": 0,
          "auto_unstuck_wallet_exposure_threshold": 0.0,
          "backwards_tp": false,
          "ddown_factor": 1.7129621074590495,
          "ema_span_0": 340.98585473928983,
          "ema_span_1": 846.7817092209339,
          "enabled": true,
          "initial_eprice_ema_dist": -0.03673680964354712,
          "initial_qty_pct": 0.005900990141030767,
          "markup_range": 0.025315374493616153,
          "min_markup": 0.006733258044249474,
          "n_close_orders": 8,
          "rentry_pprice_dist": 0.025699382128581603,
          "rentry_pprice_dist_wallet_exposure_weighting": 3.387804313501702,
          "wallet_exposure_limit": 0.2},
 "short": {"auto_unstuck_ema_dist": -0.0788116387074169,
           "auto_unstuck_wallet_exposure_threshold": 0.09198824379413321,
           "backwards_tp": false,
           "ddown_factor": 2.3819515675594665,
           "ema_span_0": 128.87074605585835,
           "ema_span_1": 508.63298381914956,
           "enabled": false,
           "initial_eprice_ema_dist": -0.01632284032505847,
           "initial_qty_pct": 0.08591229429769659,
           "markup_range": 0.013993546366183785,
           "min_markup": 0.007059145505964827,
           "n_close_orders": 6,
           "rentry_pprice_dist": 0.00845488184082437,
           "rentry_pprice_dist_wallet_exposure_weighting": 7.853318282611841,
           "wallet_exposure_limit": 1.0}}