{"config_name": "recursive_grid_0days",
 "logging_level": 0,
 "long": {"auto_unstuck_ema_dist": 0.0,
          "auto_unstuck_wallet_exposure_threshold": 0.0,
          "backwards_tp": true,
          "ddown_factor": 0.3718324914299187,
          "ema_span_0": 632.1349277387203,
          "ema_span_1": 365.88924289011027,
          "enabled": true,
          "initial_eprice_ema_dist": -0.05631559896170404,
          "initial_qty_pct": 0.010404638625963653,
          "markup_range": 0.005,
          "min_markup": 0.0034964901165865743,
          "n_close_orders": 8,
          "rentry_pprice_dist": 0.0415597333200105,
          "rentry_pprice_dist_wallet_exposure_weighting": 10.268463122713916,
          "wallet_exposure_limit": 0.1},
 "short": {"auto_unstuck_ema_dist": 0.030903606640547733,
           "auto_unstuck_wallet_exposure_threshold": 0.05605502884352516,
           "backwards_tp": true,
           "ddown_factor": 0.5686645082828569,
           "ema_span_0": 3823.162156925534,
           "ema_span_1": 925.145769412883,
           "enabled": false,
           "initial_eprice_ema_dist": -0.0603563556635327,
           "initial_qty_pct": 0.015,
           "markup_range": 0.02438520887996602,
           "min_markup": 0.0017855841292909388,
           "n_close_orders": 14,
           "rentry_pprice_dist": 0.0331714263771005,
           "rentry_pprice_dist_wallet_exposure_weighting": 56.830184410952874,
           "wallet_exposure_limit": 0.1}}