{"config_name": "recursive_grid_0days",
 "logging_level": 0,
 "long": {"auto_unstuck_ema_dist": -0.007069210336772005,
          "auto_unstuck_wallet_exposure_threshold": 0.056044624876676365,
          "backwards_tp": true,
          "ddown_factor": 2.147412926771362,
          "ema_span_0": 576.242134177352,
          "ema_span_1": 716.8531007242141,
          "enabled": true,
          "initial_eprice_ema_dist": 0.01612922818916336,
          "initial_qty_pct": 0.014697495664040045,
          "markup_range": 0.0033132321882429153,
          "min_markup": 0.006871632950853301,
          "n_close_orders": 10,
          "rentry_pprice_dist": 0.01565914458688178,
          "rentry_pprice_dist_wallet_exposure_weighting": 3.4083866976737793,
          "wallet_exposure_limit": 0.3},
 "short": {"auto_unstuck_ema_dist": -0.024172027742580843,
           "auto_unstuck_wallet_exposure_threshold": 0.03872200888719175,
           "backwards_tp": true,
           "ddown_factor": 2.5807506079741334,
           "ema_span_0": 704.2093795966133,
           "ema_span_1": 1341.4140010049275,
           "enabled": false,
           "initial_eprice_ema_dist": -0.020227534739085853,
           "initial_qty_pct": 0.06351401905740559,
           "markup_range": 0.04673189696212925,
           "min_markup": 0.005376843163043109,
           "n_close_orders": 15,
           "rentry_pprice_dist": 0.028762623503711667,
           "rentry_pprice_dist_wallet_exposure_weighting": 21.536938404756924,
           "wallet_exposure_limit": 1.0}}