{"config_name": "recursive_grid_0days",
 "logging_level": 0,
 "long": {"auto_unstuck_ema_dist": 0,
          "auto_unstuck_wallet_exposure_threshold": 0.0,
          "backwards_tp": false,
          "ddown_factor": 1.2335994159784656,
          "ema_span_0": 247.89144301489625,
          "ema_span_1": 17.84436360255671,
          "enabled": true,
          "initial_eprice_ema_dist": 0.004634468801531092,
          "initial_qty_pct": 0.003252437838007543,
          "markup_range": 0.04893860174875923,
          "min_markup": 0.0026677400579987916,
          "n_close_orders": 24,
          "rentry_pprice_dist": 0.03845087339404028,
          "rentry_pprice_dist_wallet_exposure_weighting": 0.0,
          "wallet_exposure_limit": 0.2},
 "short": {"auto_unstuck_ema_dist": -0.02149176232734923,
           "auto_unstuck_wallet_exposure_threshold": 0.09018975519582667,
           "backwards_tp": false,
           "ddown_factor": 1.7268385935591912,
           "ema_span_0": 811.8603279487314,
           "ema_span_1": 768.5308486058937,
           "enabled": false,
           "initial_eprice_ema_dist": -0.050812774331050053,
           "initial_qty_pct": 0.0400986906215726,
           "markup_range": 0.05807296181530562,
           "min_markup": 0.003965000050681285,
           "n_close_orders": 11,
           "rentry_pprice_dist": 0.010722936785064412,
           "rentry_pprice_dist_wallet_exposure_weighting": 13.489296318019754,
           "wallet_exposure_limit": 1.0}}