{"config_name": "neat_grid_0days",
 "logging_level": 0,
 "long": {"auto_unstuck_ema_dist": 0.003,
          "auto_unstuck_wallet_exposure_threshold": 0.030117563395797617,
          "backwards_tp": false,
          "ema_span_0": 747.8191629645811,
          "ema_span_1": 291.5356393384874,
          "enabled": true,
          "eprice_exp_base": 1.1267286245198196,
          "eqty_exp_base": 1.375,
          "grid_span": 0.15264530321395167,
          "initial_eprice_ema_dist": -0.005,
          "initial_qty_pct": 0.01,
          "markup_range": 0.004929854485784018,
          "max_n_entry_orders": 6,
          "min_markup": 0.004272839687687209,
          "n_close_orders": 1,
          "wallet_exposure_limit": 0.2},
 "short": {"auto_unstuck_ema_dist": -0.03666415803172063,
           "auto_unstuck_wallet_exposure_threshold": 0.031106148601938857,
           "backwards_tp": false,
           "ema_span_0": 1268.4801275577597,
           "ema_span_1": 1267.4488741963796,
           "enabled": false,
           "eprice_exp_base": 2.6699134218977814,
           "eqty_exp_base": 3.853701138474058,
           "grid_span": 0.466969598532717,
           "initial_eprice_ema_dist": -0.07314449676132814,
           "initial_qty_pct": 0.0999651430659358,
           "markup_range": 0.008002209581575178,
           "max_n_entry_orders": 9,
           "min_markup": 0.004797117833148933,
           "n_close_orders": 13,
           "wallet_exposure_limit": 1.0}}