{"config_name": "recursive_grid_0days",
 "logging_level": 0,
 "long": {"auto_unstuck_ema_dist": -0.007944211468104789,
          "auto_unstuck_wallet_exposure_threshold": 0.07595985094721959,
          "backwards_tp": true,
          "ddown_factor": 1.4348942745937725,
          "ema_span_0": 588.4197495735282,
          "ema_span_1": 541.2914057231451,
          "enabled": true,
          "initial_eprice_ema_dist": -0.003030287479557597,
          "initial_qty_pct": 0.014704362648823363,
          "markup_range": 0.004155477669036767,
          "min_markup": 0.003559368577279089,
          "n_close_orders": 3,
          "rentry_pprice_dist": 0.025534689506709098,
          "rentry_pprice_dist_wallet_exposure_weighting": 0.0,
          "wallet_exposure_limit": 0.3},
 "short": {"auto_unstuck_ema_dist": -0.07800461608251645,
           "auto_unstuck_wallet_exposure_threshold": 0.0403276950801391,
           "backwards_tp": true,
           "ddown_factor": 0.2974605195570442,
           "ema_span_0": 393.6235460056541,
           "ema_span_1": 634.3303438033075,
           "enabled": false,
           "initial_eprice_ema_dist": -0.08790032827443267,
           "initial_qty_pct": 0.06432042065603247,
           "markup_range": 0.014844106166574889,
           "min_markup": 0.003674264149824453,
           "n_close_orders": 9,
           "rentry_pprice_dist": 0.028820037806472357,
           "rentry_pprice_dist_wallet_exposure_weighting": 23.253929150327913,
           "wallet_exposure_limit": 1.0}}