{"config_name": "clock_0days",
 "long": {"backwards_tp": false,
          "delay_between_fills_minutes_close": 1440,
          "delay_between_fills_minutes_entry": 685.858487009502,
          "delay_weight_close": 60.729352010918355,
          "delay_weight_entry": 22.89330988679755,
          "ema_dist_close": -0.0004894661638421234,
          "ema_dist_entry": -0.032183304638894177,
          "ema_span_0": 1118.7805488911613,
          "ema_span_1": 1394.5240877348724,
          "enabled": true,
          "markup_range": 0.037944830036045846,
          "min_markup": 0.006270680352868743,
          "n_close_orders": 16,
          "qty_pct_close": 0.13757177494342016,
          "qty_pct_entry": 0.01,
          "wallet_exposure_limit": 1,
          "we_multiplier_close": 0.09318549401353152,
          "we_multiplier_entry": 75.12883177179087},
 "short": {"backwards_tp": false,
           "delay_between_fills_minutes_close": 178.03478015620354,
           "delay_between_fills_minutes_entry": 1089.0611622715346,
           "delay_weight_close": 54.133480972515976,
           "delay_weight_entry": 9.359137659893669,
           "ema_dist_close": -0.021775375280496702,
           "ema_dist_entry": -0.0389771572706218,
           "ema_span_0": 763.1626001425176,
           "ema_span_1": 823.3388984627175,
           "enabled": false,
           "markup_range": 0.055980788567494576,
           "min_markup": 0.00804178530938992,
           "n_close_orders": 11,
           "qty_pct_close": 0.053241956493874316,
           "qty_pct_entry": 0.0464384742510286,
           "wallet_exposure_limit": 1,
           "we_multiplier_close": 5.004837898783761,
           "we_multiplier_entry": 40.735921405046646}}