{"config_name": "neat_grid_0days",
 "logging_level": 0,
 "long": {"auto_unstuck_ema_dist": 0,
          "auto_unstuck_wallet_exposure_threshold": 0,
          "backwards_tp": true,
          "ema_span_0": 105.4011032082367,
          "ema_span_1": 496.61845128630785,
          "enabled": true,
          "eprice_exp_base": 1.513767811014013,
          "eqty_exp_base": 2.7096296435787313,
          "grid_span": 0.13001697033579096,
          "initial_eprice_ema_dist": -0.09756119003734039,
          "initial_qty_pct": 0.01,
          "markup_range": 0.0005941610596779143,
          "max_n_entry_orders": 6,
          "min_markup": 0.002,
          "n_close_orders": 14,
          "wallet_exposure_limit": 1},
 "short": {"auto_unstuck_ema_dist": 0.0,
           "auto_unstuck_wallet_exposure_threshold": 0,
           "backwards_tp": true,
           "ema_span_0": 127.77875307249532,
           "ema_span_1": 138.33878437218914,
           "enabled": true,
           "eprice_exp_base": 1.1408734063192476,
           "eqty_exp_base": 1.901681484787358,
           "grid_span": 0.4794234808000827,
           "initial_eprice_ema_dist": -0.06354731241759576,
           "initial_qty_pct": 0.01,
           "markup_range": 0.019169058775809066,
           "max_n_entry_orders": 7,
           "min_markup": 0.004566303016351235,
           "n_close_orders": 13,
           "wallet_exposure_limit": 0.19086967130686328}}