{"config_name": "recursive_grid_0days",
 "logging_level": 0,
 "long": {"auto_unstuck_ema_dist": 0.005,
          "auto_unstuck_wallet_exposure_threshold": 0.05039715186590626,
          "backwards_tp": true,
          "ddown_factor": 1.6521365002360826,
          "ema_span_0": 162.3522413630287,
          "ema_span_1": 901.6453125271487,
          "enabled": true,
          "initial_eprice_ema_dist": 0.008849301672636825,
          "initial_qty_pct": 0.021315495410919497,
          "markup_range": 0.009519910619132266,
          "min_markup": 0.01,
          "n_close_orders": 3,
          "rentry_pprice_dist": 0.027454069724833125,
          "rentry_pprice_dist_wallet_exposure_weighting": 7.319879611746896,
          "wallet_exposure_limit": 0.3},
 "short": {"auto_unstuck_ema_dist": -0.05431763502404689,
           "auto_unstuck_wallet_exposure_threshold": 0.09123590099192372,
           "backwards_tp": true,
           "ddown_factor": 2.0304427504030977,
           "ema_span_0": 688.1817023578931,
           "ema_span_1": 468.3038033344152,
           "enabled": false,
           "initial_eprice_ema_dist": -0.04710431159239408,
           "initial_qty_pct": 0.09656431498160982,
           "markup_range": 0.008244432634064046,
           "min_markup": 0.00466926381195977,
           "n_close_orders": 14,
           "rentry_pprice_dist": 0.02115719608112674,
           "rentry_pprice_dist_wallet_exposure_weighting": 17.03113831856146,
           "wallet_exposure_limit": 1.0}}