{"config_name": "recursive_grid_0days",
 "logging_level": 0,
 "long": {"auto_unstuck_ema_dist": 0,
          "auto_unstuck_wallet_exposure_threshold": 0.0,
          "backwards_tp": true,
          "ddown_factor": 2.788321095488408,
          "ema_span_0": 296.93383032144567,
          "ema_span_1": 250.60042766065055,
          "enabled": true,
          "initial_eprice_ema_dist": 0.013992929200002835,
          "initial_qty_pct": 0.024661654097104725,
          "markup_range": 0.0055326931536430115,
          "min_markup": 0.011122231854344708,
          "n_close_orders": 13,
          "rentry_pprice_dist": 0.03824265638314865,
          "rentry_pprice_dist_wallet_exposure_weighting": 2.2217931484186018,
          "wallet_exposure_limit": 0.3},
 "short": {"auto_unstuck_ema_dist": -0.0020243871704561517,
           "auto_unstuck_wallet_exposure_threshold": 0.037095953452959775,
           "backwards_tp": true,
           "ddown_factor": 1.1222239671659884,
           "ema_span_0": 1103.8681785058538,
           "ema_span_1": 1422.6954663300091,
           "enabled": false,
           "initial_eprice_ema_dist": -0.05595212815926059,
           "initial_qty_pct": 0.03476558082560603,
           "markup_range": 0.012625184975723267,
           "min_markup": 0.004212896772899677,
           "n_close_orders": 6,
           "rentry_pprice_dist": 0.03486663297713403,
           "rentry_pprice_dist_wallet_exposure_weighting": 8.937180778195984,
           "wallet_exposure_limit": 1.0}}