{"config_name": "recursive_grid_0days",
 "logging_level": 0,
 "long": {"auto_unstuck_ema_dist": 0,
          "auto_unstuck_wallet_exposure_threshold": 0.0,
          "backwards_tp": false,
          "ddown_factor": 1.9351628694234146,
          "ema_span_0": 876.5198960765246,
          "ema_span_1": 348.56685808644795,
          "enabled": true,
          "initial_eprice_ema_dist": -0.015,
          "initial_qty_pct": 0.003699717976021075,
          "markup_range": 0.05036984367340192,
          "min_markup": 0.010561194433435443,
          "n_close_orders": 4,
          "rentry_pprice_dist": 0.0324558663094694,
          "rentry_pprice_dist_wallet_exposure_weighting": 1.0189795868135503,
          "wallet_exposure_limit": 1},
 "short": {"auto_unstuck_ema_dist": -0.007058097008135672,
           "auto_unstuck_wallet_exposure_threshold": 0.051974356840678984,
           "backwards_tp": false,
           "ddown_factor": 2.572530317345734,
           "ema_span_0": 1001.3421062913504,
           "ema_span_1": 62.29727291884624,
           "enabled": false,
           "initial_eprice_ema_dist": -0.05957511040560067,
           "initial_qty_pct": 0.07898279535867757,
           "markup_range": 0.049353839248507204,
           "min_markup": 0.007374079140971902,
           "n_close_orders": 16,
           "rentry_pprice_dist": 0.014580931900695607,
           "rentry_pprice_dist_wallet_exposure_weighting": 6.355442477982303,
           "wallet_exposure_limit": 1.0}}