{"config_name": "clock_0days",
 "long": {"backwards_tp": true,
          "delay_between_fills_minutes_close": 497.20335552943635,
          "delay_between_fills_minutes_entry": 464.53257828329515,
          "delay_weight_close": 98.36288771657149,
          "delay_weight_entry": 24.965098917364735,
          "ema_dist_close": -0.04508904430275087,
          "ema_dist_entry": -0.8338011536860395,
          "ema_span_0": 1604.961740398394,
          "ema_span_1": 34.42846272399605,
          "enabled": true,
          "markup_range": 0.03690684455568761,
          "min_markup": 0.002081490001928039,
          "n_close_orders": 3,
          "qty_pct_close": 0.01007146878065105,
          "qty_pct_entry": 0.012603238639102253,
          "wallet_exposure_limit": 0.3,
          "we_multiplier_close": 33.327601360984424,
          "we_multiplier_entry": 41.5184305706436},
 "short": {"backwards_tp": true,
           "delay_between_fills_minutes_close": 434.263071191453,
           "delay_between_fills_minutes_entry": 438.3978318158829,
           "delay_weight_close": 54.291237766904175,
           "delay_weight_entry": 18.582367032166758,
           "ema_dist_close": -0.26761610504738675,
           "ema_dist_entry": -0.05048959072078152,
           "ema_span_0": 469.6333828956502,
           "ema_span_1": 379.5476101426759,
           "enabled": false,
           "markup_range": 0.014358494269596324,
           "min_markup": 0.01605864172910007,
           "n_close_orders": 2,
           "qty_pct_close": 0.01,
           "qty_pct_entry": 0.01,
           "wallet_exposure_limit": 1.0,
           "we_multiplier_close": 90.67705335108718,
           "we_multiplier_entry": 19.483700951664396}}