{"config_name": "recursive_grid_0days",
 "logging_level": 0,
 "long": {"auto_unstuck_ema_dist": 0.005706441269151663,
          "auto_unstuck_wallet_exposure_threshold": 0.010567629058712237,
          "backwards_tp": false,
          "ddown_factor": 2.294287366802405,
          "ema_span_0": 271.11939593286746,
          "ema_span_1": 17.95631453191758,
          "enabled": true,
          "initial_eprice_ema_dist": 0.0045274647668512935,
          "initial_qty_pct": 0.003733005773027897,
          "markup_range": 0.056022253986859484,
          "min_markup": 0.00270102246370465,
          "n_close_orders": 27,
          "rentry_pprice_dist": 0.03529627444312254,
          "rentry_pprice_dist_wallet_exposure_weighting": 0.0,
          "wallet_exposure_limit": 0.2},
 "short": {"auto_unstuck_ema_dist": -0.03940396727523777,
           "auto_unstuck_wallet_exposure_threshold": 0.07754445285524547,
           "backwards_tp": false,
           "ddown_factor": 2.7028191152760535,
           "ema_span_0": 924.2556832784535,
           "ema_span_1": 154.80919616859111,
           "enabled": false,
           "initial_eprice_ema_dist": -0.0012051135793447326,
           "initial_qty_pct": 0.05914420187371572,
           "markup_range": 0.023084326715296723,
           "min_markup": 0.0010483361219777196,
           "n_close_orders": 6,
           "rentry_pprice_dist": 0.04435725539305137,
           "rentry_pprice_dist_wallet_exposure_weighting": 8.714923841446542,
           "wallet_exposure_limit": 1.0}}