{"config_name": "recursive_grid_0days",
 "logging_level": 0,
 "long": {"auto_unstuck_ema_dist": 0,
          "auto_unstuck_wallet_exposure_threshold": 0.0,
          "backwards_tp": true,
          "ddown_factor": 1.4406441928150708,
          "ema_span_0": 282.71952617615716,
          "ema_span_1": 212.82983814397846,
          "enabled": true,
          "initial_eprice_ema_dist": 0.010728445549870364,
          "initial_qty_pct": 0.015497336491478475,
          "markup_range": 0.0032234561897692563,
          "min_markup": 0.003670091742439795,
          "n_close_orders": 4,
          "rentry_pprice_dist": 0.02849570471332008,
          "rentry_pprice_dist_wallet_exposure_weighting": 0.514032229901157,
          "wallet_exposure_limit": 0.3},
 "short": {"auto_unstuck_ema_dist": -0.052526003840693745,
           "auto_unstuck_wallet_exposure_threshold": 0.031471755974058414,
           "backwards_tp": true,
           "ddown_factor": 0.4469056180476423,
           "ema_span_0": 925.7079857165132,
           "ema_span_1": 376.78517435884663,
           "enabled": false,
           "initial_eprice_ema_dist": -0.09871248718918986,
           "initial_qty_pct": 0.019782578468890567,
           "markup_range": 0.016371380817542348,
           "min_markup": 0.0018975812693805248,
           "n_close_orders": 5,
           "rentry_pprice_dist": 0.02369378821101203,
           "rentry_pprice_dist_wallet_exposure_weighting": 14.76350441069744,
           "wallet_exposure_limit": 1.0}}