{"config_name": "neat_grid_0days",
 "logging_level": 0,
 "long": {"auto_unstuck_ema_dist": 0.003,
          "auto_unstuck_wallet_exposure_threshold": 0.030375576241732163,
          "backwards_tp": false,
          "ema_span_0": 465.9130135060449,
          "ema_span_1": 1286.1153947827056,
          "enabled": true,
          "eprice_exp_base": 1.0800233961241719,
          "eqty_exp_base": 3.5355240218538153,
          "grid_span": 0.21223243183442553,
          "initial_eprice_ema_dist": -0.0018399008455275935,
          "initial_qty_pct": 0.01,
          "markup_range": 0.0004349266069492307,
          "max_n_entry_orders": 6,
          "min_markup": 0.004235625696133271,
          "n_close_orders": 1,
          "wallet_exposure_limit": 0.2},
 "short": {"auto_unstuck_ema_dist": -0.04506297692820936,
           "auto_unstuck_wallet_exposure_threshold": 0.035399065992094796,
           "backwards_tp": false,
           "ema_span_0": 659.5984872838386,
           "ema_span_1": 1430.1288520798719,
           "enabled": false,
           "eprice_exp_base": 3.103912646118981,
           "eqty_exp_base": 1.9862375148199503,
           "grid_span": 0.6544702187642927,
           "initial_eprice_ema_dist": -0.014111457576155492,
           "initial_qty_pct": 0.06757179717089982,
           "markup_range": 0.03917013929611888,
           "max_n_entry_orders": 11,
           "min_markup": 0.005334265866637964,
           "n_close_orders": 16,
           "wallet_exposure_limit": 1.0}}