{"config_name": "emas_0days",
 "long": {"delay_between_fills_minutes_close": 461.3986824419279,
          "delay_between_fills_minutes_entry": 495.32609103948784,
          "delay_weight_close": 73.42889572854388,
          "delay_weight_entry": 28.80879578060651,
          "ema_dist_lower": -0.8881537373995914,
          "ema_dist_upper": 0.006220220069754955,
          "ema_span_0": 597.4506809492796,
          "ema_span_1": 727.0810948531431,
          "enabled": true,
          "markup_range": 0.024339456474052484,
          "min_markup": 0.003144137660093965,
          "n_close_orders": 5,
          "qty_pct_close": 0.001,
          "qty_pct_entry": 0.14878950217222442,
          "wallet_exposure_limit": 0.25,
          "we_multiplier_close": 3.6532845042280373,
          "we_multiplier_entry": 28.59136101321039},
 "short": {"delay_between_fills_minutes_close": 104.03689031414604,
           "delay_between_fills_minutes_entry": 451.7243389305044,
           "delay_weight_close": 29.594757635680196,
           "delay_weight_entry": 14.663988407012795,
           "ema_dist_lower": 0.0020325080074532487,
           "ema_dist_upper": -0.018825393982348854,
           "ema_span_0": 146.43237463622773,
           "ema_span_1": 730.0424300979538,
           "enabled": true,
           "markup_range": 0.0032604219753423662,
           "min_markup": 0.0199281614526989,
           "n_close_orders": 4,
           "qty_pct_close": 0.0855209577475248,
           "qty_pct_entry": 0.006106145735700973,
           "wallet_exposure_limit": 0.1,
           "we_multiplier_close": 149.1708893100727,
           "we_multiplier_entry": 31.38432552020815}}