{"config_name": "clock_0days",
 "long": {"backwards_tp": true,
          "delay_between_fills_minutes_close": 192.307063562921,
          "delay_between_fills_minutes_entry": 466.436769894259,
          "delay_weight_close": 76.55576187824522,
          "delay_weight_entry": 26.231103025310304,
          "ema_dist_close": -0.07509568893663876,
          "ema_dist_entry": 0.015715486420530243,
          "ema_span_0": 507.40083889815054,
          "ema_span_1": 502.33610470418785,
          "enabled": true,
          "markup_range": 0.028959420645269227,
          "min_markup": 0.03,
          "n_close_orders": 7,
          "qty_pct_close": 0.011495086072487897,
          "qty_pct_entry": 0.010869168805034947,
          "wallet_exposure_limit": 0.3,
          "we_multiplier_close": 4.625734657770172,
          "we_multiplier_entry": 107.22424961500312},
 "short": {"backwards_tp": true,
           "delay_between_fills_minutes_close": 39.24565458701547,
           "delay_between_fills_minutes_entry": 1177.2566595983706,
           "delay_weight_close": 9.833307367213822,
           "delay_weight_entry": 12.777419428947734,
           "ema_dist_close": 0.010930655191728693,
           "ema_dist_entry": 0.010079064121352302,
           "ema_span_0": 100.27192472642827,
           "ema_span_1": 739.0533585351665,
           "enabled": false,
           "markup_range": 0.04028472437152641,
           "min_markup": 0.020431306341917563,
           "n_close_orders": 1,
           "qty_pct_close": 0.8771583510105332,
           "qty_pct_entry": 0.09506413786783123,
           "wallet_exposure_limit": 1.0,
           "we_multiplier_close": 6.197869768257865,
           "we_multiplier_entry": 13.340677631147798}}