{"config_name": "clock_0days",
 "long": {"backwards_tp": true,
          "delay_between_fills_minutes_close": 409.94267018220035,
          "delay_between_fills_minutes_entry": 426.9645204920426,
          "delay_weight_close": 7.240206299636624,
          "delay_weight_entry": 23.39709426081514,
          "ema_dist_close": -0.0031357172778461173,
          "ema_dist_entry": 0.007518002342630763,
          "ema_span_0": 957.6074542295122,
          "ema_span_1": 333.9208083538223,
          "enabled": true,
          "markup_range": 0.029752091489309147,
          "min_markup": 0.006322442228612517,
          "n_close_orders": 9,
          "qty_pct_close": 0.01703171409926967,
          "qty_pct_entry": 0.011907757581847573,
          "wallet_exposure_limit": 0.3,
          "we_multiplier_close": 145.26716472468053,
          "we_multiplier_entry": 78.75889928013798},
 "short": {"backwards_tp": true,
           "delay_between_fills_minutes_close": 101.73721427359897,
           "delay_between_fills_minutes_entry": 1169.7480030677743,
           "delay_weight_close": 56.9901118165034,
           "delay_weight_entry": 18.29308260949403,
           "ema_dist_close": -0.009946723746713237,
           "ema_dist_entry": -0.049550376973041266,
           "ema_span_0": 579.2031370721277,
           "ema_span_1": 1278.8008247955006,
           "enabled": false,
           "markup_range": 0.009261454654003754,
           "min_markup": 0.04553018212339203,
           "n_close_orders": 3,
           "qty_pct_close": 0.5693334007147919,
           "qty_pct_entry": 0.8481543074246346,
           "wallet_exposure_limit": 1.0,
           "we_multiplier_close": 1.3242113649143128,
           "we_multiplier_entry": 20.523856752606818}}