{"config_name": "recursive_grid_0days",
 "logging_level": 0,
 "long": {"auto_unstuck_ema_dist": 0,
          "auto_unstuck_wallet_exposure_threshold": 0.0,
          "backwards_tp": true,
          "ddown_factor": 2.0375341303026375,
          "ema_span_0": 766.4664194870176,
          "ema_span_1": 565.3596534002215,
          "enabled": true,
          "initial_eprice_ema_dist": -0.15470027335020103,
          "initial_qty_pct": 0.0010363513902900692,
          "markup_range": 0.008707465701376964,
          "min_markup": 0.009978350049182762,
          "n_close_orders": 3,
          "rentry_pprice_dist": 0.03221009133096492,
          "rentry_pprice_dist_wallet_exposure_weighting": 2.595234094189105,
          "wallet_exposure_limit": 0.2},
 "short": {"auto_unstuck_ema_dist": -0.0068589304370768045,
           "auto_unstuck_wallet_exposure_threshold": 0.030197307454467255,
           "backwards_tp": true,
           "ddown_factor": 1.168670073559369,
           "ema_span_0": 1204.904371255325,
           "ema_span_1": 849.1513475110505,
           "enabled": false,
           "initial_eprice_ema_dist": -0.012584356665969354,
           "initial_qty_pct": 0.015163050605883795,
           "markup_range": 0.034232522640519035,
           "min_markup": 0.002817929300608188,
           "n_close_orders": 13,
           "rentry_pprice_dist": 0.02566583032347948,
           "rentry_pprice_dist_wallet_exposure_weighting": 17.46384433500329,
           "wallet_exposure_limit": 1.0}}