{"config_name": "neat_grid_0days",
 "logging_level": 0,
 "long": {"auto_unstuck_ema_dist": 0.003,
          "auto_unstuck_wallet_exposure_threshold": 0.03,
          "backwards_tp": false,
          "ema_span_0": 1111.567741625657,
          "ema_span_1": 1065.1033920213472,
          "enabled": true,
          "eprice_exp_base": 1.0888779533123099,
          "eqty_exp_base": 3.2566075592483994,
          "grid_span": 0.2153615163416477,
          "initial_eprice_ema_dist": -0.004612767973397999,
          "initial_qty_pct": 0.01,
          "markup_range": 0.001827334388612071,
          "max_n_entry_orders": 12,
          "min_markup": 0.004259848295147997,
          "n_close_orders": 1,
          "wallet_exposure_limit": 1},
 "short": {"auto_unstuck_ema_dist": -0.07494873155285006,
           "auto_unstuck_wallet_exposure_threshold": 0.055495936479786824,
           "backwards_tp": false,
           "ema_span_0": 545.3977943494034,
           "ema_span_1": 1223.4815942037285,
           "enabled": false,
           "eprice_exp_base": 2.6032462557821914,
           "eqty_exp_base": 3.5668596694059085,
           "grid_span": 0.658461525560859,
           "initial_eprice_ema_dist": 0.003900241814362451,
           "initial_qty_pct": 0.05575321928315275,
           "markup_range": 0.05080432758085316,
           "max_n_entry_orders": 16,
           "min_markup": 0.004520491934657818,
           "n_close_orders": 7,
           "wallet_exposure_limit": 1.0}}