{"config_name": "clock_0days",
 "long": {"backwards_tp": true,
          "delay_between_fills_minutes_close": 325.28658840316484,
          "delay_between_fills_minutes_entry": 152.70079636699066,
          "delay_weight_close": 109.99559655228082,
          "delay_weight_entry": 39.036982821203786,
          "ema_dist_close": -0.6503444146805518,
          "ema_dist_entry": 0.01,
          "ema_span_0": 119.5982081486224,
          "ema_span_1": 74.20681413001552,
          "enabled": true,
          "markup_range": 0.013499704613242096,
          "min_markup": 0.0022758629786658823,
          "n_close_orders": 4,
          "qty_pct_close": 0.01,
          "qty_pct_entry": 0.01,
          "wallet_exposure_limit": 0.3,
          "we_multiplier_close": 10.141918499068375,
          "we_multiplier_entry": 145.40151765923554},
 "short": {"backwards_tp": true,
           "delay_between_fills_minutes_close": 1081.1154481618266,
           "delay_between_fills_minutes_entry": 592.0447559903613,
           "delay_weight_close": 53.51944948077298,
           "delay_weight_entry": 69.18535901745116,
           "ema_dist_close": 0.00029816891799788053,
           "ema_dist_entry": -0.01304872213542703,
           "ema_span_0": 1050.9304941322055,
           "ema_span_1": 843.3002186804808,
           "enabled": false,
           "markup_range": 0.015649630335247546,
           "min_markup": 0.0071251024372861365,
           "n_close_orders": 11,
           "qty_pct_close": 0.07996327261917138,
           "qty_pct_entry": 0.09144384627174604,
           "wallet_exposure_limit": 1.0,
           "we_multiplier_close": 49.89017853835461,
           "we_multiplier_entry": 46.98617117377868}}