{"config_name": "recursive_grid_0days",
 "logging_level": 0,
 "long": {"auto_unstuck_ema_dist": 0.0,
          "auto_unstuck_wallet_exposure_threshold": 0.0,
          "backwards_tp": false,
          "ddown_factor": 0.4417135217418812,
          "ema_span_0": 143.5217569054031,
          "ema_span_1": 61.492590180612844,
          "enabled": true,
          "initial_eprice_ema_dist": -0.047241392497954074,
          "initial_qty_pct": 0.006085393375246367,
          "markup_range": 0.01871053456254996,
          "min_markup": 0.004671511908007478,
          "n_close_orders": 5,
          "rentry_pprice_dist": 0.029307064585218926,
          "rentry_pprice_dist_wallet_exposure_weighting": 1.6839197211771553,
          "wallet_exposure_limit": 0.2},
 "short": {"auto_unstuck_ema_dist": -0.029186040361464244,
           "auto_unstuck_wallet_exposure_threshold": 0.031652226281577225,
           "backwards_tp": false,
           "ddown_factor": 2.244763009856797,
           "ema_span_0": 1294.2309229235689,
           "ema_span_1": 598.7046153482543,
           "enabled": false,
           "initial_eprice_ema_dist": -0.06579407780441762,
           "initial_qty_pct": 0.06452325353760474,
           "markup_range": 0.055591547385575556,
           "min_markup": 0.00469235738223577,
           "n_close_orders": 3,
           "rentry_pprice_dist": 0.011417172940081998,
           "rentry_pprice_dist_wallet_exposure_weighting": 4.428319025947465,
           "wallet_exposure_limit": 1.0}}