{"config_name": "neat_grid_0days",
 "logging_level": 0,
 "long": {"auto_unstuck_ema_dist": 0.003,
          "auto_unstuck_wallet_exposure_threshold": 0.03428139623495356,
          "backwards_tp": false,
          "ema_span_0": 1216.3597179033604,
          "ema_span_1": 828.1770768080264,
          "enabled": true,
          "eprice_exp_base": 1.1108955679763033,
          "eqty_exp_base": 1.9664883548433654,
          "grid_span": 0.09319259798151758,
          "initial_eprice_ema_dist": -0.0010881228681479845,
          "initial_qty_pct": 0.009850847732052777,
          "markup_range": 0.0021646466088217496,
          "max_n_entry_orders": 14,
          "min_markup": 0.004177466145842719,
          "n_close_orders": 1,
          "wallet_exposure_limit": 1},
 "short": {"auto_unstuck_ema_dist": -0.002894959607153122,
           "auto_unstuck_wallet_exposure_threshold": 0.04119188992595761,
           "backwards_tp": false,
           "ema_span_0": 77.15806241172439,
           "ema_span_1": 1164.5046829279627,
           "enabled": false,
           "eprice_exp_base": 2.99261744195888,
           "eqty_exp_base": 1.1554860113790428,
           "grid_span": 0.5410905857059778,
           "initial_eprice_ema_dist": -0.04702417535995819,
           "initial_qty_pct": 0.04088965796034088,
           "markup_range": 0.02172001495996521,
           "max_n_entry_orders": 20,
           "min_markup": 0.0027464967375251705,
           "n_close_orders": 2,
           "wallet_exposure_limit": 1.0}}