{"config_name": "neat_grid_0days",
 "logging_level": 0,
 "long": {"auto_unstuck_ema_dist": 0.002919484112905005,
          "auto_unstuck_wallet_exposure_threshold": 0.03,
          "backwards_tp": false,
          "ema_span_0": 259.98097291544315,
          "ema_span_1": 581.2894691937923,
          "enabled": true,
          "eprice_exp_base": 1.0871841762082006,
          "eqty_exp_base": 3.4956046541754016,
          "grid_span": 0.11702286862357197,
          "initial_eprice_ema_dist": -0.004364312913972722,
          "initial_qty_pct": 0.004851394276368337,
          "markup_range": 0.004874472513556375,
          "max_n_entry_orders": 14,
          "min_markup": 0.004275,
          "n_close_orders": 1,
          "wallet_exposure_limit": 0.2},
 "short": {"auto_unstuck_ema_dist": -0.022105905983167057,
           "auto_unstuck_wallet_exposure_threshold": 0.06382674409094326,
           "backwards_tp": false,
           "ema_span_0": 1018.3413416548168,
           "ema_span_1": 493.6808767138457,
           "enabled": false,
           "eprice_exp_base": 1.523740874986807,
           "eqty_exp_base": 3.2036677222163634,
           "grid_span": 0.3979155718248536,
           "initial_eprice_ema_dist": 0.0023531602806280555,
           "initial_qty_pct": 0.06806876869266112,
           "markup_range": 0.01107324066605344,
           "max_n_entry_orders": 15,
           "min_markup": 0.007742539023710125,
           "n_close_orders": 16,
           "wallet_exposure_limit": 1.0}}