{"config_name": "clock_0days",
 "long": {"backwards_tp": true,
          "delay_between_fills_minutes_close": 417.0291755568552,
          "delay_between_fills_minutes_entry": 416.07550092955535,
          "delay_weight_close": 150,
          "delay_weight_entry": 22.237176553558303,
          "ema_dist_close": -0.08741901476537628,
          "ema_dist_entry": -0.0002595421009472916,
          "ema_span_0": 1486.7313010844246,
          "ema_span_1": 880.3930299135045,
          "enabled": true,
          "markup_range": 0.04988530195615972,
          "min_markup": 0.01,
          "n_close_orders": 2,
          "qty_pct_close": 0.012913880773658553,
          "qty_pct_entry": 0.013768353012181687,
          "wallet_exposure_limit": 0.3,
          "we_multiplier_close": 21.751500821827246,
          "we_multiplier_entry": 148.0513392958766},
 "short": {"backwards_tp": true,
           "delay_between_fills_minutes_close": 95.72908264976483,
           "delay_between_fills_minutes_entry": 113.93910443140281,
           "delay_weight_close": 28.030915333688267,
           "delay_weight_entry": 89.92636367993042,
           "ema_dist_close": -0.041623693493704934,
           "ema_dist_entry": -0.030318278129624524,
           "ema_span_0": 326.53087476801045,
           "ema_span_1": 1045.2726756337252,
           "enabled": false,
           "markup_range": 0.09756150342891978,
           "min_markup": 0.08905574305568771,
           "n_close_orders": 16,
           "qty_pct_close": 0.06365193620498907,
           "qty_pct_entry": 0.5290852023345302,
           "wallet_exposure_limit": 1.0,
           "we_multiplier_close": 9.082587808395008,
           "we_multiplier_entry": 37.92514696320794}}