{"config_name": "clock_0days",
 "long": {"backwards_tp": true,
          "delay_between_fills_minutes_close": 430.20842679309885,
          "delay_between_fills_minutes_entry": 278.0625266667789,
          "delay_weight_close": 59.567099295098565,
          "delay_weight_entry": 18.44338787715305,
          "ema_dist_close": -0.5101366347064646,
          "ema_dist_entry": 0.001557633553845814,
          "ema_span_0": 803.0721663280242,
          "ema_span_1": 800,
          "enabled": true,
          "markup_range": 0.012343556214209926,
          "min_markup": 0.004241903223165861,
          "n_close_orders": 4,
          "qty_pct_close": 0.015463401085064622,
          "qty_pct_entry": 0.013229105023464157,
          "wallet_exposure_limit": 0.3,
          "we_multiplier_close": 2.304837361416365,
          "we_multiplier_entry": 80.29492169892005},
 "short": {"backwards_tp": true,
           "delay_between_fills_minutes_close": 150.55819793169738,
           "delay_between_fills_minutes_entry": 1004.0551162648214,
           "delay_weight_close": 14.938834770639131,
           "delay_weight_entry": 10.014510819948585,
           "ema_dist_close": -0.01681969280802499,
           "ema_dist_entry": -0.0016320675547612518,
           "ema_span_0": 553.4674481335371,
           "ema_span_1": 1361.2755527244183,
           "enabled": false,
           "markup_range": 0.07348238497232826,
           "min_markup": 0.014741821276144255,
           "n_close_orders": 8,
           "qty_pct_close": 0.16470396705474635,
           "qty_pct_entry": 0.7317401919932662,
           "wallet_exposure_limit": 1.0,
           "we_multiplier_close": 5.509198339235313,
           "we_multiplier_entry": 89.6794106750105}}