{"config_name": "recursive_grid_0days",
 "logging_level": 0,
 "long": {"auto_unstuck_ema_dist": 0.0,
          "auto_unstuck_wallet_exposure_threshold": 0.0,
          "backwards_tp": true,
          "ddown_factor": 2.3692450971454244,
          "ema_span_0": 450.310097795045,
          "ema_span_1": 497.1035015550806,
          "enabled": true,
          "initial_eprice_ema_dist": -1.0,
          "initial_qty_pct": 0.0012531724738309023,
          "markup_range": 0.004551310523217769,
          "min_markup": 0.002587022816458476,
          "n_close_orders": 6,
          "rentry_pprice_dist": 0.027662055337534183,
          "rentry_pprice_dist_wallet_exposure_weighting": 2.859484486108347,
          "wallet_exposure_limit": 0.1},
 "short": {"auto_unstuck_ema_dist": 0.02371210658095607,
           "auto_unstuck_wallet_exposure_threshold": 0.060777606057758574,
           "backwards_tp": true,
           "ddown_factor": 0.529764811117224,
           "ema_span_0": 800.7521988214714,
           "ema_span_1": 4518.790989891121,
           "enabled": false,
           "initial_eprice_ema_dist": -0.05421246338408339,
           "initial_qty_pct": 0.015,
           "markup_range": 0.017208337984997157,
           "min_markup": 0.0028774204308711256,
           "n_close_orders": 6,
           "rentry_pprice_dist": 0.03767599350490061,
           "rentry_pprice_dist_wallet_exposure_weighting": 18.062255588704947,
           "wallet_exposure_limit": 0.1}}