{"config_name": "neat_grid_0days",
 "logging_level": 0,
 "long": {"auto_unstuck_ema_dist": 0.003,
          "auto_unstuck_wallet_exposure_threshold": 0.03,
          "backwards_tp": false,
          "ema_span_0": 376.4557963862814,
          "ema_span_1": 1342.7854289829454,
          "enabled": true,
          "eprice_exp_base": 1.195950902203061,
          "eqty_exp_base": 1.375,
          "grid_span": 0.15879387801081352,
          "initial_eprice_ema_dist": -0.0035641648557541016,
          "initial_qty_pct": 0.01,
          "markup_range": 0.0021911233715223733,
          "max_n_entry_orders": 4,
          "min_markup": 0.004211896042706584,
          "n_close_orders": 1,
          "wallet_exposure_limit": 0.2},
 "short": {"auto_unstuck_ema_dist": -0.09241733979909844,
           "auto_unstuck_wallet_exposure_threshold": 0.08571562508324572,
           "backwards_tp": false,
           "ema_span_0": 57.42588118451523,
           "ema_span_1": 178.92224005351463,
           "enabled": false,
           "eprice_exp_base": 2.095635383671468,
           "eqty_exp_base": 2.5307268445897075,
           "grid_span": 0.18806841951323322,
           "initial_eprice_ema_dist": -0.04580752695435771,
           "initial_qty_pct": 0.062385663349243385,
           "markup_range": 0.02405849882415549,
           "max_n_entry_orders": 11,
           "min_markup": 0.006751164662530789,
           "n_close_orders": 2,
           "wallet_exposure_limit": 1}}