{"config_name": "recursive_grid_0days",
 "logging_level": 0,
 "long": {"auto_unstuck_ema_dist": 0,
          "auto_unstuck_wallet_exposure_threshold": 0.0,
          "backwards_tp": true,
          "ddown_factor": 1.2139381695074498,
          "ema_span_0": 324.18712024900356,
          "ema_span_1": 219.73470934659167,
          "enabled": true,
          "initial_eprice_ema_dist": 0.004555383952461793,
          "initial_qty_pct": 0.011355576418973876,
          "markup_range": 0.0007729607058140534,
          "min_markup": 0.0025660374125739973,
          "n_close_orders": 2,
          "rentry_pprice_dist": 0.020137835796598207,
          "rentry_pprice_dist_wallet_exposure_weighting": 4.795311865025427,
          "wallet_exposure_limit": 0.3},
 "short": {"auto_unstuck_ema_dist": -0.07334551185110666,
           "auto_unstuck_wallet_exposure_threshold": 0.0805047118826798,
           "backwards_tp": true,
           "ddown_factor": 2.398851080267786,
           "ema_span_0": 662.8328663097491,
           "ema_span_1": 1188.4922294110918,
           "enabled": false,
           "initial_eprice_ema_dist": -0.04313012929216265,
           "initial_qty_pct": 0.036807052159633764,
           "markup_range": 0.02156946450156795,
           "min_markup": 0.009963004512331137,
           "n_close_orders": 10,
           "rentry_pprice_dist": 0.016286607525231044,
           "rentry_pprice_dist_wallet_exposure_weighting": 10.79226568742204,
           "wallet_exposure_limit": 1.0}}