{"config_name": "recursive_grid_0days",
 "logging_level": 0,
 "long": {"auto_unstuck_ema_dist": 0,
          "auto_unstuck_wallet_exposure_threshold": 0.0,
          "backwards_tp": false,
          "ddown_factor": 3.4542563566051214,
          "ema_span_0": 601.1020234779271,
          "ema_span_1": 264.17847809009106,
          "enabled": true,
          "initial_eprice_ema_dist": -0.07647449373884668,
          "initial_qty_pct": 0.0025951050938793486,
          "markup_range": 0.07625911270408137,
          "min_markup": 0.014114409430797536,
          "n_close_orders": 14,
          "rentry_pprice_dist": 0.034507985380094586,
          "rentry_pprice_dist_wallet_exposure_weighting": 7.542047687150703,
          "wallet_exposure_limit": 0.2},
 "short": {"auto_unstuck_ema_dist": -0.08676732258648463,
           "auto_unstuck_wallet_exposure_threshold": 0.081209035093736,
           "backwards_tp": false,
           "ddown_factor": 2.0863991714833707,
           "ema_span_0": 1277.9509820142214,
           "ema_span_1": 180.70901575258543,
           "enabled": false,
           "initial_eprice_ema_dist": 0.001926453776265158,
           "initial_qty_pct": 0.02934043373070058,
           "markup_range": 0.04602073202162693,
           "min_markup": 0.005417453412480842,
           "n_close_orders": 10,
           "rentry_pprice_dist": 0.04644937010458391,
           "rentry_pprice_dist_wallet_exposure_weighting": 2.625277277726885,
           "wallet_exposure_limit": 1}}