{"config_name": "clock_0days",
 "long": {"backwards_tp": true,
          "delay_between_fills_minutes_close": 500,
          "delay_between_fills_minutes_entry": 458.94031035519333,
          "delay_weight_close": 82.0167917277814,
          "delay_weight_entry": 21.35387212782547,
          "ema_dist_close": -0.013472310704053303,
          "ema_dist_entry": 0.01,
          "ema_span_0": 224.66117619864767,
          "ema_span_1": 58.03982243305959,
          "enabled": true,
          "markup_range": 0.016911649116185395,
          "min_markup": 0.009768438575459544,
          "n_close_orders": 3,
          "qty_pct_close": 0.01,
          "qty_pct_entry": 0.01,
          "wallet_exposure_limit": 0.2,
          "we_multiplier_close": 4.62309587688787,
          "we_multiplier_entry": 114.12827998048266},
 "short": {"backwards_tp": true,
           "delay_between_fills_minutes_close": 132.53052302623098,
           "delay_between_fills_minutes_entry": 465.09428308083017,
           "delay_weight_close": 45.249402838345596,
           "delay_weight_entry": 11.263549321567133,
           "ema_dist_close": 0.01,
           "ema_dist_entry": -0.0013198080595164287,
           "ema_span_0": 408.9246252213983,
           "ema_span_1": 379.30072660941755,
           "enabled": true,
           "markup_range": 0.0192500635971392,
           "min_markup": 0.01,
           "n_close_orders": 2,
           "qty_pct_close": 0.01,
           "qty_pct_entry": 0.01,
           "wallet_exposure_limit": 0.1,
           "we_multiplier_close": 1.5081653070184433,
           "we_multiplier_entry": 32.635989502660195}}