{"config_name": "recursive_grid_0days",
 "logging_level": 0,
 "long": {"auto_unstuck_ema_dist": 0.00024278685067924757,
          "auto_unstuck_wallet_exposure_threshold": 0.057585981775740085,
          "backwards_tp": true,
          "ddown_factor": 2.1178890933857373,
          "ema_span_0": 203.18951100290445,
          "ema_span_1": 424.9606255123438,
          "enabled": true,
          "initial_eprice_ema_dist": 0.007302329465258058,
          "initial_qty_pct": 0.026241992267930156,
          "markup_range": 0.008746574690054663,
          "min_markup": 0.005618983633225927,
          "n_close_orders": 4,
          "rentry_pprice_dist": 0.034300290614260875,
          "rentry_pprice_dist_wallet_exposure_weighting": 1.2079654011818481,
          "wallet_exposure_limit": 0.3},
 "short": {"auto_unstuck_ema_dist": -0.07701858778929241,
           "auto_unstuck_wallet_exposure_threshold": 0.048987773757453994,
           "backwards_tp": true,
           "ddown_factor": 1.9399837714783115,
           "ema_span_0": 274.3676711399602,
           "ema_span_1": 561.7073185753516,
           "enabled": false,
           "initial_eprice_ema_dist": -0.057706384580243957,
           "initial_qty_pct": 0.09750239032145042,
           "markup_range": 0.0032802177806317864,
           "min_markup": 0.009554035979462153,
           "n_close_orders": 6,
           "rentry_pprice_dist": 0.009397834947103185,
           "rentry_pprice_dist_wallet_exposure_weighting": 26.468806734195862,
           "wallet_exposure_limit": 1.0}}