{"config_name": "clock_0days",
 "long": {"backwards_tp": false,
          "delay_between_fills_minutes_close": 1191.7427532094325,
          "delay_between_fills_minutes_entry": 612.3502470419995,
          "delay_weight_close": 67.16284820913782,
          "delay_weight_entry": 18.638395450935064,
          "ema_dist_close": -0.001263987881447992,
          "ema_dist_entry": -0.0025274843275240335,
          "ema_span_0": 1165.1759908674528,
          "ema_span_1": 972.6837660652683,
          "enabled": true,
          "markup_range": 0.034923710749075756,
          "min_markup": 0.00674402680552681,
          "n_close_orders": 13,
          "qty_pct_close": 0.03889169966812338,
          "qty_pct_entry": 0.01,
          "wallet_exposure_limit": 0.2,
          "we_multiplier_close": 0.1574176223113869,
          "we_multiplier_entry": 71.18301611111215},
 "short": {"backwards_tp": false,
           "delay_between_fills_minutes_close": 424.30787861381083,
           "delay_between_fills_minutes_entry": 487.71343963306606,
           "delay_weight_close": 88.56420581306719,
           "delay_weight_entry": 73.6267223625234,
           "ema_dist_close": -0.008209504731694482,
           "ema_dist_entry": -0.008004901755113016,
           "ema_span_0": 699.9363933884819,
           "ema_span_1": 870.7788978383898,
           "enabled": false,
           "markup_range": 0.021439419829792253,
           "min_markup": 0.0071887446011788605,
           "n_close_orders": 10,
           "qty_pct_close": 0.09692458418035413,
           "qty_pct_entry": 0.031362122237688965,
           "wallet_exposure_limit": 1.0,
           "we_multiplier_close": 16.291533722323727,
           "we_multiplier_entry": 99.4877969113512}}