{"config_name": "clock_0days",
 "long": {"backwards_tp": false,
          "delay_between_fills_minutes_close": 1357.71054047381,
          "delay_between_fills_minutes_entry": 1232.0047556278773,
          "delay_weight_close": 77.6397996129047,
          "delay_weight_entry": 11.303588664638776,
          "ema_dist_close": 0.0025233807765650713,
          "ema_dist_entry": 0.004,
          "ema_span_0": 1308.4195213056935,
          "ema_span_1": 554.5269611462921,
          "enabled": true,
          "markup_range": 0.034116520798080474,
          "min_markup": 0.004665979067091002,
          "n_close_orders": 11,
          "qty_pct_close": 0.01,
          "qty_pct_entry": 0.033174608196455097,
          "wallet_exposure_limit": 0.2,
          "we_multiplier_close": 0,
          "we_multiplier_entry": 10.98696892835972},
 "short": {"backwards_tp": false,
           "delay_between_fills_minutes_close": 1359.5310000998493,
           "delay_between_fills_minutes_entry": 581.0752834324321,
           "delay_weight_close": 79.69537833076615,
           "delay_weight_entry": 34.16587765891841,
           "ema_dist_close": -0.04324060587899686,
           "ema_dist_entry": -0.0011054352969721293,
           "ema_span_0": 1404.0723266909188,
           "ema_span_1": 589.7272524257017,
           "enabled": false,
           "markup_range": 0.047829917517332954,
           "min_markup": 0.00660655572736108,
           "n_close_orders": 10,
           "qty_pct_close": 0.0762260497931652,
           "qty_pct_entry": 0.08845213553844805,
           "wallet_exposure_limit": 1.0,
           "we_multiplier_close": 53.3997340954514,
           "we_multiplier_entry": 60.47648494711093}}