{"config_name": "clock_0days",
 "long": {"backwards_tp": false,
          "delay_between_fills_minutes_close": 488.4306483795809,
          "delay_between_fills_minutes_entry": 384.46861007493965,
          "delay_weight_close": 32.028977294013686,
          "delay_weight_entry": 16.50908256558646,
          "ema_dist_close": 0.02,
          "ema_dist_entry": 0.016292465976843987,
          "ema_span_0": 341.87893122787955,
          "ema_span_1": 703.7664835136782,
          "enabled": true,
          "markup_range": 0.014854211333730102,
          "min_markup": 0.007934841510345235,
          "n_close_orders": 5,
          "qty_pct_close": 0.01808067354595875,
          "qty_pct_entry": 0.012313727613467933,
          "wallet_exposure_limit": 0.3,
          "we_multiplier_close": 11.236210188044543,
          "we_multiplier_entry": 81.23715142133904},
 "short": {"backwards_tp": false,
           "delay_between_fills_minutes_close": 1390.249254303689,
           "delay_between_fills_minutes_entry": 1170.3349868466184,
           "delay_weight_close": 98.07924158004786,
           "delay_weight_entry": 65.14592641689507,
           "ema_dist_close": -0.0031695571601286915,
           "ema_dist_entry": -0.004973407845146209,
           "ema_span_0": 1248.6464260763198,
           "ema_span_1": 1005.761647117596,
           "enabled": false,
           "markup_range": 0.03226787619880345,
           "min_markup": 0.003684229254162687,
           "n_close_orders": 16,
           "qty_pct_close": 0.08206558585403932,
           "qty_pct_entry": 0.037116072451781064,
           "wallet_exposure_limit": 1.0,
           "we_multiplier_close": 2.4446610123158297,
           "we_multiplier_entry": 95.88753958418987}}