{"config_name": "recursive_grid_0days",
 "logging_level": 0,
 "long": {"auto_unstuck_ema_dist": 0,
          "auto_unstuck_wallet_exposure_threshold": 0.0,
          "backwards_tp": true,
          "ddown_factor": 1.7449550471425763,
          "ema_span_0": 393.83464757012945,
          "ema_span_1": 96.18906682606233,
          "enabled": true,
          "initial_eprice_ema_dist": -0.015,
          "initial_qty_pct": 0.00354971946554484,
          "markup_range": 0.004207613226833131,
          "min_markup": 0.003607541269542159,
          "n_close_orders": 2,
          "rentry_pprice_dist": 0.03130476690724229,
          "rentry_pprice_dist_wallet_exposure_weighting": 2.2635876618246957,
          "wallet_exposure_limit": 0.2},
 "short": {"auto_unstuck_ema_dist": -0.052120095073158075,
           "auto_unstuck_wallet_exposure_threshold": 0.0466939883481802,
           "backwards_tp": true,
           "ddown_factor": 1.4244345125594722,
           "ema_span_0": 1222.2231967259356,
           "ema_span_1": 582.2346047836511,
           "enabled": false,
           "initial_eprice_ema_dist": -0.02202120770316031,
           "initial_qty_pct": 0.025797036122304814,
           "markup_range": 0.04824511824574073,
           "min_markup": 0.00427276381769722,
           "n_close_orders": 11,
           "rentry_pprice_dist": 0.04455636197431752,
           "rentry_pprice_dist_wallet_exposure_weighting": 0.37573028025940314,
           "wallet_exposure_limit": 1.0}}