{"config_name": "recursive_grid_0days",
 "logging_level": 0,
 "long": {"auto_unstuck_ema_dist": -0.006424112416554972,
          "auto_unstuck_wallet_exposure_threshold": 0.06939518019296441,
          "backwards_tp": false,
          "ddown_factor": 2.1429,
          "ema_span_0": 169.14713947038348,
          "ema_span_1": 1319.3125616684492,
          "enabled": true,
          "initial_eprice_ema_dist": 0.0011568064699479462,
          "initial_qty_pct": 0.0031893,
          "markup_range": 0.028078,
          "min_markup": 0.005709,
          "n_close_orders": 5,
          "rentry_pprice_dist": 0.018515,
          "rentry_pprice_dist_wallet_exposure_weighting": 2.1199,
          "wallet_exposure_limit": 1},
 "short": {"auto_unstuck_ema_dist": -0.05995362738335245,
           "auto_unstuck_wallet_exposure_threshold": 0.09383618900968442,
           "backwards_tp": false,
           "ddown_factor": 1.8960502342301584,
           "ema_span_0": 427.15985296467113,
           "ema_span_1": 1018.2510364996691,
           "enabled": false,
           "initial_eprice_ema_dist": -0.06541564379667011,
           "initial_qty_pct": 0.03772159005933143,
           "markup_range": 0.04777525824912266,
           "min_markup": 0.00632234252178072,
           "n_close_orders": 2,
           "rentry_pprice_dist": 0.04164972288103204,
           "rentry_pprice_dist_wallet_exposure_weighting": 12.856410463547057,
           "wallet_exposure_limit": 1.0}}