{"config_name": "recursive_grid_0days",
 "logging_level": 0,
 "long": {"auto_unstuck_ema_dist": 0,
          "auto_unstuck_wallet_exposure_threshold": 0.0,
          "backwards_tp": false,
          "ddown_factor": 1.7754188961967372,
          "ema_span_0": 286.1838833778175,
          "ema_span_1": 771.0095893673832,
          "enabled": true,
          "initial_eprice_ema_dist": -0.1560776847347879,
          "initial_qty_pct": 0.003865251549314334,
          "markup_range": 0.047239403472979155,
          "min_markup": 0.010403855776907698,
          "n_close_orders": 7,
          "rentry_pprice_dist": 0.030318395434111203,
          "rentry_pprice_dist_wallet_exposure_weighting": 1.3598765413438738,
          "wallet_exposure_limit": 0.2},
 "short": {"auto_unstuck_ema_dist": -0.058963396770335574,
           "auto_unstuck_wallet_exposure_threshold": 0.07682814639463476,
           "backwards_tp": false,
           "ddown_factor": 1.2336138314752816,
           "ema_span_0": 225.69673155659171,
           "ema_span_1": 930.6638155501096,
           "enabled": false,
           "initial_eprice_ema_dist": -0.01916903525442948,
           "initial_qty_pct": 0.035535087264345615,
           "markup_range": 0.05348369933823861,
           "min_markup": 0.008990303204381628,
           "n_close_orders": 8,
           "rentry_pprice_dist": 0.022008536437497412,
           "rentry_pprice_dist_wallet_exposure_weighting": 1.5881933617857236,
           "wallet_exposure_limit": 1.0}}