{"config_name": "recursive_grid_0days",
 "logging_level": 0,
 "long": {"auto_unstuck_ema_dist": -0.004850586056883698,
          "auto_unstuck_wallet_exposure_threshold": 0.09814882485873239,
          "backwards_tp": true,
          "ddown_factor": 2.7153737616687903,
          "ema_span_0": 517.7534397989032,
          "ema_span_1": 1405.3578057348718,
          "enabled": true,
          "initial_eprice_ema_dist": 0.004566407540728609,
          "initial_qty_pct": 0.030848637796666405,
          "markup_range": 0.005900982063935178,
          "min_markup": 0.003801984655353318,
          "n_close_orders": 2,
          "rentry_pprice_dist": 0.027500036377086423,
          "rentry_pprice_dist_wallet_exposure_weighting": 3.46993036366521,
          "wallet_exposure_limit": 0.3},
 "short": {"auto_unstuck_ema_dist": -0.016254968289622904,
           "auto_unstuck_wallet_exposure_threshold": 0.05454227852506045,
           "backwards_tp": true,
           "ddown_factor": 1.517656240889015,
           "ema_span_0": 549.2246573533159,
           "ema_span_1": 1102.5896945236943,
           "enabled": false,
           "initial_eprice_ema_dist": -0.053406627402851015,
           "initial_qty_pct": 0.036112186376150934,
           "markup_range": 0.04207385260856341,
           "min_markup": 0.0032569357106004603,
           "n_close_orders": 1,
           "rentry_pprice_dist": 0.027058975959768822,
           "rentry_pprice_dist_wallet_exposure_weighting": 16.941497456068912,
           "wallet_exposure_limit": 1.0}}