{"config_name": "clock_0days",
 "long": {"backwards_tp": true,
          "delay_between_fills_minutes_close": 382.3362389848542,
          "delay_between_fills_minutes_entry": 453.39518345725446,
          "delay_weight_close": 49.38085388829249,
          "delay_weight_entry": 22.633243730465765,
          "ema_dist_close": -0.0312180511938909,
          "ema_dist_entry": 0.010021659075514291,
          "ema_span_0": 830.1433719062047,
          "ema_span_1": 547.8619720209987,
          "enabled": true,
          "markup_range": 0.018658095039218052,
          "min_markup": 0.0041696125258776865,
          "n_close_orders": 10,
          "qty_pct_close": 0.017969684527917418,
          "qty_pct_entry": 0.01188889615619509,
          "wallet_exposure_limit": 0.3,
          "we_multiplier_close": 1.18578081432993,
          "we_multiplier_entry": 108.82832579956909},
 "short": {"backwards_tp": true,
           "delay_between_fills_minutes_close": 1303.6853148308676,
           "delay_between_fills_minutes_entry": 414.666539839455,
           "delay_weight_close": 81.61958500456663,
           "delay_weight_entry": 69.33208772769827,
           "ema_dist_close": -0.038275705864773905,
           "ema_dist_entry": -0.02153576092113463,
           "ema_span_0": 577.9643562768354,
           "ema_span_1": 521.938245096847,
           "enabled": false,
           "markup_range": 0.047647640083712764,
           "min_markup": 0.0038499000475633797,
           "n_close_orders": 7,
           "qty_pct_close": 0.07106185935567369,
           "qty_pct_entry": 0.09691829485302421,
           "wallet_exposure_limit": 1.0,
           "we_multiplier_close": 37.5706357776756,
           "we_multiplier_entry": 29.104532308305288}}