{"config_name": "recursive_grid_0days",
 "logging_level": 0,
 "long": {"auto_unstuck_ema_dist": 0,
          "auto_unstuck_wallet_exposure_threshold": 0.0,
          "backwards_tp": false,
          "ddown_factor": 1.496978189467427,
          "ema_span_0": 95.08690675760204,
          "ema_span_1": 944.8434194594698,
          "enabled": true,
          "initial_eprice_ema_dist": -0.13253623819183422,
          "initial_qty_pct": 0.005149702307199125,
          "markup_range": 0.05194863386166659,
          "min_markup": 0.0009793065114778918,
          "n_close_orders": 2,
          "rentry_pprice_dist": 0.01511810686234868,
          "rentry_pprice_dist_wallet_exposure_weighting": 3.635371987935085,
          "wallet_exposure_limit": 0.2},
 "short": {"auto_unstuck_ema_dist": -0.07976845350695395,
           "auto_unstuck_wallet_exposure_threshold": 0.03910945643199844,
           "backwards_tp": false,
           "ddown_factor": 2.2692007158752237,
           "ema_span_0": 809.7203097388883,
           "ema_span_1": 368.7621776385036,
           "enabled": false,
           "initial_eprice_ema_dist": -0.02037630080544603,
           "initial_qty_pct": 0.023336360982550867,
           "markup_range": 0.019063972691025555,
           "min_markup": 0.0019310943277034602,
           "n_close_orders": 12,
           "rentry_pprice_dist": 0.04725464823511217,
           "rentry_pprice_dist_wallet_exposure_weighting": 7.459850074532968,
           "wallet_exposure_limit": 1.0}}