{"config_name": "clock_0days",
 "long": {"backwards_tp": true,
          "delay_between_fills_minutes_close": 468.9210036239401,
          "delay_between_fills_minutes_entry": 324.93261191996913,
          "delay_weight_close": 83.16248422826551,
          "delay_weight_entry": 22.34964308405612,
          "ema_dist_close": -0.27379273395864084,
          "ema_dist_entry": 0.010768527658601151,
          "ema_span_0": 642.5705895482057,
          "ema_span_1": 457.61115800318214,
          "enabled": true,
          "markup_range": 0.02412043761505071,
          "min_markup": 0.008863900830165227,
          "n_close_orders": 7,
          "qty_pct_close": 0.012419516112802552,
          "qty_pct_entry": 0.010066802568360499,
          "wallet_exposure_limit": 0.3,
          "we_multiplier_close": 11.344950651245938,
          "we_multiplier_entry": 85.04775908191537},
 "short": {"backwards_tp": true,
           "delay_between_fills_minutes_close": 123.31880738773336,
           "delay_between_fills_minutes_entry": 1394.4446345967826,
           "delay_weight_close": 36.0903420664275,
           "delay_weight_entry": 35.49420947968266,
           "ema_dist_close": -0.021641759316321597,
           "ema_dist_entry": -0.02360269292041934,
           "ema_span_0": 164.18221437615773,
           "ema_span_1": 550.0737219291989,
           "enabled": false,
           "markup_range": 0.05206605806176034,
           "min_markup": 0.0028926384417375063,
           "n_close_orders": 6,
           "qty_pct_close": 0.06692886946457688,
           "qty_pct_entry": 0.03161253818730893,
           "wallet_exposure_limit": 1.0,
           "we_multiplier_close": 11.725545785334301,
           "we_multiplier_entry": 37.847338165490996}}