{"config_name": "recursive_grid_0days",
 "logging_level": 0,
 "long": {"auto_unstuck_ema_dist": 0.010808403959648593,
          "auto_unstuck_wallet_exposure_threshold": 0.0019874715077761065,
          "backwards_tp": true,
          "ddown_factor": 2.080690671645989,
          "ema_span_0": 574.9176243116717,
          "ema_span_1": 609.6492571904482,
          "enabled": true,
          "initial_eprice_ema_dist": 0.016378070749317214,
          "initial_qty_pct": 0.015282864027883708,
          "markup_range": 0.0025114341871297317,
          "min_markup": 0.0037819854766433297,
          "n_close_orders": 2,
          "rentry_pprice_dist": 0.01788068759504094,
          "rentry_pprice_dist_wallet_exposure_weighting": 6.867644530462094,
          "wallet_exposure_limit": 0.3},
 "short": {"auto_unstuck_ema_dist": 0.008513912579441785,
           "auto_unstuck_wallet_exposure_threshold": 0.03307450728559466,
           "backwards_tp": true,
           "ddown_factor": 2.369907641984559,
           "ema_span_0": 587.8068601426838,
           "ema_span_1": 33.42443892012534,
           "enabled": true,
           "initial_eprice_ema_dist": 0.015592083798836302,
           "initial_qty_pct": 0.011152283340643679,
           "markup_range": 0.002894201100298398,
           "min_markup": 0.0031430520691870328,
           "n_close_orders": 6,
           "rentry_pprice_dist": 0.04930692136106176,
           "rentry_pprice_dist_wallet_exposure_weighting": 2.6698621435764966,
           "wallet_exposure_limit": 0.1}}