{"config_name": "recursive_grid_0days",
 "logging_level": 0,
 "long": {"auto_unstuck_ema_dist": 0,
          "auto_unstuck_wallet_exposure_threshold": 0.0,
          "backwards_tp": false,
          "ddown_factor": 0.8123460897732828,
          "ema_span_0": 358.60557638676926,
          "ema_span_1": 444.46538608825,
          "enabled": true,
          "initial_eprice_ema_dist": -0.038588658588360455,
          "initial_qty_pct": 0.005136705214332081,
          "markup_range": 0.05002357659998676,
          "min_markup": 0.010386916035825571,
          "n_close_orders": 7,
          "rentry_pprice_dist": 0.0266524322125624,
          "rentry_pprice_dist_wallet_exposure_weighting": 3.558819810579805,
          "wallet_exposure_limit": 1},
 "short": {"auto_unstuck_ema_dist": -0.045767688543839745,
           "auto_unstuck_wallet_exposure_threshold": 0.06761000357530078,
           "backwards_tp": false,
           "ddown_factor": 2.139415860345385,
           "ema_span_0": 614.9681894344337,
           "ema_span_1": 870.1520496447148,
           "enabled": false,
           "initial_eprice_ema_dist": -0.07974297755558633,
           "initial_qty_pct": 0.08579357226730575,
           "markup_range": 0.048142284598713586,
           "min_markup": 0.0019110738531673667,
           "n_close_orders": 6,
           "rentry_pprice_dist": 0.017880162782497214,
           "rentry_pprice_dist_wallet_exposure_weighting": 18.86924531489352,
           "wallet_exposure_limit": 1.0}}