{"config_name": "clock_0days",
 "long": {"backwards_tp": true,
          "delay_between_fills_minutes_close": 267.66273954899594,
          "delay_between_fills_minutes_entry": 164.5620953762131,
          "delay_weight_close": 65.27803821085007,
          "delay_weight_entry": 43.9980262841452,
          "ema_dist_close": -0.04024386398112422,
          "ema_dist_entry": -0.9807596253662577,
          "ema_span_0": 2188.788752920359,
          "ema_span_1": 35.24213629619861,
          "enabled": true,
          "markup_range": 0.01891274935408762,
          "min_markup": 0.0017160787869835712,
          "n_close_orders": 4,
          "qty_pct_close": 0.01456570795424007,
          "qty_pct_entry": 0.018732018299569365,
          "wallet_exposure_limit": 0.3,
          "we_multiplier_close": 136.40128399742397,
          "we_multiplier_entry": 52.02817704614224},
 "short": {"backwards_tp": true,
           "delay_between_fills_minutes_close": 126.04519387374032,
           "delay_between_fills_minutes_entry": 253.96914704777123,
           "delay_weight_close": 46.08488378343547,
           "delay_weight_entry": 74.44571536274556,
           "ema_dist_close": 0.009585544705440943,
           "ema_dist_entry": 0.004835281503059077,
           "ema_span_0": 291.69558202910014,
           "ema_span_1": 549.7964466399794,
           "enabled": false,
           "markup_range": 0.05022637198870468,
           "min_markup": 0.01636223716694612,
           "n_close_orders": 15,
           "qty_pct_close": 0.10415566640219212,
           "qty_pct_entry": 0.3583448207192232,
           "wallet_exposure_limit": 1.0,
           "we_multiplier_close": 8.09914030639024,
           "we_multiplier_entry": 51.00181100488436}}