{"config_name": "clock_0days",
 "long": {"backwards_tp": false,
          "delay_between_fills_minutes_close": 410.779226347039,
          "delay_between_fills_minutes_entry": 446.9108269959341,
          "delay_weight_close": 137.4354679397262,
          "delay_weight_entry": 25.340278539287755,
          "ema_dist_close": 0.014932384289817073,
          "ema_dist_entry": 0.0048126381152297695,
          "ema_span_0": 790.8481959561992,
          "ema_span_1": 724.2536983982192,
          "enabled": true,
          "markup_range": 0.014897064109892444,
          "min_markup": 0.005275075372380146,
          "n_close_orders": 5,
          "qty_pct_close": 0.012485098054121213,
          "qty_pct_entry": 0.016613498902462977,
          "wallet_exposure_limit": 0.3,
          "we_multiplier_close": 6.771358070975925,
          "we_multiplier_entry": 37.96381387789602},
 "short": {"backwards_tp": false,
           "delay_between_fills_minutes_close": 947.1249109622282,
           "delay_between_fills_minutes_entry": 221.1908336142211,
           "delay_weight_close": 83.07011239351515,
           "delay_weight_entry": 99.33694398152643,
           "ema_dist_close": -0.03292392920647858,
           "ema_dist_entry": 0.0026058855147433266,
           "ema_span_0": 891.1561659776934,
           "ema_span_1": 1020.4208990326405,
           "enabled": false,
           "markup_range": 0.05224654152103498,
           "min_markup": 0.004615927652189957,
           "n_close_orders": 5,
           "qty_pct_close": 0.028658244928300207,
           "qty_pct_entry": 0.08158079296566134,
           "wallet_exposure_limit": 1.0,
           "we_multiplier_close": 20.830609972115365,
           "we_multiplier_entry": 61.68127742663375}}