{"config_name": "clock_0days",
 "long": {"backwards_tp": true,
          "delay_between_fills_minutes_close": 491.3673721689706,
          "delay_between_fills_minutes_entry": 238.11907712109985,
          "delay_weight_close": 76.20592321281003,
          "delay_weight_entry": 31.004181999018332,
          "ema_dist_close": -0.977949110036142,
          "ema_dist_entry": 0.010392321491532705,
          "ema_span_0": 60.19148720118303,
          "ema_span_1": 67.86074077574297,
          "enabled": true,
          "markup_range": 0.013246780437012879,
          "min_markup": 0.006125281897500592,
          "n_close_orders": 7,
          "qty_pct_close": 0.014400773690266386,
          "qty_pct_entry": 0.015016820170671142,
          "wallet_exposure_limit": 0.3,
          "we_multiplier_close": 5.538019582992221,
          "we_multiplier_entry": 149.2721768749414},
 "short": {"backwards_tp": true,
           "delay_between_fills_minutes_close": 139.7991334414497,
           "delay_between_fills_minutes_entry": 465.2551064503599,
           "delay_weight_close": 12.340084007462176,
           "delay_weight_entry": 93.93497394897089,
           "ema_dist_close": -0.6094688080752657,
           "ema_dist_entry": -0.650672037238745,
           "ema_span_0": 365.60975995061045,
           "ema_span_1": 234.47885091647225,
           "enabled": false,
           "markup_range": 0.013814167142106048,
           "min_markup": 0.047105024807516285,
           "n_close_orders": 4,
           "qty_pct_close": 0.01,
           "qty_pct_entry": 0.01,
           "wallet_exposure_limit": 1,
           "we_multiplier_close": 122.62352102216398,
           "we_multiplier_entry": 72.60707447389146}}