{"config_name": "recursive_grid_0days",
 "logging_level": 0,
 "long": {"auto_unstuck_ema_dist": 0,
          "auto_unstuck_wallet_exposure_threshold": 0.0,
          "backwards_tp": false,
          "ddown_factor": 0.392637921252568,
          "ema_span_0": 896.1653449525245,
          "ema_span_1": 507.8503049478652,
          "enabled": true,
          "initial_eprice_ema_dist": -0.06572264270703834,
          "initial_qty_pct": 0.0017050196146347436,
          "markup_range": 0.05194863386166659,
          "min_markup": 0.010561194433435443,
          "n_close_orders": 5,
          "rentry_pprice_dist": 0.02332906567700787,
          "rentry_pprice_dist_wallet_exposure_weighting": 1.6541404643120656,
          "wallet_exposure_limit": 0.2},
 "short": {"auto_unstuck_ema_dist": -0.044962978012293035,
           "auto_unstuck_wallet_exposure_threshold": 0.06900326000537649,
           "backwards_tp": false,
           "ddown_factor": 1.2806435130224694,
           "ema_span_0": 724.6082424061019,
           "ema_span_1": 443.7664742352756,
           "enabled": false,
           "initial_eprice_ema_dist": -0.031123575914207377,
           "initial_qty_pct": 0.054662811177459934,
           "markup_range": 0.004711288277064407,
           "min_markup": 0.005108324674215977,
           "n_close_orders": 3,
           "rentry_pprice_dist": 0.027155833004538363,
           "rentry_pprice_dist_wallet_exposure_weighting": 10.981997404716935,
           "wallet_exposure_limit": 1.0}}