{"config_name": "neat_grid_0days",
 "logging_level": 0,
 "long": {"auto_unstuck_ema_dist": 0.003,
          "auto_unstuck_wallet_exposure_threshold": 0.03,
          "backwards_tp": false,
          "ema_span_0": 1206.3844971827198,
          "ema_span_1": 563.0350312186381,
          "enabled": true,
          "eprice_exp_base": 1.2,
          "eqty_exp_base": 1.9949044163759093,
          "grid_span": 0.11881388469019266,
          "initial_eprice_ema_dist": -0.004703393732503545,
          "initial_qty_pct": 0.0052637829100473385,
          "markup_range": 0.0021486250092223108,
          "max_n_entry_orders": 5,
          "min_markup": 0.004274954279543126,
          "n_close_orders": 1,
          "wallet_exposure_limit": 1},
 "short": {"auto_unstuck_ema_dist": -0.028801853014182033,
           "auto_unstuck_wallet_exposure_threshold": 0.0641497497136753,
           "backwards_tp": false,
           "ema_span_0": 471.0312419537593,
           "ema_span_1": 871.7872415131509,
           "enabled": false,
           "eprice_exp_base": 2.47148308862245,
           "eqty_exp_base": 1.009810771393542,
           "grid_span": 0.25778200114151506,
           "initial_eprice_ema_dist": -0.03706749429189847,
           "initial_qty_pct": 0.06013657183318215,
           "markup_range": 0.015820565760062622,
           "max_n_entry_orders": 21,
           "min_markup": 0.003507614646121412,
           "n_close_orders": 9,
           "wallet_exposure_limit": 1}}