{"config_name": "recursive_grid_0days",
 "logging_level": 0,
 "long": {"auto_unstuck_ema_dist": 0,
          "auto_unstuck_wallet_exposure_threshold": 0.0,
          "backwards_tp": false,
          "ddown_factor": 1.1829363248527074,
          "ema_span_0": 312.0216584597686,
          "ema_span_1": 936.0879594586497,
          "enabled": true,
          "initial_eprice_ema_dist": -0.015,
          "initial_qty_pct": 0.003138036185650694,
          "markup_range": 0.04637769370479919,
          "min_markup": 0.0020440528987441596,
          "n_close_orders": 2,
          "rentry_pprice_dist": 0.03425842014282715,
          "rentry_pprice_dist_wallet_exposure_weighting": 3.3858424205281907,
          "wallet_exposure_limit": 0.2},
 "short": {"auto_unstuck_ema_dist": 0.0024545590678735057,
           "auto_unstuck_wallet_exposure_threshold": 0.07927321571972017,
           "backwards_tp": false,
           "ddown_factor": 1.885483244696772,
           "ema_span_0": 662.9376585591715,
           "ema_span_1": 112.51245612371564,
           "enabled": false,
           "initial_eprice_ema_dist": -0.06700191857722579,
           "initial_qty_pct": 0.09560664876355086,
           "markup_range": 0.05674614930520407,
           "min_markup": 0.005308285970632883,
           "n_close_orders": 5,
           "rentry_pprice_dist": 0.016818624894589435,
           "rentry_pprice_dist_wallet_exposure_weighting": 17.772627740637624,
           "wallet_exposure_limit": 1.0}}