{"config_name": "clock_0days",
 "long": {"backwards_tp": false,
          "delay_between_fills_minutes_close": 1383.2925873322463,
          "delay_between_fills_minutes_entry": 947.2031944051784,
          "delay_weight_close": 2.1543939898813926,
          "delay_weight_entry": 25.18818356009162,
          "ema_dist_close": 0.002327688324068816,
          "ema_dist_entry": -0.04678850947323942,
          "ema_span_0": 97.81841049299597,
          "ema_span_1": 1414.3106581672482,
          "enabled": true,
          "markup_range": 0.02674795652907394,
          "min_markup": 0.007568421008598831,
          "n_close_orders": 13,
          "qty_pct_close": 0.015802175429507657,
          "qty_pct_entry": 0.01,
          "wallet_exposure_limit": 0.2,
          "we_multiplier_close": 0,
          "we_multiplier_entry": 6.485149967530995},
 "short": {"backwards_tp": false,
           "delay_between_fills_minutes_close": 601.1663795713321,
           "delay_between_fills_minutes_entry": 1049.3132676058333,
           "delay_weight_close": 23.935685304261767,
           "delay_weight_entry": 87.51310276894958,
           "ema_dist_close": -0.0231878722428428,
           "ema_dist_entry": -0.03333245333546954,
           "ema_span_0": 912.282828462752,
           "ema_span_1": 982.024241703342,
           "enabled": false,
           "markup_range": 0.055625913047171356,
           "min_markup": 0.005740858900787034,
           "n_close_orders": 16,
           "qty_pct_close": 0.06716449683352319,
           "qty_pct_entry": 0.05108223453257658,
           "wallet_exposure_limit": 1.0,
           "we_multiplier_close": 64.91083364791382,
           "we_multiplier_entry": 68.26906805759691}}