{"config_name": "clock_0days",
 "long": {"backwards_tp": true,
          "delay_between_fills_minutes_close": 466.16973927337773,
          "delay_between_fills_minutes_entry": 452.74254067506666,
          "delay_weight_close": 92.52242430559103,
          "delay_weight_entry": 17.899814785853994,
          "ema_dist_close": 0.005494399501604516,
          "ema_dist_entry": -0.9534919504656599,
          "ema_span_0": 758.3722504389548,
          "ema_span_1": 309.63540685808647,
          "enabled": true,
          "markup_range": 0.045657397896822174,
          "min_markup": 0.003518303897517936,
          "n_close_orders": 6,
          "qty_pct_close": 0.011382610192855799,
          "qty_pct_entry": 0.0157523384639874,
          "wallet_exposure_limit": 0.3,
          "we_multiplier_close": 11.332935133736235,
          "we_multiplier_entry": 44.358413387764145},
 "short": {"backwards_tp": true,
           "delay_between_fills_minutes_close": 93.80562729522951,
           "delay_between_fills_minutes_entry": 158.77473118310843,
           "delay_weight_close": 94.11067378046373,
           "delay_weight_entry": 86.1201307005388,
           "ema_dist_close": -0.009758871351757181,
           "ema_dist_entry": -0.023661955365822298,
           "ema_span_0": 552.7679236082431,
           "ema_span_1": 490.6831397468925,
           "enabled": false,
           "markup_range": 0.013416691489240696,
           "min_markup": 0.021562773514761473,
           "n_close_orders": 5,
           "qty_pct_close": 0.15393080896667413,
           "qty_pct_entry": 0.3038887088253141,
           "wallet_exposure_limit": 1.0,
           "we_multiplier_close": 2.2319586105686673,
           "we_multiplier_entry": 41.59654053194105}}