{"config_name": "recursive_grid_0days",
 "logging_level": 0,
 "long": {"auto_unstuck_ema_dist": 0.0049196498659548156,
          "auto_unstuck_wallet_exposure_threshold": 0.07278606512876586,
          "backwards_tp": true,
          "ddown_factor": 1.8676938801378618,
          "ema_span_0": 546.9210253250232,
          "ema_span_1": 1193.1461793733697,
          "enabled": true,
          "initial_eprice_ema_dist": 0.008889821304501085,
          "initial_qty_pct": 0.019767550883305313,
          "markup_range": 0.0064238101910714905,
          "min_markup": 0.007758517011538464,
          "n_close_orders": 16,
          "rentry_pprice_dist": 0.03264177176026482,
          "rentry_pprice_dist_wallet_exposure_weighting": 0.5050393059930215,
          "wallet_exposure_limit": 0.3},
 "short": {"auto_unstuck_ema_dist": -0.08061803223938739,
           "auto_unstuck_wallet_exposure_threshold": 0.03387812590008936,
           "backwards_tp": true,
           "ddown_factor": 0.5011920334572351,
           "ema_span_0": 484.5939979878465,
           "ema_span_1": 1254.287200185145,
           "enabled": false,
           "initial_eprice_ema_dist": -0.07433294271549283,
           "initial_qty_pct": 0.03362083063754195,
           "markup_range": 0.020040092742517637,
           "min_markup": 0.004441700070149296,
           "n_close_orders": 9,
           "rentry_pprice_dist": 0.043910355034573065,
           "rentry_pprice_dist_wallet_exposure_weighting": 38.61303251573994,
           "wallet_exposure_limit": 1.0}}