{"config_name": "clock_0days",
 "long": {"backwards_tp": true,
          "delay_between_fills_minutes_close": 496.01535571616995,
          "delay_between_fills_minutes_entry": 297.23372331115246,
          "delay_weight_close": 69.12810982139675,
          "delay_weight_entry": 29.298108368497218,
          "ema_dist_close": -0.03265382330518648,
          "ema_dist_entry": 0.008044619535402062,
          "ema_span_0": 162.15729874797296,
          "ema_span_1": 86.80911859568835,
          "enabled": true,
          "markup_range": 0.017976770467148066,
          "min_markup": 0.009550290084727086,
          "n_close_orders": 3,
          "qty_pct_close": 0.01,
          "qty_pct_entry": 0.01,
          "wallet_exposure_limit": 0.3,
          "we_multiplier_close": 100.63923447192379,
          "we_multiplier_entry": 108.21973995177007},
 "short": {"backwards_tp": true,
           "delay_between_fills_minutes_close": 312.4120407934272,
           "delay_between_fills_minutes_entry": 350.1749202654841,
           "delay_weight_close": 88.4542139617538,
           "delay_weight_entry": 67.02854732328794,
           "ema_dist_close": -0.5187218832206,
           "ema_dist_entry": -0.3105527770205664,
           "ema_span_0": 408.1819785916154,
           "ema_span_1": 473.1251407274399,
           "enabled": false,
           "markup_range": 0.016581328326026115,
           "min_markup": 0.02694507176889059,
           "n_close_orders": 3,
           "qty_pct_close": 0.01,
           "qty_pct_entry": 0.01,
           "wallet_exposure_limit": 1.0,
           "we_multiplier_close": 118.1642099290286,
           "we_multiplier_entry": 87.14590072548063}}