{"config_name": "recursive_grid_0days",
 "logging_level": 0,
 "long": {"auto_unstuck_ema_dist": 0,
          "auto_unstuck_wallet_exposure_threshold": 0.0,
          "backwards_tp": false,
          "ddown_factor": 0.9520809290569084,
          "ema_span_0": 289.82826849956103,
          "ema_span_1": 485.45601644966086,
          "enabled": true,
          "initial_eprice_ema_dist": -0.01843781750618917,
          "initial_qty_pct": 0.0038070048912166366,
          "markup_range": 0.043966561568790634,
          "min_markup": 0.010561194433435443,
          "n_close_orders": 4,
          "rentry_pprice_dist": 0.026804053619825012,
          "rentry_pprice_dist_wallet_exposure_weighting": 1.5901488135731958,
          "wallet_exposure_limit": 1},
 "short": {"auto_unstuck_ema_dist": -0.015704860663206685,
           "auto_unstuck_wallet_exposure_threshold": 0.049970011409655186,
           "backwards_tp": false,
           "ddown_factor": 2.6588046642336045,
           "ema_span_0": 373.97417383150133,
           "ema_span_1": 401.9942133006926,
           "enabled": false,
           "initial_eprice_ema_dist": -0.07009509039215644,
           "initial_qty_pct": 0.07391245957521972,
           "markup_range": 0.006947021368648332,
           "min_markup": 0.0011051348387465787,
           "n_close_orders": 10,
           "rentry_pprice_dist": 0.03226424146867899,
           "rentry_pprice_dist_wallet_exposure_weighting": 18.171853176913075,
           "wallet_exposure_limit": 1.0}}