{"config_name": "recursive_grid_0days",
 "logging_level": 0,
 "long": {"auto_unstuck_ema_dist": 0,
          "auto_unstuck_wallet_exposure_threshold": 0.0,
          "backwards_tp": false,
          "ddown_factor": 0.32504471981221683,
          "ema_span_0": 27.672219973112952,
          "ema_span_1": 29.236412243660727,
          "enabled": true,
          "initial_eprice_ema_dist": -0.06719599137998188,
          "initial_qty_pct": 0.0014108495748038085,
          "markup_range": 0.011997709133710382,
          "min_markup": 0.007531257091107008,
          "n_close_orders": 6,
          "rentry_pprice_dist": 0.019467154178153097,
          "rentry_pprice_dist_wallet_exposure_weighting": 2.3634433931324685,
          "wallet_exposure_limit": 0.2},
 "short": {"auto_unstuck_ema_dist": -0.0010519569208557807,
           "auto_unstuck_wallet_exposure_threshold": 0.09017768586120456,
           "backwards_tp": false,
           "ddown_factor": 0.2730327609593049,
           "ema_span_0": 380.93324906164867,
           "ema_span_1": 1111.8972645536326,
           "enabled": false,
           "initial_eprice_ema_dist": -0.05700045999159896,
           "initial_qty_pct": 0.040506414897819476,
           "markup_range": 0.058521440586203295,
           "min_markup": 0.00294916270039523,
           "n_close_orders": 6,
           "rentry_pprice_dist": 0.03320299760185327,
           "rentry_pprice_dist_wallet_exposure_weighting": 16.636701748553875,
           "wallet_exposure_limit": 1}}