{"config_name": "clock_0days",
 "long": {"backwards_tp": false,
          "delay_between_fills_minutes_close": 1224.1107225550975,
          "delay_between_fills_minutes_entry": 716.2278164194084,
          "delay_weight_close": 39.02646066194763,
          "delay_weight_entry": 26.276320063662624,
          "ema_dist_close": -7.785590939462673e-05,
          "ema_dist_entry": -0.01998497488435352,
          "ema_span_0": 587.0698083945797,
          "ema_span_1": 1266.8490907302062,
          "enabled": true,
          "markup_range": 0.03731127949898155,
          "min_markup": 0.006183357106042784,
          "n_close_orders": 15,
          "qty_pct_close": 0.05033249380079034,
          "qty_pct_entry": 0.01,
          "wallet_exposure_limit": 0.2,
          "we_multiplier_close": 0.46609253904606096,
          "we_multiplier_entry": 67.43638612068524},
 "short": {"backwards_tp": false,
           "delay_between_fills_minutes_close": 1071.0375593951794,
           "delay_between_fills_minutes_entry": 1106.0653009063421,
           "delay_weight_close": 38.804970780865254,
           "delay_weight_entry": 7.329625367954717,
           "ema_dist_close": -0.011759084358180273,
           "ema_dist_entry": 0.003460335819523125,
           "ema_span_0": 265.46871358209194,
           "ema_span_1": 1016.982974605893,
           "enabled": false,
           "markup_range": 0.041978732899951,
           "min_markup": 0.002760388837401137,
           "n_close_orders": 2,
           "qty_pct_close": 0.01327677641713881,
           "qty_pct_entry": 0.07656722153595313,
           "wallet_exposure_limit": 1.0,
           "we_multiplier_close": 18.65353793929779,
           "we_multiplier_entry": 80.86674491279577}}