{"config_name": "clock_0days",
 "long": {"backwards_tp": true,
          "delay_between_fills_minutes_close": 431.317921887245,
          "delay_between_fills_minutes_entry": 269.3251874751913,
          "delay_weight_close": 102.68040256220982,
          "delay_weight_entry": 32.514407322441954,
          "ema_dist_close": -0.018395407213729995,
          "ema_dist_entry": 0.01,
          "ema_span_0": 218.83953094687922,
          "ema_span_1": 239.45816043645542,
          "enabled": true,
          "markup_range": 0.01996888094505756,
          "min_markup": 0.01,
          "n_close_orders": 4,
          "qty_pct_close": 0.01,
          "qty_pct_entry": 0.01,
          "wallet_exposure_limit": 0.3,
          "we_multiplier_close": 60.37967478447123,
          "we_multiplier_entry": 150},
 "short": {"backwards_tp": true,
           "delay_between_fills_minutes_close": 102.5775122437863,
           "delay_between_fills_minutes_entry": 144.22713994691367,
           "delay_weight_close": 82.43480290231143,
           "delay_weight_entry": 138.7827143230279,
           "ema_dist_close": -0.16620880991196407,
           "ema_dist_entry": -0.7032656215142945,
           "ema_span_0": 478.6390381313901,
           "ema_span_1": 90.15426123601857,
           "enabled": false,
           "markup_range": 0.013809147514517582,
           "min_markup": 0.03624561358204774,
           "n_close_orders": 5,
           "qty_pct_close": 0.01,
           "qty_pct_entry": 0.01,
           "wallet_exposure_limit": 1.0,
           "we_multiplier_close": 51.71184017717146,
           "we_multiplier_entry": 23.462462262049332}}