{"config_name": "recursive_grid_0days",
 "logging_level": 0,
 "long": {"auto_unstuck_ema_dist": 0,
          "auto_unstuck_wallet_exposure_threshold": 0.0,
          "backwards_tp": false,
          "ddown_factor": 2.1911489202069423,
          "ema_span_0": 37.919436843869114,
          "ema_span_1": 33.09680134395734,
          "enabled": true,
          "initial_eprice_ema_dist": -0.06106337195749488,
          "initial_qty_pct": 0.003261428713989493,
          "markup_range": 0.011910825985608742,
          "min_markup": 0.007371233841838848,
          "n_close_orders": 5,
          "rentry_pprice_dist": 0.008584764630856032,
          "rentry_pprice_dist_wallet_exposure_weighting": 0.36346252850811267,
          "wallet_exposure_limit": 0.2},
 "short": {"auto_unstuck_ema_dist": -0.0036553767352547756,
           "auto_unstuck_wallet_exposure_threshold": 0.039306155563707756,
           "backwards_tp": false,
           "ddown_factor": 2.3114216155481295,
           "ema_span_0": 802.8385368132458,
           "ema_span_1": 69.70123927785734,
           "enabled": false,
           "initial_eprice_ema_dist": -0.08846861602382194,
           "initial_qty_pct": 0.01878015291912315,
           "markup_range": 5.712348863261996e-05,
           "min_markup": 0.007742621242229595,
           "n_close_orders": 9,
           "rentry_pprice_dist": 0.020337338487869266,
           "rentry_pprice_dist_wallet_exposure_weighting": 0.17315674159310124,
           "wallet_exposure_limit": 1.0}}