{"config_name": "clock_0days",
 "long": {"backwards_tp": true,
          "delay_between_fills_minutes_close": 481.6341335087599,
          "delay_between_fills_minutes_entry": 392.6083840099603,
          "delay_weight_close": 13.45660204660353,
          "delay_weight_entry": 24.2040918964358,
          "ema_dist_close": -0.010381289465320902,
          "ema_dist_entry": 0.0010356132764990783,
          "ema_span_0": 1478.166395959547,
          "ema_span_1": 260.735995541418,
          "enabled": true,
          "markup_range": 0.011696659691672514,
          "min_markup": 0.005919842569160249,
          "n_close_orders": 4,
          "qty_pct_close": 0.0175208733934846,
          "qty_pct_entry": 0.010149981540467933,
          "wallet_exposure_limit": 0.3,
          "we_multiplier_close": 7.007847426902574,
          "we_multiplier_entry": 65.13506351230306},
 "short": {"backwards_tp": true,
           "delay_between_fills_minutes_close": 52.22686475744861,
           "delay_between_fills_minutes_entry": 1230.9847366847555,
           "delay_weight_close": 60.75417967322192,
           "delay_weight_entry": 61.67118097252218,
           "ema_dist_close": -0.023632082463430737,
           "ema_dist_entry": -0.013386777623203616,
           "ema_span_0": 401.36607786174136,
           "ema_span_1": 681.1046131276826,
           "enabled": false,
           "markup_range": 0.0074233887745550516,
           "min_markup": 0.009640351911925481,
           "n_close_orders": 15,
           "qty_pct_close": 0.9154743464558123,
           "qty_pct_entry": 0.4657144982875962,
           "wallet_exposure_limit": 1.0,
           "we_multiplier_close": 5.703004179878491,
           "we_multiplier_entry": 8.9105042205757}}