{"config_name": "clock_0days",
 "long": {"backwards_tp": false,
          "delay_between_fills_minutes_close": 1437.6378034481982,
          "delay_between_fills_minutes_entry": 949.9276926115372,
          "delay_weight_close": 25.62013208962033,
          "delay_weight_entry": 19.567971731415803,
          "ema_dist_close": -0.003490988737656549,
          "ema_dist_entry": -0.003009118947868989,
          "ema_span_0": 1196.6723347432153,
          "ema_span_1": 1402.0733994639122,
          "enabled": true,
          "markup_range": 0.038537725090179414,
          "min_markup": 0.006916646337619446,
          "n_close_orders": 8,
          "qty_pct_close": 0.153012798911987,
          "qty_pct_entry": 0.01,
          "wallet_exposure_limit": 0.25,
          "we_multiplier_close": 0.04614054726585125,
          "we_multiplier_entry": 48.82303433208921},
 "short": {"backwards_tp": false,
           "delay_between_fills_minutes_close": 458.8716916363569,
           "delay_between_fills_minutes_entry": 32.44228560698983,
           "delay_weight_close": 33.12137974665432,
           "delay_weight_entry": 63.18767216069722,
           "ema_dist_close": -0.04475793789195358,
           "ema_dist_entry": -0.029570007127061163,
           "ema_span_0": 1026.6233567898853,
           "ema_span_1": 148.2160240698062,
           "enabled": false,
           "markup_range": 0.03077374501283967,
           "min_markup": 0.00845536146881391,
           "n_close_orders": 5,
           "qty_pct_close": 0.08119975785495191,
           "qty_pct_entry": 0.018370492778925943,
           "wallet_exposure_limit": 1.0,
           "we_multiplier_close": 46.50956254302353,
           "we_multiplier_entry": 43.647945926290845}}