{"config_name": "recursive_grid_0days",
 "logging_level": 0,
 "long": {"auto_unstuck_ema_dist": 0.004752469301969176,
          "auto_unstuck_wallet_exposure_threshold": 0.06409253521548719,
          "backwards_tp": true,
          "ddown_factor": 2.125615443342631,
          "ema_span_0": 413.67439119397596,
          "ema_span_1": 552.2910100194092,
          "enabled": true,
          "initial_eprice_ema_dist": -0.004615153540465571,
          "initial_qty_pct": 0.015277802889933507,
          "markup_range": 0.003623527248382634,
          "min_markup": 0.006948907090310424,
          "n_close_orders": 15,
          "rentry_pprice_dist": 0.027481087496931112,
          "rentry_pprice_dist_wallet_exposure_weighting": 2.4753759745976045,
          "wallet_exposure_limit": 0.3},
 "short": {"auto_unstuck_ema_dist": -0.04072459546562669,
           "auto_unstuck_wallet_exposure_threshold": 0.04532452940065872,
           "backwards_tp": true,
           "ddown_factor": 0.4958091249691666,
           "ema_span_0": 516.0165990854676,
           "ema_span_1": 882.5301164637657,
           "enabled": false,
           "initial_eprice_ema_dist": -0.05134662542094898,
           "initial_qty_pct": 0.06996312648222547,
           "markup_range": 0.013627691873858276,
           "min_markup": 0.006793952787527786,
           "n_close_orders": 7,
           "rentry_pprice_dist": 0.03432848935046544,
           "rentry_pprice_dist_wallet_exposure_weighting": 6.9814927018524875,
           "wallet_exposure_limit": 1.0}}