{"config_name": "clock_0days",
 "long": {"backwards_tp": true,
          "delay_between_fills_minutes_close": 476.0681947955946,
          "delay_between_fills_minutes_entry": 454.7123891935029,
          "delay_weight_close": 124.47867620503749,
          "delay_weight_entry": 38.91472302289798,
          "ema_dist_close": -0.03564329824132638,
          "ema_dist_entry": 0.01,
          "ema_span_0": 490.4939974528713,
          "ema_span_1": 491.87175266273823,
          "enabled": true,
          "markup_range": 0.0195388387518072,
          "min_markup": 0.01,
          "n_close_orders": 2,
          "qty_pct_close": 0.01,
          "qty_pct_entry": 0.01,
          "wallet_exposure_limit": 0.3,
          "we_multiplier_close": 63.48823618248835,
          "we_multiplier_entry": 118.28606787758099},
 "short": {"backwards_tp": true,
           "delay_between_fills_minutes_close": 110.96547558940723,
           "delay_between_fills_minutes_entry": 433.5242801794422,
           "delay_weight_close": 75.44082461323157,
           "delay_weight_entry": 85.45501498036113,
           "ema_dist_close": 0.0001369628230874151,
           "ema_dist_entry": -0.04208224827493389,
           "ema_span_0": 398.8181324347484,
           "ema_span_1": 1433.51807183585,
           "enabled": false,
           "markup_range": 0.028013186872817532,
           "min_markup": 0.04791055081980064,
           "n_close_orders": 9,
           "qty_pct_close": 0.6829580155301089,
           "qty_pct_entry": 0.6594740291228681,
           "wallet_exposure_limit": 1.0,
           "we_multiplier_close": 9.893223199530649,
           "we_multiplier_entry": 24.913110925231397}}