{"config_name": "recursive_grid_0days",
 "logging_level": 0,
 "long": {"auto_unstuck_ema_dist": 0,
          "auto_unstuck_wallet_exposure_threshold": 0.0,
          "backwards_tp": true,
          "ddown_factor": 1.8600730370125285,
          "ema_span_0": 197.2134196964743,
          "ema_span_1": 265.8065314743284,
          "enabled": true,
          "initial_eprice_ema_dist": 0.009885976134699166,
          "initial_qty_pct": 0.012312667133739543,
          "markup_range": 0.003985312356391819,
          "min_markup": 0.004551916704175767,
          "n_close_orders": 6,
          "rentry_pprice_dist": 0.021150216429451845,
          "rentry_pprice_dist_wallet_exposure_weighting": 2.9072353143179104,
          "wallet_exposure_limit": 0.3},
 "short": {"auto_unstuck_ema_dist": -0.016389398035534825,
           "auto_unstuck_wallet_exposure_threshold": 0.06447673508755253,
           "backwards_tp": true,
           "ddown_factor": 2.237050774213073,
           "ema_span_0": 1282.086357014044,
           "ema_span_1": 44.877410415968086,
           "enabled": false,
           "initial_eprice_ema_dist": -0.0238302093765083,
           "initial_qty_pct": 0.013283465598826958,
           "markup_range": 0.004836619438097636,
           "min_markup": 0.0070171868501348955,
           "n_close_orders": 4,
           "rentry_pprice_dist": 0.01078904963011347,
           "rentry_pprice_dist_wallet_exposure_weighting": 8.226633374342793,
           "wallet_exposure_limit": 1.0}}