{"config_name": "recursive_grid_0days",
 "logging_level": 0,
 "long": {"auto_unstuck_ema_dist": 0,
          "auto_unstuck_wallet_exposure_threshold": 0.5903011440810303,
          "backwards_tp": true,
          "ddown_factor": 3.0,
          "ema_span_0": 100,
          "ema_span_1": 114.44446704420803,
          "enabled": true,
          "initial_eprice_ema_dist": -0.07660453427511413,
          "initial_qty_pct": 0.025691456806688502,
          "markup_range": 0.025918084777574346,
          "min_markup": 0.004384147339654674,
          "n_close_orders": 5,
          "rentry_pprice_dist": 0.007009410991136757,
          "rentry_pprice_dist_wallet_exposure_weighting": 30.27385946170196,
          "wallet_exposure_limit": 0.1},
 "short": {"auto_unstuck_ema_dist": 0.06382546078031348,
           "auto_unstuck_wallet_exposure_threshold": 0.005859590876247663,
           "backwards_tp": true,
           "ddown_factor": 3.0,
           "ema_span_0": 2539.512237909713,
           "ema_span_1": 3159.2156691589107,
           "enabled": true,
           "initial_eprice_ema_dist": -0.023672792200706935,
           "initial_qty_pct": 0.005,
           "markup_range": 0.028975268913125542,
           "min_markup": 0.004265307027651441,
           "n_close_orders": 8,
           "rentry_pprice_dist": 0.04988408176346949,
           "rentry_pprice_dist_wallet_exposure_weighting": 14.655258559181712,
           "wallet_exposure_limit": 0.1}}