{"config_name": "recursive_grid_0days",
 "logging_level": 0,
 "long": {"auto_unstuck_ema_dist": 0,
          "auto_unstuck_wallet_exposure_threshold": 0.0,
          "backwards_tp": false,
          "ddown_factor": 2.260917300709496,
          "ema_span_0": 881.9934922666846,
          "ema_span_1": 132.4379191803553,
          "enabled": true,
          "initial_eprice_ema_dist": -0.09596830456904942,
          "initial_qty_pct": 0.00431490083510706,
          "markup_range": 0.07558233778937894,
          "min_markup": 0.01322874713913732,
          "n_close_orders": 14,
          "rentry_pprice_dist": 0.03597720480633776,
          "rentry_pprice_dist_wallet_exposure_weighting": 10.355452634388955,
          "wallet_exposure_limit": 0.2},
 "short": {"auto_unstuck_ema_dist": -0.061822546877644234,
           "auto_unstuck_wallet_exposure_threshold": 0.03713672966472187,
           "backwards_tp": false,
           "ddown_factor": 0.5509421605702501,
           "ema_span_0": 285.40456204008086,
           "ema_span_1": 1066.982693861388,
           "enabled": false,
           "initial_eprice_ema_dist": -0.07513343002185272,
           "initial_qty_pct": 0.0588568420982662,
           "markup_range": 0.01774487737400778,
           "min_markup": 0.0022572301441890546,
           "n_close_orders": 4,
           "rentry_pprice_dist": 0.028517607012724298,
           "rentry_pprice_dist_wallet_exposure_weighting": 15.347444184095881,
           "wallet_exposure_limit": 1}}