{"config_name": "recursive_grid_0days",
 "logging_level": 0,
 "long": {"auto_unstuck_ema_dist": 0,
          "auto_unstuck_wallet_exposure_threshold": 0.0,
          "backwards_tp": false,
          "ddown_factor": 3.8723242880411104,
          "ema_span_0": 242.45876137225676,
          "ema_span_1": 613.4424233605802,
          "enabled": true,
          "initial_eprice_ema_dist": -0.14930782129150394,
          "initial_qty_pct": 0.0024453270540110766,
          "markup_range": 0.04874927297423761,
          "min_markup": 0.0077906283188909214,
          "n_close_orders": 5,
          "rentry_pprice_dist": 0.030596582127004744,
          "rentry_pprice_dist_wallet_exposure_weighting": 2.132238482635876,
          "wallet_exposure_limit": 0.2},
 "short": {"auto_unstuck_ema_dist": -0.0641959337792268,
           "auto_unstuck_wallet_exposure_threshold": 0.03701964661320914,
           "backwards_tp": false,
           "ddown_factor": 2.739051423446839,
           "ema_span_0": 1386.0863961491273,
           "ema_span_1": 278.6068625344333,
           "enabled": false,
           "initial_eprice_ema_dist": -0.09369513744388645,
           "initial_qty_pct": 0.08112018450123783,
           "markup_range": 0.02928715061603634,
           "min_markup": 0.007114285024987793,
           "n_close_orders": 11,
           "rentry_pprice_dist": 0.02445710765762794,
           "rentry_pprice_dist_wallet_exposure_weighting": 12.248056931095812,
           "wallet_exposure_limit": 1.0}}