{"config_name": "recursive_grid_0days",
 "logging_level": 0,
 "long": {"auto_unstuck_ema_dist": -0.0010490795309734695,
          "auto_unstuck_wallet_exposure_threshold": 0.07502390836784983,
          "backwards_tp": true,
          "ddown_factor": 1.7754443764349355,
          "ema_span_0": 422.0443908112672,
          "ema_span_1": 894.2591030853453,
          "enabled": true,
          "initial_eprice_ema_dist": 0.011275280949036631,
          "initial_qty_pct": 0.015316422500498658,
          "markup_range": 0.0035991260383409747,
          "min_markup": 0.0032509191253907222,
          "n_close_orders": 7,
          "rentry_pprice_dist": 0.019249816231443423,
          "rentry_pprice_dist_wallet_exposure_weighting": 0.6374427998393306,
          "wallet_exposure_limit": 0.3},
 "short": {"auto_unstuck_ema_dist": -0.041727445973556106,
           "auto_unstuck_wallet_exposure_threshold": 0.09463455493091501,
           "backwards_tp": true,
           "ddown_factor": 1.0130175140331872,
           "ema_span_0": 199.12170623167887,
           "ema_span_1": 583.8687585879854,
           "enabled": false,
           "initial_eprice_ema_dist": -0.04578463269731211,
           "initial_qty_pct": 0.0821255711140334,
           "markup_range": 0.03596793007074264,
           "min_markup": 0.008901559173904876,
           "n_close_orders": 15,
           "rentry_pprice_dist": 0.03381461116846967,
           "rentry_pprice_dist_wallet_exposure_weighting": 25.97378549012918,
           "wallet_exposure_limit": 1.0}}