{"config_name": "clock_0days",
 "long": {"backwards_tp": true,
          "delay_between_fills_minutes_close": 1440,
          "delay_between_fills_minutes_entry": 1172.711790741529,
          "delay_weight_close": 73.6544026363283,
          "delay_weight_entry": 23.143316875911825,
          "ema_dist_close": -0.04157286521603214,
          "ema_dist_entry": 0.0013188964881180713,
          "ema_span_0": 1129.669880529776,
          "ema_span_1": 50.523748039445785,
          "enabled": true,
          "markup_range": 0.05771743735801228,
          "min_markup": 0.009737879515730782,
          "n_close_orders": 11,
          "qty_pct_close": 0.01,
          "qty_pct_entry": 0.01,
          "wallet_exposure_limit": 0.2,
          "we_multiplier_close": 29.643131527065197,
          "we_multiplier_entry": 95.18718287766904},
 "short": {"backwards_tp": true,
           "delay_between_fills_minutes_close": 1424.9070375671815,
           "delay_between_fills_minutes_entry": 1207.2969148195934,
           "delay_weight_close": 43.13478046822603,
           "delay_weight_entry": 21.37071667162737,
           "ema_dist_close": 0.004,
           "ema_dist_entry": 2.3814732086526423e-05,
           "ema_span_0": 438.7586146886685,
           "ema_span_1": 1216.1422245125746,
           "enabled": true,
           "markup_range": 0.0022297431800169546,
           "min_markup": 0.009844768821180823,
           "n_close_orders": 16,
           "qty_pct_close": 0.01,
           "qty_pct_entry": 0.01,
           "wallet_exposure_limit": 0.1,
           "we_multiplier_close": 17.921320936179153,
           "we_multiplier_entry": 48.26647299805312}}