{"config_name": "recursive_grid_0days",
 "logging_level": 0,
 "long": {"auto_unstuck_ema_dist": 0,
          "auto_unstuck_wallet_exposure_threshold": 0.0,
          "backwards_tp": false,
          "ddown_factor": 1.899160066593131,
          "ema_span_0": 374.9367030020305,
          "ema_span_1": 382.3505290718147,
          "enabled": true,
          "initial_eprice_ema_dist": -0.018620861397608462,
          "initial_qty_pct": 0.0026492319590189967,
          "markup_range": 0.04889754028720278,
          "min_markup": 0.005821410420329261,
          "n_close_orders": 7,
          "rentry_pprice_dist": 0.02607871715663395,
          "rentry_pprice_dist_wallet_exposure_weighting": 0.6636548901067885,
          "wallet_exposure_limit": 1},
 "short": {"auto_unstuck_ema_dist": -0.005273891678400533,
           "auto_unstuck_wallet_exposure_threshold": 0.04881775502460527,
           "backwards_tp": false,
           "ddown_factor": 2.664081804394442,
           "ema_span_0": 793.1075286735104,
           "ema_span_1": 1202.5414642655005,
           "enabled": false,
           "initial_eprice_ema_dist": -0.09250957583008815,
           "initial_qty_pct": 0.09160891766401447,
           "markup_range": 0.04978021487740379,
           "min_markup": 0.006760400184608841,
           "n_close_orders": 8,
           "rentry_pprice_dist": 0.0449871026800183,
           "rentry_pprice_dist_wallet_exposure_weighting": 16.648852858247295,
           "wallet_exposure_limit": 1}}