{"config_name": "recursive_grid_0days",
 "logging_level": 0,
 "long": {"auto_unstuck_ema_dist": -0.0003709254523340003,
          "auto_unstuck_wallet_exposure_threshold": 0.0465014561160427,
          "backwards_tp": false,
          "ddown_factor": 2.1429,
          "ema_span_0": 1366.046505634239,
          "ema_span_1": 775.6955984790154,
          "enabled": true,
          "initial_eprice_ema_dist": -0.0008599543887318731,
          "initial_qty_pct": 0.0031893,
          "markup_range": 0.028078,
          "min_markup": 0.005709,
          "n_close_orders": 5,
          "rentry_pprice_dist": 0.018515,
          "rentry_pprice_dist_wallet_exposure_weighting": 2.1199,
          "wallet_exposure_limit": 0.2},
 "short": {"auto_unstuck_ema_dist": -0.0010874885299989173,
           "auto_unstuck_wallet_exposure_threshold": 0.031891019023779915,
           "backwards_tp": false,
           "ddown_factor": 2.88844146256891,
           "ema_span_0": 1182.9517666999202,
           "ema_span_1": 182.93226876109688,
           "enabled": false,
           "initial_eprice_ema_dist": 5.006872888570213e-05,
           "initial_qty_pct": 0.06803612524300437,
           "markup_range": 0.03996338752582797,
           "min_markup": 0.0010057220767933609,
           "n_close_orders": 2,
           "rentry_pprice_dist": 0.016523021792162185,
           "rentry_pprice_dist_wallet_exposure_weighting": 1.7927572759297283,
           "wallet_exposure_limit": 1}}