{"config_name": "recursive_grid_0days",
 "logging_level": 0,
 "long": {"auto_unstuck_ema_dist": 0,
          "auto_unstuck_wallet_exposure_threshold": 0.0,
          "backwards_tp": false,
          "ddown_factor": 3.35348850947121,
          "ema_span_0": 571.1780553332793,
          "ema_span_1": 535.6947450972391,
          "enabled": true,
          "initial_eprice_ema_dist": -0.0846796987605721,
          "initial_qty_pct": 0.004971394520351832,
          "markup_range": 0.05098151481894088,
          "min_markup": 0.0013798988769013942,
          "n_close_orders": 3,
          "rentry_pprice_dist": 0.02648130334701932,
          "rentry_pprice_dist_wallet_exposure_weighting": 3.265656928637861,
          "wallet_exposure_limit": 0.2},
 "short": {"auto_unstuck_ema_dist": -0.05034778622052633,
           "auto_unstuck_wallet_exposure_threshold": 0.03867498317498379,
           "backwards_tp": false,
           "ddown_factor": 2.2190220607813025,
           "ema_span_0": 1250.819354211084,
           "ema_span_1": 688.4949588159053,
           "enabled": false,
           "initial_eprice_ema_dist": -0.06756628900514162,
           "initial_qty_pct": 0.0953563905851014,
           "markup_range": 0.05918677188488268,
           "min_markup": 0.008112353518015918,
           "n_close_orders": 2,
           "rentry_pprice_dist": 0.03983796170980241,
           "rentry_pprice_dist_wallet_exposure_weighting": 5.711915194271264,
           "wallet_exposure_limit": 1.0}}