{"config_name": "clock_0days",
 "long": {"delay_between_fills_minutes_close": 418.22340948621655,
          "delay_between_fills_minutes_entry": 306.6142456567748,
          "delay_weight_close": 50.23375339198578,
          "delay_weight_entry": 30.572406795717647,
          "ema_dist_lower": -0.9638694884022031,
          "ema_dist_upper": -0.039570897499136316,
          "ema_span_0": 788.2549647230313,
          "ema_span_1": 220.8486101040161,
          "enabled": true,
          "markup_range": 0.01957246303139817,
          "min_markup": 0.019593385194834452,
          "n_close_orders": 5,
          "qty_pct_close": 0.01,
          "qty_pct_entry": 0.01,
          "wallet_exposure_limit": 0.25,
          "we_multiplier_close": 139.82836669283037,
          "we_multiplier_entry": 121.63398402118622},
 "short": {"delay_between_fills_minutes_close": 332.80005435071223,
           "delay_between_fills_minutes_entry": 332.6114493427195,
           "delay_weight_close": 51.259580869843106,
           "delay_weight_entry": 37.62169665411492,
           "ema_dist_lower": -0.6680802260889559,
           "ema_dist_upper": -0.032355048907144135,
           "ema_span_0": 285.45147308704907,
           "ema_span_1": 456.18162647838074,
           "enabled": true,
           "markup_range": 0.01773670268217522,
           "min_markup": 0.017323400593128178,
           "n_close_orders": 3,
           "qty_pct_close": 0.01,
           "qty_pct_entry": 0.01,
           "wallet_exposure_limit": 0.1,
           "we_multiplier_close": 8.118307474144075,
           "we_multiplier_entry": 43.58446018685239}}