{"config_name": "recursive_grid_0days",
 "logging_level": 0,
 "long": {"auto_unstuck_ema_dist": 0,
          "auto_unstuck_wallet_exposure_threshold": 0.0,
          "backwards_tp": false,
          "ddown_factor": 3.5926927240206155,
          "ema_span_0": 549.9746130776342,
          "ema_span_1": 779.1556477233129,
          "enabled": true,
          "initial_eprice_ema_dist": -0.17650111022788167,
          "initial_qty_pct": 0.0027192924688962694,
          "markup_range": 0.030071024542945027,
          "min_markup": 0.003914947333464728,
          "n_close_orders": 4,
          "rentry_pprice_dist": 0.029065732118880232,
          "rentry_pprice_dist_wallet_exposure_weighting": 0.39592516592267557,
          "wallet_exposure_limit": 0.2},
 "short": {"auto_unstuck_ema_dist": -0.06866619592847167,
           "auto_unstuck_wallet_exposure_threshold": 0.058064125298795205,
           "backwards_tp": false,
           "ddown_factor": 1.4819505518653284,
           "ema_span_0": 963.3081433967698,
           "ema_span_1": 1236.165445998561,
           "enabled": false,
           "initial_eprice_ema_dist": -0.030399306705722995,
           "initial_qty_pct": 0.05089785765159484,
           "markup_range": 0.0234558760665951,
           "min_markup": 0.0018099132444679485,
           "n_close_orders": 9,
           "rentry_pprice_dist": 0.02275851780719104,
           "rentry_pprice_dist_wallet_exposure_weighting": 13.27655042057476,
           "wallet_exposure_limit": 1.0}}