{"config_name": "recursive_grid_0days",
 "logging_level": 0,
 "long": {"auto_unstuck_ema_dist": 0,
          "auto_unstuck_wallet_exposure_threshold": 0.0,
          "backwards_tp": true,
          "ddown_factor": 2.596359426546604,
          "ema_span_0": 285.03163782682117,
          "ema_span_1": 894.4556644950361,
          "enabled": true,
          "initial_eprice_ema_dist": 0.003467611551525256,
          "initial_qty_pct": 0.017361020734352,
          "markup_range": 0.0033502019611823075,
          "min_markup": 0.0023439267406507552,
          "n_close_orders": 3,
          "rentry_pprice_dist": 0.03334795446533532,
          "rentry_pprice_dist_wallet_exposure_weighting": 0.841721071594473,
          "wallet_exposure_limit": 0.3},
 "short": {"auto_unstuck_ema_dist": -0.051490635524504204,
           "auto_unstuck_wallet_exposure_threshold": 0.05888048996346003,
           "backwards_tp": true,
           "ddown_factor": 2.774319472901063,
           "ema_span_0": 744.6893182912698,
           "ema_span_1": 1111.8062307586265,
           "enabled": false,
           "initial_eprice_ema_dist": -0.058866112778946086,
           "initial_qty_pct": 0.08165743764295419,
           "markup_range": 0.027542284248882394,
           "min_markup": 0.007141723411520929,
           "n_close_orders": 14,
           "rentry_pprice_dist": 0.01130782688834477,
           "rentry_pprice_dist_wallet_exposure_weighting": 16.662940152257253,
           "wallet_exposure_limit": 1.0}}