{"config_name": "clock_0days",
 "long": {"backwards_tp": true,
          "delay_between_fills_minutes_close": 371.24591030121843,
          "delay_between_fills_minutes_entry": 474.46387878637466,
          "delay_weight_close": 54.73028447344176,
          "delay_weight_entry": 25.659269198612698,
          "ema_dist_close": -0.02366945255100425,
          "ema_dist_entry": -0.5629792821433914,
          "ema_span_0": 407.2837110313964,
          "ema_span_1": 433.29498263093734,
          "enabled": true,
          "markup_range": 0.019236159451336325,
          "min_markup": 0.009568707496936554,
          "n_close_orders": 4,
          "qty_pct_close": 0.01,
          "qty_pct_entry": 0.01,
          "wallet_exposure_limit": 0.3,
          "we_multiplier_close": 7.429826938296278,
          "we_multiplier_entry": 11.848579108171604},
 "short": {"backwards_tp": true,
           "delay_between_fills_minutes_close": 312.932596243321,
           "delay_between_fills_minutes_entry": 242.08948158538038,
           "delay_weight_close": 18.465450245632976,
           "delay_weight_entry": 132.20476419339784,
           "ema_dist_close": -0.4977329036544397,
           "ema_dist_entry": -0.981985490353699,
           "ema_span_0": 32.12063614465186,
           "ema_span_1": 476.89009553293346,
           "enabled": false,
           "markup_range": 0.01610609854289529,
           "min_markup": 0.04839445253000618,
           "n_close_orders": 3,
           "qty_pct_close": 0.01,
           "qty_pct_entry": 0.01,
           "wallet_exposure_limit": 1.0,
           "we_multiplier_close": 134.22664388450562,
           "we_multiplier_entry": 92.18255369804153}}