{"config_name": "recursive_grid_0days",
 "logging_level": 0,
 "long": {"auto_unstuck_ema_dist": 0.0,
          "auto_unstuck_wallet_exposure_threshold": 0.0,
          "backwards_tp": true,
          "ddown_factor": 1.5332919670832106,
          "ema_span_0": 994.4570234365005,
          "ema_span_1": 809.6314365723632,
          "enabled": true,
          "initial_eprice_ema_dist": -0.0729626892502937,
          "initial_qty_pct": 0.004164337313209796,
          "markup_range": 3.860376045868408e-05,
          "min_markup": 0.003975509061571767,
          "n_close_orders": 10,
          "rentry_pprice_dist": 0.044886644419612785,
          "rentry_pprice_dist_wallet_exposure_weighting": 0.6274629923793542,
          "wallet_exposure_limit": 0.1},
 "short": {"auto_unstuck_ema_dist": 0.06404117534104133,
           "auto_unstuck_wallet_exposure_threshold": 0.059040907831307124,
           "backwards_tp": true,
           "ddown_factor": 1.926940168450328,
           "ema_span_0": 757.8427542032668,
           "ema_span_1": 2542.6568113842004,
           "enabled": false,
           "initial_eprice_ema_dist": -0.03346740325792313,
           "initial_qty_pct": 0.015,
           "markup_range": 0.010626934899588138,
           "min_markup": 0.0027373762710107973,
           "n_close_orders": 14,
           "rentry_pprice_dist": 0.015735267519724233,
           "rentry_pprice_dist_wallet_exposure_weighting": 11.282183289265463,
           "wallet_exposure_limit": 0.1}}