{"config_name": "recursive_grid_0days",
 "logging_level": 0,
 "long": {"auto_unstuck_ema_dist": 0,
          "auto_unstuck_wallet_exposure_threshold": 0.0,
          "backwards_tp": false,
          "ddown_factor": 3.367957427941548,
          "ema_span_0": 81.87509357552551,
          "ema_span_1": 156.18456546101612,
          "enabled": true,
          "initial_eprice_ema_dist": -0.01920203573016317,
          "initial_qty_pct": 0.0008645503969216483,
          "markup_range": 0.013451527537055951,
          "min_markup": 0.007435667854022364,
          "n_close_orders": 1,
          "rentry_pprice_dist": 0.02997703683554356,
          "rentry_pprice_dist_wallet_exposure_weighting": 0.49965790910893515,
          "wallet_exposure_limit": 0.2},
 "short": {"auto_unstuck_ema_dist": -0.052527926593128466,
           "auto_unstuck_wallet_exposure_threshold": 0.0679931816994451,
           "backwards_tp": false,
           "ddown_factor": 0.24065310995198602,
           "ema_span_0": 202.59322799903745,
           "ema_span_1": 790.6274602281405,
           "enabled": false,
           "initial_eprice_ema_dist": -0.049565362930563406,
           "initial_qty_pct": 0.09363164305238528,
           "markup_range": 0.03585717686211522,
           "min_markup": 0.0020176140683526925,
           "n_close_orders": 15,
           "rentry_pprice_dist": 0.03293296709018954,
           "rentry_pprice_dist_wallet_exposure_weighting": 0.9880993296565665,
           "wallet_exposure_limit": 1.0}}