{"config_name": "clock_0days",
 "long": {"backwards_tp": true,
          "delay_between_fills_minutes_close": 395.9623142821656,
          "delay_between_fills_minutes_entry": 495.98220660756476,
          "delay_weight_close": 22.95253188086124,
          "delay_weight_entry": 25.19501651673736,
          "ema_dist_close": -0.04031361302363024,
          "ema_dist_entry": -0.9018051178045905,
          "ema_span_0": 792.6087722845936,
          "ema_span_1": 515.3565733628494,
          "enabled": true,
          "markup_range": 0.029025831491625624,
          "min_markup": 0.029378426279023966,
          "n_close_orders": 9,
          "qty_pct_close": 0.011156545778761765,
          "qty_pct_entry": 0.010059020264786573,
          "wallet_exposure_limit": 0.3,
          "we_multiplier_close": 117.30524832122161,
          "we_multiplier_entry": 141.26355316981082},
 "short": {"backwards_tp": true,
           "delay_between_fills_minutes_close": 17.075371081092367,
           "delay_between_fills_minutes_entry": 17.737942554515996,
           "delay_weight_close": 3.207552932147062,
           "delay_weight_entry": 18.53122741114212,
           "ema_dist_close": 0.0031407147045176657,
           "ema_dist_entry": 0.006629988481674461,
           "ema_span_0": 588.3165681750828,
           "ema_span_1": 59.757827020594206,
           "enabled": false,
           "markup_range": 0.052962401903869784,
           "min_markup": 0.052359779809071146,
           "n_close_orders": 4,
           "qty_pct_close": 0.6954312807216597,
           "qty_pct_entry": 0.9035971392978934,
           "wallet_exposure_limit": 1.0,
           "we_multiplier_close": 6.195685131650974,
           "we_multiplier_entry": 0.14542414895231892}}