{"config_name": "clock_0days",
 "long": {"backwards_tp": true,
          "delay_between_fills_minutes_close": 416.74073420936116,
          "delay_between_fills_minutes_entry": 367.6382808084324,
          "delay_weight_close": 35.16055469257011,
          "delay_weight_entry": 30.65948865601194,
          "ema_dist_close": -0.6108681883660058,
          "ema_dist_entry": -0.8370088060492102,
          "ema_span_0": 131.06767920373522,
          "ema_span_1": 320.99512449163234,
          "enabled": true,
          "markup_range": 0.015544687734096547,
          "min_markup": 0.007223470547182606,
          "n_close_orders": 2,
          "qty_pct_close": 0.01,
          "qty_pct_entry": 0.01,
          "wallet_exposure_limit": 0.3,
          "we_multiplier_close": 2.4797791243455936,
          "we_multiplier_entry": 4.366159047980927},
 "short": {"backwards_tp": true,
           "delay_between_fills_minutes_close": 56.19959196901739,
           "delay_between_fills_minutes_entry": 107.86241255115746,
           "delay_weight_close": 1.088443512709103,
           "delay_weight_entry": 85.06635805849055,
           "ema_dist_close": -0.014571578688442964,
           "ema_dist_entry": -0.03146568817409862,
           "ema_span_0": 706.1940328259767,
           "ema_span_1": 1288.0236030402866,
           "enabled": false,
           "markup_range": 0.016116177472820827,
           "min_markup": 0.05790749562130849,
           "n_close_orders": 6,
           "qty_pct_close": 0.06628000227363959,
           "qty_pct_entry": 0.09932189883921792,
           "wallet_exposure_limit": 1.0,
           "we_multiplier_close": 9.516746288827209,
           "we_multiplier_entry": 13.809596640939093}}