{"config_name": "clock_0days",
 "long": {"backwards_tp": false,
          "delay_between_fills_minutes_close": 365.38154729266154,
          "delay_between_fills_minutes_entry": 371.90070229411236,
          "delay_weight_close": 134.64968454854153,
          "delay_weight_entry": 21.633888757895974,
          "ema_dist_close": 0.014332119022286705,
          "ema_dist_entry": 0.010716950938237742,
          "ema_span_0": 771.3773580158548,
          "ema_span_1": 713.8873388483444,
          "enabled": true,
          "markup_range": 0.01993545507975471,
          "min_markup": 0.004737118965063236,
          "n_close_orders": 10,
          "qty_pct_close": 0.015593106724805366,
          "qty_pct_entry": 0.011155940011654137,
          "wallet_exposure_limit": 0.3,
          "we_multiplier_close": 2.9666085142652117,
          "we_multiplier_entry": 117.35190661467443},
 "short": {"backwards_tp": false,
           "delay_between_fills_minutes_close": 168.23405342931258,
           "delay_between_fills_minutes_entry": 1282.370640484308,
           "delay_weight_close": 22.90181396648997,
           "delay_weight_entry": 70.7987775848875,
           "ema_dist_close": -0.038143692535516936,
           "ema_dist_entry": -0.026236448544325663,
           "ema_span_0": 846.8540302357841,
           "ema_span_1": 514.0751877822033,
           "enabled": false,
           "markup_range": 0.03354681740896165,
           "min_markup": 0.0025479795722171982,
           "n_close_orders": 7,
           "qty_pct_close": 0.03469971039655958,
           "qty_pct_entry": 0.03748296511074526,
           "wallet_exposure_limit": 1.0,
           "we_multiplier_close": 50.669682323529116,
           "we_multiplier_entry": 47.7470387764285}}