{"config_name": "clock_0days",
 "long": {"backwards_tp": false,
          "delay_between_fills_minutes_close": 1365.6459219893006,
          "delay_between_fills_minutes_entry": 960.5408160909357,
          "delay_weight_close": 195.21889140222234,
          "delay_weight_entry": 16.051831009933657,
          "ema_dist_close": -0.0010968614348237215,
          "ema_dist_entry": 0.002142135040406827,
          "ema_span_0": 124.95308329801435,
          "ema_span_1": 1091.13935470729,
          "enabled": true,
          "markup_range": 0.002750365751100803,
          "min_markup": 0.00511807342326204,
          "n_close_orders": 11,
          "qty_pct_close": 0.01302301492579781,
          "qty_pct_entry": 0.021809917198504603,
          "wallet_exposure_limit": 0.25,
          "we_multiplier_close": 0,
          "we_multiplier_entry": 139.0721749668641},
 "short": {"backwards_tp": false,
           "delay_between_fills_minutes_close": 1383.9959309266198,
           "delay_between_fills_minutes_entry": 879.5587529768549,
           "delay_weight_close": 59.59969667624322,
           "delay_weight_entry": 59.05155744215607,
           "ema_dist_close": -0.0005258453984101144,
           "ema_dist_entry": -0.020937321125804355,
           "ema_span_0": 224.61514507762678,
           "ema_span_1": 1438.651307674725,
           "enabled": false,
           "markup_range": 0.007453154614312018,
           "min_markup": 0.0046775841814777185,
           "n_close_orders": 10,
           "qty_pct_close": 0.05462700669273768,
           "qty_pct_entry": 0.06611180017786998,
           "wallet_exposure_limit": 1.0,
           "we_multiplier_close": 76.39725475317704,
           "we_multiplier_entry": 11.143045826642838}}