{"config_name": "recursive_grid_0days",
 "logging_level": 0,
 "long": {"auto_unstuck_ema_dist": 0,
          "auto_unstuck_wallet_exposure_threshold": 0.0,
          "backwards_tp": true,
          "ddown_factor": 1.9151890917315155,
          "ema_span_0": 141.19935072453058,
          "ema_span_1": 1309.7177479029908,
          "enabled": true,
          "initial_eprice_ema_dist": -0.0067423183979150834,
          "initial_qty_pct": 0.019111130914052664,
          "markup_range": 0.014394567744242243,
          "min_markup": 0.008605713778767527,
          "n_close_orders": 4,
          "rentry_pprice_dist": 0.03475704024562434,
          "rentry_pprice_dist_wallet_exposure_weighting": 3.5936921398415227,
          "wallet_exposure_limit": 0.3},
 "short": {"auto_unstuck_ema_dist": -0.009591594268754278,
           "auto_unstuck_wallet_exposure_threshold": 0.05300220695515705,
           "backwards_tp": true,
           "ddown_factor": 1.2523527615188959,
           "ema_span_0": 940.3360632998051,
           "ema_span_1": 1383.595945647188,
           "enabled": false,
           "initial_eprice_ema_dist": -0.07738717024557276,
           "initial_qty_pct": 0.06400561476111696,
           "markup_range": 0.0432744587651477,
           "min_markup": 0.007358744377582274,
           "n_close_orders": 14,
           "rentry_pprice_dist": 0.014434290611216937,
           "rentry_pprice_dist_wallet_exposure_weighting": 12.698222077397567,
           "wallet_exposure_limit": 1.0}}