{"config_name": "clock_0days",
 "long": {"backwards_tp": true,
          "delay_between_fills_minutes_close": 460.62305765799107,
          "delay_between_fills_minutes_entry": 421.82662198659244,
          "delay_weight_close": 53.66005380779498,
          "delay_weight_entry": 44.902699896763345,
          "ema_dist_close": -0.015418001896830747,
          "ema_dist_entry": 0.01,
          "ema_span_0": 428.54348459445345,
          "ema_span_1": 300.70635938894253,
          "enabled": true,
          "markup_range": 0.017448556233640413,
          "min_markup": 0.009988600685282864,
          "n_close_orders": 4,
          "qty_pct_close": 0.01,
          "qty_pct_entry": 0.01,
          "wallet_exposure_limit": 0.3,
          "we_multiplier_close": 17.42076156965287,
          "we_multiplier_entry": 84.05197458697057},
 "short": {"backwards_tp": true,
           "delay_between_fills_minutes_close": 166.4271734765761,
           "delay_between_fills_minutes_entry": 1027.4275126179132,
           "delay_weight_close": 36.52467494818542,
           "delay_weight_entry": 32.16654925598893,
           "ema_dist_close": -0.0282103366260796,
           "ema_dist_entry": -0.04849320440750926,
           "ema_span_0": 579.4713594843669,
           "ema_span_1": 223.87188016947508,
           "enabled": false,
           "markup_range": 0.0642677907194229,
           "min_markup": 0.021220018166655117,
           "n_close_orders": 11,
           "qty_pct_close": 0.9465051795506716,
           "qty_pct_entry": 0.01621509632367999,
           "wallet_exposure_limit": 1.0,
           "we_multiplier_close": 4.874279856314119,
           "we_multiplier_entry": 95.97783086206694}}