{"config_name": "neat_grid_0days",
 "logging_level": 0,
 "long": {"auto_unstuck_ema_dist": 0,
          "auto_unstuck_wallet_exposure_threshold": 0,
          "backwards_tp": true,
          "ema_span_0": 1831.1297619984346,
          "ema_span_1": 2053.5541817494577,
          "enabled": true,
          "eprice_exp_base": 1.5959670262943004,
          "eqty_exp_base": 2.8882596665206166,
          "grid_span": 0.12374786404884834,
          "initial_eprice_ema_dist": -0.012271415287727681,
          "initial_qty_pct": 0.01,
          "markup_range": 0.0017417758542123654,
          "max_n_entry_orders": 5,
          "min_markup": 0.002,
          "n_close_orders": 13,
          "wallet_exposure_limit": 1},
 "short": {"auto_unstuck_ema_dist": 0,
           "auto_unstuck_wallet_exposure_threshold": 0,
           "backwards_tp": true,
           "ema_span_0": 1388.0086059126534,
           "ema_span_1": 2315.3448987971083,
           "enabled": true,
           "eprice_exp_base": 1,
           "eqty_exp_base": 1.8501072069178675,
           "grid_span": 0.223784509226791,
           "initial_eprice_ema_dist": -0.007494328613042022,
           "initial_qty_pct": 0.01,
           "markup_range": 0.016017337202516253,
           "max_n_entry_orders": 17,
           "min_markup": 0.00907914244187992,
           "n_close_orders": 16,
           "wallet_exposure_limit": 0.19539777354420498}}