{"config_name": "clock_0days",
 "long": {"backwards_tp": true,
          "delay_between_fills_minutes_close": 396.6053070520233,
          "delay_between_fills_minutes_entry": 214.59047036957776,
          "delay_weight_close": 42.3740624889388,
          "delay_weight_entry": 27.078625214793234,
          "ema_dist_close": -0.9720803544290193,
          "ema_dist_entry": 0.009087012866723159,
          "ema_span_0": 365.88595832013624,
          "ema_span_1": 226.7895863087813,
          "enabled": true,
          "markup_range": 0.024075628219913645,
          "min_markup": 0.008179826435674824,
          "n_close_orders": 7,
          "qty_pct_close": 0.02,
          "qty_pct_entry": 0.018463028248535678,
          "wallet_exposure_limit": 0.3,
          "we_multiplier_close": 2.9568118173813644,
          "we_multiplier_entry": 98.7882043374436},
 "short": {"backwards_tp": true,
           "delay_between_fills_minutes_close": 63.82320363578197,
           "delay_between_fills_minutes_entry": 472.30128973674357,
           "delay_weight_close": 41.850557587341655,
           "delay_weight_entry": 110.32673193242128,
           "ema_dist_close": -0.29194253099473433,
           "ema_dist_entry": -0.4154957052768634,
           "ema_span_0": 67.80816612045767,
           "ema_span_1": 56.85432986686101,
           "enabled": false,
           "markup_range": 0.015694270682860428,
           "min_markup": 0.051210058442114806,
           "n_close_orders": 2,
           "qty_pct_close": 0.01,
           "qty_pct_entry": 0.01,
           "wallet_exposure_limit": 1.0,
           "we_multiplier_close": 100.20344459944542,
           "we_multiplier_entry": 45.515217902368356}}