{"config_name": "recursive_grid_0days",
 "logging_level": 0,
 "long": {"auto_unstuck_ema_dist": 0,
          "auto_unstuck_wallet_exposure_threshold": 0.0,
          "backwards_tp": false,
          "ddown_factor": 0.6224761543592143,
          "ema_span_0": 897.5873404008879,
          "ema_span_1": 787.1443031157171,
          "enabled": true,
          "initial_eprice_ema_dist": -0.07761506591245089,
          "initial_qty_pct": 0.0014899770873965511,
          "markup_range": 0.05194863386166659,
          "min_markup": 0.008562865149310617,
          "n_close_orders": 2,
          "rentry_pprice_dist": 0.03425842014282715,
          "rentry_pprice_dist_wallet_exposure_weighting": 3.5468723795924264,
          "wallet_exposure_limit": 0.2},
 "short": {"auto_unstuck_ema_dist": -0.03899300520290288,
           "auto_unstuck_wallet_exposure_threshold": 0.08411149751307659,
           "backwards_tp": false,
           "ddown_factor": 0.16742759794265905,
           "ema_span_0": 1150.8767959411816,
           "ema_span_1": 1336.0675394327386,
           "enabled": false,
           "initial_eprice_ema_dist": -0.035901856301919166,
           "initial_qty_pct": 0.0792051945050735,
           "markup_range": 0.01788290129294507,
           "min_markup": 0.007010601979597489,
           "n_close_orders": 11,
           "rentry_pprice_dist": 0.008963079100503106,
           "rentry_pprice_dist_wallet_exposure_weighting": 13.472469887062342,
           "wallet_exposure_limit": 1.0}}