{"config_name": "recursive_grid_0days",
 "logging_level": 0,
 "long": {"auto_unstuck_ema_dist": 0,
          "auto_unstuck_wallet_exposure_threshold": 0.0,
          "backwards_tp": false,
          "ddown_factor": 3.4163538879757214,
          "ema_span_0": 442.5292202064753,
          "ema_span_1": 400.41150661696315,
          "enabled": true,
          "initial_eprice_ema_dist": -0.18024350557595584,
          "initial_qty_pct": 0.005818768633552904,
          "markup_range": 0.013392949320310939,
          "min_markup": 0.0050435637252435935,
          "n_close_orders": 1,
          "rentry_pprice_dist": 0.0027707800252093537,
          "rentry_pprice_dist_wallet_exposure_weighting": 0.4150964880190125,
          "wallet_exposure_limit": 0.2},
 "short": {"auto_unstuck_ema_dist": -0.036380011829266715,
           "auto_unstuck_wallet_exposure_threshold": 0.09702458663666128,
           "backwards_tp": false,
           "ddown_factor": 0.5221145903437518,
           "ema_span_0": 1414.8664873944037,
           "ema_span_1": 382.24504431261585,
           "enabled": false,
           "initial_eprice_ema_dist": -0.01729601925715986,
           "initial_qty_pct": 0.05907495415604924,
           "markup_range": 0.0013248670490593438,
           "min_markup": 0.0037149037458512535,
           "n_close_orders": 9,
           "rentry_pprice_dist": 0.042473198263884654,
           "rentry_pprice_dist_wallet_exposure_weighting": 8.630809350139943,
           "wallet_exposure_limit": 1.0}}