{"config_name": "clock_0days",
 "long": {"backwards_tp": true,
          "delay_between_fills_minutes_close": 500,
          "delay_between_fills_minutes_entry": 500,
          "delay_weight_close": 77.57259284953795,
          "delay_weight_entry": 22.38346171973241,
          "ema_dist_close": -0.01555092253415753,
          "ema_dist_entry": 0.003403102485300097,
          "ema_span_0": 77.46913854752508,
          "ema_span_1": 468.9625769564562,
          "enabled": true,
          "markup_range": 0.020675899723970062,
          "min_markup": 0.009118516447756266,
          "n_close_orders": 4,
          "qty_pct_close": 0.01893300629409983,
          "qty_pct_entry": 0.011993930915972235,
          "wallet_exposure_limit": 0.3,
          "we_multiplier_close": 0,
          "we_multiplier_entry": 18.81881902195969},
 "short": {"backwards_tp": true,
           "delay_between_fills_minutes_close": 1067.2931548949252,
           "delay_between_fills_minutes_entry": 1343.2747654821976,
           "delay_weight_close": 39.684237166925215,
           "delay_weight_entry": 97.17901984139353,
           "ema_dist_close": -0.04712741410974555,
           "ema_dist_entry": -0.01176868609499819,
           "ema_span_0": 1326.1394912110086,
           "ema_span_1": 877.9545287392999,
           "enabled": false,
           "markup_range": 0.05841360205785884,
           "min_markup": 0.004311865109152734,
           "n_close_orders": 7,
           "qty_pct_close": 0.06219282663397615,
           "qty_pct_entry": 0.08184509990483343,
           "wallet_exposure_limit": 1.0,
           "we_multiplier_close": 80.8318212942695,
           "we_multiplier_entry": 21.99058662896407}}