{"config_name": "clock_0days",
 "long": {"backwards_tp": true,
          "delay_between_fills_minutes_close": 464.8408243945409,
          "delay_between_fills_minutes_entry": 378.37240319625636,
          "delay_weight_close": 127.80256432529238,
          "delay_weight_entry": 23.047177784787504,
          "ema_dist_close": 0.007094861267329278,
          "ema_dist_entry": 0.01,
          "ema_span_0": 136.88218509326398,
          "ema_span_1": 471.36706565870264,
          "enabled": true,
          "markup_range": 0.017056635819834593,
          "min_markup": 0.009876481194127908,
          "n_close_orders": 3,
          "qty_pct_close": 0.01,
          "qty_pct_entry": 0.01,
          "wallet_exposure_limit": 0.3,
          "we_multiplier_close": 27.33834252683816,
          "we_multiplier_entry": 106.08726059913093},
 "short": {"backwards_tp": true,
           "delay_between_fills_minutes_close": 2.222889953172026,
           "delay_between_fills_minutes_entry": 98.89134141848602,
           "delay_weight_close": 33.209451409684284,
           "delay_weight_entry": 136.66043775843676,
           "ema_dist_close": -0.6256522716270821,
           "ema_dist_entry": -0.9585737891857888,
           "ema_span_0": 378.5605669106834,
           "ema_span_1": 463.6318900537902,
           "enabled": false,
           "markup_range": 0.01730423824710043,
           "min_markup": 0.08900853524646093,
           "n_close_orders": 4,
           "qty_pct_close": 0.01,
           "qty_pct_entry": 0.01,
           "wallet_exposure_limit": 1.0,
           "we_multiplier_close": 148.64231276044168,
           "we_multiplier_entry": 78.80038781735026}}