{"config_name": "clock_0days",
 "long": {"backwards_tp": false,
          "delay_between_fills_minutes_close": 1435.4627568188541,
          "delay_between_fills_minutes_entry": 460.64788654298013,
          "delay_weight_close": 18.359775963448573,
          "delay_weight_entry": 4.867106322209091,
          "ema_dist_close": -0.000941734645847865,
          "ema_dist_entry": 0.004,
          "ema_span_0": 1351.2294615984174,
          "ema_span_1": 820.877839334601,
          "enabled": true,
          "markup_range": 0.03810442693428016,
          "min_markup": 0.0019879350414660968,
          "n_close_orders": 15,
          "qty_pct_close": 0.0123162680501034,
          "qty_pct_entry": 0.02298349403059806,
          "wallet_exposure_limit": 0.2,
          "we_multiplier_close": 0,
          "we_multiplier_entry": 41.37741340115622},
 "short": {"backwards_tp": false,
           "delay_between_fills_minutes_close": 819.3034127277658,
           "delay_between_fills_minutes_entry": 1406.4727271511106,
           "delay_weight_close": 95.14801156707615,
           "delay_weight_entry": 8.227213492985852,
           "ema_dist_close": -0.024617837435937647,
           "ema_dist_entry": -0.04188427553364821,
           "ema_span_0": 688.163289484463,
           "ema_span_1": 774.075013541282,
           "enabled": false,
           "markup_range": 0.0493614634317008,
           "min_markup": 0.0023584883750083045,
           "n_close_orders": 5,
           "qty_pct_close": 0.011969966160362585,
           "qty_pct_entry": 0.08689266811730209,
           "wallet_exposure_limit": 1.0,
           "we_multiplier_close": 74.0716928084626,
           "we_multiplier_entry": 28.24370878983249}}