{"config_name": "recursive_grid_0days",
 "logging_level": 0,
 "long": {"auto_unstuck_ema_dist": 0.016186601597840976,
          "auto_unstuck_wallet_exposure_threshold": 0.0006165099910140199,
          "backwards_tp": true,
          "ddown_factor": 2.893935806180978,
          "ema_span_0": 268.080823566706,
          "ema_span_1": 266.1875682968489,
          "enabled": true,
          "initial_eprice_ema_dist": 0.011479579546332754,
          "initial_qty_pct": 0.019651273180770645,
          "markup_range": 0.0050788534151046845,
          "min_markup": 0.0026620591495583284,
          "n_close_orders": 14,
          "rentry_pprice_dist": 0.03629055926766343,
          "rentry_pprice_dist_wallet_exposure_weighting": 0.0,
          "wallet_exposure_limit": 0.3},
 "short": {"auto_unstuck_ema_dist": 0.025187959388704273,
           "auto_unstuck_wallet_exposure_threshold": 0.04741384460802299,
           "backwards_tp": true,
           "ddown_factor": 2.367306592122075,
           "ema_span_0": 592.7667965971162,
           "ema_span_1": 1069.3987360919439,
           "enabled": true,
           "initial_eprice_ema_dist": 0.00934712851774124,
           "initial_qty_pct": 0.05738680850413275,
           "markup_range": 0.0021013947025453963,
           "min_markup": 0.002059922037314347,
           "n_close_orders": 5,
           "rentry_pprice_dist": 0.03295045065269163,
           "rentry_pprice_dist_wallet_exposure_weighting": 2.0919446690990307,
           "wallet_exposure_limit": 0.1}}