{"config_name": "clock_0days",
 "long": {"backwards_tp": false,
          "delay_between_fills_minutes_close": 486.3393936775351,
          "delay_between_fills_minutes_entry": 356.38810123397354,
          "delay_weight_close": 129.94488279281308,
          "delay_weight_entry": 18.950733801442187,
          "ema_dist_close": 0.012019068545612103,
          "ema_dist_entry": -0.8405779820630945,
          "ema_span_0": 978.7725576758678,
          "ema_span_1": 703.6513594419748,
          "enabled": true,
          "markup_range": 0.03709759653900351,
          "min_markup": 0.0060498783944916016,
          "n_close_orders": 4,
          "qty_pct_close": 0.01145431182218549,
          "qty_pct_entry": 0.010780994291446622,
          "wallet_exposure_limit": 0.3,
          "we_multiplier_close": 0,
          "we_multiplier_entry": 23.519800695341733},
 "short": {"backwards_tp": false,
           "delay_between_fills_minutes_close": 128.62384804641744,
           "delay_between_fills_minutes_entry": 1192.1395217837915,
           "delay_weight_close": 54.30971159430064,
           "delay_weight_entry": 46.304555771571565,
           "ema_dist_close": -0.01443123894658968,
           "ema_dist_entry": 0.004848579922555732,
           "ema_span_0": 495.4991453862636,
           "ema_span_1": 919.771735585429,
           "enabled": false,
           "markup_range": 0.0735713880198887,
           "min_markup": 0.051056925690630216,
           "n_close_orders": 8,
           "qty_pct_close": 0.14764816727781502,
           "qty_pct_entry": 0.5784713406374182,
           "wallet_exposure_limit": 1.0,
           "we_multiplier_close": 6.09085494615514,
           "we_multiplier_entry": 64.32655693748525}}