{"config_name": "recursive_grid_0days",
 "logging_level": 0,
 "long": {"auto_unstuck_ema_dist": -0.0008718867807253959,
          "auto_unstuck_wallet_exposure_threshold": 0.05823955876051484,
          "backwards_tp": true,
          "ddown_factor": 1.8009499839439214,
          "ema_span_0": 577.4050525004924,
          "ema_span_1": 538.1999890814744,
          "enabled": true,
          "initial_eprice_ema_dist": 0.008528888791188495,
          "initial_qty_pct": 0.020811252649561095,
          "markup_range": 0.005261565289692629,
          "min_markup": 0.0033330279562613185,
          "n_close_orders": 2,
          "rentry_pprice_dist": 0.020593248450467005,
          "rentry_pprice_dist_wallet_exposure_weighting": 1.518536085062089,
          "wallet_exposure_limit": 0.3},
 "short": {"auto_unstuck_ema_dist": -0.07516607562472978,
           "auto_unstuck_wallet_exposure_threshold": 0.04455739882096417,
           "backwards_tp": true,
           "ddown_factor": 1.4712591587629862,
           "ema_span_0": 444.65305852353833,
           "ema_span_1": 450.8256142396904,
           "enabled": false,
           "initial_eprice_ema_dist": -0.07759842302134655,
           "initial_qty_pct": 0.06039408166224847,
           "markup_range": 0.02391264655406489,
           "min_markup": 0.0032724646127265124,
           "n_close_orders": 16,
           "rentry_pprice_dist": 0.01754469588796724,
           "rentry_pprice_dist_wallet_exposure_weighting": 33.13354427795878,
           "wallet_exposure_limit": 1}}