{"config_name": "clock_0days",
 "long": {"backwards_tp": false,
          "delay_between_fills_minutes_close": 1397.9639829258354,
          "delay_between_fills_minutes_entry": 703.5344167954461,
          "delay_weight_close": 74.66937367440921,
          "delay_weight_entry": 24.654881939112347,
          "ema_dist_close": -0.0006216715969998107,
          "ema_dist_entry": -0.00362632865957232,
          "ema_span_0": 1227.6914434508901,
          "ema_span_1": 1386.9130849138462,
          "enabled": true,
          "markup_range": 0.02514546491930643,
          "min_markup": 0.006000236914319829,
          "n_close_orders": 7,
          "qty_pct_close": 0.042217362897092554,
          "qty_pct_entry": 0.01,
          "wallet_exposure_limit": 0.2,
          "we_multiplier_close": 0.13334444935696846,
          "we_multiplier_entry": 95.24115733196797},
 "short": {"backwards_tp": false,
           "delay_between_fills_minutes_close": 690.8410631780919,
           "delay_between_fills_minutes_entry": 82.19851887207874,
           "delay_weight_close": 13.26341933141154,
           "delay_weight_entry": 86.91045797722751,
           "ema_dist_close": -0.04120835285604989,
           "ema_dist_entry": -0.011575105139438442,
           "ema_span_0": 780.9613958583045,
           "ema_span_1": 374.1353714932632,
           "enabled": false,
           "markup_range": 0.054000905455485915,
           "min_markup": 0.0016266575449938564,
           "n_close_orders": 3,
           "qty_pct_close": 0.049264499588740976,
           "qty_pct_entry": 0.07784544786727372,
           "wallet_exposure_limit": 1.0,
           "we_multiplier_close": 69.14061721530275,
           "we_multiplier_entry": 25.88052726623057}}