{"config_name": "recursive_grid_0days",
 "logging_level": 0,
 "long": {"auto_unstuck_ema_dist": 0.0019221816686855121,
          "auto_unstuck_wallet_exposure_threshold": 0.051634868334264276,
          "backwards_tp": true,
          "ddown_factor": 1.8471145577591195,
          "ema_span_0": 720,
          "ema_span_1": 975.4467198905016,
          "enabled": true,
          "initial_eprice_ema_dist": 0.014449237320480472,
          "initial_qty_pct": 0.010348208648276186,
          "markup_range": 0.008259515930516085,
          "min_markup": 0.01,
          "n_close_orders": 3,
          "rentry_pprice_dist": 0.04049514303966686,
          "rentry_pprice_dist_wallet_exposure_weighting": 0.0,
          "wallet_exposure_limit": 0.3},
 "short": {"auto_unstuck_ema_dist": -0.0615904486035504,
           "auto_unstuck_wallet_exposure_threshold": 0.08399960919253356,
           "backwards_tp": true,
           "ddown_factor": 2.57581168796011,
           "ema_span_0": 342.7179104026093,
           "ema_span_1": 855.9704687758422,
           "enabled": false,
           "initial_eprice_ema_dist": -0.01580190011368013,
           "initial_qty_pct": 0.0888362236480264,
           "markup_range": 0.003919132179787896,
           "min_markup": 0.00711482132334409,
           "n_close_orders": 13,
           "rentry_pprice_dist": 0.008350381592996196,
           "rentry_pprice_dist_wallet_exposure_weighting": 16.143491879324525,
           "wallet_exposure_limit": 1.0}}