{"config_name": "recursive_grid_0days",
 "logging_level": 0,
 "long": {"auto_unstuck_ema_dist": 0.005982925554353617,
          "auto_unstuck_wallet_exposure_threshold": 0.05348111339697366,
          "backwards_tp": true,
          "ddown_factor": 1.8060920713972437,
          "ema_span_0": 623.6649002859018,
          "ema_span_1": 11.622606249771286,
          "enabled": true,
          "initial_eprice_ema_dist": -0.1,
          "initial_qty_pct": 0.006465421967477525,
          "markup_range": 0.0100643510790492,
          "min_markup": 0.0021636753067305796,
          "n_close_orders": 15,
          "rentry_pprice_dist": 0.032686191568012314,
          "rentry_pprice_dist_wallet_exposure_weighting": 0.0,
          "wallet_exposure_limit": 1},
 "short": {"auto_unstuck_ema_dist": -0.05568976188672376,
           "auto_unstuck_wallet_exposure_threshold": 0.057552099652138734,
           "backwards_tp": true,
           "ddown_factor": 0.32347043619638527,
           "ema_span_0": 120.91882191818428,
           "ema_span_1": 1223.4999905240054,
           "enabled": false,
           "initial_eprice_ema_dist": -0.024831784632990475,
           "initial_qty_pct": 0.031091038589352478,
           "markup_range": 0.006268324149881112,
           "min_markup": 0.007721116949657206,
           "n_close_orders": 13,
           "rentry_pprice_dist": 0.011503642282588641,
           "rentry_pprice_dist_wallet_exposure_weighting": 4.11319467767576,
           "wallet_exposure_limit": 1.0}}