{"config_name": "clock_0days",
 "long": {"backwards_tp": true,
          "delay_between_fills_minutes_close": 359.9145421590422,
          "delay_between_fills_minutes_entry": 368.29523143247275,
          "delay_weight_close": 52.07157209520211,
          "delay_weight_entry": 22.33896781699304,
          "ema_dist_close": -0.023753943218298504,
          "ema_dist_entry": 0.014644812282580267,
          "ema_span_0": 714.1194121984684,
          "ema_span_1": 573.0092384058659,
          "enabled": true,
          "markup_range": 0.02274023745592461,
          "min_markup": 0.0099440446067816,
          "n_close_orders": 4,
          "qty_pct_close": 0.01396237922293187,
          "qty_pct_entry": 0.011907708476320259,
          "wallet_exposure_limit": 0.3,
          "we_multiplier_close": 5.765861872770225,
          "we_multiplier_entry": 39.98145276945845},
 "short": {"backwards_tp": true,
           "delay_between_fills_minutes_close": 130.50051312281516,
           "delay_between_fills_minutes_entry": 343.0339130827005,
           "delay_weight_close": 7.464821572099256,
           "delay_weight_entry": 62.56330421770987,
           "ema_dist_close": -0.006187847450951467,
           "ema_dist_entry": -0.007849758031661658,
           "ema_span_0": 142.43602979337786,
           "ema_span_1": 897.7742841826281,
           "enabled": false,
           "markup_range": 0.034105572136125466,
           "min_markup": 0.044186068342568455,
           "n_close_orders": 3,
           "qty_pct_close": 0.9352439851257505,
           "qty_pct_entry": 0.27929875429801876,
           "wallet_exposure_limit": 1.0,
           "we_multiplier_close": 4.982699056866464,
           "we_multiplier_entry": 40.73149152064113}}