{"config_name": "clock_0days",
 "long": {"backwards_tp": false,
          "delay_between_fills_minutes_close": 447.295896685428,
          "delay_between_fills_minutes_entry": 303.9321124156831,
          "delay_weight_close": 395.06243683113087,
          "delay_weight_entry": 27.715439117237374,
          "ema_dist_close": -0.14814421704088085,
          "ema_dist_entry": 0.0156895883999999,
          "ema_span_0": 981.2756414772462,
          "ema_span_1": 783.3700308540831,
          "enabled": true,
          "markup_range": 0.04,
          "min_markup": 0.03746826884662745,
          "n_close_orders": 5,
          "qty_pct_close": 0.014783220933266351,
          "qty_pct_entry": 0.012449371758464473,
          "wallet_exposure_limit": 0.3,
          "we_multiplier_close": 83.01537060836876,
          "we_multiplier_entry": 243.4931698049112},
 "short": {"backwards_tp": false,
           "delay_between_fills_minutes_close": 127.75472167068251,
           "delay_between_fills_minutes_entry": 577.2941352724097,
           "delay_weight_close": 8.048376347985576,
           "delay_weight_entry": 9.166545267363901,
           "ema_dist_close": -0.042855009281711084,
           "ema_dist_entry": -0.0486509166544427,
           "ema_span_0": 582.8599847645278,
           "ema_span_1": 807.130477248995,
           "enabled": false,
           "markup_range": 0.004510130145720459,
           "min_markup": 0.0685744138445584,
           "n_close_orders": 14,
           "qty_pct_close": 0.701900009241337,
           "qty_pct_entry": 0.6418066297636666,
           "wallet_exposure_limit": 1.0,
           "we_multiplier_close": 9.60833139437308,
           "we_multiplier_entry": 63.08679496905908}}