{"config_name": "clock_0days",
 "long": {"backwards_tp": true,
          "delay_between_fills_minutes_close": 500,
          "delay_between_fills_minutes_entry": 290.69372402322654,
          "delay_weight_close": 124.61911804683871,
          "delay_weight_entry": 63.83889388976551,
          "ema_dist_close": -0.7913142120720562,
          "ema_dist_entry": -0.6880246356210984,
          "ema_span_0": 1829.6679407642828,
          "ema_span_1": 206.07256997296642,
          "enabled": true,
          "markup_range": 0.014878437898837435,
          "min_markup": 0.004856619523349889,
          "n_close_orders": 6,
          "qty_pct_close": 0.01583879563409055,
          "qty_pct_entry": 0.01008832565244566,
          "wallet_exposure_limit": 0.3,
          "we_multiplier_close": 30.246018673341627,
          "we_multiplier_entry": 87.72860618529137},
 "short": {"backwards_tp": true,
           "delay_between_fills_minutes_close": 125.71554493621016,
           "delay_between_fills_minutes_entry": 1210.0811738214318,
           "delay_weight_close": 91.80288662404872,
           "delay_weight_entry": 39.266174864871616,
           "ema_dist_close": -0.009941082218880085,
           "ema_dist_entry": -0.02794875683524681,
           "ema_span_0": 378.9998573520133,
           "ema_span_1": 519.7889007204785,
           "enabled": false,
           "markup_range": 0.0637494903909307,
           "min_markup": 0.03457700446617609,
           "n_close_orders": 14,
           "qty_pct_close": 0.7366424534788685,
           "qty_pct_entry": 0.7330922866161029,
           "wallet_exposure_limit": 1.0,
           "we_multiplier_close": 8.265840267736072,
           "we_multiplier_entry": 64.22191096240739}}