{"config_name": "recursive_grid_0days",
 "logging_level": 0,
 "long": {"auto_unstuck_ema_dist": 0.001965648238288113,
          "auto_unstuck_wallet_exposure_threshold": 0.06465892038764985,
          "backwards_tp": true,
          "ddown_factor": 2.5776173320274856,
          "ema_span_0": 703.57104213801,
          "ema_span_1": 780.3143804353871,
          "enabled": true,
          "initial_eprice_ema_dist": 0.013735973341587061,
          "initial_qty_pct": 0.02873597245462817,
          "markup_range": 0.006327912751098706,
          "min_markup": 0.004544724444457656,
          "n_close_orders": 9,
          "rentry_pprice_dist": 0.0439955878598009,
          "rentry_pprice_dist_wallet_exposure_weighting": 0.0,
          "wallet_exposure_limit": 0.3},
 "short": {"auto_unstuck_ema_dist": -0.0407120890413394,
           "auto_unstuck_wallet_exposure_threshold": 0.09124457204415079,
           "backwards_tp": true,
           "ddown_factor": 1.6174931467311755,
           "ema_span_0": 377.71529417170416,
           "ema_span_1": 1325.8518571636555,
           "enabled": false,
           "initial_eprice_ema_dist": -0.008062282409667665,
           "initial_qty_pct": 0.04025484123053776,
           "markup_range": 0.058793957756864336,
           "min_markup": 0.004736246695045141,
           "n_close_orders": 12,
           "rentry_pprice_dist": 0.030929829676122834,
           "rentry_pprice_dist_wallet_exposure_weighting": 9.699954145138939,
           "wallet_exposure_limit": 1.0}}