{"config_name": "recursive_grid_0days",
 "logging_level": 0,
 "long": {"auto_unstuck_ema_dist": 0.0,
          "auto_unstuck_wallet_exposure_threshold": 0.0,
          "backwards_tp": false,
          "ddown_factor": 3.8788217767175506,
          "ema_span_0": 166.7058917013424,
          "ema_span_1": 86.98324120921544,
          "enabled": true,
          "initial_eprice_ema_dist": -0.015,
          "initial_qty_pct": 0.0013603627446743664,
          "markup_range": 0.024446949919642084,
          "min_markup": 0.010561194433435443,
          "n_close_orders": 1,
          "rentry_pprice_dist": 0.0336858957746676,
          "rentry_pprice_dist_wallet_exposure_weighting": 0.9279363672355506,
          "wallet_exposure_limit": 0.2},
 "short": {"auto_unstuck_ema_dist": 0.0005825434981458627,
           "auto_unstuck_wallet_exposure_threshold": 0.08080093396684197,
           "backwards_tp": false,
           "ddown_factor": 1.637606129674601,
           "ema_span_0": 1337.7585537589775,
           "ema_span_1": 1156.8985735828355,
           "enabled": false,
           "initial_eprice_ema_dist": -0.08617147127910971,
           "initial_qty_pct": 0.018726039408836947,
           "markup_range": 0.05119232978306801,
           "min_markup": 0.004104105603522582,
           "n_close_orders": 13,
           "rentry_pprice_dist": 0.007909468667105284,
           "rentry_pprice_dist_wallet_exposure_weighting": 5.5586034323047855,
           "wallet_exposure_limit": 1.0}}