{"config_name": "clock_0days",
 "long": {"backwards_tp": true,
          "delay_between_fills_minutes_close": 492.82005997921965,
          "delay_between_fills_minutes_entry": 397.43967613850066,
          "delay_weight_close": 110.06438132365814,
          "delay_weight_entry": 21.874719186986265,
          "ema_dist_close": -0.7176264376246764,
          "ema_dist_entry": 0.0073550939547895045,
          "ema_span_0": 640.5260720342037,
          "ema_span_1": 762.8963459009012,
          "enabled": true,
          "markup_range": 0.02838791349836596,
          "min_markup": 0.009471729664467587,
          "n_close_orders": 7,
          "qty_pct_close": 0.010659791402868261,
          "qty_pct_entry": 0.019018018950239433,
          "wallet_exposure_limit": 0.3,
          "we_multiplier_close": 9.176756807418952,
          "we_multiplier_entry": 60.29840889996908},
 "short": {"backwards_tp": true,
           "delay_between_fills_minutes_close": 123.12447823873494,
           "delay_between_fills_minutes_entry": 1312.5703341091407,
           "delay_weight_close": 72.82510280496022,
           "delay_weight_entry": 42.49944379474283,
           "ema_dist_close": 0.006398142436438173,
           "ema_dist_entry": -0.012492721188058206,
           "ema_span_0": 606.4802542113038,
           "ema_span_1": 705.5156357402403,
           "enabled": false,
           "markup_range": 0.02043153577089332,
           "min_markup": 0.040782571674969195,
           "n_close_orders": 11,
           "qty_pct_close": 0.7345062515231405,
           "qty_pct_entry": 0.8213077206074328,
           "wallet_exposure_limit": 1.0,
           "we_multiplier_close": 0.5397837542778805,
           "we_multiplier_entry": 58.191143088872266}}