{"config_name": "clock_0days",
 "long": {"backwards_tp": true,
          "delay_between_fills_minutes_close": 373.2833696781095,
          "delay_between_fills_minutes_entry": 476.56801570851815,
          "delay_weight_close": 8.065072712525048,
          "delay_weight_entry": 27.3775737039882,
          "ema_dist_close": -0.00864318367816162,
          "ema_dist_entry": 0.007589727758209285,
          "ema_span_0": 1000,
          "ema_span_1": 314.5259553261037,
          "enabled": true,
          "markup_range": 0.016010471125195297,
          "min_markup": 0.0034105093271695783,
          "n_close_orders": 10,
          "qty_pct_close": 0.0117381592766369,
          "qty_pct_entry": 0.011613279889712412,
          "wallet_exposure_limit": 0.3,
          "we_multiplier_close": 9.084431933065815,
          "we_multiplier_entry": 70.4877311804346},
 "short": {"backwards_tp": true,
           "delay_between_fills_minutes_close": 177.67767878232226,
           "delay_between_fills_minutes_entry": 1230.5002303415952,
           "delay_weight_close": 50.675029900452074,
           "delay_weight_entry": 24.56221413431735,
           "ema_dist_close": 0.00264501531724564,
           "ema_dist_entry": -0.02905033334697367,
           "ema_span_0": 119.12659393994541,
           "ema_span_1": 1130.181661965028,
           "enabled": false,
           "markup_range": 0.01963385386174199,
           "min_markup": 0.04689586516279532,
           "n_close_orders": 10,
           "qty_pct_close": 0.638962940843886,
           "qty_pct_entry": 0.8903825598279976,
           "wallet_exposure_limit": 1.0,
           "we_multiplier_close": 5.452226088668497,
           "we_multiplier_entry": 56.031022175155464}}