{"config_name": "recursive_grid_0days",
 "logging_level": 0,
 "long": {"auto_unstuck_ema_dist": 0.0,
          "auto_unstuck_wallet_exposure_threshold": 0.0,
          "backwards_tp": true,
          "ddown_factor": 1.7951627337990363,
          "ema_span_0": 513.4632182640439,
          "ema_span_1": 580.3905177651427,
          "enabled": true,
          "initial_eprice_ema_dist": -8.364139760903991e-10,
          "initial_qty_pct": 0.008284549963242543,
          "markup_range": 0.0006544523472518398,
          "min_markup": 0.0034969580551057608,
          "n_close_orders": 9,
          "rentry_pprice_dist": 0.022425264364560247,
          "rentry_pprice_dist_wallet_exposure_weighting": 26.646767966466065,
          "wallet_exposure_limit": 0.1},
 "short": {"auto_unstuck_ema_dist": 0.05221168613352858,
           "auto_unstuck_wallet_exposure_threshold": 0.03640110294714018,
           "backwards_tp": true,
           "ddown_factor": 0.48709031877628906,
           "ema_span_0": 1420.2861750144962,
           "ema_span_1": 8821.38827518077,
           "enabled": false,
           "initial_eprice_ema_dist": -0.03204142721896721,
           "initial_qty_pct": 0.015,
           "markup_range": 0.019077645050446772,
           "min_markup": 0.001825804159093566,
           "n_close_orders": 14,
           "rentry_pprice_dist": 0.01022471790612181,
           "rentry_pprice_dist_wallet_exposure_weighting": 50.90436552271074,
           "wallet_exposure_limit": 0.1}}