{"config_name": "clock_0days",
 "long": {"backwards_tp": true,
          "delay_between_fills_minutes_close": 433.57378407429934,
          "delay_between_fills_minutes_entry": 363.60231672020313,
          "delay_weight_close": 59.88274117424554,
          "delay_weight_entry": 32.96052193654917,
          "ema_dist_close": -0.04003876899648301,
          "ema_dist_entry": 0.01,
          "ema_span_0": 472.15470065897733,
          "ema_span_1": 419.6243255977866,
          "enabled": true,
          "markup_range": 0.013965484090362332,
          "min_markup": 0.009554228280660075,
          "n_close_orders": 5,
          "qty_pct_close": 0.01,
          "qty_pct_entry": 0.01,
          "wallet_exposure_limit": 0.3,
          "we_multiplier_close": 5.21514267944904,
          "we_multiplier_entry": 36.65363958971681},
 "short": {"backwards_tp": true,
           "delay_between_fills_minutes_close": 102.85070624112934,
           "delay_between_fills_minutes_entry": 473.88055403898335,
           "delay_weight_close": 82.24205825129272,
           "delay_weight_entry": 82.56905488884593,
           "ema_dist_close": -0.006296442156463036,
           "ema_dist_entry": -0.016603445180247013,
           "ema_span_0": 243.5706789136593,
           "ema_span_1": 260.03169372683567,
           "enabled": false,
           "markup_range": 0.04514990022802771,
           "min_markup": 0.047054947629769736,
           "n_close_orders": 9,
           "qty_pct_close": 0.14335216029565265,
           "qty_pct_entry": 0.37925206573320547,
           "wallet_exposure_limit": 1.0,
           "we_multiplier_close": 4.907732745498624,
           "we_multiplier_entry": 13.561615293531226}}