{"config_name": "neat_grid_0days",
 "logging_level": 0,
 "long": {"auto_unstuck_ema_dist": 0.07659728818991975,
          "auto_unstuck_wallet_exposure_threshold": 0.017260645838466537,
          "backwards_tp": true,
          "ema_span_0": 70.32632160128713,
          "ema_span_1": 10,
          "enabled": true,
          "eprice_exp_base": 1.302454287806206,
          "eqty_exp_base": 1.903645559662563,
          "grid_span": 0.28559906412600883,
          "initial_eprice_ema_dist": -0.09072658344605088,
          "initial_qty_pct": 0.01,
          "markup_range": 0.0018842889011157853,
          "max_n_entry_orders": 7,
          "min_markup": 0.0015,
          "n_close_orders": 17,
          "wallet_exposure_limit": 1},
 "short": {"auto_unstuck_ema_dist": 0.027895685950819194,
           "auto_unstuck_wallet_exposure_threshold": 0.012752022856823511,
           "backwards_tp": true,
           "ema_span_0": 10,
           "ema_span_1": 10,
           "enabled": true,
           "eprice_exp_base": 1.4852567358794486,
           "eqty_exp_base": 1.5,
           "grid_span": 0.35,
           "initial_eprice_ema_dist": -0.0227844155889016,
           "initial_qty_pct": 0.01,
           "markup_range": 0.002,
           "max_n_entry_orders": 9,
           "min_markup": 0.0015,
           "n_close_orders": 5,
           "wallet_exposure_limit": 1}}