{"config_name": "clock_0days",
 "long": {"delay_between_fills_minutes_close": 56.80546417401802,
          "delay_between_fills_minutes_entry": 1422.5473984200805,
          "delay_weight_close": 6.652186271117233,
          "delay_weight_entry": 1.322352218095841,
          "ema_dist_lower": 0.005123528546412515,
          "ema_dist_upper": -0.005132943064994526,
          "ema_span_0": 233.72244018532228,
          "ema_span_1": 1413.5688623592125,
          "enabled": true,
          "markup_range": 0.036573346051659274,
          "min_markup": 0.3942212453179103,
          "n_close_orders": 9,
          "qty_pct_close": 0.5002886057436142,
          "qty_pct_entry": 0.5132745121739095,
          "wallet_exposure_limit": 0.25,
          "we_multiplier_close": 0,
          "we_multiplier_entry": 69.76631693427547},
 "short": {"delay_between_fills_minutes_close": 22.089273946635803,
           "delay_between_fills_minutes_entry": 339.425408772326,
           "delay_weight_close": 28.355523417339196,
           "delay_weight_entry": 0.7130871604889293,
           "ema_dist_lower": 0.004455290411175657,
           "ema_dist_upper": -0.00016933225496679416,
           "ema_span_0": 193.44512901465856,
           "ema_span_1": 103.41001822299202,
           "enabled": true,
           "markup_range": 0.03248034858041006,
           "min_markup": 0.04036468768003137,
           "n_close_orders": 8,
           "qty_pct_close": 0.6458288261023415,
           "qty_pct_entry": 0.5,
           "wallet_exposure_limit": 0.1,
           "we_multiplier_close": 0.6636162218166859,
           "we_multiplier_entry": 67.72812948498968}}