{"config_name": "recursive_grid_0days",
 "logging_level": 0,
 "long": {"auto_unstuck_ema_dist": 0.0,
          "auto_unstuck_wallet_exposure_threshold": 0.0,
          "backwards_tp": false,
          "ddown_factor": 0.7217768917545304,
          "ema_span_0": 98.93501301169333,
          "ema_span_1": 552.3470079184834,
          "enabled": true,
          "initial_eprice_ema_dist": -0.0346390430230083,
          "initial_qty_pct": 0.005900990141030767,
          "markup_range": 0.004207613226833131,
          "min_markup": 0.008876371244380378,
          "n_close_orders": 8,
          "rentry_pprice_dist": 0.026941820358290035,
          "rentry_pprice_dist_wallet_exposure_weighting": 1.3885784311509595,
          "wallet_exposure_limit": 0.2},
 "short": {"auto_unstuck_ema_dist": -0.0826576097844048,
           "auto_unstuck_wallet_exposure_threshold": 0.04471340471659867,
           "backwards_tp": false,
           "ddown_factor": 2.6742586924134653,
           "ema_span_0": 608.8873518504477,
           "ema_span_1": 932.4317005763911,
           "enabled": false,
           "initial_eprice_ema_dist": -0.01734948171322112,
           "initial_qty_pct": 0.07621822553255173,
           "markup_range": 0.004662027664763335,
           "min_markup": 0.005147838167792138,
           "n_close_orders": 16,
           "rentry_pprice_dist": 0.0360354876059386,
           "rentry_pprice_dist_wallet_exposure_weighting": 9.34622103039181,
           "wallet_exposure_limit": 1}}