{"config_name": "clock_0days",
 "long": {"backwards_tp": true,
          "delay_between_fills_minutes_close": 300.04224246324515,
          "delay_between_fills_minutes_entry": 268.0178659015885,
          "delay_weight_close": 135.8560186362743,
          "delay_weight_entry": 20.993125097579327,
          "ema_dist_close": 0.0045626485167148435,
          "ema_dist_entry": -0.7785794105409954,
          "ema_span_0": 188.41012275939303,
          "ema_span_1": 482.52029848456095,
          "enabled": true,
          "markup_range": 0.013250008360734982,
          "min_markup": 0.002933870031164799,
          "n_close_orders": 4,
          "qty_pct_close": 0.01,
          "qty_pct_entry": 0.01,
          "wallet_exposure_limit": 0.3,
          "we_multiplier_close": 3.8392118385153022,
          "we_multiplier_entry": 58.284450606177316},
 "short": {"backwards_tp": true,
           "delay_between_fills_minutes_close": 11.72138958109388,
           "delay_between_fills_minutes_entry": 830.4446335621196,
           "delay_weight_close": 11.654769347218819,
           "delay_weight_entry": 26.17469690591322,
           "ema_dist_close": -0.015167109244982865,
           "ema_dist_entry": 0.008599229964164047,
           "ema_span_0": 217.63891376952415,
           "ema_span_1": 456.343038470287,
           "enabled": false,
           "markup_range": 0.02057353076195675,
           "min_markup": 0.016288663716591496,
           "n_close_orders": 11,
           "qty_pct_close": 0.5833378865824174,
           "qty_pct_entry": 0.20008962738669564,
           "wallet_exposure_limit": 1.0,
           "we_multiplier_close": 0.6549583975057716,
           "we_multiplier_entry": 14.498542951886018}}