{"config_name": "recursive_grid_0days",
 "logging_level": 0,
 "long": {"auto_unstuck_ema_dist": 0,
          "auto_unstuck_wallet_exposure_threshold": 0.0,
          "backwards_tp": true,
          "ddown_factor": 2.2324970750631747,
          "ema_span_0": 206.16247218881787,
          "ema_span_1": 202.3505303183041,
          "enabled": true,
          "initial_eprice_ema_dist": 0.01479324334308946,
          "initial_qty_pct": 0.018024496986417244,
          "markup_range": 0.000887817291425357,
          "min_markup": 0.005579643595003267,
          "n_close_orders": 12,
          "rentry_pprice_dist": 0.017615333698370244,
          "rentry_pprice_dist_wallet_exposure_weighting": 6.797393493469026,
          "wallet_exposure_limit": 0.3},
 "short": {"auto_unstuck_ema_dist": -0.051577606737785275,
           "auto_unstuck_wallet_exposure_threshold": 0.03057957034384226,
           "backwards_tp": true,
           "ddown_factor": 1.655360079090284,
           "ema_span_0": 517.5524937813286,
           "ema_span_1": 1242.6056236207023,
           "enabled": false,
           "initial_eprice_ema_dist": -0.02580749361510637,
           "initial_qty_pct": 0.07626753477669838,
           "markup_range": 0.030801605618265566,
           "min_markup": 0.0012704915432074464,
           "n_close_orders": 9,
           "rentry_pprice_dist": 0.025824269738978743,
           "rentry_pprice_dist_wallet_exposure_weighting": 11.647097797475702,
           "wallet_exposure_limit": 1.0}}