{"config_name": "recursive_grid_0days",
 "logging_level": 0,
 "long": {"auto_unstuck_ema_dist": 0,
          "auto_unstuck_wallet_exposure_threshold": 0.0521645405671005,
          "backwards_tp": true,
          "ddown_factor": 1.8705591165210516,
          "ema_span_0": 614.1887007335237,
          "ema_span_1": 1008.7797977736423,
          "enabled": true,
          "initial_eprice_ema_dist": 0.00942321569903094,
          "initial_qty_pct": 0.038048839012539505,
          "markup_range": 0.007140869933066957,
          "min_markup": 0.005866031511823092,
          "n_close_orders": 3,
          "rentry_pprice_dist": 0.03230683740710739,
          "rentry_pprice_dist_wallet_exposure_weighting": 2.0352935948951574,
          "wallet_exposure_limit": 0.3},
 "short": {"auto_unstuck_ema_dist": -0.04404758167570914,
           "auto_unstuck_wallet_exposure_threshold": 0.05113334696121447,
           "backwards_tp": true,
           "ddown_factor": 0.30728602829144824,
           "ema_span_0": 355.92717361790693,
           "ema_span_1": 1410.5243141177584,
           "enabled": false,
           "initial_eprice_ema_dist": -0.004883098570562752,
           "initial_qty_pct": 0.07689887922284848,
           "markup_range": 0.019961467959383822,
           "min_markup": 0.008360748419032197,
           "n_close_orders": 13,
           "rentry_pprice_dist": 0.02989400216568771,
           "rentry_pprice_dist_wallet_exposure_weighting": 10.650647891908642,
           "wallet_exposure_limit": 1.0}}