{"config_name": "clock_0days",
 "long": {"delay_between_fills_minutes_close": 1364.7894649149273,
          "delay_between_fills_minutes_entry": 1395.8782631630904,
          "delay_weight_close": 1.672550323392586,
          "delay_weight_entry": 17.75770232858932,
          "ema_dist_lower": 0.0026082167293797914,
          "ema_dist_upper": 0.004863582138397288,
          "ema_span_0": 232.43022119387942,
          "ema_span_1": 871.3843421873484,
          "enabled": true,
          "markup_range": 0.1,
          "min_markup": 0.1,
          "n_close_orders": 11,
          "qty_pct_close": 0.02595757502109503,
          "qty_pct_entry": 0.09276947921359194,
          "wallet_exposure_limit": 0.25,
          "we_multiplier_close": 0,
          "we_multiplier_entry": 66.68672650439156},
 "short": {"delay_between_fills_minutes_close": 220.49824936788792,
           "delay_between_fills_minutes_entry": 1122.127112855314,
           "delay_weight_close": 7.1479275768097565,
           "delay_weight_entry": 17.985202379382027,
           "ema_dist_lower": 0.002404342356293645,
           "ema_dist_upper": 0.0035049090781925467,
           "ema_span_0": 74.45751190762519,
           "ema_span_1": 93.09997813755349,
           "enabled": true,
           "markup_range": 0.00456180373311396,
           "min_markup": 0.016016705651255465,
           "n_close_orders": 15,
           "qty_pct_close": 0.09611372646093451,
           "qty_pct_entry": 0.0934618466712077,
           "wallet_exposure_limit": 0.1,
           "we_multiplier_close": 8.806038762027846,
           "we_multiplier_entry": 47.10186962170113}}