{"config_name": "neat_grid_ENJUSDT_640days",
 "logging_level": 0,
 "long": {"auto_unstuck_ema_dist": 0,
          "auto_unstuck_wallet_exposure_threshold": 0,
          "backwards_tp": true,
          "ema_span_0": 109.2136632189937,
          "ema_span_1": 70.7142621316919,
          "enabled": true,
          "eprice_exp_base": 1.2490001139276954,
          "eqty_exp_base": 1.784560471447255,
          "grid_span": 0.34198980198591095,
          "initial_eprice_ema_dist": -0.07566232277580869,
          "initial_qty_pct": 0.010811042515932203,
          "markup_range": 0.023637221579064813,
          "max_n_entry_orders": 7,
          "min_markup": 0.002,
          "n_close_orders": 5,
          "wallet_exposure_limit": 1},
 "short": {"auto_unstuck_ema_dist": 0,
           "auto_unstuck_wallet_exposure_threshold": 0,
           "backwards_tp": true,
           "ema_span_0": 3407.2029911009445,
           "ema_span_1": 6183.217412509609,
           "enabled": true,
           "eprice_exp_base": 1.8346897012072234,
           "eqty_exp_base": 1.96520821849462,
           "grid_span": 0.2273006288879341,
           "initial_eprice_ema_dist": -0.029459749151379465,
           "initial_qty_pct": 0.007060763151048327,
           "markup_range": 0,
           "max_n_entry_orders": 20,
           "min_markup": 0.005228945669249974,
           "n_close_orders": 17,
           "wallet_exposure_limit": 0.1}}