{"config_name": "recursive_grid_0days",
 "logging_level": 0,
 "long": {"auto_unstuck_ema_dist": -8.217182969766142e-05,
          "auto_unstuck_wallet_exposure_threshold": 0.04504034539897643,
          "backwards_tp": false,
          "ddown_factor": 2.1429,
          "ema_span_0": 1298.854050895832,
          "ema_span_1": 712.5038036483578,
          "enabled": true,
          "initial_eprice_ema_dist": 0.0019051768920214803,
          "initial_qty_pct": 0.0031893,
          "markup_range": 0.028078,
          "min_markup": 0.005709,
          "n_close_orders": 5,
          "rentry_pprice_dist": 0.018515,
          "rentry_pprice_dist_wallet_exposure_weighting": 2.1199,
          "wallet_exposure_limit": 0.2},
 "short": {"auto_unstuck_ema_dist": -0.02762594309100619,
           "auto_unstuck_wallet_exposure_threshold": 0.0835583038156198,
           "backwards_tp": false,
           "ddown_factor": 2.9586061351494153,
           "ema_span_0": 931.5508227799256,
           "ema_span_1": 431.9089429792629,
           "enabled": false,
           "initial_eprice_ema_dist": -0.03678669830178857,
           "initial_qty_pct": 0.01830719354566578,
           "markup_range": 0.024875919729876003,
           "min_markup": 0.006159400028447218,
           "n_close_orders": 13,
           "rentry_pprice_dist": 0.0488682129613374,
           "rentry_pprice_dist_wallet_exposure_weighting": 10.643587306603363,
           "wallet_exposure_limit": 1.0}}