{"config_name": "recursive_grid_0days",
 "logging_level": 0,
 "long": {"auto_unstuck_ema_dist": 0,
          "auto_unstuck_wallet_exposure_threshold": 0.0,
          "backwards_tp": true,
          "ddown_factor": 2.4133960526611737,
          "ema_span_0": 591.9309591947697,
          "ema_span_1": 548.66070556373,
          "enabled": true,
          "initial_eprice_ema_dist": 0.0009055215760411736,
          "initial_qty_pct": 0.059821049506252263,
          "markup_range": 0.0031006341471172504,
          "min_markup": 0.01,
          "n_close_orders": 12,
          "rentry_pprice_dist": 0.027870429282637787,
          "rentry_pprice_dist_wallet_exposure_weighting": 7.6250684745400745,
          "wallet_exposure_limit": 0.3},
 "short": {"auto_unstuck_ema_dist": -0.0290407628296422,
           "auto_unstuck_wallet_exposure_threshold": 0.07944276144118323,
           "backwards_tp": true,
           "ddown_factor": 2.828076996871486,
           "ema_span_0": 529.8900992063069,
           "ema_span_1": 758.0531736999155,
           "enabled": false,
           "initial_eprice_ema_dist": -0.023588314226291717,
           "initial_qty_pct": 0.052874787120489715,
           "markup_range": 0.04244222045832314,
           "min_markup": 0.0020432388410882595,
           "n_close_orders": 5,
           "rentry_pprice_dist": 0.033348313060374904,
           "rentry_pprice_dist_wallet_exposure_weighting": 14.219463643944994,
           "wallet_exposure_limit": 1}}