{"config_name": "recursive_grid_0days",
 "logging_level": 0,
 "long": {"auto_unstuck_ema_dist": 0,
          "auto_unstuck_wallet_exposure_threshold": 0.0,
          "backwards_tp": true,
          "ddown_factor": 1.0054396047348702,
          "ema_span_0": 45.0798588212015,
          "ema_span_1": 340.0581292002765,
          "enabled": true,
          "initial_eprice_ema_dist": 0.004492594052855056,
          "initial_qty_pct": 0.025561670120538865,
          "markup_range": 0.00782916062432822,
          "min_markup": 0.0024990539530069158,
          "n_close_orders": 2,
          "rentry_pprice_dist": 0.023477217025921857,
          "rentry_pprice_dist_wallet_exposure_weighting": 3.5014463378336247,
          "wallet_exposure_limit": 0.3},
 "short": {"auto_unstuck_ema_dist": -0.015495762967819168,
           "auto_unstuck_wallet_exposure_threshold": 0.07408892665259505,
           "backwards_tp": true,
           "ddown_factor": 1.4197134081156213,
           "ema_span_0": 587.8119269356681,
           "ema_span_1": 494.57695166087166,
           "enabled": false,
           "initial_eprice_ema_dist": -0.060448328436377444,
           "initial_qty_pct": 0.04210009629337198,
           "markup_range": 0.05398212538435815,
           "min_markup": 0.0038609731463877185,
           "n_close_orders": 2,
           "rentry_pprice_dist": 0.006150902851590584,
           "rentry_pprice_dist_wallet_exposure_weighting": 3.3223888533588575,
           "wallet_exposure_limit": 1.0}}