{"config_name": "clock_0days",
 "long": {"backwards_tp": true,
          "delay_between_fills_minutes_close": 384.0423586119367,
          "delay_between_fills_minutes_entry": 453.0115682738115,
          "delay_weight_close": 100.31989951009008,
          "delay_weight_entry": 25.580398427879516,
          "ema_dist_close": -0.040766154264822815,
          "ema_dist_entry": -0.5196159017023498,
          "ema_span_0": 1153.1985390483917,
          "ema_span_1": 10,
          "enabled": true,
          "markup_range": 0.01723039435944946,
          "min_markup": 0.007857037764184576,
          "n_close_orders": 6,
          "qty_pct_close": 0.014444055346935042,
          "qty_pct_entry": 0.010318657551776727,
          "wallet_exposure_limit": 0.3,
          "we_multiplier_close": 2.6367100552068807,
          "we_multiplier_entry": 47.49933671712967},
 "short": {"backwards_tp": true,
           "delay_between_fills_minutes_close": 133.66117918291712,
           "delay_between_fills_minutes_entry": 958.929399767677,
           "delay_weight_close": 69.1337825660302,
           "delay_weight_entry": 73.66775572471825,
           "ema_dist_close": -0.019835398698492126,
           "ema_dist_entry": -0.0397782636118647,
           "ema_span_0": 614.1971967995262,
           "ema_span_1": 1197.025070929422,
           "enabled": false,
           "markup_range": 0.09385861258532467,
           "min_markup": 0.028741081077539636,
           "n_close_orders": 7,
           "qty_pct_close": 0.5679954698744093,
           "qty_pct_entry": 0.25409192477302023,
           "wallet_exposure_limit": 1.0,
           "we_multiplier_close": 0.8135480467668676,
           "we_multiplier_entry": 20.860763736470446}}