{"config_name": "clock_0days",
 "long": {"backwards_tp": true,
          "delay_between_fills_minutes_close": 332.26655982208314,
          "delay_between_fills_minutes_entry": 468.24783454506536,
          "delay_weight_close": 28.599309950894398,
          "delay_weight_entry": 15.745396762417162,
          "ema_dist_close": -0.08494350189844646,
          "ema_dist_entry": -0.7988140746534872,
          "ema_span_0": 21.323728512421123,
          "ema_span_1": 326.107406584567,
          "enabled": true,
          "markup_range": 0.018351478877591938,
          "min_markup": 0.008435225018968096,
          "n_close_orders": 4,
          "qty_pct_close": 0.01,
          "qty_pct_entry": 0.01,
          "wallet_exposure_limit": 0.3,
          "we_multiplier_close": 1.626480619920146,
          "we_multiplier_entry": 111.01234905807846},
 "short": {"backwards_tp": true,
           "delay_between_fills_minutes_close": 151.333541847658,
           "delay_between_fills_minutes_entry": 1157.569432055213,
           "delay_weight_close": 70.56964545812274,
           "delay_weight_entry": 33.179740135260246,
           "ema_dist_close": -0.007967091310675169,
           "ema_dist_entry": -0.03366171132409952,
           "ema_span_0": 178.27077468018905,
           "ema_span_1": 379.42391171179634,
           "enabled": false,
           "markup_range": 0.006582561148688804,
           "min_markup": 0.09737271470019318,
           "n_close_orders": 11,
           "qty_pct_close": 0.3888187521248444,
           "qty_pct_entry": 0.1824045935209087,
           "wallet_exposure_limit": 1.0,
           "we_multiplier_close": 2.6310037175434973,
           "we_multiplier_entry": 20.171274448121057}}