{"config_name": "recursive_grid_0days",
 "logging_level": 0,
 "long": {"auto_unstuck_ema_dist": 0,
          "auto_unstuck_wallet_exposure_threshold": 0.0,
          "backwards_tp": false,
          "ddown_factor": 1.6182107487601955,
          "ema_span_0": 479.0670913972635,
          "ema_span_1": 432.5088556001557,
          "enabled": true,
          "initial_eprice_ema_dist": -0.02117805640421254,
          "initial_qty_pct": 0.0007565408050212116,
          "markup_range": 0.024970996662626952,
          "min_markup": 0.010433110738190053,
          "n_close_orders": 8,
          "rentry_pprice_dist": 0.030321680881177152,
          "rentry_pprice_dist_wallet_exposure_weighting": 3.4445444417449598,
          "wallet_exposure_limit": 1},
 "short": {"auto_unstuck_ema_dist": -0.0007240443582465089,
           "auto_unstuck_wallet_exposure_threshold": 0.08999357733237173,
           "backwards_tp": false,
           "ddown_factor": 2.9468928101447474,
           "ema_span_0": 170.03465635143087,
           "ema_span_1": 844.2907025519463,
           "enabled": false,
           "initial_eprice_ema_dist": -0.04274909398042122,
           "initial_qty_pct": 0.017002066540717217,
           "markup_range": 0.0024521098632059356,
           "min_markup": 0.008338612459408815,
           "n_close_orders": 5,
           "rentry_pprice_dist": 0.040180254241856374,
           "rentry_pprice_dist_wallet_exposure_weighting": 11.81615491668907,
           "wallet_exposure_limit": 1.0}}