{"config_name": "recursive_grid_0days",
 "logging_level": 0,
 "long": {"auto_unstuck_ema_dist": 0.0,
          "auto_unstuck_wallet_exposure_threshold": 0.0,
          "backwards_tp": true,
          "ddown_factor": 1.3743622141582925,
          "ema_span_0": 202.21760352715367,
          "ema_span_1": 1055.7143544554167,
          "enabled": true,
          "initial_eprice_ema_dist": 0.0020246814622365307,
          "initial_qty_pct": 0.01704727996031265,
          "markup_range": 0.004679739085578547,
          "min_markup": 0.0033486298246675032,
          "n_close_orders": 2,
          "rentry_pprice_dist": 0.0344230166781992,
          "rentry_pprice_dist_wallet_exposure_weighting": 2.4496777503065226,
          "wallet_exposure_limit": 0.3},
 "short": {"auto_unstuck_ema_dist": -0.061562848618571905,
           "auto_unstuck_wallet_exposure_threshold": 0.07898524769308221,
           "backwards_tp": true,
           "ddown_factor": 0.29682566965789736,
           "ema_span_0": 82.8879432121399,
           "ema_span_1": 364.64261743399027,
           "enabled": false,
           "initial_eprice_ema_dist": -0.041148409187721766,
           "initial_qty_pct": 0.08279351341844168,
           "markup_range": 0.01303457026417779,
           "min_markup": 0.005298132529333034,
           "n_close_orders": 11,
           "rentry_pprice_dist": 0.04736011981544294,
           "rentry_pprice_dist_wallet_exposure_weighting": 8.860831382774332,
           "wallet_exposure_limit": 1.0}}