{"config_name": "emas_0days",
 "long": {"delay_between_fills_minutes_close": 4903.52598465449,
          "delay_between_fills_minutes_entry": 3786.9185646763126,
          "delay_weight_close": -328.00032840664386,
          "delay_weight_entry": 17.468618679377272,
          "ema_dist_lower": -0.4176136856295945,
          "ema_dist_upper": -0.25207481237952856,
          "ema_span_0": 575.0138370657935,
          "ema_span_1": 307.60504112955607,
          "enabled": true,
          "markup_range": 0.04220076632837763,
          "min_markup": 0.045026793519890224,
          "n_close_orders": 4,
          "qty_pct_close": 0.07779514836578329,
          "qty_pct_entry": 0.004470810340793575,
          "wallet_exposure_limit": 1,
          "we_multiplier_close": -99.31875356645924,
          "we_multiplier_entry": 150},
 "short": {"delay_between_fills_minutes_close": 56.97112197505334,
           "delay_between_fills_minutes_entry": 186.67379894651617,
           "delay_weight_close": -47.25046318940993,
           "delay_weight_entry": 125.94511569967369,
           "ema_dist_lower": 0.0038972552199204526,
           "ema_dist_upper": 0.0016999371925311801,
           "ema_span_0": 98.0666550318884,
           "ema_span_1": 3660.6228178651113,
           "enabled": false,
           "markup_range": 0.015638953415487006,
           "min_markup": 0.009162528494131968,
           "n_close_orders": 5,
           "qty_pct_close": 0.041604421475059994,
           "qty_pct_entry": 0.06718943561213868,
           "wallet_exposure_limit": 1.0,
           "we_multiplier_close": 86.24310382781785,
           "we_multiplier_entry": 88.49298174829516}}