{"config_name": "clock_0days",
 "long": {"backwards_tp": false,
          "delay_between_fills_minutes_close": 1291.9334896470116,
          "delay_between_fills_minutes_entry": 1105.9354655233578,
          "delay_weight_close": 37.12189807858849,
          "delay_weight_entry": 21.24013508449005,
          "ema_dist_close": -0.007761191185674383,
          "ema_dist_entry": -0.0036660743165837038,
          "ema_span_0": 1223.8855138651077,
          "ema_span_1": 1149.042101796547,
          "enabled": true,
          "markup_range": 0.0381149414059673,
          "min_markup": 0.004173429911993064,
          "n_close_orders": 14,
          "qty_pct_close": 0.03889169966812338,
          "qty_pct_entry": 0.01,
          "wallet_exposure_limit": 0.2,
          "we_multiplier_close": 0.026073820868442073,
          "we_multiplier_entry": 83.66507136585929},
 "short": {"backwards_tp": false,
           "delay_between_fills_minutes_close": 972.4087562430431,
           "delay_between_fills_minutes_entry": 984.7551540852512,
           "delay_weight_close": 20.90621369025325,
           "delay_weight_entry": 13.144323701583271,
           "ema_dist_close": -0.02014736986153116,
           "ema_dist_entry": -0.0457083093677554,
           "ema_span_0": 1130.8666722289706,
           "ema_span_1": 557.7840620311755,
           "enabled": false,
           "markup_range": 0.010733252927420039,
           "min_markup": 0.0021377504414480638,
           "n_close_orders": 3,
           "qty_pct_close": 0.09270993302124761,
           "qty_pct_entry": 0.08389503760299075,
           "wallet_exposure_limit": 1.0,
           "we_multiplier_close": 81.85764983508243,
           "we_multiplier_entry": 8.559917005515395}}