{"config_name": "recursive_grid_0days",
 "logging_level": 0,
 "long": {"auto_unstuck_ema_dist": 0,
          "auto_unstuck_wallet_exposure_threshold": 0.0,
          "backwards_tp": false,
          "ddown_factor": 2.232780963153214,
          "ema_span_0": 511.04755311826693,
          "ema_span_1": 670.0998995636204,
          "enabled": true,
          "initial_eprice_ema_dist": -0.17820124022858286,
          "initial_qty_pct": 0.0055902167557140845,
          "markup_range": 0.04289541731843674,
          "min_markup": 0.00262367489928814,
          "n_close_orders": 2,
          "rentry_pprice_dist": 0.03255160850520042,
          "rentry_pprice_dist_wallet_exposure_weighting": 2.9096189153924223,
          "wallet_exposure_limit": 0.2},
 "short": {"auto_unstuck_ema_dist": -0.08503137847323293,
           "auto_unstuck_wallet_exposure_threshold": 0.03923119418582005,
           "backwards_tp": false,
           "ddown_factor": 0.4204865175311411,
           "ema_span_0": 230.37891833125386,
           "ema_span_1": 578.6785832751555,
           "enabled": false,
           "initial_eprice_ema_dist": -0.09314859839868607,
           "initial_qty_pct": 0.052997248654757786,
           "markup_range": 0.047499000752996665,
           "min_markup": 0.003474938504107541,
           "n_close_orders": 15,
           "rentry_pprice_dist": 0.04183722136571044,
           "rentry_pprice_dist_wallet_exposure_weighting": 15.001400832650377,
           "wallet_exposure_limit": 1.0}}