{"config_name": "recursive_grid_0days",
 "logging_level": 0,
 "long": {"auto_unstuck_ema_dist": 0,
          "auto_unstuck_wallet_exposure_threshold": 0.0,
          "backwards_tp": false,
          "ddown_factor": 3.964331965403202,
          "ema_span_0": 591.1097218828799,
          "ema_span_1": 512.709964742067,
          "enabled": true,
          "initial_eprice_ema_dist": -0.02829809122967979,
          "initial_qty_pct": 0.000701531745905319,
          "markup_range": 0.01986629422803718,
          "min_markup": 0.0074915365600231555,
          "n_close_orders": 7,
          "rentry_pprice_dist": 0.032312384122956374,
          "rentry_pprice_dist_wallet_exposure_weighting": 1.2992070380352325,
          "wallet_exposure_limit": 0.2},
 "short": {"auto_unstuck_ema_dist": -0.04122842077384761,
           "auto_unstuck_wallet_exposure_threshold": 0.03410511862869483,
           "backwards_tp": false,
           "ddown_factor": 1.7766501791735396,
           "ema_span_0": 1194.8004452108576,
           "ema_span_1": 1049.6375828616076,
           "enabled": false,
           "initial_eprice_ema_dist": 0.0020511632215229336,
           "initial_qty_pct": 0.07900379246510032,
           "markup_range": 0.03096154091142596,
           "min_markup": 0.005080519374334177,
           "n_close_orders": 5,
           "rentry_pprice_dist": 0.0264868335927887,
           "rentry_pprice_dist_wallet_exposure_weighting": 15.135759714905866,
           "wallet_exposure_limit": 1.0}}