{"config_name": "recursive_grid_0days",
 "logging_level": 0,
 "long": {"auto_unstuck_ema_dist": 0.00028418043964116926,
          "auto_unstuck_wallet_exposure_threshold": 0.06523633472229395,
          "backwards_tp": true,
          "ddown_factor": 2.7927251355819678,
          "ema_span_0": 507.71340749806876,
          "ema_span_1": 853.5274827853107,
          "enabled": true,
          "initial_eprice_ema_dist": 0.007662417309710807,
          "initial_qty_pct": 0.018771891838293208,
          "markup_range": 0.004887171210265493,
          "min_markup": 0.006145435493816771,
          "n_close_orders": 3,
          "rentry_pprice_dist": 0.028332840961163345,
          "rentry_pprice_dist_wallet_exposure_weighting": 0.6899874217215028,
          "wallet_exposure_limit": 0.3},
 "short": {"auto_unstuck_ema_dist": -0.02579014737622093,
           "auto_unstuck_wallet_exposure_threshold": 0.08009038078911546,
           "backwards_tp": true,
           "ddown_factor": 0.4467224597792818,
           "ema_span_0": 516.1871214282419,
           "ema_span_1": 1218.819526056217,
           "enabled": false,
           "initial_eprice_ema_dist": -0.047847597728815645,
           "initial_qty_pct": 0.017362202897694134,
           "markup_range": 0.012696299789913514,
           "min_markup": 0.007125784668897075,
           "n_close_orders": 9,
           "rentry_pprice_dist": 0.025071732807051748,
           "rentry_pprice_dist_wallet_exposure_weighting": 13.057746508516676,
           "wallet_exposure_limit": 1.0}}