{"config_name": "clock_0days",
 "long": {"backwards_tp": true,
          "delay_between_fills_minutes_close": 449.9356917234442,
          "delay_between_fills_minutes_entry": 284.127667469722,
          "delay_weight_close": 80.39735816780896,
          "delay_weight_entry": 27.70352459307498,
          "ema_dist_close": -0.07183584395807815,
          "ema_dist_entry": 0.003176754456533164,
          "ema_span_0": 2066.203869081473,
          "ema_span_1": 966.2581225759618,
          "enabled": true,
          "markup_range": 0.05,
          "min_markup": 0.01,
          "n_close_orders": 4,
          "qty_pct_close": 0.013538333343915352,
          "qty_pct_entry": 0.010364820828170494,
          "wallet_exposure_limit": 0.3,
          "we_multiplier_close": 121.65435544505303,
          "we_multiplier_entry": 68.3851137567427},
 "short": {"backwards_tp": true,
           "delay_between_fills_minutes_close": 105.06015446548884,
           "delay_between_fills_minutes_entry": 799.4775544892378,
           "delay_weight_close": 41.9877610537129,
           "delay_weight_entry": 83.2733665106416,
           "ema_dist_close": -0.041000080579060155,
           "ema_dist_entry": -0.009880445179776674,
           "ema_span_0": 586.2377430223354,
           "ema_span_1": 1090.434027348897,
           "enabled": false,
           "markup_range": 0.02973940129524627,
           "min_markup": 0.020411922501152372,
           "n_close_orders": 15,
           "qty_pct_close": 0.9710734163846891,
           "qty_pct_entry": 0.6710983820941216,
           "wallet_exposure_limit": 1.0,
           "we_multiplier_close": 6.915992727842965,
           "we_multiplier_entry": 62.56735849848161}}