{"config_name": "recursive_grid_0days",
 "logging_level": 0,
 "long": {"auto_unstuck_ema_dist": 0,
          "auto_unstuck_wallet_exposure_threshold": 0.0,
          "backwards_tp": false,
          "ddown_factor": 0.805949364517271,
          "ema_span_0": 68.99667470971326,
          "ema_span_1": 12.008624986062184,
          "enabled": true,
          "initial_eprice_ema_dist": 0.005084023990363386,
          "initial_qty_pct": 0.0035666714793534445,
          "markup_range": 0.057790830198735973,
          "min_markup": 0.0024017129325696255,
          "n_close_orders": 4,
          "rentry_pprice_dist": 0.03698351493485263,
          "rentry_pprice_dist_wallet_exposure_weighting": 0.0,
          "wallet_exposure_limit": 1},
 "short": {"auto_unstuck_ema_dist": -0.05481407047163582,
           "auto_unstuck_wallet_exposure_threshold": 0.047065033822275344,
           "backwards_tp": false,
           "ddown_factor": 1.2724259056405276,
           "ema_span_0": 483.2482334448755,
           "ema_span_1": 1422.0314181030035,
           "enabled": false,
           "initial_eprice_ema_dist": -0.011711817465708929,
           "initial_qty_pct": 0.037756780423495014,
           "markup_range": 0.059680075005730346,
           "min_markup": 0.009610738203274391,
           "n_close_orders": 16,
           "rentry_pprice_dist": 0.013946529345213086,
           "rentry_pprice_dist_wallet_exposure_weighting": 19.70246886508741,
           "wallet_exposure_limit": 1}}