{"config_name": "neat_grid_NEARUSDT_624days",
 "logging_level": 0,
 "long": {"auto_unstuck_ema_dist": 0,
          "auto_unstuck_wallet_exposure_threshold": 0,
          "backwards_tp": true,
          "ema_span_0": 491.40542834389987,
          "ema_span_1": 10,
          "enabled": true,
          "eprice_exp_base": 1.0557154334110839,
          "eqty_exp_base": 2.825888459381957,
          "grid_span": 0.1595517031055622,
          "initial_eprice_ema_dist": -0.09649825077292475,
          "initial_qty_pct": 0.014365219953377138,
          "markup_range": 0.008606927058356773,
          "max_n_entry_orders": 10,
          "min_markup": 0.002,
          "n_close_orders": 18,
          "wallet_exposure_limit": 1},
 "short": {"auto_unstuck_ema_dist": 0,
           "auto_unstuck_wallet_exposure_threshold": 0,
           "backwards_tp": true,
           "ema_span_0": 3051.0889345516985,
           "ema_span_1": 1962.7097015713573,
           "enabled": true,
           "eprice_exp_base": 1.6562662011239293,
           "eqty_exp_base": 2.6491126097950084,
           "grid_span": 0.348657463914174,
           "initial_eprice_ema_dist": -0.007738280304534478,
           "initial_qty_pct": 0.011156074375651796,
           "markup_range": 0.025321118358448073,
           "max_n_entry_orders": 9,
           "min_markup": 0.009805733260229894,
           "n_close_orders": 8,
           "wallet_exposure_limit": 0.14924438881014182}}