{"config_name": "neat_grid_0days",
 "logging_level": 0,
 "long": {"auto_unstuck_ema_dist": 0.06950674572868812,
          "auto_unstuck_wallet_exposure_threshold": 0.09185935078672479,
          "backwards_tp": true,
          "ema_span_0": 700.2939623830156,
          "ema_span_1": 3069.059390336634,
          "enabled": true,
          "eprice_exp_base": 1.5428802323605884,
          "eqty_exp_base": 1.8220630748907514,
          "grid_span": 0.49989838737925274,
          "initial_eprice_ema_dist": -0.08485336419121957,
          "initial_qty_pct": 0.01,
          "markup_range": 0.0029378032673821647,
          "max_n_entry_orders": 7,
          "min_markup": 0.002,
          "n_close_orders": 2,
          "wallet_exposure_limit": 0.1},
 "short": {"auto_unstuck_ema_dist": 0.0864264134164391,
           "auto_unstuck_wallet_exposure_threshold": 0.024154770052576182,
           "backwards_tp": true,
           "ema_span_0": 763.4407465185906,
           "ema_span_1": 337.2722858942701,
           "enabled": true,
           "eprice_exp_base": 1.499739929108356,
           "eqty_exp_base": 1.3100290224736286,
           "grid_span": 0.45541041598045845,
           "initial_eprice_ema_dist": -0.09021764021300933,
           "initial_qty_pct": 0.01,
           "markup_range": 0.0023085134053260283,
           "max_n_entry_orders": 7,
           "min_markup": 0.002,
           "n_close_orders": 2,
           "wallet_exposure_limit": 0.1}}