{"config_name": "recursive_grid_0days",
 "logging_level": 0,
 "long": {"auto_unstuck_ema_dist": 0.056978453714167814,
          "auto_unstuck_wallet_exposure_threshold": 0.04779408442023079,
          "backwards_tp": true,
          "ddown_factor": 1.705613478105653,
          "ema_span_0": 131.19905748761812,
          "ema_span_1": 375.4686462656536,
          "enabled": true,
          "initial_eprice_ema_dist": -0.06206942132508744,
          "initial_qty_pct": 0.025123451933694283,
          "markup_range": 0.002321159383238491,
          "min_markup": 0.003676347171673306,
          "n_close_orders": 8,
          "rentry_pprice_dist": 0.01896253878044548,
          "rentry_pprice_dist_wallet_exposure_weighting": 31.553633637112867,
          "wallet_exposure_limit": 0.1},
 "short": {"auto_unstuck_ema_dist": 0.06088034516725517,
           "auto_unstuck_wallet_exposure_threshold": 0.18411402754202102,
           "backwards_tp": true,
           "ddown_factor": 1.771513248675306,
           "ema_span_0": 2705.0623335573237,
           "ema_span_1": 2826.0686800260196,
           "enabled": false,
           "initial_eprice_ema_dist": -0.05750641893888722,
           "initial_qty_pct": 0.027856986825237844,
           "markup_range": 0.014770573768993477,
           "min_markup": 0.01513679348649799,
           "n_close_orders": 15,
           "rentry_pprice_dist": 0.010584543221895625,
           "rentry_pprice_dist_wallet_exposure_weighting": 39.94928512873564,
           "wallet_exposure_limit": 0.1}}