{"config_name": "recursive_grid_0days",
 "logging_level": 0,
 "long": {"auto_unstuck_ema_dist": 0.002346296771257859,
          "auto_unstuck_wallet_exposure_threshold": 0.06329687647715054,
          "backwards_tp": true,
          "ddown_factor": 1.6987440617798815,
          "ema_span_0": 689.4266912202689,
          "ema_span_1": 679.6743175653961,
          "enabled": true,
          "initial_eprice_ema_dist": -0.08807162623257266,
          "initial_qty_pct": 0.014769334024537248,
          "markup_range": 0.0043816568824987245,
          "min_markup": 0.009131146315268533,
          "n_close_orders": 4,
          "rentry_pprice_dist": 0.048259798568960316,
          "rentry_pprice_dist_wallet_exposure_weighting": 1.8312413590788084,
          "wallet_exposure_limit": 0.3},
 "short": {"auto_unstuck_ema_dist": -0.06733642240238752,
           "auto_unstuck_wallet_exposure_threshold": 0.04916472142755571,
           "backwards_tp": true,
           "ddown_factor": 0.7277260614825098,
           "ema_span_0": 641.2602513259457,
           "ema_span_1": 588.9521237178053,
           "enabled": false,
           "initial_eprice_ema_dist": -0.08030888006164569,
           "initial_qty_pct": 0.07623850343838574,
           "markup_range": 0.012061243100285545,
           "min_markup": 0.009923051489539505,
           "n_close_orders": 12,
           "rentry_pprice_dist": 0.013489744560845028,
           "rentry_pprice_dist_wallet_exposure_weighting": 3.6291574170385266,
           "wallet_exposure_limit": 1.0}}