{"config_name": "clock_0days",
 "long": {"backwards_tp": true,
          "delay_between_fills_minutes_close": 354.8559001503909,
          "delay_between_fills_minutes_entry": 360.429368627012,
          "delay_weight_close": 33.43970623936288,
          "delay_weight_entry": 14.119882510538895,
          "ema_dist_close": 0.0002571729563516853,
          "ema_dist_entry": 0.015706659481743476,
          "ema_span_0": 464.0955922134482,
          "ema_span_1": 798.5636189202386,
          "enabled": true,
          "markup_range": 0.013630845458820259,
          "min_markup": 0.01,
          "n_close_orders": 8,
          "qty_pct_close": 0.01096302523760613,
          "qty_pct_entry": 0.010465875659051183,
          "wallet_exposure_limit": 0.3,
          "we_multiplier_close": 78.54190748713913,
          "we_multiplier_entry": 57.001039449448186},
 "short": {"backwards_tp": true,
           "delay_between_fills_minutes_close": 77.7993247699033,
           "delay_between_fills_minutes_entry": 334.16451510970114,
           "delay_weight_close": 88.08549815478591,
           "delay_weight_entry": 91.70937930646913,
           "ema_dist_close": -0.09643183159292856,
           "ema_dist_entry": -0.7699770774248708,
           "ema_span_0": 327.59919343764494,
           "ema_span_1": 88.48825303027789,
           "enabled": false,
           "markup_range": 0.011470089584708588,
           "min_markup": 0.08026052557406455,
           "n_close_orders": 4,
           "qty_pct_close": 0.01,
           "qty_pct_entry": 0.01,
           "wallet_exposure_limit": 1.0,
           "we_multiplier_close": 97.73936448637077,
           "we_multiplier_entry": 28.96898855863078}}