{"config_name": "recursive_grid_0days",
 "logging_level": 0,
 "long": {"auto_unstuck_ema_dist": 0,
          "auto_unstuck_wallet_exposure_threshold": 0.0,
          "backwards_tp": false,
          "ddown_factor": 1.4653252798076888,
          "ema_span_0": 883.4188385109009,
          "ema_span_1": 268.77535557756545,
          "enabled": true,
          "initial_eprice_ema_dist": -0.10281733693065061,
          "initial_qty_pct": 0.0016105348910480384,
          "markup_range": 0.04309781008207841,
          "min_markup": 0.008028377954032493,
          "n_close_orders": 8,
          "rentry_pprice_dist": 0.030449677990979918,
          "rentry_pprice_dist_wallet_exposure_weighting": 1.311346643413608,
          "wallet_exposure_limit": 0.2},
 "short": {"auto_unstuck_ema_dist": -0.008150090072422317,
           "auto_unstuck_wallet_exposure_threshold": 0.09842532656770814,
           "backwards_tp": false,
           "ddown_factor": 1.6166256935325405,
           "ema_span_0": 740.849942464482,
           "ema_span_1": 1090.7827816213585,
           "enabled": false,
           "initial_eprice_ema_dist": -0.0971422554455937,
           "initial_qty_pct": 0.02553037866951117,
           "markup_range": 0.047331421239602545,
           "min_markup": 0.003761682514114034,
           "n_close_orders": 9,
           "rentry_pprice_dist": 0.029841551307520933,
           "rentry_pprice_dist_wallet_exposure_weighting": 5.538878864113577,
           "wallet_exposure_limit": 1.0}}