{"config_name": "recursive_grid_0days",
 "logging_level": 0,
 "long": {"auto_unstuck_ema_dist": 0,
          "auto_unstuck_wallet_exposure_threshold": 0.0,
          "backwards_tp": true,
          "ddown_factor": 1.8538646955516045,
          "ema_span_0": 236.99115738636965,
          "ema_span_1": 141.11354863137396,
          "enabled": true,
          "initial_eprice_ema_dist": -0.02372959919085635,
          "initial_qty_pct": 0.015019088565708452,
          "markup_range": 0.00280721269494967,
          "min_markup": 0.0028767492353114752,
          "n_close_orders": 4,
          "rentry_pprice_dist": 0.030755977285561044,
          "rentry_pprice_dist_wallet_exposure_weighting": 6.028024095230439,
          "wallet_exposure_limit": 0.3},
 "short": {"auto_unstuck_ema_dist": -0.022541547175482138,
           "auto_unstuck_wallet_exposure_threshold": 0.07958340859600817,
           "backwards_tp": true,
           "ddown_factor": 0.7284895927550784,
           "ema_span_0": 444.99593578122705,
           "ema_span_1": 903.228657897526,
           "enabled": false,
           "initial_eprice_ema_dist": -0.031216854909131925,
           "initial_qty_pct": 0.09054387464611709,
           "markup_range": 0.003627293155044593,
           "min_markup": 0.003427218137797298,
           "n_close_orders": 7,
           "rentry_pprice_dist": 0.010373218670400142,
           "rentry_pprice_dist_wallet_exposure_weighting": 8.895668133011565,
           "wallet_exposure_limit": 1.0}}