{"config_name": "recursive_grid_0days",
 "logging_level": 0,
 "long": {"auto_unstuck_ema_dist": 0,
          "auto_unstuck_wallet_exposure_threshold": 0.0,
          "backwards_tp": true,
          "ddown_factor": 1.0556037960565314,
          "ema_span_0": 309.6465114051294,
          "ema_span_1": 258.6444325500078,
          "enabled": true,
          "initial_eprice_ema_dist": -0.04655163912840607,
          "initial_qty_pct": 0.0010376579120332389,
          "markup_range": 0.008133442812222077,
          "min_markup": 0.009095140552860205,
          "n_close_orders": 2,
          "rentry_pprice_dist": 0.027697173011720252,
          "rentry_pprice_dist_wallet_exposure_weighting": 2.563757391293704,
          "wallet_exposure_limit": 0.2},
 "short": {"auto_unstuck_ema_dist": -0.03209516329653862,
           "auto_unstuck_wallet_exposure_threshold": 0.039674116963774736,
           "backwards_tp": true,
           "ddown_factor": 2.214479267619728,
           "ema_span_0": 955.1813033806613,
           "ema_span_1": 1231.8889822738083,
           "enabled": false,
           "initial_eprice_ema_dist": -0.04391848572260816,
           "initial_qty_pct": 0.05034413183501215,
           "markup_range": 0.03069745786525225,
           "min_markup": 0.004209978929316946,
           "n_close_orders": 15,
           "rentry_pprice_dist": 0.028924828176814858,
           "rentry_pprice_dist_wallet_exposure_weighting": 13.986375298966482,
           "wallet_exposure_limit": 1.0}}