{"config_name": "emas_0days",
 "long": {"delay_between_fills_minutes_close": 436.3691303190565,
          "delay_between_fills_minutes_entry": 295.4822062254919,
          "delay_weight_close": 52.952081326304146,
          "delay_weight_entry": 44.4879467685393,
          "ema_dist_lower": -0.04295210800681859,
          "ema_dist_upper": -0.9006267115625057,
          "ema_span_0": 523.4060230959789,
          "ema_span_1": 591.1914096905194,
          "enabled": true,
          "markup_range": 0.02661183329092851,
          "min_markup": 0.019500322146802453,
          "n_close_orders": 4,
          "qty_pct_close": 0.0015351297612104567,
          "qty_pct_entry": 0.001,
          "wallet_exposure_limit": 2.0,
          "we_multiplier_close": 57.45878992353918,
          "we_multiplier_entry": 147.56201965752345},
 "short": {"delay_between_fills_minutes_close": 23.766899225898957,
           "delay_between_fills_minutes_entry": 201.21438328800411,
           "delay_weight_close": 89.88821086164032,
           "delay_weight_entry": 31.786750189883616,
           "ema_dist_lower": 0.019739710771635995,
           "ema_dist_upper": 0.002105047208585711,
           "ema_span_0": 392.76064101654015,
           "ema_span_1": 3807.6155569224193,
           "enabled": false,
           "markup_range": 0.004258626774008537,
           "min_markup": 0.010610384380139577,
           "n_close_orders": 3,
           "qty_pct_close": 0.07023015381255454,
           "qty_pct_entry": 0.06518583180478217,
           "wallet_exposure_limit": 1.0,
           "we_multiplier_close": 109.16656298153893,
           "we_multiplier_entry": 105.18683885909768}}