{"config_name": "recursive_grid_0days",
 "logging_level": 0,
 "long": {"auto_unstuck_ema_dist": 0,
          "auto_unstuck_wallet_exposure_threshold": 0.0,
          "backwards_tp": false,
          "ddown_factor": 2.8947347710054507,
          "ema_span_0": 597.4287251294952,
          "ema_span_1": 933.9174752219129,
          "enabled": true,
          "initial_eprice_ema_dist": -0.14332826481239422,
          "initial_qty_pct": 0.005734653801726925,
          "markup_range": 0.05194863386166659,
          "min_markup": 0.003211092872836425,
          "n_close_orders": 3,
          "rentry_pprice_dist": 0.033990746942047734,
          "rentry_pprice_dist_wallet_exposure_weighting": 2.1089674785335157,
          "wallet_exposure_limit": 0.2},
 "short": {"auto_unstuck_ema_dist": -0.0014592557183868288,
           "auto_unstuck_wallet_exposure_threshold": 0.06802870252894772,
           "backwards_tp": false,
           "ddown_factor": 0.2630176483479144,
           "ema_span_0": 566.9079992947482,
           "ema_span_1": 9.94612040535729,
           "enabled": false,
           "initial_eprice_ema_dist": -0.00825427895434562,
           "initial_qty_pct": 0.08958031840542618,
           "markup_range": 0.018030814513959652,
           "min_markup": 0.009577489587788663,
           "n_close_orders": 4,
           "rentry_pprice_dist": 0.022228595507302436,
           "rentry_pprice_dist_wallet_exposure_weighting": 7.77809360752199,
           "wallet_exposure_limit": 1.0}}