{"config_name": "recursive_grid_0days",
 "logging_level": 0,
 "long": {"auto_unstuck_ema_dist": 0.0,
          "auto_unstuck_wallet_exposure_threshold": 0.0,
          "backwards_tp": true,
          "ddown_factor": 1.1366005517462137,
          "ema_span_0": 553.7293147522203,
          "ema_span_1": 750.843925336697,
          "enabled": true,
          "initial_eprice_ema_dist": -0.009950583158900742,
          "initial_qty_pct": 0.0037395394542863204,
          "markup_range": 0.004483973726340436,
          "min_markup": 0.0021583901190827095,
          "n_close_orders": 4,
          "rentry_pprice_dist": 0.022606879305217747,
          "rentry_pprice_dist_wallet_exposure_weighting": 3.8646815216350485,
          "wallet_exposure_limit": 0.1},
 "short": {"auto_unstuck_ema_dist": 0.041794992348758525,
           "auto_unstuck_wallet_exposure_threshold": 0.06542667119140855,
           "backwards_tp": true,
           "ddown_factor": 1.5952423112245366,
           "ema_span_0": 2435.1781202373572,
           "ema_span_1": 8125.268069912247,
           "enabled": false,
           "initial_eprice_ema_dist": -0.050660257526191715,
           "initial_qty_pct": 0.015,
           "markup_range": 0.034084858517623516,
           "min_markup": 0.0025225479913423667,
           "n_close_orders": 16,
           "rentry_pprice_dist": 0.03094407935825603,
           "rentry_pprice_dist_wallet_exposure_weighting": 80.83895865765886,
           "wallet_exposure_limit": 0.1}}