{"config_name": "clock_0days",
 "long": {"backwards_tp": true,
          "delay_between_fills_minutes_close": 430.85952545295896,
          "delay_between_fills_minutes_entry": 424.39816013929385,
          "delay_weight_close": 96.08681761906105,
          "delay_weight_entry": 28.6722593078381,
          "ema_dist_close": -0.43299114606825917,
          "ema_dist_entry": 0.01,
          "ema_span_0": 16.73149242570128,
          "ema_span_1": 28.486759348340424,
          "enabled": true,
          "markup_range": 0.01924312465935771,
          "min_markup": 0.007480259500674999,
          "n_close_orders": 4,
          "qty_pct_close": 0.01,
          "qty_pct_entry": 0.01,
          "wallet_exposure_limit": 0.3,
          "we_multiplier_close": 10.89759795141496,
          "we_multiplier_entry": 105.41523578900237},
 "short": {"backwards_tp": true,
           "delay_between_fills_minutes_close": 500,
           "delay_between_fills_minutes_entry": 349.53361189187893,
           "delay_weight_close": 59.55027513420877,
           "delay_weight_entry": 8.792215767293884,
           "ema_dist_close": 0.01,
           "ema_dist_entry": -0.01346499758514475,
           "ema_span_0": 16.201979666271814,
           "ema_span_1": 500,
           "enabled": true,
           "markup_range": 0.02,
           "min_markup": 0.004642095185215583,
           "n_close_orders": 5,
           "qty_pct_close": 0.01,
           "qty_pct_entry": 0.01,
           "wallet_exposure_limit": 0.1,
           "we_multiplier_close": 4.925074482757014,
           "we_multiplier_entry": 17.104835778838943}}