{"config_name": "recursive_grid_0days",
 "logging_level": 0,
 "long": {"auto_unstuck_ema_dist": 0.0,
          "auto_unstuck_wallet_exposure_threshold": 0.0,
          "backwards_tp": true,
          "ddown_factor": 0.5491252207291779,
          "ema_span_0": 871.7418692159632,
          "ema_span_1": 716.9007414713443,
          "enabled": true,
          "initial_eprice_ema_dist": -0.01664448517003521,
          "initial_qty_pct": 0.011956671934589361,
          "markup_range": 0.004636375846102567,
          "min_markup": 0.0030762460267159918,
          "n_close_orders": 8,
          "rentry_pprice_dist": 0.03165198633294215,
          "rentry_pprice_dist_wallet_exposure_weighting": 3.357646402608509,
          "wallet_exposure_limit": 0.1},
 "short": {"auto_unstuck_ema_dist": 0.05967949311412384,
           "auto_unstuck_wallet_exposure_threshold": 0.2259207098846175,
           "backwards_tp": true,
           "ddown_factor": 0.8115905090279654,
           "ema_span_0": 1014.3693875226281,
           "ema_span_1": 4268.607350562332,
           "enabled": false,
           "initial_eprice_ema_dist": -0.07965561871683442,
           "initial_qty_pct": 0.030403483445676026,
           "markup_range": 0.0013653081961031393,
           "min_markup": 0.011226634368150579,
           "n_close_orders": 6,
           "rentry_pprice_dist": 0.028687964596551905,
           "rentry_pprice_dist_wallet_exposure_weighting": 44.97560288179755,
           "wallet_exposure_limit": 0.1}}