{"config_name": "clock_0days",
 "long": {"backwards_tp": true,
          "delay_between_fills_minutes_close": 365.70423882098737,
          "delay_between_fills_minutes_entry": 496.46244953702535,
          "delay_weight_close": 150,
          "delay_weight_entry": 26.280162937216815,
          "ema_dist_close": -0.056251954963206674,
          "ema_dist_entry": 0.01,
          "ema_span_0": 149.15161044894276,
          "ema_span_1": 303.3092639322893,
          "enabled": true,
          "markup_range": 0.02,
          "min_markup": 0.006806045546591182,
          "n_close_orders": 2,
          "qty_pct_close": 0.01,
          "qty_pct_entry": 0.01,
          "wallet_exposure_limit": 0.3,
          "we_multiplier_close": 117.69907480252773,
          "we_multiplier_entry": 131.8130658450874},
 "short": {"backwards_tp": true,
           "delay_between_fills_minutes_close": 230.45927435387551,
           "delay_between_fills_minutes_entry": 70.89180885945778,
           "delay_weight_close": 11.248035623712315,
           "delay_weight_entry": 83.36791057754091,
           "ema_dist_close": -0.02496749517228141,
           "ema_dist_entry": -0.03939755206166484,
           "ema_span_0": 1180.0042582773867,
           "ema_span_1": 1328.2398255245553,
           "enabled": false,
           "markup_range": 0.012610378050999368,
           "min_markup": 0.004024153629231145,
           "n_close_orders": 14,
           "qty_pct_close": 0.04325318386352477,
           "qty_pct_entry": 0.05444041291712678,
           "wallet_exposure_limit": 1.0,
           "we_multiplier_close": 70.96224945331387,
           "we_multiplier_entry": 47.246781451329525}}