{"config_name": "recursive_grid_0days",
 "logging_level": 0,
 "long": {"auto_unstuck_ema_dist": 0.0006383253250610807,
          "auto_unstuck_wallet_exposure_threshold": 0.07919100801272942,
          "backwards_tp": true,
          "ddown_factor": 2.024665322272018,
          "ema_span_0": 512.6978948074672,
          "ema_span_1": 461.27030040466747,
          "enabled": true,
          "initial_eprice_ema_dist": 0.008828473962994247,
          "initial_qty_pct": 0.012407932801680331,
          "markup_range": 0.0036296695735574137,
          "min_markup": 0.0068902818321734845,
          "n_close_orders": 10,
          "rentry_pprice_dist": 0.028726976476138682,
          "rentry_pprice_dist_wallet_exposure_weighting": 1.3810272014503127,
          "wallet_exposure_limit": 0.3},
 "short": {"auto_unstuck_ema_dist": -0.0062510265031908985,
           "auto_unstuck_wallet_exposure_threshold": 0.042438704776980085,
           "backwards_tp": true,
           "ddown_factor": 1.2840823615488948,
           "ema_span_0": 45.13271250468915,
           "ema_span_1": 1289.3532127883445,
           "enabled": false,
           "initial_eprice_ema_dist": -0.03973675427661318,
           "initial_qty_pct": 0.06883087862151686,
           "markup_range": 0.056764091941650115,
           "min_markup": 0.008099491622576224,
           "n_close_orders": 8,
           "rentry_pprice_dist": 0.028283420185717452,
           "rentry_pprice_dist_wallet_exposure_weighting": 13.481338280722062,
           "wallet_exposure_limit": 1.0}}