{"config_name": "recursive_grid_0days",
 "logging_level": 0,
 "long": {"auto_unstuck_ema_dist": 0.004150738040725314,
          "auto_unstuck_wallet_exposure_threshold": 0.056155208467433826,
          "backwards_tp": true,
          "ddown_factor": 2.7225498917551088,
          "ema_span_0": 840.0459931088345,
          "ema_span_1": 131.32631926284503,
          "enabled": true,
          "initial_eprice_ema_dist": -0.11233497924202462,
          "initial_qty_pct": 0.0043392276239286,
          "markup_range": 0.007212601208817187,
          "min_markup": 0.006983553623066962,
          "n_close_orders": 1,
          "rentry_pprice_dist": 0.03144190267646892,
          "rentry_pprice_dist_wallet_exposure_weighting": 0.5472900342548227,
          "wallet_exposure_limit": 0.2},
 "short": {"auto_unstuck_ema_dist": -0.06059519824781803,
           "auto_unstuck_wallet_exposure_threshold": 0.05341429021765452,
           "backwards_tp": true,
           "ddown_factor": 1.1867431954613747,
           "ema_span_0": 27.710168356559368,
           "ema_span_1": 935.4169989113301,
           "enabled": false,
           "initial_eprice_ema_dist": -0.050415625811981925,
           "initial_qty_pct": 0.07119590862456775,
           "markup_range": 0.03274393441298825,
           "min_markup": 0.006861366063818684,
           "n_close_orders": 7,
           "rentry_pprice_dist": 0.040077957055223726,
           "rentry_pprice_dist_wallet_exposure_weighting": 9.912954630269471,
           "wallet_exposure_limit": 1.0}}