{"config_name": "recursive_grid_0days",
 "logging_level": 0,
 "long": {"auto_unstuck_ema_dist": -0.0001974695804144014,
          "auto_unstuck_wallet_exposure_threshold": 0.0532447361972294,
          "backwards_tp": true,
          "ddown_factor": 1.9917188819355371,
          "ema_span_0": 409.27750857946666,
          "ema_span_1": 613.5223101501052,
          "enabled": true,
          "initial_eprice_ema_dist": 0.004591333119841579,
          "initial_qty_pct": 0.01567813606998302,
          "markup_range": 0.0025282536900036678,
          "min_markup": 0.006587828093464549,
          "n_close_orders": 4,
          "rentry_pprice_dist": 0.03312684740924977,
          "rentry_pprice_dist_wallet_exposure_weighting": 2.4575549029318413,
          "wallet_exposure_limit": 0.3},
 "short": {"auto_unstuck_ema_dist": -0.0733320314641652,
           "auto_unstuck_wallet_exposure_threshold": 0.060585675912549264,
           "backwards_tp": true,
           "ddown_factor": 0.14400043618832992,
           "ema_span_0": 197.72101710220312,
           "ema_span_1": 45.24525998639346,
           "enabled": false,
           "initial_eprice_ema_dist": -0.07465644107153391,
           "initial_qty_pct": 0.06371459910355756,
           "markup_range": 0.013745122494796197,
           "min_markup": 0.0010619442294147385,
           "n_close_orders": 7,
           "rentry_pprice_dist": 0.035428245427475996,
           "rentry_pprice_dist_wallet_exposure_weighting": 29.2066160913048,
           "wallet_exposure_limit": 1.0}}