{"config_name": "recursive_grid_0days",
 "logging_level": 0,
 "long": {"auto_unstuck_ema_dist": 0.0,
          "auto_unstuck_wallet_exposure_threshold": 0.0,
          "backwards_tp": true,
          "ddown_factor": 0.013077295213982702,
          "ema_span_0": 377.1693664028164,
          "ema_span_1": 867.7230170551364,
          "enabled": true,
          "initial_eprice_ema_dist": -0.014789065765905537,
          "initial_qty_pct": 0.013800638062624833,
          "markup_range": 0.004982016218540679,
          "min_markup": 0.003988068952028217,
          "n_close_orders": 14,
          "rentry_pprice_dist": 0.037529577963371356,
          "rentry_pprice_dist_wallet_exposure_weighting": 0,
          "wallet_exposure_limit": 0.1},
 "short": {"auto_unstuck_ema_dist": 0.025543239020358478,
           "auto_unstuck_wallet_exposure_threshold": 0.024109111886766676,
           "backwards_tp": true,
           "ddown_factor": 2.5406678667417246,
           "ema_span_0": 1472.1783310763649,
           "ema_span_1": 5469.667031736438,
           "enabled": false,
           "initial_eprice_ema_dist": -0.02782506332104533,
           "initial_qty_pct": 0.015,
           "markup_range": 0.019054044296685266,
           "min_markup": 0.003399206394678972,
           "n_close_orders": 12,
           "rentry_pprice_dist": 0.04293594852296271,
           "rentry_pprice_dist_wallet_exposure_weighting": 37.15470080470169,
           "wallet_exposure_limit": 0.1}}