{"config_name": "recursive_grid_0days",
 "logging_level": 0,
 "long": {"auto_unstuck_ema_dist": 0.005,
          "auto_unstuck_wallet_exposure_threshold": 0.053514667501531256,
          "backwards_tp": true,
          "ddown_factor": 1.459112613734704,
          "ema_span_0": 707.3200287496975,
          "ema_span_1": 554.3664600280031,
          "enabled": true,
          "initial_eprice_ema_dist": 0.006049524020205837,
          "initial_qty_pct": 0.010790892724755696,
          "markup_range": 0.004632437555388877,
          "min_markup": 0.0024071352356707103,
          "n_close_orders": 2,
          "rentry_pprice_dist": 0.01626205222879182,
          "rentry_pprice_dist_wallet_exposure_weighting": 27.094480945831307,
          "wallet_exposure_limit": 0.3},
 "short": {"auto_unstuck_ema_dist": -0.044461787906033036,
           "auto_unstuck_wallet_exposure_threshold": 0.08965362204202515,
           "backwards_tp": true,
           "ddown_factor": 0.1400630897193936,
           "ema_span_0": 646.284412793403,
           "ema_span_1": 332.2114915253477,
           "enabled": false,
           "initial_eprice_ema_dist": -0.08707083697897788,
           "initial_qty_pct": 0.05125878045634867,
           "markup_range": 0.026245268201140363,
           "min_markup": 0.008480046635888078,
           "n_close_orders": 9,
           "rentry_pprice_dist": 0.03266084239441341,
           "rentry_pprice_dist_wallet_exposure_weighting": 9.66878058770996,
           "wallet_exposure_limit": 1.0}}