{"config_name": "neat_grid_0days",
 "logging_level": 0,
 "long": {"auto_unstuck_ema_dist": 0.0,
          "auto_unstuck_wallet_exposure_threshold": 0.0,
          "backwards_tp": true,
          "ema_span_0": 757.0522362093759,
          "ema_span_1": 4395.163372823158,
          "enabled": true,
          "eprice_exp_base": 0.8701555324418478,
          "eqty_exp_base": 1.8939426647298416,
          "grid_span": 0.16908810888470033,
          "initial_eprice_ema_dist": -0.37493194007723457,
          "initial_qty_pct": 0.004975186980622481,
          "markup_range": 0.002689641353193318,
          "max_n_entry_orders": 36,
          "min_markup": 0.0035405300432030918,
          "n_close_orders": 15,
          "wallet_exposure_limit": 0.1},
 "short": {"auto_unstuck_ema_dist": 0.013275892546811224,
           "auto_unstuck_wallet_exposure_threshold": 0.022250582603496397,
           "backwards_tp": true,
           "ema_span_0": 3181.025893160589,
           "ema_span_1": 2766.4196476627394,
           "enabled": false,
           "eprice_exp_base": 3.1312897372696225,
           "eqty_exp_base": 2.2745682128956677,
           "grid_span": 0.514500972414822,
           "initial_eprice_ema_dist": -0.03916625551994355,
           "initial_qty_pct": 0.015,
           "markup_range": 0.031812326969190736,
           "max_n_entry_orders": 20,
           "min_markup": 0.0021438287775178253,
           "n_close_orders": 22,
           "wallet_exposure_limit": 0.1}}