{"config_name": "clock_0days",
 "long": {"backwards_tp": true,
          "delay_between_fills_minutes_close": 1286.0988552362292,
          "delay_between_fills_minutes_entry": 1287.3908916037117,
          "delay_weight_close": 24.062183487357373,
          "delay_weight_entry": 28.648097916224465,
          "ema_dist_close": -0.004584028120270961,
          "ema_dist_entry": -0.04559469342058171,
          "ema_span_0": 518.1277487737374,
          "ema_span_1": 618.1398563102531,
          "enabled": true,
          "markup_range": 0.026240284071823834,
          "min_markup": 0.007501586295903379,
          "n_close_orders": 11,
          "qty_pct_close": 0.01,
          "qty_pct_entry": 0.01,
          "wallet_exposure_limit": 0.2,
          "we_multiplier_close": 94.942299929921,
          "we_multiplier_entry": 31.30105749447193},
 "short": {"backwards_tp": true,
           "delay_between_fills_minutes_close": 1323.3137482578638,
           "delay_between_fills_minutes_entry": 345.54950494175193,
           "delay_weight_close": 21.097429478553018,
           "delay_weight_entry": 2.486107427533273,
           "ema_dist_close": 0.002142999583568755,
           "ema_dist_entry": -0.00851715495409597,
           "ema_span_0": 1153.3302927214525,
           "ema_span_1": 1279.6186697931114,
           "enabled": true,
           "markup_range": 0.008625548228275048,
           "min_markup": 0.006333072472275226,
           "n_close_orders": 2,
           "qty_pct_close": 0.01,
           "qty_pct_entry": 0.01,
           "wallet_exposure_limit": 0.1,
           "we_multiplier_close": 0,
           "we_multiplier_entry": 95.13136669598856}}