{"config_name": "recursive_grid_0days",
 "logging_level": 0,
 "long": {"auto_unstuck_ema_dist": 0,
          "auto_unstuck_wallet_exposure_threshold": 0.0,
          "backwards_tp": true,
          "ddown_factor": 1.124639403127043,
          "ema_span_0": 100.75436910784398,
          "ema_span_1": 80.8530354986361,
          "enabled": true,
          "initial_eprice_ema_dist": -0.1302312532413152,
          "initial_qty_pct": 0.005900990141030767,
          "markup_range": 0.03734280300849366,
          "min_markup": 0.010500691217078745,
          "n_close_orders": 1,
          "rentry_pprice_dist": 0.025161307085469667,
          "rentry_pprice_dist_wallet_exposure_weighting": 3.6751909388553226,
          "wallet_exposure_limit": 0.2},
 "short": {"auto_unstuck_ema_dist": -0.06131479343868869,
           "auto_unstuck_wallet_exposure_threshold": 0.048153889171525285,
           "backwards_tp": true,
           "ddown_factor": 0.40112804100435606,
           "ema_span_0": 579.4939405964377,
           "ema_span_1": 1199.6295279014862,
           "enabled": false,
           "initial_eprice_ema_dist": -0.09866121613499249,
           "initial_qty_pct": 0.09705461000466636,
           "markup_range": 0.04837483162979035,
           "min_markup": 0.001944684728335538,
           "n_close_orders": 9,
           "rentry_pprice_dist": 0.019020260628904648,
           "rentry_pprice_dist_wallet_exposure_weighting": 11.25713088413535,
           "wallet_exposure_limit": 1.0}}