{"config_name": "clock_0days",
 "long": {"backwards_tp": true,
          "delay_between_fills_minutes_close": 388.67750819365904,
          "delay_between_fills_minutes_entry": 437.73495187297044,
          "delay_weight_close": 46.053170342501325,
          "delay_weight_entry": 18.645943061348497,
          "ema_dist_close": -0.014310490659648623,
          "ema_dist_entry": -0.7879460044789957,
          "ema_span_0": 680.6597828774129,
          "ema_span_1": 710.4892346267894,
          "enabled": true,
          "markup_range": 0.024876076641668843,
          "min_markup": 0.009537599663044516,
          "n_close_orders": 8,
          "qty_pct_close": 0.012074360940013686,
          "qty_pct_entry": 0.011726886853453529,
          "wallet_exposure_limit": 0.3,
          "we_multiplier_close": 51.56716893043456,
          "we_multiplier_entry": 117.6391375578837},
 "short": {"backwards_tp": true,
           "delay_between_fills_minutes_close": 61.6207483591593,
           "delay_between_fills_minutes_entry": 979.1523124635875,
           "delay_weight_close": 3.5994562052028223,
           "delay_weight_entry": 89.64864440030425,
           "ema_dist_close": -0.011540188996359294,
           "ema_dist_entry": -0.04532481024602605,
           "ema_span_0": 354.378044650088,
           "ema_span_1": 626.3030901381011,
           "enabled": false,
           "markup_range": 0.05269304524113699,
           "min_markup": 0.08531536016296834,
           "n_close_orders": 13,
           "qty_pct_close": 0.2941101419937284,
           "qty_pct_entry": 0.20920778791184813,
           "wallet_exposure_limit": 1.0,
           "we_multiplier_close": 5.830455920333502,
           "we_multiplier_entry": 95.99557017256811}}