{"config_name": "clock_0days",
 "long": {"delay_between_fills_minutes_close": 483.9959881808507,
          "delay_between_fills_minutes_entry": 497.36227233944453,
          "delay_weight_close": 0,
          "delay_weight_entry": 0,
          "ema_dist_lower": -0.8377383853568643,
          "ema_dist_upper": -0.5777200403114435,
          "ema_span_0": 1170.0496452587236,
          "ema_span_1": 3723.3127437094518,
          "enabled": true,
          "markup_range": 0.040118725015799134,
          "min_markup": 0.049143889916861395,
          "n_close_orders": 2,
          "qty_pct_close": 0.0017674688053558208,
          "qty_pct_entry": 0.0345460161093779,
          "wallet_exposure_limit": 0.25,
          "we_multiplier_close": 0,
          "we_multiplier_entry": 116.4197595068635},
 "short": {"delay_between_fills_minutes_close": 433.02590837954335,
           "delay_between_fills_minutes_entry": 492.61618535755986,
           "delay_weight_close": 11.100212243624934,
           "delay_weight_entry": 19.043344301836225,
           "ema_dist_lower": -0.04540613432016816,
           "ema_dist_upper": 0.011557677916896164,
           "ema_span_0": 220.99564451210117,
           "ema_span_1": 3689.644912658446,
           "enabled": true,
           "markup_range": 0.0017030393962404295,
           "min_markup": 0.03448191767695243,
           "n_close_orders": 3,
           "qty_pct_close": 0.04207714487591872,
           "qty_pct_entry": 0.015637413312381755,
           "wallet_exposure_limit": 0.1,
           "we_multiplier_close": 20.572960620359332,
           "we_multiplier_entry": 73.99837204437021}}