{"config_name": "recursive_grid_0days",
 "logging_level": 0,
 "long": {"auto_unstuck_ema_dist": 0.0,
          "auto_unstuck_wallet_exposure_threshold": 0.0,
          "backwards_tp": true,
          "ddown_factor": 0.7916878806065861,
          "ema_span_0": 976.6262547585095,
          "ema_span_1": 816.4750073072081,
          "enabled": true,
          "initial_eprice_ema_dist": -0.09919718966557352,
          "initial_qty_pct": 0.025528092765278444,
          "markup_range": 0.004799867025053824,
          "min_markup": 0.003649007757018188,
          "n_close_orders": 9,
          "rentry_pprice_dist": 0.03534024787482315,
          "rentry_pprice_dist_wallet_exposure_weighting": 5.196155305959933,
          "wallet_exposure_limit": 0.1},
 "short": {"auto_unstuck_ema_dist": 0.07006995277313212,
           "auto_unstuck_wallet_exposure_threshold": 0.5953223322943058,
           "backwards_tp": true,
           "ddown_factor": 1.6505477150697263,
           "ema_span_0": 4320,
           "ema_span_1": 2172.4544017099415,
           "enabled": false,
           "initial_eprice_ema_dist": -0.04231037673065944,
           "initial_qty_pct": 0.02899410575784921,
           "markup_range": 0.009950681172375977,
           "min_markup": 0.002,
           "n_close_orders": 5,
           "rentry_pprice_dist": 0.029617347210630505,
           "rentry_pprice_dist_wallet_exposure_weighting": 40.576057101427374,
           "wallet_exposure_limit": 0.1}}