{"config_name": "recursive_grid_0days",
 "logging_level": 0,
 "long": {"auto_unstuck_ema_dist": 0.0,
          "auto_unstuck_wallet_exposure_threshold": 0.0,
          "backwards_tp": true,
          "ddown_factor": 0.5986908081848058,
          "ema_span_0": 474.09584895277703,
          "ema_span_1": 987.5246470155955,
          "enabled": true,
          "initial_eprice_ema_dist": -1.0,
          "initial_qty_pct": 0.0020809086105168305,
          "markup_range": 0.0005486110942320063,
          "min_markup": 0.00257035635061859,
          "n_close_orders": 8,
          "rentry_pprice_dist": 0.018158091719462765,
          "rentry_pprice_dist_wallet_exposure_weighting": 9.805740980555859,
          "wallet_exposure_limit": 0.1},
 "short": {"auto_unstuck_ema_dist": 0.056037472181163006,
           "auto_unstuck_wallet_exposure_threshold": 0.042867589870129924,
           "backwards_tp": true,
           "ddown_factor": 2.217215387757125,
           "ema_span_0": 2943.048541486321,
           "ema_span_1": 6366.327417602984,
           "enabled": false,
           "initial_eprice_ema_dist": -0.09436427275017968,
           "initial_qty_pct": 0.015,
           "markup_range": 0.02421501555446341,
           "min_markup": 0.0030662885107462364,
           "n_close_orders": 8,
           "rentry_pprice_dist": 0.019259685309972262,
           "rentry_pprice_dist_wallet_exposure_weighting": 53.386610906709336,
           "wallet_exposure_limit": 0.1}}