{"config_name": "recursive_grid_0days",
 "logging_level": 0,
 "long": {"auto_unstuck_ema_dist": 0.0025,
          "auto_unstuck_wallet_exposure_threshold": 0.025,
          "backwards_tp": false,
          "ddown_factor": 2.1429,
          "ema_span_0": 229.58575582909472,
          "ema_span_1": 1389.9419874870832,
          "enabled": true,
          "initial_eprice_ema_dist": -0.01772103112660625,
          "initial_qty_pct": 0.0031893,
          "markup_range": 0.028078,
          "min_markup": 0.005709,
          "n_close_orders": 5,
          "rentry_pprice_dist": 0.018515,
          "rentry_pprice_dist_wallet_exposure_weighting": 2.1199,
          "wallet_exposure_limit": 0.2},
 "short": {"auto_unstuck_ema_dist": -0.0437887918365444,
           "auto_unstuck_wallet_exposure_threshold": 0.08668086033146322,
           "backwards_tp": false,
           "ddown_factor": 0.497053183661315,
           "ema_span_0": 830.1538749006595,
           "ema_span_1": 575.1763508787245,
           "enabled": false,
           "initial_eprice_ema_dist": -0.08729857866891419,
           "initial_qty_pct": 0.0351544508424069,
           "markup_range": 0.0031333018402733034,
           "min_markup": 0.0034956272904971305,
           "n_close_orders": 8,
           "rentry_pprice_dist": 0.022441587196132023,
           "rentry_pprice_dist_wallet_exposure_weighting": 1.7298040037087636,
           "wallet_exposure_limit": 1.0}}