{"config_name": "clock_0days",
 "long": {"backwards_tp": true,
          "delay_between_fills_minutes_close": 254.97822166563284,
          "delay_between_fills_minutes_entry": 436.90307678282727,
          "delay_weight_close": 33.16325501115335,
          "delay_weight_entry": 22.022641431278203,
          "ema_dist_close": -0.009884504510820145,
          "ema_dist_entry": -0.0003832178501075329,
          "ema_span_0": 691.9804262493184,
          "ema_span_1": 800,
          "enabled": true,
          "markup_range": 0.014251521561384152,
          "min_markup": 0.0038292342180408934,
          "n_close_orders": 4,
          "qty_pct_close": 0.011895360881932392,
          "qty_pct_entry": 0.01419583812835282,
          "wallet_exposure_limit": 0.3,
          "we_multiplier_close": 7.1673062165569466,
          "we_multiplier_entry": 73.1884799937887},
 "short": {"backwards_tp": true,
           "delay_between_fills_minutes_close": 158.95023392235058,
           "delay_between_fills_minutes_entry": 1299.7862072803691,
           "delay_weight_close": 64.65860141567427,
           "delay_weight_entry": 88.35570291641649,
           "ema_dist_close": -0.006345393673884085,
           "ema_dist_entry": -0.011530661565022034,
           "ema_span_0": 16.228155328930146,
           "ema_span_1": 178.13475567804795,
           "enabled": false,
           "markup_range": 0.08529612343409901,
           "min_markup": 0.0716324066777732,
           "n_close_orders": 8,
           "qty_pct_close": 0.08155572059923975,
           "qty_pct_entry": 0.3652174830339416,
           "wallet_exposure_limit": 1.0,
           "we_multiplier_close": 3.694425351450059,
           "we_multiplier_entry": 71.80979816513988}}