{"config_name": "clock_0days",
 "long": {"backwards_tp": true,
          "delay_between_fills_minutes_close": 468.5924042152744,
          "delay_between_fills_minutes_entry": 273.39834956454445,
          "delay_weight_close": 114.60032731174235,
          "delay_weight_entry": 47.3447406057752,
          "ema_dist_close": -1.03334677853395e-05,
          "ema_dist_entry": 0.006414051271183219,
          "ema_span_0": 183.35294590927992,
          "ema_span_1": 467.05017461769927,
          "enabled": true,
          "markup_range": 0.019120020793672282,
          "min_markup": 0.005519595536044111,
          "n_close_orders": 2,
          "qty_pct_close": 0.01,
          "qty_pct_entry": 0.01,
          "wallet_exposure_limit": 0.3,
          "we_multiplier_close": 18.492720587170485,
          "we_multiplier_entry": 103.0197370136851},
 "short": {"backwards_tp": true,
           "delay_between_fills_minutes_close": 320.37580483639806,
           "delay_between_fills_minutes_entry": 400.9067524677356,
           "delay_weight_close": 127.02324414468941,
           "delay_weight_entry": 91.93162547866808,
           "ema_dist_close": -0.9229748655429677,
           "ema_dist_entry": -0.9517183587555018,
           "ema_span_0": 240.25980575717975,
           "ema_span_1": 313.23529528938514,
           "enabled": false,
           "markup_range": 0.01207796731323235,
           "min_markup": 0.07542947555339874,
           "n_close_orders": 4,
           "qty_pct_close": 0.01,
           "qty_pct_entry": 0.01,
           "wallet_exposure_limit": 1.0,
           "we_multiplier_close": 119.46927258654283,
           "we_multiplier_entry": 17.673854346317952}}