{"config_name": "clock_0days",
 "long": {"backwards_tp": true,
          "delay_between_fills_minutes_close": 500,
          "delay_between_fills_minutes_entry": 321.19428081779,
          "delay_weight_close": 142.47927380656597,
          "delay_weight_entry": 14.925577172440091,
          "ema_dist_close": -0.15901305103958996,
          "ema_dist_entry": 0.009250255654393613,
          "ema_span_0": 1776.231677996483,
          "ema_span_1": 800.1600767496159,
          "enabled": true,
          "markup_range": 0.048639444878644814,
          "min_markup": 0.009553215095320797,
          "n_close_orders": 5,
          "qty_pct_close": 0.01034694554222255,
          "qty_pct_entry": 0.01272523658561123,
          "wallet_exposure_limit": 0.3,
          "we_multiplier_close": 6.479842251898712,
          "we_multiplier_entry": 121.52906856359552},
 "short": {"backwards_tp": true,
           "delay_between_fills_minutes_close": 1211.821443271173,
           "delay_between_fills_minutes_entry": 855.3675456325487,
           "delay_weight_close": 49.17490057052783,
           "delay_weight_entry": 68.36268194272408,
           "ema_dist_close": 0.003452121443894153,
           "ema_dist_entry": -0.023916817760135982,
           "ema_span_0": 301.4781464648863,
           "ema_span_1": 732.3010812508985,
           "enabled": false,
           "markup_range": 0.022634545296433932,
           "min_markup": 0.002618591227139797,
           "n_close_orders": 11,
           "qty_pct_close": 0.06650452313052191,
           "qty_pct_entry": 0.031791624454243175,
           "wallet_exposure_limit": 1.0,
           "we_multiplier_close": 5.091299459034115,
           "we_multiplier_entry": 45.0715318497557}}