{"config_name": "neat_grid_0days",
 "logging_level": 0,
 "long": {"auto_unstuck_ema_dist": 0.08282980526457316,
          "auto_unstuck_wallet_exposure_threshold": 0.07666828827006672,
          "backwards_tp": true,
          "ema_span_0": 204.41477191942923,
          "ema_span_1": 253.98222981505828,
          "enabled": true,
          "eprice_exp_base": 1.3583661133339953,
          "eqty_exp_base": 1.9157127250231794,
          "grid_span": 0.4376489687695838,
          "initial_eprice_ema_dist": -0.09403856354170285,
          "initial_qty_pct": 0.01,
          "markup_range": 0.003,
          "max_n_entry_orders": 19,
          "min_markup": 0.002,
          "n_close_orders": 2,
          "wallet_exposure_limit": 0.1},
 "short": {"auto_unstuck_ema_dist": 0.043905247989180995,
           "auto_unstuck_wallet_exposure_threshold": 0.01223101077918995,
           "backwards_tp": true,
           "ema_span_0": 145.31107314011078,
           "ema_span_1": 164.51442038312737,
           "enabled": true,
           "eprice_exp_base": 1.1414605093841468,
           "eqty_exp_base": 2.073522995598688,
           "grid_span": 0.46380013246935853,
           "initial_eprice_ema_dist": -0.05076789571875935,
           "initial_qty_pct": 0.01,
           "markup_range": 0.0026690380338636266,
           "max_n_entry_orders": 11,
           "min_markup": 0.002,
           "n_close_orders": 2,
           "wallet_exposure_limit": 0.1}}