{"config_name": "recursive_grid_0days",
 "logging_level": 0,
 "long": {"auto_unstuck_ema_dist": 0.0,
          "auto_unstuck_wallet_exposure_threshold": 0.0,
          "backwards_tp": true,
          "ddown_factor": 0.8084948699679505,
          "ema_span_0": 237.91915814966558,
          "ema_span_1": 779.8950970852941,
          "enabled": true,
          "initial_eprice_ema_dist": -0.043042421025063476,
          "initial_qty_pct": 0.010490751092334683,
          "markup_range": 0.005,
          "min_markup": 0.0029223222101919153,
          "n_close_orders": 10,
          "rentry_pprice_dist": 0.03961859560077871,
          "rentry_pprice_dist_wallet_exposure_weighting": 0.8699832466003053,
          "wallet_exposure_limit": 0.1},
 "short": {"auto_unstuck_ema_dist": 0.08021352254006947,
           "auto_unstuck_wallet_exposure_threshold": 0.13471222194239466,
           "backwards_tp": true,
           "ddown_factor": 2.3281353231704776,
           "ema_span_0": 2565.8590250312736,
           "ema_span_1": 3512.1425200643284,
           "enabled": false,
           "initial_eprice_ema_dist": -0.04123729840231985,
           "initial_qty_pct": 0.009689327993247326,
           "markup_range": 0.03193339208298973,
           "min_markup": 0.011260666719568425,
           "n_close_orders": 14,
           "rentry_pprice_dist": 0.03573892258500315,
           "rentry_pprice_dist_wallet_exposure_weighting": 33.481119983845005,
           "wallet_exposure_limit": 0.1}}