{"config_name": "recursive_grid_0days",
 "logging_level": 0,
 "long": {"auto_unstuck_ema_dist": 0.004840001804617292,
          "auto_unstuck_wallet_exposure_threshold": 0.04606048303450551,
          "backwards_tp": true,
          "ddown_factor": 2.6976028333964583,
          "ema_span_0": 467.67018144043976,
          "ema_span_1": 96.95121251222982,
          "enabled": true,
          "initial_eprice_ema_dist": -0.1,
          "initial_qty_pct": 0.006523539289736997,
          "markup_range": 0.015292161433343235,
          "min_markup": 0.0017962894321988832,
          "n_close_orders": 13,
          "rentry_pprice_dist": 0.03492050426555598,
          "rentry_pprice_dist_wallet_exposure_weighting": 0.0,
          "wallet_exposure_limit": 1.0},
 "short": {"auto_unstuck_ema_dist": -0.09735883732594224,
           "auto_unstuck_wallet_exposure_threshold": 0.049290623104348064,
           "backwards_tp": true,
           "ddown_factor": 2.06059820353763,
           "ema_span_0": 723.7584451379222,
           "ema_span_1": 8.744671514477146,
           "enabled": false,
           "initial_eprice_ema_dist": -0.006924576160050384,
           "initial_qty_pct": 0.05312572911759925,
           "markup_range": 0.03141493209852516,
           "min_markup": 0.003359080387319316,
           "n_close_orders": 7,
           "rentry_pprice_dist": 0.044751398895914035,
           "rentry_pprice_dist_wallet_exposure_weighting": 0.6075716131899478,
           "wallet_exposure_limit": 1.0}}