{"config_name": "recursive_grid_0days",
 "logging_level": 0,
 "long": {"auto_unstuck_ema_dist": 0,
          "auto_unstuck_wallet_exposure_threshold": 0.0,
          "backwards_tp": false,
          "ddown_factor": 2.784514724290423,
          "ema_span_0": 84.61063054066256,
          "ema_span_1": 63.219358031016995,
          "enabled": true,
          "initial_eprice_ema_dist": -0.03761446344823262,
          "initial_qty_pct": 0.004561478690681008,
          "markup_range": 0.0040587857574066535,
          "min_markup": 0.0028872534169436955,
          "n_close_orders": 2,
          "rentry_pprice_dist": 0.002972225683231422,
          "rentry_pprice_dist_wallet_exposure_weighting": 1.0285280093978026,
          "wallet_exposure_limit": 0.2},
 "short": {"auto_unstuck_ema_dist": -0.01864560335924166,
           "auto_unstuck_wallet_exposure_threshold": 0.09765333913942154,
           "backwards_tp": false,
           "ddown_factor": 0.7948322957662832,
           "ema_span_0": 603.6974779284641,
           "ema_span_1": 379.2378315572458,
           "enabled": false,
           "initial_eprice_ema_dist": -0.0672159776144868,
           "initial_qty_pct": 0.01994912037936358,
           "markup_range": 0.008830234523451705,
           "min_markup": 0.003952713949870826,
           "n_close_orders": 4,
           "rentry_pprice_dist": 0.02997934496936581,
           "rentry_pprice_dist_wallet_exposure_weighting": 2.9636523761784206,
           "wallet_exposure_limit": 1.0}}