{"config_name": "clock_0days",
 "long": {"backwards_tp": true,
          "delay_between_fills_minutes_close": 458.0560674713219,
          "delay_between_fills_minutes_entry": 263.33396551827184,
          "delay_weight_close": 87.97147648282578,
          "delay_weight_entry": 40.48278294923164,
          "ema_dist_close": -0.024413886586558787,
          "ema_dist_entry": 0.009170400373123659,
          "ema_span_0": 611.2510790343351,
          "ema_span_1": 156.83608684221224,
          "enabled": true,
          "markup_range": 0.03505156640611488,
          "min_markup": 0.004123533254709666,
          "n_close_orders": 2,
          "qty_pct_close": 0.016122751686895156,
          "qty_pct_entry": 0.015480243301352633,
          "wallet_exposure_limit": 0.3,
          "we_multiplier_close": 139.9431990731318,
          "we_multiplier_entry": 120.02044685797499},
 "short": {"backwards_tp": true,
           "delay_between_fills_minutes_close": 45.62266215816167,
           "delay_between_fills_minutes_entry": 459.7696162334125,
           "delay_weight_close": 34.92071744837052,
           "delay_weight_entry": 67.6712917807539,
           "ema_dist_close": 0.007371700614241979,
           "ema_dist_entry": -0.04937167028248878,
           "ema_span_0": 612.7150874779434,
           "ema_span_1": 91.7313840685416,
           "enabled": false,
           "markup_range": 0.019677539774004073,
           "min_markup": 0.03886157085184026,
           "n_close_orders": 5,
           "qty_pct_close": 0.9085866671759287,
           "qty_pct_entry": 0.2485304334254575,
           "wallet_exposure_limit": 1.0,
           "we_multiplier_close": 0.049728136332678474,
           "we_multiplier_entry": 10.193336797987406}}