{"config_name": "clock_0days",
 "long": {"backwards_tp": true,
          "delay_between_fills_minutes_close": 477.12253482181234,
          "delay_between_fills_minutes_entry": 320.2653321191406,
          "delay_weight_close": 75.07881064472767,
          "delay_weight_entry": 24.140111111391292,
          "ema_dist_close": -0.33489614999382444,
          "ema_dist_entry": 0.01,
          "ema_span_0": 367.4339337336194,
          "ema_span_1": 366.19234843364666,
          "enabled": true,
          "markup_range": 0.014369382182082186,
          "min_markup": 0.006057630009495451,
          "n_close_orders": 5,
          "qty_pct_close": 0.01,
          "qty_pct_entry": 0.01,
          "wallet_exposure_limit": 0.3,
          "we_multiplier_close": 19.460937941291462,
          "we_multiplier_entry": 144.9607080916615},
 "short": {"backwards_tp": true,
           "delay_between_fills_minutes_close": 219.58325776265255,
           "delay_between_fills_minutes_entry": 408.6164854267814,
           "delay_weight_close": 146.38727768581876,
           "delay_weight_entry": 56.98626658170347,
           "ema_dist_close": -0.8323354633451845,
           "ema_dist_entry": -0.04987546333191284,
           "ema_span_0": 178.1280377236532,
           "ema_span_1": 326.78813088508673,
           "enabled": false,
           "markup_range": 0.012360144436867851,
           "min_markup": 0.021578400434866456,
           "n_close_orders": 5,
           "qty_pct_close": 0.01,
           "qty_pct_entry": 0.01,
           "wallet_exposure_limit": 1.0,
           "we_multiplier_close": 91.34229585494262,
           "we_multiplier_entry": 82.19653975111055}}