{"config_name": "recursive_grid_0days",
 "logging_level": 0,
 "long": {"auto_unstuck_ema_dist": 0,
          "auto_unstuck_wallet_exposure_threshold": 0.0,
          "backwards_tp": false,
          "ddown_factor": 2.718711308691004,
          "ema_span_0": 420.17114699710993,
          "ema_span_1": 144.47016606887746,
          "enabled": true,
          "initial_eprice_ema_dist": -0.14323334010141808,
          "initial_qty_pct": 0.0017564293879197795,
          "markup_range": 0.02486604181852882,
          "min_markup": 0.004143628197740648,
          "n_close_orders": 2,
          "rentry_pprice_dist": 0.02166964107292374,
          "rentry_pprice_dist_wallet_exposure_weighting": 1.9263415454337565,
          "wallet_exposure_limit": 0.2},
 "short": {"auto_unstuck_ema_dist": -0.06055988963972291,
           "auto_unstuck_wallet_exposure_threshold": 0.08502886113799821,
           "backwards_tp": false,
           "ddown_factor": 1.8651767986372936,
           "ema_span_0": 981.7804383421361,
           "ema_span_1": 586.444934779661,
           "enabled": false,
           "initial_eprice_ema_dist": -0.03977057583147274,
           "initial_qty_pct": 0.04719578830891385,
           "markup_range": 0.05855297751827942,
           "min_markup": 0.00575581931119616,
           "n_close_orders": 8,
           "rentry_pprice_dist": 0.04958216339148811,
           "rentry_pprice_dist_wallet_exposure_weighting": 18.86456328127147,
           "wallet_exposure_limit": 1.0}}