{"config_name": "neat_grid_0days",
 "logging_level": 0,
 "long": {"auto_unstuck_ema_dist": 0.06464258075078165,
          "auto_unstuck_wallet_exposure_threshold": 0.07702557071602505,
          "backwards_tp": true,
          "ema_span_0": 66.7351860915464,
          "ema_span_1": 515.3252673638228,
          "enabled": true,
          "eprice_exp_base": 1.1,
          "eqty_exp_base": 1.2988822813246708,
          "grid_span": 0.37072483485679697,
          "initial_eprice_ema_dist": -0.08123009859359627,
          "initial_qty_pct": 0.01,
          "markup_range": 0.0096155810309599,
          "max_n_entry_orders": 8,
          "min_markup": 0.002,
          "n_close_orders": 2,
          "wallet_exposure_limit": 1},
 "short": {"auto_unstuck_ema_dist": 0.09411717254446147,
           "auto_unstuck_wallet_exposure_threshold": 0.029932531722851093,
           "backwards_tp": true,
           "ema_span_0": 135.7316134027614,
           "ema_span_1": 122.8945425831202,
           "enabled": true,
           "eprice_exp_base": 1.5522223965897028,
           "eqty_exp_base": 2.158638781308824,
           "grid_span": 0.4971356806566468,
           "initial_eprice_ema_dist": -0.020041446182186964,
           "initial_qty_pct": 0.01,
           "markup_range": 0.013989632824272326,
           "max_n_entry_orders": 9,
           "min_markup": 0.002,
           "n_close_orders": 5,
           "wallet_exposure_limit": 1}}