{"config_name": "recursive_grid_0days",
 "logging_level": 0,
 "long": {"auto_unstuck_ema_dist": 0.00017664922449012166,
          "auto_unstuck_wallet_exposure_threshold": 0.07575046541279595,
          "backwards_tp": true,
          "ddown_factor": 1.6892512098451533,
          "ema_span_0": 143.7584211344462,
          "ema_span_1": 558.7228892671321,
          "enabled": true,
          "initial_eprice_ema_dist": -0.007033681212941035,
          "initial_qty_pct": 0.012891913471859728,
          "markup_range": 0.003116110817948347,
          "min_markup": 0.006850458344909763,
          "n_close_orders": 6,
          "rentry_pprice_dist": 0.01885988751737534,
          "rentry_pprice_dist_wallet_exposure_weighting": 0.8124639663962996,
          "wallet_exposure_limit": 0.3},
 "short": {"auto_unstuck_ema_dist": -0.07070532142218462,
           "auto_unstuck_wallet_exposure_threshold": 0.05335831159657932,
           "backwards_tp": true,
           "ddown_factor": 1.6135038901543224,
           "ema_span_0": 114.99813042803578,
           "ema_span_1": 1176.0182009638631,
           "enabled": false,
           "initial_eprice_ema_dist": -0.018958652636618244,
           "initial_qty_pct": 0.038355136909704414,
           "markup_range": 0.03874503199219631,
           "min_markup": 0.005611490846950929,
           "n_close_orders": 12,
           "rentry_pprice_dist": 0.015970361749264753,
           "rentry_pprice_dist_wallet_exposure_weighting": 34.75696714221914,
           "wallet_exposure_limit": 1}}