{"config_name": "clock_0days",
 "long": {"backwards_tp": true,
          "delay_between_fills_minutes_close": 489.0588613336424,
          "delay_between_fills_minutes_entry": 294.01229561759334,
          "delay_weight_close": 95.13231589876924,
          "delay_weight_entry": 23.29866248099072,
          "ema_dist_close": -0.5120484069726684,
          "ema_dist_entry": 0.014235788013873813,
          "ema_span_0": 827.5311462720841,
          "ema_span_1": 756.5094731791731,
          "enabled": true,
          "markup_range": 0.029783853034135502,
          "min_markup": 0.005437738103880705,
          "n_close_orders": 4,
          "qty_pct_close": 0.010149761347041255,
          "qty_pct_entry": 0.01480622231329911,
          "wallet_exposure_limit": 0.3,
          "we_multiplier_close": 16.19893637390683,
          "we_multiplier_entry": 150},
 "short": {"backwards_tp": true,
           "delay_between_fills_minutes_close": 1058.5407588579126,
           "delay_between_fills_minutes_entry": 519.2430493149146,
           "delay_weight_close": 65.8131251266845,
           "delay_weight_entry": 82.35585637717075,
           "ema_dist_close": -0.03520166577845886,
           "ema_dist_entry": -0.011935002779052031,
           "ema_span_0": 1158.3760847116876,
           "ema_span_1": 543.4681201213315,
           "enabled": false,
           "markup_range": 0.002566893230726921,
           "min_markup": 0.002374349479922163,
           "n_close_orders": 5,
           "qty_pct_close": 0.02038115100571898,
           "qty_pct_entry": 0.04425893660447335,
           "wallet_exposure_limit": 1.0,
           "we_multiplier_close": 27.99716657621325,
           "we_multiplier_entry": 11.141658166416713}}