{"config_name": "clock_0days",
 "long": {"backwards_tp": false,
          "delay_between_fills_minutes_close": 1430.9686950580267,
          "delay_between_fills_minutes_entry": 799.5077245641947,
          "delay_weight_close": 84.2795710622745,
          "delay_weight_entry": 5.613902681636441,
          "ema_dist_close": -7.785590939462673e-05,
          "ema_dist_entry": -0.001989642204575934,
          "ema_span_0": 998.6183269700294,
          "ema_span_1": 1415.032902409901,
          "enabled": true,
          "markup_range": 0.037594207676383086,
          "min_markup": 0.005351337502135626,
          "n_close_orders": 4,
          "qty_pct_close": 0.03889169966812338,
          "qty_pct_entry": 0.01,
          "wallet_exposure_limit": 0.2,
          "we_multiplier_close": 0,
          "we_multiplier_entry": 52.01518968145757},
 "short": {"backwards_tp": false,
           "delay_between_fills_minutes_close": 232.01601013490264,
           "delay_between_fills_minutes_entry": 1226.4784635388967,
           "delay_weight_close": 53.659151421209195,
           "delay_weight_entry": 72.6007852898802,
           "ema_dist_close": -0.008496254302017073,
           "ema_dist_entry": -0.006923450147227901,
           "ema_span_0": 878.5710255389494,
           "ema_span_1": 1325.274422574848,
           "enabled": false,
           "markup_range": 0.05653981724194486,
           "min_markup": 0.0037484591443993232,
           "n_close_orders": 13,
           "qty_pct_close": 0.03399000805414669,
           "qty_pct_entry": 0.01957331835874877,
           "wallet_exposure_limit": 1.0,
           "we_multiplier_close": 50.163095697171734,
           "we_multiplier_entry": 71.30019787788757}}