{"config_name": "clock_0days",
 "long": {"delay_between_fills_minutes_close": 367.2098963869293,
          "delay_between_fills_minutes_entry": 1305.6797462185418,
          "delay_weight_close": 9.925326590073205,
          "delay_weight_entry": 15.62888853591587,
          "ema_dist_lower": 0.005796129247719195,
          "ema_dist_upper": 0.00010736330926413602,
          "ema_span_0": 1440,
          "ema_span_1": 1262.1429607778564,
          "enabled": true,
          "markup_range": 0.06661107404175888,
          "min_markup": 0.06865559143181843,
          "n_close_orders": 10,
          "qty_pct_close": 0.05343699645536182,
          "qty_pct_entry": 0.013001572592279726,
          "wallet_exposure_limit": 1,
          "we_multiplier_close": 0,
          "we_multiplier_entry": 27.411170331343435},
 "short": {"delay_between_fills_minutes_close": 1346.812898374217,
           "delay_between_fills_minutes_entry": 409.70297091544404,
           "delay_weight_close": 6.995161132515558,
           "delay_weight_entry": 4.397007066153497,
           "ema_dist_lower": 0.011557996728554659,
           "ema_dist_upper": 0.0006352547866437721,
           "ema_span_0": 52.98800478739611,
           "ema_span_1": 352.1873884527056,
           "enabled": true,
           "markup_range": 0.012586740835074783,
           "min_markup": 0.007426010266109225,
           "n_close_orders": 7,
           "qty_pct_close": 0.08204025554262467,
           "qty_pct_entry": 0.0173903091485618,
           "wallet_exposure_limit": 1,
           "we_multiplier_close": 6.332961612663122,
           "we_multiplier_entry": 52.36291108669873}}