{"config_name": "clock_0days",
 "long": {"backwards_tp": true,
          "delay_between_fills_minutes_close": 465.8241819545323,
          "delay_between_fills_minutes_entry": 314.40823239194737,
          "delay_weight_close": 150,
          "delay_weight_entry": 26.97993686587636,
          "ema_dist_close": -0.6014652078339021,
          "ema_dist_entry": 0.009508898248994915,
          "ema_span_0": 95.83817544389635,
          "ema_span_1": 344.0945632142542,
          "enabled": true,
          "markup_range": 0.04183298297828838,
          "min_markup": 0.005605760682012934,
          "n_close_orders": 7,
          "qty_pct_close": 0.013431226047926617,
          "qty_pct_entry": 0.014397907810909646,
          "wallet_exposure_limit": 0.3,
          "we_multiplier_close": 15.95731923690284,
          "we_multiplier_entry": 124.35658322805321},
 "short": {"backwards_tp": true,
           "delay_between_fills_minutes_close": 500.122465235398,
           "delay_between_fills_minutes_entry": 435.19725196435115,
           "delay_weight_close": 78.99692082829634,
           "delay_weight_entry": 23.018083480144437,
           "ema_dist_close": -0.04094694652927555,
           "ema_dist_entry": -0.014322008002302905,
           "ema_span_0": 606.6005107217152,
           "ema_span_1": 1341.949122862992,
           "enabled": false,
           "markup_range": 0.05150698423358679,
           "min_markup": 0.002279065526479525,
           "n_close_orders": 5,
           "qty_pct_close": 0.03551569959385377,
           "qty_pct_entry": 0.03542494745247092,
           "wallet_exposure_limit": 1.0,
           "we_multiplier_close": 97.28844790922591,
           "we_multiplier_entry": 75.55770255275507}}