{"config_name": "neat_grid_0days",
 "logging_level": 0,
 "long": {"auto_unstuck_ema_dist": 0.003,
          "auto_unstuck_wallet_exposure_threshold": 0.03013517774180504,
          "backwards_tp": false,
          "ema_span_0": 676.769307535568,
          "ema_span_1": 1352.3512781526713,
          "enabled": true,
          "eprice_exp_base": 1.0685288196648095,
          "eqty_exp_base": 1.375,
          "grid_span": 0.10429700004682395,
          "initial_eprice_ema_dist": -0.004778688196760293,
          "initial_qty_pct": 0.01,
          "markup_range": 0.0017913637540721097,
          "max_n_entry_orders": 12,
          "min_markup": 0.004275,
          "n_close_orders": 1,
          "wallet_exposure_limit": 0.2},
 "short": {"auto_unstuck_ema_dist": -0.0838149847245287,
           "auto_unstuck_wallet_exposure_threshold": 0.04297661959213151,
           "backwards_tp": false,
           "ema_span_0": 701.9955490004528,
           "ema_span_1": 1043.3795759981824,
           "enabled": false,
           "eprice_exp_base": 1.1174704549539347,
           "eqty_exp_base": 2.4497681974413763,
           "grid_span": 0.10420329914019444,
           "initial_eprice_ema_dist": -0.036870676589182846,
           "initial_qty_pct": 0.04625951016983203,
           "markup_range": 0.05891578756875672,
           "max_n_entry_orders": 10,
           "min_markup": 0.005202877362321397,
           "n_close_orders": 3,
           "wallet_exposure_limit": 1.0}}