{"config_name": "recursive_grid_0days",
 "logging_level": 0,
 "long": {"auto_unstuck_ema_dist": 0,
          "auto_unstuck_wallet_exposure_threshold": 0.0,
          "backwards_tp": false,
          "ddown_factor": 1.9520723224974816,
          "ema_span_0": 65.68321129891818,
          "ema_span_1": 73.70026145337596,
          "enabled": true,
          "initial_eprice_ema_dist": -0.01344451824863694,
          "initial_qty_pct": 0.0008257648593649677,
          "markup_range": 0.018816426771020443,
          "min_markup": 0.005502639870031767,
          "n_close_orders": 2,
          "rentry_pprice_dist": 0.01993169323516724,
          "rentry_pprice_dist_wallet_exposure_weighting": 1.032954371434133,
          "wallet_exposure_limit": 0.2},
 "short": {"auto_unstuck_ema_dist": -0.0017110569229925737,
           "auto_unstuck_wallet_exposure_threshold": 0.07469675318784139,
           "backwards_tp": false,
           "ddown_factor": 1.8951831826972558,
           "ema_span_0": 222.25987496063522,
           "ema_span_1": 169.81745992969655,
           "enabled": false,
           "initial_eprice_ema_dist": -0.05461152154820633,
           "initial_qty_pct": 0.06260835830632953,
           "markup_range": 0.04342930312638796,
           "min_markup": 0.007961082899137745,
           "n_close_orders": 5,
           "rentry_pprice_dist": 0.047992687837764524,
           "rentry_pprice_dist_wallet_exposure_weighting": 3.167264436921129,
           "wallet_exposure_limit": 1.0}}