{"config_name": "recursive_grid_0days",
 "logging_level": 0,
 "long": {"auto_unstuck_ema_dist": 0.0015680320240775267,
          "auto_unstuck_wallet_exposure_threshold": 0.04937798981491949,
          "backwards_tp": true,
          "ddown_factor": 1.9257660811589143,
          "ema_span_0": 100.189996461642,
          "ema_span_1": 166.71400129416372,
          "enabled": true,
          "initial_eprice_ema_dist": -0.03794831194472594,
          "initial_qty_pct": 0.01259400463345617,
          "markup_range": 0.0018290482540934765,
          "min_markup": 0.004333432555528119,
          "n_close_orders": 12,
          "rentry_pprice_dist": 0.027365552645863416,
          "rentry_pprice_dist_wallet_exposure_weighting": 0.1891049505711699,
          "wallet_exposure_limit": 0.1},
 "short": {"auto_unstuck_ema_dist": 0.018983758946945543,
           "auto_unstuck_wallet_exposure_threshold": 0.06134964630714202,
           "backwards_tp": true,
           "ddown_factor": 1.8394669896633749,
           "ema_span_0": 1602.2545013346726,
           "ema_span_1": 1287.7503164051866,
           "enabled": true,
           "initial_eprice_ema_dist": -0.022923605468120042,
           "initial_qty_pct": 0.019896050565967955,
           "markup_range": 0.0014105131238296687,
           "min_markup": 0.004064493166423412,
           "n_close_orders": 9,
           "rentry_pprice_dist": 0.026413429243669566,
           "rentry_pprice_dist_wallet_exposure_weighting": 0.6467928049944704,
           "wallet_exposure_limit": 0.1}}