{"config_name": "recursive_grid_0days",
 "logging_level": 0,
 "long": {"auto_unstuck_ema_dist": 0.0,
          "auto_unstuck_wallet_exposure_threshold": 0.0,
          "backwards_tp": false,
          "ddown_factor": 1.7532891881514556,
          "ema_span_0": 184.26121233070947,
          "ema_span_1": 686.0996309861216,
          "enabled": true,
          "initial_eprice_ema_dist": -0.08891223591593019,
          "initial_qty_pct": 0.0017364748392544212,
          "markup_range": 0.03457168942022915,
          "min_markup": 0.004747303671278423,
          "n_close_orders": 3,
          "rentry_pprice_dist": 0.01646964309771114,
          "rentry_pprice_dist_wallet_exposure_weighting": 3.726997115653101,
          "wallet_exposure_limit": 0.2},
 "short": {"auto_unstuck_ema_dist": -0.0639717147198401,
           "auto_unstuck_wallet_exposure_threshold": 0.03481495502952963,
           "backwards_tp": false,
           "ddown_factor": 0.29044478778463556,
           "ema_span_0": 190.1747119094857,
           "ema_span_1": 506.8963390535128,
           "enabled": false,
           "initial_eprice_ema_dist": -0.011520926824138703,
           "initial_qty_pct": 0.05315283101690108,
           "markup_range": 0.049286853451164535,
           "min_markup": 0.004031511248141084,
           "n_close_orders": 5,
           "rentry_pprice_dist": 0.012284865929171211,
           "rentry_pprice_dist_wallet_exposure_weighting": 6.005231806891292,
           "wallet_exposure_limit": 1.0}}