{"config_name": "recursive_grid_0days",
 "logging_level": 0,
 "long": {"auto_unstuck_ema_dist": 0.002523171073490656,
          "auto_unstuck_wallet_exposure_threshold": 0.08813017086566699,
          "backwards_tp": true,
          "ddown_factor": 1.1153526570126502,
          "ema_span_0": 325.4084363317135,
          "ema_span_1": 714.0215721151957,
          "enabled": true,
          "initial_eprice_ema_dist": 0.010220241518602895,
          "initial_qty_pct": 0.026611268370265957,
          "markup_range": 0.014467889655488148,
          "min_markup": 0.007763073709418899,
          "n_close_orders": 10,
          "rentry_pprice_dist": 0.029294422564270332,
          "rentry_pprice_dist_wallet_exposure_weighting": 1.5607136115109332,
          "wallet_exposure_limit": 0.3},
 "short": {"auto_unstuck_ema_dist": -0.005363246349020176,
           "auto_unstuck_wallet_exposure_threshold": 0.05758028111232777,
           "backwards_tp": true,
           "ddown_factor": 1.7139862517218893,
           "ema_span_0": 560.9634283731518,
           "ema_span_1": 227.69213099358262,
           "enabled": false,
           "initial_eprice_ema_dist": -0.02357719232379067,
           "initial_qty_pct": 0.02950824951371911,
           "markup_range": 0.0033511893399900436,
           "min_markup": 0.003953397011409321,
           "n_close_orders": 15,
           "rentry_pprice_dist": 0.04671110739632084,
           "rentry_pprice_dist_wallet_exposure_weighting": 15.095001020484919,
           "wallet_exposure_limit": 1.0}}