{"config_name": "clock_0days",
 "long": {"backwards_tp": true,
          "delay_between_fills_minutes_close": 470.0100294870368,
          "delay_between_fills_minutes_entry": 369.42240463340147,
          "delay_weight_close": 17.83828063928718,
          "delay_weight_entry": 38.75739325592619,
          "ema_dist_close": -0.0053437462552524476,
          "ema_dist_entry": 0.010306885913188228,
          "ema_span_0": 292.2227529482915,
          "ema_span_1": 254.8326209878545,
          "enabled": true,
          "markup_range": 0.01907804116251728,
          "min_markup": 0.0028445659639485515,
          "n_close_orders": 3,
          "qty_pct_close": 0.01054380419146326,
          "qty_pct_entry": 0.010586564901533582,
          "wallet_exposure_limit": 0.3,
          "we_multiplier_close": 5.731187904352053,
          "we_multiplier_entry": 82.80300257044759},
 "short": {"backwards_tp": true,
           "delay_between_fills_minutes_close": 356.8432122348486,
           "delay_between_fills_minutes_entry": 376.36579208661965,
           "delay_weight_close": 102.23487286849762,
           "delay_weight_entry": 100.20108676219681,
           "ema_dist_close": -0.12459354440316561,
           "ema_dist_entry": -0.5815756451041574,
           "ema_span_0": 18.252459188321268,
           "ema_span_1": 359.36533742073703,
           "enabled": false,
           "markup_range": 0.0185591696554058,
           "min_markup": 0.023731890248018313,
           "n_close_orders": 5,
           "qty_pct_close": 0.01,
           "qty_pct_entry": 0.01,
           "wallet_exposure_limit": 1.0,
           "we_multiplier_close": 109.32157198117477,
           "we_multiplier_entry": 61.37047826889732}}