{"config_name": "recursive_grid_0days",
 "logging_level": 0,
 "long": {"auto_unstuck_ema_dist": 0,
          "auto_unstuck_wallet_exposure_threshold": 0.0,
          "backwards_tp": false,
          "ddown_factor": 1.2156570379742262,
          "ema_span_0": 180.62252355446475,
          "ema_span_1": 139.64334843117072,
          "enabled": true,
          "initial_eprice_ema_dist": 0.004218929958948591,
          "initial_qty_pct": 0.0060382352697203765,
          "markup_range": 0.05876083789481795,
          "min_markup": 0.0026413386118652026,
          "n_close_orders": 24,
          "rentry_pprice_dist": 0.036442189098208504,
          "rentry_pprice_dist_wallet_exposure_weighting": 0.0,
          "wallet_exposure_limit": 1},
 "short": {"auto_unstuck_ema_dist": -0.013690542072790982,
           "auto_unstuck_wallet_exposure_threshold": 0.040369604609020546,
           "backwards_tp": false,
           "ddown_factor": 2.302760673193128,
           "ema_span_0": 68.15873487400992,
           "ema_span_1": 1183.2294980640288,
           "enabled": false,
           "initial_eprice_ema_dist": 0.0017042594983935067,
           "initial_qty_pct": 0.05002190539774459,
           "markup_range": 0.019599395397394272,
           "min_markup": 0.008922668784110036,
           "n_close_orders": 16,
           "rentry_pprice_dist": 0.03195220665284876,
           "rentry_pprice_dist_wallet_exposure_weighting": 9.255585570636784,
           "wallet_exposure_limit": 1}}