{"config_name": "recursive_grid_0days",
 "logging_level": 0,
 "long": {"auto_unstuck_ema_dist": 0.0,
          "auto_unstuck_wallet_exposure_threshold": 0.0,
          "backwards_tp": false,
          "ddown_factor": 2.138492838870403,
          "ema_span_0": 641.8616351336472,
          "ema_span_1": 72.1614179936207,
          "enabled": true,
          "initial_eprice_ema_dist": 0.0009910131694094119,
          "initial_qty_pct": 0.010604668548808188,
          "markup_range": 0.058275557420393705,
          "min_markup": 0.0025610998335305725,
          "n_close_orders": 22,
          "rentry_pprice_dist": 0.03218469052731341,
          "rentry_pprice_dist_wallet_exposure_weighting": 0.0,
          "wallet_exposure_limit": 1},
 "short": {"auto_unstuck_ema_dist": -0.0026046843484138354,
           "auto_unstuck_wallet_exposure_threshold": 0.03435524401994607,
           "backwards_tp": false,
           "ddown_factor": 2.60306615142082,
           "ema_span_0": 922.7778014546013,
           "ema_span_1": 279.0435973582528,
           "enabled": false,
           "initial_eprice_ema_dist": 0.0018358969842611067,
           "initial_qty_pct": 0.08896946697540094,
           "markup_range": 0.05666685828017494,
           "min_markup": 0.00900675063632746,
           "n_close_orders": 15,
           "rentry_pprice_dist": 0.027307104549355064,
           "rentry_pprice_dist_wallet_exposure_weighting": 19.5702762359156,
           "wallet_exposure_limit": 1.0}}