{"config_name": "clock_0days",
 "long": {"backwards_tp": true,
          "delay_between_fills_minutes_close": 462.45320036953876,
          "delay_between_fills_minutes_entry": 496.858517717604,
          "delay_weight_close": 111.26225555704629,
          "delay_weight_entry": 19.91451699292815,
          "ema_dist_close": -0.02724439154449396,
          "ema_dist_entry": 0.008239674045468142,
          "ema_span_0": 204.94268025099396,
          "ema_span_1": 656.0744025407004,
          "enabled": true,
          "markup_range": 0.029345476792382877,
          "min_markup": 0.007776044186388805,
          "n_close_orders": 8,
          "qty_pct_close": 0.010859870231630653,
          "qty_pct_entry": 0.016727998216262915,
          "wallet_exposure_limit": 0.3,
          "we_multiplier_close": 40.64596337534892,
          "we_multiplier_entry": 70.36677892311457},
 "short": {"backwards_tp": true,
           "delay_between_fills_minutes_close": 37.136065092424936,
           "delay_between_fills_minutes_entry": 1019.0630471592564,
           "delay_weight_close": 26.369356088186734,
           "delay_weight_entry": 71.86838202302684,
           "ema_dist_close": -0.04561645024497156,
           "ema_dist_entry": -0.023867567121344708,
           "ema_span_0": 321.5039050225227,
           "ema_span_1": 358.53924874001467,
           "enabled": false,
           "markup_range": 0.025165721693164746,
           "min_markup": 0.009259592411560592,
           "n_close_orders": 2,
           "qty_pct_close": 0.19476424290554598,
           "qty_pct_entry": 0.09372675057492338,
           "wallet_exposure_limit": 1.0,
           "we_multiplier_close": 2.153531238528351,
           "we_multiplier_entry": 3.557818778247279}}