{"config_name": "recursive_grid_0days",
 "logging_level": 0,
 "long": {"auto_unstuck_ema_dist": 0.0,
          "auto_unstuck_wallet_exposure_threshold": 0.0,
          "backwards_tp": false,
          "ddown_factor": 1.131550772437244,
          "ema_span_0": 138.58793453964475,
          "ema_span_1": 76.35753710574164,
          "enabled": true,
          "initial_eprice_ema_dist": -0.01661904466437662,
          "initial_qty_pct": 0.0014715182073079742,
          "markup_range": 0.01882642844708611,
          "min_markup": 0.002999157799230955,
          "n_close_orders": 2,
          "rentry_pprice_dist": 0.018213806609161505,
          "rentry_pprice_dist_wallet_exposure_weighting": 0.22479151244118287,
          "wallet_exposure_limit": 0.2},
 "short": {"auto_unstuck_ema_dist": -0.06638105932801967,
           "auto_unstuck_wallet_exposure_threshold": 0.09944305536079459,
           "backwards_tp": false,
           "ddown_factor": 1.1357262458892774,
           "ema_span_0": 1304.6304329713066,
           "ema_span_1": 828.4360363578561,
           "enabled": false,
           "initial_eprice_ema_dist": -0.06441837713850998,
           "initial_qty_pct": 0.05110398097119497,
           "markup_range": 0.04670669497433598,
           "min_markup": 0.007149695896851847,
           "n_close_orders": 5,
           "rentry_pprice_dist": 0.011012197580872372,
           "rentry_pprice_dist_wallet_exposure_weighting": 3.7141815178039206,
           "wallet_exposure_limit": 1.0}}