{"config_name": "recursive_grid_0days",
 "logging_level": 0,
 "long": {"auto_unstuck_ema_dist": 0.002722274844674405,
          "auto_unstuck_wallet_exposure_threshold": 0.08292899652700247,
          "backwards_tp": true,
          "ddown_factor": 2.080972811177314,
          "ema_span_0": 530.8015173826152,
          "ema_span_1": 398.7132377892687,
          "enabled": true,
          "initial_eprice_ema_dist": 0.009577317759139992,
          "initial_qty_pct": 0.015093285600043672,
          "markup_range": 0.0058870259424315275,
          "min_markup": 0.0036570137148108344,
          "n_close_orders": 10,
          "rentry_pprice_dist": 0.021401481509553295,
          "rentry_pprice_dist_wallet_exposure_weighting": 4.550385663680389,
          "wallet_exposure_limit": 0.3},
 "short": {"auto_unstuck_ema_dist": -0.08906115978391528,
           "auto_unstuck_wallet_exposure_threshold": 0.05884473430902496,
           "backwards_tp": true,
           "ddown_factor": 2.7812006080527354,
           "ema_span_0": 694.1614827303947,
           "ema_span_1": 156.38972936502577,
           "enabled": false,
           "initial_eprice_ema_dist": -0.03861585856233357,
           "initial_qty_pct": 0.07618256056605566,
           "markup_range": 0.03329414350144058,
           "min_markup": 0.002613012838726019,
           "n_close_orders": 14,
           "rentry_pprice_dist": 0.01828256921334857,
           "rentry_pprice_dist_wallet_exposure_weighting": 2.7188366060896874,
           "wallet_exposure_limit": 1.0}}