{"config_name": "clock_0days",
 "long": {"backwards_tp": true,
          "delay_between_fills_minutes_close": 381.7281019232019,
          "delay_between_fills_minutes_entry": 483.8777046599629,
          "delay_weight_close": 57.01026928551607,
          "delay_weight_entry": 26.110327591804985,
          "ema_dist_close": -0.937536709498793,
          "ema_dist_entry": 0.0027243841307609262,
          "ema_span_0": 45.82769422378982,
          "ema_span_1": 885.1593674392484,
          "enabled": true,
          "markup_range": 0.027264834463856247,
          "min_markup": 0.0035107812460917504,
          "n_close_orders": 8,
          "qty_pct_close": 0.014017802848278338,
          "qty_pct_entry": 0.014100235730594124,
          "wallet_exposure_limit": 0.3,
          "we_multiplier_close": 2.2426498205741803,
          "we_multiplier_entry": 58.46683972446429},
 "short": {"backwards_tp": true,
           "delay_between_fills_minutes_close": 84.9799015033569,
           "delay_between_fills_minutes_entry": 1375.7983987585349,
           "delay_weight_close": 82.90575099648122,
           "delay_weight_entry": 9.249057384845427,
           "ema_dist_close": -0.04512401925653205,
           "ema_dist_entry": 0.004245982267351289,
           "ema_span_0": 101.20793966978458,
           "ema_span_1": 802.0538346698978,
           "enabled": false,
           "markup_range": 0.011955363146025034,
           "min_markup": 0.07610496408785088,
           "n_close_orders": 10,
           "qty_pct_close": 0.2447191689936941,
           "qty_pct_entry": 0.24306891750803494,
           "wallet_exposure_limit": 1.0,
           "we_multiplier_close": 6.1490958387268115,
           "we_multiplier_entry": 15.397581356668933}}