{"config_name": "recursive_grid_0days",
 "logging_level": 0,
 "long": {"auto_unstuck_ema_dist": -0.004143789488639908,
          "auto_unstuck_wallet_exposure_threshold": 0.09226405361394295,
          "backwards_tp": true,
          "ddown_factor": 2.212278589319896,
          "ema_span_0": 668.4042700705888,
          "ema_span_1": 1235.8560181618511,
          "enabled": true,
          "initial_eprice_ema_dist": 0.004852745318115401,
          "initial_qty_pct": 0.015289110184741099,
          "markup_range": 0.004204931997086031,
          "min_markup": 0.005765010721926388,
          "n_close_orders": 11,
          "rentry_pprice_dist": 0.016961078803993522,
          "rentry_pprice_dist_wallet_exposure_weighting": 7.394730299406543,
          "wallet_exposure_limit": 0.3},
 "short": {"auto_unstuck_ema_dist": 0.0004698281001360022,
           "auto_unstuck_wallet_exposure_threshold": 0.08700317281507258,
           "backwards_tp": true,
           "ddown_factor": 2.5564045765801198,
           "ema_span_0": 639.1913780258691,
           "ema_span_1": 739.5419268157735,
           "enabled": false,
           "initial_eprice_ema_dist": -0.027391591715042896,
           "initial_qty_pct": 0.04031634932474646,
           "markup_range": 0.028028239499477994,
           "min_markup": 0.009785117214959109,
           "n_close_orders": 15,
           "rentry_pprice_dist": 0.03239978934801542,
           "rentry_pprice_dist_wallet_exposure_weighting": 39.48100227369682,
           "wallet_exposure_limit": 1}}