{"config_name": "clock_0days",
 "long": {"backwards_tp": true,
          "delay_between_fills_minutes_close": 475.8991862151203,
          "delay_between_fills_minutes_entry": 462.832021176795,
          "delay_weight_close": 134.833664609596,
          "delay_weight_entry": 20.81150733292482,
          "ema_dist_close": -0.007207326601536885,
          "ema_dist_entry": -0.549116786178704,
          "ema_span_0": 2083.51862182972,
          "ema_span_1": 455.86154770807946,
          "enabled": true,
          "markup_range": 0.04936191972753992,
          "min_markup": 0.01,
          "n_close_orders": 3,
          "qty_pct_close": 0.01723309674316351,
          "qty_pct_entry": 0.01107268857728168,
          "wallet_exposure_limit": 0.3,
          "we_multiplier_close": 54.79854588461847,
          "we_multiplier_entry": 45.55305316530022},
 "short": {"backwards_tp": true,
           "delay_between_fills_minutes_close": 26.010958709568452,
           "delay_between_fills_minutes_entry": 341.5810864882645,
           "delay_weight_close": 41.09867053923675,
           "delay_weight_entry": 31.314035063424406,
           "ema_dist_close": -0.04591028513026258,
           "ema_dist_entry": -0.026595746609989226,
           "ema_span_0": 580.643519114924,
           "ema_span_1": 375.8476181241849,
           "enabled": false,
           "markup_range": 0.060206926978038526,
           "min_markup": 0.07418913347197602,
           "n_close_orders": 6,
           "qty_pct_close": 0.8629003568299971,
           "qty_pct_entry": 0.6012126325088959,
           "wallet_exposure_limit": 1.0,
           "we_multiplier_close": 2.9259420360383457,
           "we_multiplier_entry": 36.302522296312155}}