{"config_name": "recursive_grid_0days",
 "logging_level": 0,
 "long": {"auto_unstuck_ema_dist": 0.004718724320387582,
          "auto_unstuck_wallet_exposure_threshold": 0.055832913946473633,
          "backwards_tp": true,
          "ddown_factor": 1.335589575205146,
          "ema_span_0": 685.5573768326385,
          "ema_span_1": 742.6375434853617,
          "enabled": true,
          "initial_eprice_ema_dist": 0.009954191606567707,
          "initial_qty_pct": 0.0191671646636154,
          "markup_range": 0.011476581708428576,
          "min_markup": 0.01,
          "n_close_orders": 11,
          "rentry_pprice_dist": 0.04295970473204847,
          "rentry_pprice_dist_wallet_exposure_weighting": 0.7501662235485548,
          "wallet_exposure_limit": 0.3},
 "short": {"auto_unstuck_ema_dist": -0.09300973820750863,
           "auto_unstuck_wallet_exposure_threshold": 0.09318651882194848,
           "backwards_tp": true,
           "ddown_factor": 0.8828082366263984,
           "ema_span_0": 633.6130447441673,
           "ema_span_1": 929.9983454084214,
           "enabled": false,
           "initial_eprice_ema_dist": -0.08484927514426718,
           "initial_qty_pct": 0.042754231817106074,
           "markup_range": 0.004212025455481745,
           "min_markup": 0.009581856177131611,
           "n_close_orders": 6,
           "rentry_pprice_dist": 0.028763627052788832,
           "rentry_pprice_dist_wallet_exposure_weighting": 29.71757841239624,
           "wallet_exposure_limit": 1.0}}