{"config_name": "recursive_grid_0days",
 "logging_level": 0,
 "long": {"auto_unstuck_ema_dist": 0.0,
          "auto_unstuck_wallet_exposure_threshold": 0.0,
          "backwards_tp": false,
          "ddown_factor": 0.6368617094616925,
          "ema_span_0": 120.7956942856745,
          "ema_span_1": 73.28741956666737,
          "enabled": true,
          "initial_eprice_ema_dist": -0.04192982614699147,
          "initial_qty_pct": 0.005356118264097341,
          "markup_range": 0.01809695980356574,
          "min_markup": 0.010434246809340858,
          "n_close_orders": 4,
          "rentry_pprice_dist": 0.026968404333019877,
          "rentry_pprice_dist_wallet_exposure_weighting": 1.6068524836072484,
          "wallet_exposure_limit": 0.2},
 "short": {"auto_unstuck_ema_dist": -0.0004642352226152807,
           "auto_unstuck_wallet_exposure_threshold": 0.05697850093995355,
           "backwards_tp": false,
           "ddown_factor": 0.9202154958116956,
           "ema_span_0": 1431.4165878289523,
           "ema_span_1": 702.8555241967049,
           "enabled": false,
           "initial_eprice_ema_dist": -0.07579074023635161,
           "initial_qty_pct": 0.08186809599530334,
           "markup_range": 0.04618615213219136,
           "min_markup": 0.009374737701176132,
           "n_close_orders": 2,
           "rentry_pprice_dist": 0.034243955036336864,
           "rentry_pprice_dist_wallet_exposure_weighting": 18.169762598843285,
           "wallet_exposure_limit": 1.0}}