{"config_name": "clock_0days",
 "long": {"backwards_tp": true,
          "delay_between_fills_minutes_close": 395.88295435729316,
          "delay_between_fills_minutes_entry": 318.7420926497442,
          "delay_weight_close": 55.34597336061421,
          "delay_weight_entry": 21.85733806319565,
          "ema_dist_close": -0.007204683978835948,
          "ema_dist_entry": 0.01,
          "ema_span_0": 429.1219254486222,
          "ema_span_1": 471.7391757088232,
          "enabled": true,
          "markup_range": 0.014023108217069029,
          "min_markup": 0.007240658057388942,
          "n_close_orders": 4,
          "qty_pct_close": 0.01,
          "qty_pct_entry": 0.01,
          "wallet_exposure_limit": 0.3,
          "we_multiplier_close": 22.290018459220132,
          "we_multiplier_entry": 35.451039988371264},
 "short": {"backwards_tp": true,
           "delay_between_fills_minutes_close": 78.6981942552473,
           "delay_between_fills_minutes_entry": 1410.9345624525422,
           "delay_weight_close": 31.099864272013377,
           "delay_weight_entry": 26.81231868937929,
           "ema_dist_close": -0.003343126994013422,
           "ema_dist_entry": -0.009003249877877338,
           "ema_span_0": 294.7187053946817,
           "ema_span_1": 1134.2586737274573,
           "enabled": false,
           "markup_range": 0.06710696524417521,
           "min_markup": 0.027501396856738598,
           "n_close_orders": 4,
           "qty_pct_close": 0.07804884556951941,
           "qty_pct_entry": 0.06335064575519508,
           "wallet_exposure_limit": 1.0,
           "we_multiplier_close": 0.005258502282606825,
           "we_multiplier_entry": 21.578406330607912}}