{"config_name": "clock_0days",
 "long": {"backwards_tp": true,
          "delay_between_fills_minutes_close": 359.7731427194382,
          "delay_between_fills_minutes_entry": 449.5714424254448,
          "delay_weight_close": 79.10599220603164,
          "delay_weight_entry": 24.87857530058777,
          "ema_dist_close": -0.7925802624622403,
          "ema_dist_entry": 0.010322173154375334,
          "ema_span_0": 858.9947972917182,
          "ema_span_1": 182.64683174295118,
          "enabled": true,
          "markup_range": 0.028573096475902483,
          "min_markup": 0.009649771034952674,
          "n_close_orders": 6,
          "qty_pct_close": 0.010333903982321271,
          "qty_pct_entry": 0.014889964639579688,
          "wallet_exposure_limit": 0.3,
          "we_multiplier_close": 3.726023675907453,
          "we_multiplier_entry": 37.69647755121711},
 "short": {"backwards_tp": true,
           "delay_between_fills_minutes_close": 201.63098685735753,
           "delay_between_fills_minutes_entry": 1069.8523927987117,
           "delay_weight_close": 72.53947696606183,
           "delay_weight_entry": 12.470706563778366,
           "ema_dist_close": -0.014274189337653682,
           "ema_dist_entry": 0.0036250462707133266,
           "ema_span_0": 1006.227706123089,
           "ema_span_1": 1412.996868870957,
           "enabled": false,
           "markup_range": 0.01797149868375236,
           "min_markup": 0.004288519781031396,
           "n_close_orders": 6,
           "qty_pct_close": 0.013611000560944737,
           "qty_pct_entry": 0.0856566616093712,
           "wallet_exposure_limit": 1.0,
           "we_multiplier_close": 90.18125792779838,
           "we_multiplier_entry": 76.63256712645514}}