{"config_name": "recursive_grid_0days",
 "logging_level": 0,
 "long": {"auto_unstuck_ema_dist": 0,
          "auto_unstuck_wallet_exposure_threshold": 0.05050579448699917,
          "backwards_tp": true,
          "ddown_factor": 2.4022584638349946,
          "ema_span_0": 692.6524906849031,
          "ema_span_1": 1416.1628499717783,
          "enabled": true,
          "initial_eprice_ema_dist": 0.0005155354346143845,
          "initial_qty_pct": 0.012323101265256682,
          "markup_range": 0.002736676462674565,
          "min_markup": 0.006983377362099294,
          "n_close_orders": 6,
          "rentry_pprice_dist": 0.03067838839913417,
          "rentry_pprice_dist_wallet_exposure_weighting": 3.6760149677427107,
          "wallet_exposure_limit": 0.3},
 "short": {"auto_unstuck_ema_dist": -0.03114200734086106,
           "auto_unstuck_wallet_exposure_threshold": 0.030444375797462214,
           "backwards_tp": true,
           "ddown_factor": 0.45311113520445634,
           "ema_span_0": 463.64198009379874,
           "ema_span_1": 670.2850901803547,
           "enabled": false,
           "initial_eprice_ema_dist": -0.01249000123043116,
           "initial_qty_pct": 0.0637028495585378,
           "markup_range": 0.0326620834502912,
           "min_markup": 0.008391255823769475,
           "n_close_orders": 15,
           "rentry_pprice_dist": 0.035421422984125525,
           "rentry_pprice_dist_wallet_exposure_weighting": 6.524693292695016,
           "wallet_exposure_limit": 1.0}}