{"config_name": "clock_0days",
 "long": {"backwards_tp": true,
          "delay_between_fills_minutes_close": 498.60694996813777,
          "delay_between_fills_minutes_entry": 401.36378971739833,
          "delay_weight_close": 37.85949609419171,
          "delay_weight_entry": 23.648552287990228,
          "ema_dist_close": -0.033760155935778635,
          "ema_dist_entry": 0.001676628919256316,
          "ema_span_0": 306.07280671629746,
          "ema_span_1": 304.37246346139835,
          "enabled": true,
          "markup_range": 0.02,
          "min_markup": 0.01,
          "n_close_orders": 5,
          "qty_pct_close": 0.01,
          "qty_pct_entry": 0.01,
          "wallet_exposure_limit": 0.3,
          "we_multiplier_close": 104.42903929247124,
          "we_multiplier_entry": 123.96050922610434},
 "short": {"backwards_tp": true,
           "delay_between_fills_minutes_close": 36.696964820958954,
           "delay_between_fills_minutes_entry": 6.7873908198771495,
           "delay_weight_close": 13.850005395624155,
           "delay_weight_entry": 143.79363459073443,
           "ema_dist_close": -0.512001321852688,
           "ema_dist_entry": -0.2990063860335882,
           "ema_span_0": 255.10078285623482,
           "ema_span_1": 92.41049947249691,
           "enabled": false,
           "markup_range": 0.016615023529943047,
           "min_markup": 0.011458980646395174,
           "n_close_orders": 3,
           "qty_pct_close": 0.01,
           "qty_pct_entry": 0.01,
           "wallet_exposure_limit": 1.0,
           "we_multiplier_close": 37.03065474226086,
           "we_multiplier_entry": 97.75303575318524}}