{"config_name": "recursive_grid_0days",
 "logging_level": 0,
 "long": {"auto_unstuck_ema_dist": 0.001734446533910186,
          "auto_unstuck_wallet_exposure_threshold": 0.09574113321511857,
          "backwards_tp": true,
          "ddown_factor": 2.5415195844150333,
          "ema_span_0": 274.8629283010061,
          "ema_span_1": 506.8546739755972,
          "enabled": true,
          "initial_eprice_ema_dist": 0.01324924730918818,
          "initial_qty_pct": 0.030090724455384042,
          "markup_range": 0.007070669911391389,
          "min_markup": 0.00836873342721306,
          "n_close_orders": 7,
          "rentry_pprice_dist": 0.048939399434011197,
          "rentry_pprice_dist_wallet_exposure_weighting": 0.0,
          "wallet_exposure_limit": 0.3},
 "short": {"auto_unstuck_ema_dist": -0.0699639353101814,
           "auto_unstuck_wallet_exposure_threshold": 0.06640826113384145,
           "backwards_tp": true,
           "ddown_factor": 1.97931528269249,
           "ema_span_0": 232.1292310024022,
           "ema_span_1": 164.03314786959507,
           "enabled": false,
           "initial_eprice_ema_dist": -0.019687207861624548,
           "initial_qty_pct": 0.08361346443545781,
           "markup_range": 0.005786630396324151,
           "min_markup": 0.007270533372091719,
           "n_close_orders": 5,
           "rentry_pprice_dist": 0.04690936450481038,
           "rentry_pprice_dist_wallet_exposure_weighting": 35.06066822455872,
           "wallet_exposure_limit": 1.0}}