{"config_name": "recursive_grid_0days",
 "logging_level": 0,
 "long": {"auto_unstuck_ema_dist": 0.0002685770790768711,
          "auto_unstuck_wallet_exposure_threshold": 0.010615153058891812,
          "backwards_tp": false,
          "ddown_factor": 1.4208892563738753,
          "ema_span_0": 53.47178277838095,
          "ema_span_1": 11.622606249771286,
          "enabled": true,
          "initial_eprice_ema_dist": 0.004525834171365452,
          "initial_qty_pct": 0.010571867055631663,
          "markup_range": 0.05291456696832584,
          "min_markup": 0.002591082839353382,
          "n_close_orders": 20,
          "rentry_pprice_dist": 0.03365541355442002,
          "rentry_pprice_dist_wallet_exposure_weighting": 0.0,
          "wallet_exposure_limit": 0.2},
 "short": {"auto_unstuck_ema_dist": -0.06717800516433484,
           "auto_unstuck_wallet_exposure_threshold": 0.09141276840304707,
           "backwards_tp": false,
           "ddown_factor": 1.0181371828087684,
           "ema_span_0": 717.2096881828961,
           "ema_span_1": 1282.1943733094618,
           "enabled": false,
           "initial_eprice_ema_dist": -0.08337129597107135,
           "initial_qty_pct": 0.09730138257265072,
           "markup_range": 0.01156733540889365,
           "min_markup": 0.005206188509327936,
           "n_close_orders": 12,
           "rentry_pprice_dist": 0.0196661840375181,
           "rentry_pprice_dist_wallet_exposure_weighting": 6.023113141691785,
           "wallet_exposure_limit": 1.0}}