{"config_name": "recursive_grid_0days",
 "logging_level": 0,
 "long": {"auto_unstuck_ema_dist": 0.08542007424527527,
          "auto_unstuck_wallet_exposure_threshold": 0.02806804158863119,
          "backwards_tp": true,
          "ddown_factor": 3,
          "ema_span_0": 245.65753008833127,
          "ema_span_1": 386.1879670034836,
          "enabled": true,
          "initial_eprice_ema_dist": 0.014181766727764186,
          "initial_qty_pct": 0.03703860812062467,
          "markup_range": 0.002930134503480035,
          "min_markup": 0.005436349179961584,
          "n_close_orders": 5,
          "rentry_pprice_dist": 0.04740384218078525,
          "rentry_pprice_dist_wallet_exposure_weighting": 1.207088333654712,
          "wallet_exposure_limit": 1.0},
 "short": {"auto_unstuck_ema_dist": 0.026752892064550064,
           "auto_unstuck_wallet_exposure_threshold": 0.03579265346042667,
           "backwards_tp": true,
           "ddown_factor": 1.3923792672911022,
           "ema_span_0": 679.085551005639,
           "ema_span_1": 4613.062411204025,
           "enabled": false,
           "initial_eprice_ema_dist": -0.07932724943040173,
           "initial_qty_pct": 0.015,
           "markup_range": 0.016088203635962507,
           "min_markup": 0.0014705423495549107,
           "n_close_orders": 7,
           "rentry_pprice_dist": 0.04915996010327651,
           "rentry_pprice_dist_wallet_exposure_weighting": 69.99190082635467,
           "wallet_exposure_limit": 0.1}}