{"config_name": "recursive_grid_0days",
 "logging_level": 0,
 "long": {"auto_unstuck_ema_dist": 0.001670778541340892,
          "auto_unstuck_wallet_exposure_threshold": 0.056543044160386434,
          "backwards_tp": true,
          "ddown_factor": 1.6681508061279002,
          "ema_span_0": 464.32858266317567,
          "ema_span_1": 550.2395267788232,
          "enabled": true,
          "initial_eprice_ema_dist": 0.011246448670622067,
          "initial_qty_pct": 0.026772035479774,
          "markup_range": 0.004373863134931727,
          "min_markup": 0.004412834985477873,
          "n_close_orders": 9,
          "rentry_pprice_dist": 0.018649010025557126,
          "rentry_pprice_dist_wallet_exposure_weighting": 7.765463884619137,
          "wallet_exposure_limit": 0.3},
 "short": {"auto_unstuck_ema_dist": -0.06475534575774866,
           "auto_unstuck_wallet_exposure_threshold": 0.05291544314159777,
           "backwards_tp": true,
           "ddown_factor": 1.9209941254866714,
           "ema_span_0": 679.3837390820107,
           "ema_span_1": 530.0989696620386,
           "enabled": false,
           "initial_eprice_ema_dist": -0.05486288064606914,
           "initial_qty_pct": 0.09699355700652333,
           "markup_range": 0.03507500349555869,
           "min_markup": 0.005080124972309226,
           "n_close_orders": 13,
           "rentry_pprice_dist": 0.014531512765362131,
           "rentry_pprice_dist_wallet_exposure_weighting": 25.008031877996384,
           "wallet_exposure_limit": 1.0}}