{"config_name": "clock_0days",
 "long": {"delay_between_fills_minutes_close": 481.27021103177117,
          "delay_between_fills_minutes_entry": 328.3467130748372,
          "delay_weight_close": 6.52456914190324,
          "delay_weight_entry": 19.205170931828565,
          "ema_dist_lower": 0.01,
          "ema_dist_upper": 0.01,
          "ema_span_0": 966.1747684479408,
          "ema_span_1": 530.8814580317153,
          "enabled": true,
          "markup_range": 0.026819792362655765,
          "min_markup": 0.029225930304146934,
          "n_close_orders": 5,
          "qty_pct_close": 0.01813035733815152,
          "qty_pct_entry": 0.01,
          "wallet_exposure_limit": 0.3,
          "we_multiplier_close": 98.83759411357582,
          "we_multiplier_entry": 25.44558094750176},
 "short": {"delay_between_fills_minutes_close": 1112.1382018519196,
           "delay_between_fills_minutes_entry": 483.8964264571865,
           "delay_weight_close": 1.1053286241429205,
           "delay_weight_entry": 10.664087926187653,
           "ema_dist_lower": 0.013790004750163228,
           "ema_dist_upper": 0.005437441871583948,
           "ema_span_0": 214.68799794899496,
           "ema_span_1": 834.8605785238205,
           "enabled": false,
           "markup_range": 0.04264416663665567,
           "min_markup": 0.03925345274953085,
           "n_close_orders": 5,
           "qty_pct_close": 0.04038280323626066,
           "qty_pct_entry": 0.04831635099071463,
           "wallet_exposure_limit": 1.0,
           "we_multiplier_close": 8.952357367847464,
           "we_multiplier_entry": 0.698876985245459}}