{"config_name": "recursive_grid_0days",
 "logging_level": 0,
 "long": {"auto_unstuck_ema_dist": -0.018205274105593184,
          "auto_unstuck_wallet_exposure_threshold": 0.050650940089907705,
          "backwards_tp": false,
          "ddown_factor": 2.1429,
          "ema_span_0": 1418.720520313029,
          "ema_span_1": 125.35329643740081,
          "enabled": true,
          "initial_eprice_ema_dist": 0.0025,
          "initial_qty_pct": 0.0031893,
          "markup_range": 0.028078,
          "min_markup": 0.005709,
          "n_close_orders": 5,
          "rentry_pprice_dist": 0.018515,
          "rentry_pprice_dist_wallet_exposure_weighting": 2.1199,
          "wallet_exposure_limit": 0.2},
 "short": {"auto_unstuck_ema_dist": -0.01592303383815316,
           "auto_unstuck_wallet_exposure_threshold": 0.06348607314941362,
           "backwards_tp": false,
           "ddown_factor": 2.6796639932042936,
           "ema_span_0": 517.6217655871764,
           "ema_span_1": 434.7478137719792,
           "enabled": false,
           "initial_eprice_ema_dist": -0.043711614837641556,
           "initial_qty_pct": 0.015362996873487035,
           "markup_range": 0.0027394823233845567,
           "min_markup": 0.008374681670951558,
           "n_close_orders": 8,
           "rentry_pprice_dist": 0.023482676059549956,
           "rentry_pprice_dist_wallet_exposure_weighting": 19.86150509637703,
           "wallet_exposure_limit": 1.0}}