{"config_name": "recursive_grid_0days",
 "logging_level": 0,
 "long": {"auto_unstuck_ema_dist": 0,
          "auto_unstuck_wallet_exposure_threshold": 0.0,
          "backwards_tp": false,
          "ddown_factor": 1.166104617221783,
          "ema_span_0": 190.47702067375008,
          "ema_span_1": 503.3925563592376,
          "enabled": true,
          "initial_eprice_ema_dist": -0.16924102924115483,
          "initial_qty_pct": 0.0014267282206055442,
          "markup_range": 0.008608370260611332,
          "min_markup": 0.0027439977345661316,
          "n_close_orders": 2,
          "rentry_pprice_dist": 0.030117203568567837,
          "rentry_pprice_dist_wallet_exposure_weighting": 1.1696546107678725,
          "wallet_exposure_limit": 0.2},
 "short": {"auto_unstuck_ema_dist": -0.050683286891126035,
           "auto_unstuck_wallet_exposure_threshold": 0.055970758397962214,
           "backwards_tp": false,
           "ddown_factor": 1.0407506432163298,
           "ema_span_0": 1149.4823650257524,
           "ema_span_1": 56.75204775934591,
           "enabled": false,
           "initial_eprice_ema_dist": -0.009806328573413736,
           "initial_qty_pct": 0.05967671785758289,
           "markup_range": 0.02302095349052451,
           "min_markup": 0.0010384907328805381,
           "n_close_orders": 13,
           "rentry_pprice_dist": 0.01225324580546106,
           "rentry_pprice_dist_wallet_exposure_weighting": 18.74778253806805,
           "wallet_exposure_limit": 1}}