{"config_name": "clock_0days",
 "long": {"backwards_tp": true,
          "delay_between_fills_minutes_close": 400.0844530920596,
          "delay_between_fills_minutes_entry": 452.93164342057344,
          "delay_weight_close": 74.10212295735907,
          "delay_weight_entry": 33.07458553273159,
          "ema_dist_close": -0.04764288138123062,
          "ema_dist_entry": -0.004758680449345125,
          "ema_span_0": 1461.9757038740938,
          "ema_span_1": 170.3806666585565,
          "enabled": true,
          "markup_range": 0.04604175724271877,
          "min_markup": 0.005811508854255991,
          "n_close_orders": 3,
          "qty_pct_close": 0.01107227892758487,
          "qty_pct_entry": 0.01,
          "wallet_exposure_limit": 0.3,
          "we_multiplier_close": 16.72343447513849,
          "we_multiplier_entry": 90.54909806002554},
 "short": {"backwards_tp": true,
           "delay_between_fills_minutes_close": 101.93637356108475,
           "delay_between_fills_minutes_entry": 1343.2136595265251,
           "delay_weight_close": 91.35539478855247,
           "delay_weight_entry": 32.68284131875029,
           "ema_dist_close": -0.00624723013871574,
           "ema_dist_entry": -0.04768830959841666,
           "ema_span_0": 19.429060731577678,
           "ema_span_1": 384.21312762874015,
           "enabled": false,
           "markup_range": 0.065250541000846,
           "min_markup": 0.026818991940707474,
           "n_close_orders": 5,
           "qty_pct_close": 0.3065260339574126,
           "qty_pct_entry": 0.47865776994180603,
           "wallet_exposure_limit": 1.0,
           "we_multiplier_close": 6.768893269366002,
           "we_multiplier_entry": 76.77616904622522}}