{"config_name": "recursive_grid_0days",
 "logging_level": 0,
 "long": {"auto_unstuck_ema_dist": -0.0003826954097548652,
          "auto_unstuck_wallet_exposure_threshold": 0.07291249291852236,
          "backwards_tp": true,
          "ddown_factor": 2.391870854649799,
          "ema_span_0": 372.1804580849154,
          "ema_span_1": 551.456306789791,
          "enabled": true,
          "initial_eprice_ema_dist": 0.00973206868722702,
          "initial_qty_pct": 0.021069731610299198,
          "markup_range": 0.002347164581782548,
          "min_markup": 0.0036988022197208424,
          "n_close_orders": 9,
          "rentry_pprice_dist": 0.016176945981125793,
          "rentry_pprice_dist_wallet_exposure_weighting": 0.2239458563703144,
          "wallet_exposure_limit": 0.3},
 "short": {"auto_unstuck_ema_dist": -0.0017666769655438203,
           "auto_unstuck_wallet_exposure_threshold": 0.05866873125526344,
           "backwards_tp": true,
           "ddown_factor": 2.527623900980401,
           "ema_span_0": 464.5364616995064,
           "ema_span_1": 1344.380140543501,
           "enabled": false,
           "initial_eprice_ema_dist": -0.0060666989181039355,
           "initial_qty_pct": 0.09217579900106519,
           "markup_range": 0.0559673271922144,
           "min_markup": 0.008976917097912557,
           "n_close_orders": 7,
           "rentry_pprice_dist": 0.035648827423135195,
           "rentry_pprice_dist_wallet_exposure_weighting": 31.9194197927053,
           "wallet_exposure_limit": 1.0}}