{"config_name": "recursive_grid_0days",
 "logging_level": 0,
 "long": {"auto_unstuck_ema_dist": 0.005,
          "auto_unstuck_wallet_exposure_threshold": 0.05080900457934535,
          "backwards_tp": true,
          "ddown_factor": 1.2932637344963367,
          "ema_span_0": 554.6638964678215,
          "ema_span_1": 743.5722952369796,
          "enabled": true,
          "initial_eprice_ema_dist": 0.009785414844332485,
          "initial_qty_pct": 0.021185982388570022,
          "markup_range": 0.010235762464586996,
          "min_markup": 0.01,
          "n_close_orders": 10,
          "rentry_pprice_dist": 0.04345002435738455,
          "rentry_pprice_dist_wallet_exposure_weighting": 0.6773273859398814,
          "wallet_exposure_limit": 0.3},
 "short": {"auto_unstuck_ema_dist": -0.040437702828515706,
           "auto_unstuck_wallet_exposure_threshold": 0.0697783298154194,
           "backwards_tp": true,
           "ddown_factor": 0.6507171073587806,
           "ema_span_0": 297.47604294853903,
           "ema_span_1": 74.98744786302353,
           "enabled": false,
           "initial_eprice_ema_dist": -0.05245406300440328,
           "initial_qty_pct": 0.07958368674555716,
           "markup_range": 0.03958575581878069,
           "min_markup": 0.0017887271273939634,
           "n_close_orders": 2,
           "rentry_pprice_dist": 0.008781073236784911,
           "rentry_pprice_dist_wallet_exposure_weighting": 14.500237234695241,
           "wallet_exposure_limit": 1.0}}