{"config_name": "recursive_grid_0days",
 "logging_level": 0,
 "long": {"auto_unstuck_ema_dist": 0,
          "auto_unstuck_wallet_exposure_threshold": 0.0,
          "backwards_tp": false,
          "ddown_factor": 3.6094416236832205,
          "ema_span_0": 271.41939208726393,
          "ema_span_1": 271.46342089704706,
          "enabled": true,
          "initial_eprice_ema_dist": -0.15568736993635673,
          "initial_qty_pct": 0.003407922454342987,
          "markup_range": 0.005243224744321822,
          "min_markup": 0.0032680019505815657,
          "n_close_orders": 1,
          "rentry_pprice_dist": 0.028576747251359745,
          "rentry_pprice_dist_wallet_exposure_weighting": 1.8301915537257925,
          "wallet_exposure_limit": 0.2},
 "short": {"auto_unstuck_ema_dist": -0.08349709001195038,
           "auto_unstuck_wallet_exposure_threshold": 0.06057700769325414,
           "backwards_tp": false,
           "ddown_factor": 0.3779710318746301,
           "ema_span_0": 115.73994776326927,
           "ema_span_1": 355.69876643714366,
           "enabled": false,
           "initial_eprice_ema_dist": -0.09329749900606987,
           "initial_qty_pct": 0.021355891157602322,
           "markup_range": 0.0510196091775521,
           "min_markup": 0.004018699783299178,
           "n_close_orders": 6,
           "rentry_pprice_dist": 0.02429098489135033,
           "rentry_pprice_dist_wallet_exposure_weighting": 17.130111194630818,
           "wallet_exposure_limit": 1.0}}