{"config_name": "recursive_grid_0days",
 "logging_level": 0,
 "long": {"auto_unstuck_ema_dist": 0,
          "auto_unstuck_wallet_exposure_threshold": 0.0,
          "backwards_tp": false,
          "ddown_factor": 0.4019488258960475,
          "ema_span_0": 196.97315652167143,
          "ema_span_1": 885.5135706738162,
          "enabled": true,
          "initial_eprice_ema_dist": -0.11924885270650433,
          "initial_qty_pct": 0.004999583389432589,
          "markup_range": 0.04798127513876076,
          "min_markup": 0.009886003705861927,
          "n_close_orders": 7,
          "rentry_pprice_dist": 0.021187693858548635,
          "rentry_pprice_dist_wallet_exposure_weighting": 2.6778352517474344,
          "wallet_exposure_limit": 0.2},
 "short": {"auto_unstuck_ema_dist": -0.012091571728526845,
           "auto_unstuck_wallet_exposure_threshold": 0.03589744049238424,
           "backwards_tp": false,
           "ddown_factor": 0.5862755816176027,
           "ema_span_0": 1403.8374707275937,
           "ema_span_1": 477.6436021493627,
           "enabled": false,
           "initial_eprice_ema_dist": -0.036835173088998224,
           "initial_qty_pct": 0.09611714523059618,
           "markup_range": 0.03577856803412598,
           "min_markup": 0.009369525581988041,
           "n_close_orders": 4,
           "rentry_pprice_dist": 0.03739279198632108,
           "rentry_pprice_dist_wallet_exposure_weighting": 0.21343223273105671,
           "wallet_exposure_limit": 1.0}}