{"config_name": "clock_0days",
 "long": {"delay_between_fills_minutes_close": 445.05118344688276,
          "delay_between_fills_minutes_entry": 301.67830123964785,
          "delay_weight_close": 112.92165122162571,
          "delay_weight_entry": 32.57339861374366,
          "ema_dist_lower": 0.013416106759020163,
          "ema_dist_upper": -0.0509721542831005,
          "ema_span_0": 643.6955798781942,
          "ema_span_1": 639.5299953274737,
          "enabled": true,
          "markup_range": 0.018092319458862884,
          "min_markup": 0.019336758773878398,
          "n_close_orders": 9,
          "qty_pct_close": 0.016091665260788774,
          "qty_pct_entry": 0.011062584553061965,
          "wallet_exposure_limit": 0.3,
          "we_multiplier_close": 1.8324178208682633,
          "we_multiplier_entry": 48.407468521631515},
 "short": {"delay_between_fills_minutes_close": 701.796105784723,
           "delay_between_fills_minutes_entry": 348.2108339779812,
           "delay_weight_close": 1.492766137855428,
           "delay_weight_entry": 6.534465700114964,
           "ema_dist_lower": 0.01079482447997137,
           "ema_dist_upper": 0.003835828663583929,
           "ema_span_0": 806.6413383042576,
           "ema_span_1": 2441.643161125219,
           "enabled": false,
           "markup_range": 0.02222492615684443,
           "min_markup": 0.08344134291377064,
           "n_close_orders": 16,
           "qty_pct_close": 0.03440754774485333,
           "qty_pct_entry": 0.057264737950117925,
           "wallet_exposure_limit": 1.0,
           "we_multiplier_close": 9.284301573074158,
           "we_multiplier_entry": 27.94551515096935}}