{"config_name": "recursive_grid_0days",
 "logging_level": 0,
 "long": {"auto_unstuck_ema_dist": 0,
          "auto_unstuck_wallet_exposure_threshold": 0.0,
          "backwards_tp": false,
          "ddown_factor": 1.6931560256864122,
          "ema_span_0": 167.20489528676666,
          "ema_span_1": 775.9566967763581,
          "enabled": true,
          "initial_eprice_ema_dist": -0.16735470970592245,
          "initial_qty_pct": 0.004501309416032258,
          "markup_range": 0.028622029227114022,
          "min_markup": 0.0029753487647785366,
          "n_close_orders": 8,
          "rentry_pprice_dist": 0.0225183662996194,
          "rentry_pprice_dist_wallet_exposure_weighting": 2.993207813375769,
          "wallet_exposure_limit": 1},
 "short": {"auto_unstuck_ema_dist": -0.00830890640777178,
           "auto_unstuck_wallet_exposure_threshold": 0.07800457889400567,
           "backwards_tp": false,
           "ddown_factor": 1.706166141802907,
           "ema_span_0": 550.668147598476,
           "ema_span_1": 1172.5119343796837,
           "enabled": false,
           "initial_eprice_ema_dist": -0.09216841048021276,
           "initial_qty_pct": 0.0481014400483014,
           "markup_range": 0.019119002208043693,
           "min_markup": 0.0014700770584037766,
           "n_close_orders": 14,
           "rentry_pprice_dist": 0.04139931094039661,
           "rentry_pprice_dist_wallet_exposure_weighting": 7.651061976316107,
           "wallet_exposure_limit": 1.0}}