{"config_name": "recursive_grid_0days",
 "logging_level": 0,
 "long": {"auto_unstuck_ema_dist": 0.005975148783293109,
          "auto_unstuck_wallet_exposure_threshold": 0.04565634297442983,
          "backwards_tp": true,
          "ddown_factor": 2.1260194721379357,
          "ema_span_0": 131.76642736811115,
          "ema_span_1": 37.84255972683383,
          "enabled": true,
          "initial_eprice_ema_dist": -0.1,
          "initial_qty_pct": 0.004683892088137859,
          "markup_range": 0.01186708488431937,
          "min_markup": 0.002368399213101571,
          "n_close_orders": 17,
          "rentry_pprice_dist": 0.03443179709270842,
          "rentry_pprice_dist_wallet_exposure_weighting": 0.0,
          "wallet_exposure_limit": 0.18842788503951946},
 "short": {"auto_unstuck_ema_dist": -0.08010077706010056,
           "auto_unstuck_wallet_exposure_threshold": 0.08151195036770256,
           "backwards_tp": true,
           "ddown_factor": 2.539106672545828,
           "ema_span_0": 1264.9023809172006,
           "ema_span_1": 632.5283284387091,
           "enabled": false,
           "initial_eprice_ema_dist": -0.0957815223848901,
           "initial_qty_pct": 0.07087691291037385,
           "markup_range": 0.015392496758757444,
           "min_markup": 0.0025109585286542703,
           "n_close_orders": 11,
           "rentry_pprice_dist": 0.03516881500009814,
           "rentry_pprice_dist_wallet_exposure_weighting": 8.498670704209495,
           "wallet_exposure_limit": 1.0}}