{"config_name": "clock_0days",
 "long": {"backwards_tp": false,
          "delay_between_fills_minutes_close": 1116.5154381072523,
          "delay_between_fills_minutes_entry": 856.31301508244,
          "delay_weight_close": 29.62348258599153,
          "delay_weight_entry": 22.582369554727748,
          "ema_dist_close": -8.689320117208033e-05,
          "ema_dist_entry": -0.0041826942075147274,
          "ema_span_0": 1270.1590196059385,
          "ema_span_1": 1355.3555855054753,
          "enabled": true,
          "markup_range": 0.031214106225514113,
          "min_markup": 0.006834597208367332,
          "n_close_orders": 12,
          "qty_pct_close": 0.08197545785287597,
          "qty_pct_entry": 0.01,
          "wallet_exposure_limit": 0.2,
          "we_multiplier_close": 0.063745741550842,
          "we_multiplier_entry": 87.79111136526996},
 "short": {"backwards_tp": false,
           "delay_between_fills_minutes_close": 1170.4108471400007,
           "delay_between_fills_minutes_entry": 247.66079203857637,
           "delay_weight_close": 68.10511562621497,
           "delay_weight_entry": 10.439515701973779,
           "ema_dist_close": -0.0037355154106640323,
           "ema_dist_entry": -0.004289511302806102,
           "ema_span_0": 212.75191291925063,
           "ema_span_1": 1124.6163491077857,
           "enabled": false,
           "markup_range": 0.0024451835129705567,
           "min_markup": 0.008866720495821073,
           "n_close_orders": 11,
           "qty_pct_close": 0.07624135496891751,
           "qty_pct_entry": 0.07038116827347407,
           "wallet_exposure_limit": 1.0,
           "we_multiplier_close": 34.15898682769295,
           "we_multiplier_entry": 50.47869055600338}}