{"config_name": "recursive_grid_0days",
 "logging_level": 0,
 "long": {"auto_unstuck_ema_dist": -0.002349556797403118,
          "auto_unstuck_wallet_exposure_threshold": 0.05683667948702886,
          "backwards_tp": true,
          "ddown_factor": 1.780913794146568,
          "ema_span_0": 632.9610117060035,
          "ema_span_1": 574.7530136343324,
          "enabled": true,
          "initial_eprice_ema_dist": 0.007198228729815682,
          "initial_qty_pct": 0.022496334642169435,
          "markup_range": 0.008367830689420437,
          "min_markup": 0.008527734174680968,
          "n_close_orders": 8,
          "rentry_pprice_dist": 0.027278353922878664,
          "rentry_pprice_dist_wallet_exposure_weighting": 4.352405549018597,
          "wallet_exposure_limit": 1},
 "short": {"auto_unstuck_ema_dist": -0.03310156176352967,
           "auto_unstuck_wallet_exposure_threshold": 0.05513314455716222,
           "backwards_tp": true,
           "ddown_factor": 2.910946898895481,
           "ema_span_0": 441.0482806320796,
           "ema_span_1": 1044.8370961919647,
           "enabled": false,
           "initial_eprice_ema_dist": -0.02182839715868705,
           "initial_qty_pct": 0.028461367963444548,
           "markup_range": 0.003196706207711191,
           "min_markup": 0.005409175506962463,
           "n_close_orders": 5,
           "rentry_pprice_dist": 0.04376951578110556,
           "rentry_pprice_dist_wallet_exposure_weighting": 26.53869520019573,
           "wallet_exposure_limit": 1.0}}