{"config_name": "recursive_grid_0days",
 "logging_level": 0,
 "long": {"auto_unstuck_ema_dist": 0.0013848741838114282,
          "auto_unstuck_wallet_exposure_threshold": 0.0239917774713082,
          "backwards_tp": true,
          "ddown_factor": 2.149412823265595,
          "ema_span_0": 638.2783191841812,
          "ema_span_1": 1196.182751592785,
          "enabled": true,
          "initial_eprice_ema_dist": 0.008694121580140277,
          "initial_qty_pct": 0.013545223167764901,
          "markup_range": 0.008059575326964314,
          "min_markup": 0.007819606212208586,
          "n_close_orders": 8,
          "rentry_pprice_dist": 0.02469729081578516,
          "rentry_pprice_dist_wallet_exposure_weighting": 1.1857878593814128,
          "wallet_exposure_limit": 0.3},
 "short": {"auto_unstuck_ema_dist": 0.006804624749326535,
           "auto_unstuck_wallet_exposure_threshold": 0.024216938072294518,
           "backwards_tp": true,
           "ddown_factor": 2.708735955118014,
           "ema_span_0": 228.50300580275973,
           "ema_span_1": 254.8734947761702,
           "enabled": true,
           "initial_eprice_ema_dist": 0.007610983338631488,
           "initial_qty_pct": 0.04150565438311232,
           "markup_range": 0.0027788375389199253,
           "min_markup": 0.002467718716214663,
           "n_close_orders": 2,
           "rentry_pprice_dist": 0.030540482787892693,
           "rentry_pprice_dist_wallet_exposure_weighting": 0.8155688434997456,
           "wallet_exposure_limit": 0.1}}