{"config_name": "clock_0days",
 "long": {"delay_between_fills_minutes_close": 278.56343256101377,
          "delay_between_fills_minutes_entry": 320.21502618419333,
          "delay_weight_close": 49.40292248198506,
          "delay_weight_entry": 42.6350584497398,
          "ema_dist_lower": 0.009832146619644218,
          "ema_dist_upper": -0.03160708533091519,
          "ema_span_0": 121.12485322386235,
          "ema_span_1": 798.9607147558966,
          "enabled": true,
          "markup_range": 0.02762218797141206,
          "min_markup": 0.02812446600574963,
          "n_close_orders": 2,
          "qty_pct_close": 0.01,
          "qty_pct_entry": 0.01,
          "wallet_exposure_limit": 0.25,
          "we_multiplier_close": 91.62983329614941,
          "we_multiplier_entry": 148.2379358962919},
 "short": {"delay_between_fills_minutes_close": 444.43237571086945,
           "delay_between_fills_minutes_entry": 383.2626435906006,
           "delay_weight_close": 141.35545543237006,
           "delay_weight_entry": 26.524981557673357,
           "ema_dist_lower": -0.9541339133809039,
           "ema_dist_upper": 0.00970419322432741,
           "ema_span_0": 613.9509214289285,
           "ema_span_1": 593.1757665226531,
           "enabled": true,
           "markup_range": 0.011407753350573336,
           "min_markup": 0.010199474328204608,
           "n_close_orders": 4,
           "qty_pct_close": 0.01,
           "qty_pct_entry": 0.01,
           "wallet_exposure_limit": 0.1,
           "we_multiplier_close": 22.830303840787757,
           "we_multiplier_entry": 60.35728954896998}}