{"config_name": "clock_0days",
 "long": {"backwards_tp": false,
          "delay_between_fills_minutes_close": 965.7459379669405,
          "delay_between_fills_minutes_entry": 678.3520028893561,
          "delay_weight_close": 12.70244067263055,
          "delay_weight_entry": 34.44120776569096,
          "ema_dist_close": 0.004,
          "ema_dist_entry": 0.0025816909439861503,
          "ema_span_0": 1410.6824767080657,
          "ema_span_1": 570.595564291119,
          "enabled": true,
          "markup_range": 0.01514364812762743,
          "min_markup": 0.004785902542034077,
          "n_close_orders": 15,
          "qty_pct_close": 0.01857897966543351,
          "qty_pct_entry": 0.0235662379567134,
          "wallet_exposure_limit": 0.2,
          "we_multiplier_close": 0,
          "we_multiplier_entry": 91.25904849701068},
 "short": {"backwards_tp": false,
           "delay_between_fills_minutes_close": 1199.714788803698,
           "delay_between_fills_minutes_entry": 87.42467295064898,
           "delay_weight_close": 67.07905332874908,
           "delay_weight_entry": 70.23215135331276,
           "ema_dist_close": -0.004199144697435188,
           "ema_dist_entry": 0.00037257615436049607,
           "ema_span_0": 692.8651170782576,
           "ema_span_1": 672.3868714203353,
           "enabled": false,
           "markup_range": 0.018502034331579677,
           "min_markup": 0.002525130067693054,
           "n_close_orders": 8,
           "qty_pct_close": 0.025161684762680114,
           "qty_pct_entry": 0.09676472415593985,
           "wallet_exposure_limit": 1.0,
           "we_multiplier_close": 25.279968190097723,
           "we_multiplier_entry": 5.679456093341962}}