{"config_name": "clock_0days",
 "long": {"backwards_tp": false,
          "delay_between_fills_minutes_close": 493.40902770963334,
          "delay_between_fills_minutes_entry": 488.9203523273907,
          "delay_weight_close": 411.34775770705596,
          "delay_weight_entry": 34.18631430504732,
          "ema_dist_close": -0.09686628344755326,
          "ema_dist_entry": 0.00840622355818447,
          "ema_span_0": 226.43566018689333,
          "ema_span_1": 681.8833241706792,
          "enabled": true,
          "markup_range": 0.020036815024672843,
          "min_markup": 0.03823218761273579,
          "n_close_orders": 5,
          "qty_pct_close": 0.02342737785644256,
          "qty_pct_entry": 0.01,
          "wallet_exposure_limit": 0.3,
          "we_multiplier_close": 0,
          "we_multiplier_entry": 129.60980587507117},
 "short": {"backwards_tp": false,
           "delay_between_fills_minutes_close": 9.653062013994358,
           "delay_between_fills_minutes_entry": 769.8263326504762,
           "delay_weight_close": 42.33553697236571,
           "delay_weight_entry": 73.58884700943884,
           "ema_dist_close": -0.014524863009297548,
           "ema_dist_entry": -0.01080504634857564,
           "ema_span_0": 395.5412555850122,
           "ema_span_1": 191.74810598165834,
           "enabled": false,
           "markup_range": 0.03451675680463502,
           "min_markup": 0.08799581323348167,
           "n_close_orders": 6,
           "qty_pct_close": 0.7847229040669759,
           "qty_pct_entry": 0.7686939398261213,
           "wallet_exposure_limit": 1.0,
           "we_multiplier_close": 4.607142808866866,
           "we_multiplier_entry": 59.54849967319862}}