{"config_name": "recursive_grid_0days",
 "logging_level": 0,
 "long": {"auto_unstuck_ema_dist": 0.005,
          "auto_unstuck_wallet_exposure_threshold": 0.05237374276861889,
          "backwards_tp": true,
          "ddown_factor": 1.6043801431022513,
          "ema_span_0": 703.813811871857,
          "ema_span_1": 844.3641760144543,
          "enabled": true,
          "initial_eprice_ema_dist": -0.10607034281037007,
          "initial_qty_pct": 0.005552870087068437,
          "markup_range": 0.007484428931228807,
          "min_markup": 0.0013456119865049773,
          "n_close_orders": 4,
          "rentry_pprice_dist": 0.03147708879543893,
          "rentry_pprice_dist_wallet_exposure_weighting": 2.237345399643121,
          "wallet_exposure_limit": 0.2},
 "short": {"auto_unstuck_ema_dist": -0.05397551185441639,
           "auto_unstuck_wallet_exposure_threshold": 0.06683758562806087,
           "backwards_tp": true,
           "ddown_factor": 2.061821637895595,
           "ema_span_0": 1263.4253564974751,
           "ema_span_1": 1354.026737405972,
           "enabled": false,
           "initial_eprice_ema_dist": -0.060950293366694844,
           "initial_qty_pct": 0.018582926927622485,
           "markup_range": 0.058528600750763125,
           "min_markup": 0.002050303019531836,
           "n_close_orders": 9,
           "rentry_pprice_dist": 0.03487848657839954,
           "rentry_pprice_dist_wallet_exposure_weighting": 6.099909741393208,
           "wallet_exposure_limit": 1.0}}