{"config_name": "recursive_grid_0days",
 "logging_level": 0,
 "long": {"auto_unstuck_ema_dist": 0.0006778046343581441,
          "auto_unstuck_wallet_exposure_threshold": 0.0905737055602946,
          "backwards_tp": true,
          "ddown_factor": 2.5110293634175793,
          "ema_span_0": 470.5449287601751,
          "ema_span_1": 144.7623188333651,
          "enabled": true,
          "initial_eprice_ema_dist": -0.03683395846431021,
          "initial_qty_pct": 0.021251773030682465,
          "markup_range": 0.003620304971388961,
          "min_markup": 0.0032933262535673894,
          "n_close_orders": 10,
          "rentry_pprice_dist": 0.030787933887494845,
          "rentry_pprice_dist_wallet_exposure_weighting": 3.797189639991721,
          "wallet_exposure_limit": 1},
 "short": {"auto_unstuck_ema_dist": -0.04249673079570086,
           "auto_unstuck_wallet_exposure_threshold": 0.04725484150284999,
           "backwards_tp": true,
           "ddown_factor": 1.7982482480048698,
           "ema_span_0": 237.42325514280859,
           "ema_span_1": 1189.851795652023,
           "enabled": false,
           "initial_eprice_ema_dist": -0.0975119496793275,
           "initial_qty_pct": 0.06642439596048479,
           "markup_range": 0.05198365890064076,
           "min_markup": 0.004313507911196047,
           "n_close_orders": 7,
           "rentry_pprice_dist": 0.030156032339626368,
           "rentry_pprice_dist_wallet_exposure_weighting": 11.994388556443392,
           "wallet_exposure_limit": 1.0}}