{"config_name": "recursive_grid_0days",
 "logging_level": 0,
 "long": {"auto_unstuck_ema_dist": -0.0034458364313286424,
          "auto_unstuck_wallet_exposure_threshold": 0.05382708574287328,
          "backwards_tp": true,
          "ddown_factor": 2.467761487988461,
          "ema_span_0": 127.9871117878587,
          "ema_span_1": 918.9399904228396,
          "enabled": true,
          "initial_eprice_ema_dist": -0.07387264569730519,
          "initial_qty_pct": 0.033874220058773774,
          "markup_range": 0.0028819527974370956,
          "min_markup": 0.0017038206815037042,
          "n_close_orders": 4,
          "rentry_pprice_dist": 0.028464898070673508,
          "rentry_pprice_dist_wallet_exposure_weighting": 1.709729514246772,
          "wallet_exposure_limit": 0.3},
 "short": {"auto_unstuck_ema_dist": -5.4528824057625824e-05,
           "auto_unstuck_wallet_exposure_threshold": 0.07319886762538905,
           "backwards_tp": true,
           "ddown_factor": 1.3250780304575331,
           "ema_span_0": 440.4915956736861,
           "ema_span_1": 336.9660682269407,
           "enabled": false,
           "initial_eprice_ema_dist": -0.09336298922280437,
           "initial_qty_pct": 0.04575187860459179,
           "markup_range": 0.010169888416710831,
           "min_markup": 0.0038397531322888643,
           "n_close_orders": 11,
           "rentry_pprice_dist": 0.017616484842093272,
           "rentry_pprice_dist_wallet_exposure_weighting": 24.237842487882226,
           "wallet_exposure_limit": 1.0}}