{"config_name": "recursive_grid_0days",
 "logging_level": 0,
 "long": {"auto_unstuck_ema_dist": 0,
          "auto_unstuck_wallet_exposure_threshold": 0.0,
          "backwards_tp": false,
          "ddown_factor": 3.3754765116048913,
          "ema_span_0": 764.8525963670652,
          "ema_span_1": 976.2874831679071,
          "enabled": true,
          "initial_eprice_ema_dist": -0.0331242482894616,
          "initial_qty_pct": 0.005381642946809181,
          "markup_range": 0.04141217342595341,
          "min_markup": 0.0023845899237084317,
          "n_close_orders": 2,
          "rentry_pprice_dist": 0.03268055845371365,
          "rentry_pprice_dist_wallet_exposure_weighting": 3.833134912568595,
          "wallet_exposure_limit": 0.2},
 "short": {"auto_unstuck_ema_dist": -0.01777701429644292,
           "auto_unstuck_wallet_exposure_threshold": 0.04118293965314894,
           "backwards_tp": false,
           "ddown_factor": 0.9024263570198345,
           "ema_span_0": 174.5710493693654,
           "ema_span_1": 769.5271822222759,
           "enabled": false,
           "initial_eprice_ema_dist": -0.05201542375575822,
           "initial_qty_pct": 0.04622425364183041,
           "markup_range": 0.058518930157070055,
           "min_markup": 0.0010671127318416969,
           "n_close_orders": 10,
           "rentry_pprice_dist": 0.048710162282616966,
           "rentry_pprice_dist_wallet_exposure_weighting": 2.2594912793619937,
           "wallet_exposure_limit": 1.0}}