{"config_name": "clock_0days",
 "long": {"backwards_tp": true,
          "delay_between_fills_minutes_close": 488.8843382558793,
          "delay_between_fills_minutes_entry": 48.90940612234457,
          "delay_weight_close": 32.708159442549196,
          "delay_weight_entry": 104.17526360767692,
          "ema_dist_close": -0.36884725986820843,
          "ema_dist_entry": 0.01132706981161646,
          "ema_span_0": 67.40376666231185,
          "ema_span_1": 269.6201232175113,
          "enabled": true,
          "markup_range": 0.01060747498155752,
          "min_markup": 0.0022218423140696374,
          "n_close_orders": 4,
          "qty_pct_close": 0.01013988000750772,
          "qty_pct_entry": 0.01969062207618463,
          "wallet_exposure_limit": 0.3,
          "we_multiplier_close": 15.627583296545016,
          "we_multiplier_entry": 78.03465370444705},
 "short": {"backwards_tp": true,
           "delay_between_fills_minutes_close": 122.2851291676182,
           "delay_between_fills_minutes_entry": 1386.732061871949,
           "delay_weight_close": 31.08839252620389,
           "delay_weight_entry": 29.33663512020781,
           "ema_dist_close": -0.04948624052585571,
           "ema_dist_entry": -0.017451790413376876,
           "ema_span_0": 155.3632630122993,
           "ema_span_1": 873.7163020397558,
           "enabled": false,
           "markup_range": 0.046542590460364956,
           "min_markup": 0.0833760259570174,
           "n_close_orders": 13,
           "qty_pct_close": 0.36172159582823304,
           "qty_pct_entry": 0.861243477354919,
           "wallet_exposure_limit": 1.0,
           "we_multiplier_close": 8.01555062456738,
           "we_multiplier_entry": 39.40867644523473}}