{"config_name": "clock_0days",
 "long": {"backwards_tp": false,
          "delay_between_fills_minutes_close": 1334.0982591197323,
          "delay_between_fills_minutes_entry": 1252.9495033465498,
          "delay_weight_close": 70.49382705635125,
          "delay_weight_entry": 24.575981214201963,
          "ema_dist_close": -7.785590939462673e-05,
          "ema_dist_entry": -0.047876901349424926,
          "ema_span_0": 248.51609743159037,
          "ema_span_1": 1395.9610695781755,
          "enabled": true,
          "markup_range": 0.01074220887258897,
          "min_markup": 0.006954990325910746,
          "n_close_orders": 16,
          "qty_pct_close": 0.03889169966812338,
          "qty_pct_entry": 0.01,
          "wallet_exposure_limit": 0.2,
          "we_multiplier_close": 0.0693653946710757,
          "we_multiplier_entry": 83.3238754186203},
 "short": {"backwards_tp": false,
           "delay_between_fills_minutes_close": 451.0403856345041,
           "delay_between_fills_minutes_entry": 649.853922002182,
           "delay_weight_close": 37.70230925463449,
           "delay_weight_entry": 71.69395876406463,
           "ema_dist_close": -0.032675051477292834,
           "ema_dist_entry": 0.001249583548472613,
           "ema_span_0": 485.09727117747684,
           "ema_span_1": 1203.0271648239157,
           "enabled": false,
           "markup_range": 0.003839046333871463,
           "min_markup": 0.009104133177540524,
           "n_close_orders": 7,
           "qty_pct_close": 0.08019635317735593,
           "qty_pct_entry": 0.09377553601426677,
           "wallet_exposure_limit": 1.0,
           "we_multiplier_close": 71.45813123908897,
           "we_multiplier_entry": 75.7951226150497}}