{"config_name": "recursive_grid_0days",
 "logging_level": 0,
 "long": {"auto_unstuck_ema_dist": 0,
          "auto_unstuck_wallet_exposure_threshold": 0.0,
          "backwards_tp": true,
          "ddown_factor": 1.4842936672690423,
          "ema_span_0": 485.8714450271406,
          "ema_span_1": 670.5955274785817,
          "enabled": true,
          "initial_eprice_ema_dist": 0.0101314754225663,
          "initial_qty_pct": 0.013308272651010396,
          "markup_range": 0.006029347176879454,
          "min_markup": 0.00664826371254703,
          "n_close_orders": 2,
          "rentry_pprice_dist": 0.03588425077272738,
          "rentry_pprice_dist_wallet_exposure_weighting": 2.975203956917329,
          "wallet_exposure_limit": 0.3},
 "short": {"auto_unstuck_ema_dist": -0.04140858090339523,
           "auto_unstuck_wallet_exposure_threshold": 0.058904634658142496,
           "backwards_tp": true,
           "ddown_factor": 1.6752615737074588,
           "ema_span_0": 18.34408780891418,
           "ema_span_1": 187.9942793028299,
           "enabled": false,
           "initial_eprice_ema_dist": -0.0026170003149963844,
           "initial_qty_pct": 0.09473592002798067,
           "markup_range": 0.0009765604972570529,
           "min_markup": 0.00923313533809483,
           "n_close_orders": 10,
           "rentry_pprice_dist": 0.023911575879835834,
           "rentry_pprice_dist_wallet_exposure_weighting": 15.773159234458037,
           "wallet_exposure_limit": 1}}