{"config_name": "neat_grid_0days",
 "logging_level": 0,
 "long": {"auto_unstuck_ema_dist": 0.003,
          "auto_unstuck_wallet_exposure_threshold": 0.03,
          "backwards_tp": false,
          "ema_span_0": 693.2276701414846,
          "ema_span_1": 837.7178315066722,
          "enabled": true,
          "eprice_exp_base": 1.2,
          "eqty_exp_base": 1.8873289060187184,
          "grid_span": 0.21214239323479822,
          "initial_eprice_ema_dist": -0.004794476119943961,
          "initial_qty_pct": 0.01,
          "markup_range": 0.004786443651110822,
          "max_n_entry_orders": 14,
          "min_markup": 0.004275,
          "n_close_orders": 1,
          "wallet_exposure_limit": 0.2},
 "short": {"auto_unstuck_ema_dist": -0.015194760531546225,
           "auto_unstuck_wallet_exposure_threshold": 0.050674774087766564,
           "backwards_tp": false,
           "ema_span_0": 1063.8670431100402,
           "ema_span_1": 1270.6682809482334,
           "enabled": false,
           "eprice_exp_base": 1.8233461969868408,
           "eqty_exp_base": 3.3050042144638363,
           "grid_span": 0.6132662033157071,
           "initial_eprice_ema_dist": -0.013176586880894861,
           "initial_qty_pct": 0.07903396577786677,
           "markup_range": 0.022958462922807468,
           "max_n_entry_orders": 11,
           "min_markup": 0.0017538991426381617,
           "n_close_orders": 15,
           "wallet_exposure_limit": 1.0}}