{"config_name": "clock_0days",
 "long": {"backwards_tp": true,
          "delay_between_fills_minutes_close": 456.54156867742546,
          "delay_between_fills_minutes_entry": 382.68554457935414,
          "delay_weight_close": 46.83779866216659,
          "delay_weight_entry": 27.37895020107448,
          "ema_dist_close": -0.05387820872874896,
          "ema_dist_entry": 0.009446248706274973,
          "ema_span_0": 396.0297483947401,
          "ema_span_1": 421.65012560342745,
          "enabled": true,
          "markup_range": 0.025087790104623878,
          "min_markup": 0.00958051733811702,
          "n_close_orders": 9,
          "qty_pct_close": 0.016357862530827633,
          "qty_pct_entry": 0.01961277487587458,
          "wallet_exposure_limit": 0.3,
          "we_multiplier_close": 133.53211993202342,
          "we_multiplier_entry": 90.00845102925517},
 "short": {"backwards_tp": true,
           "delay_between_fills_minutes_close": 140.27146711983985,
           "delay_between_fills_minutes_entry": 1141.8254204503246,
           "delay_weight_close": 55.44972994960563,
           "delay_weight_entry": 49.267735908993835,
           "ema_dist_close": -0.025518391118737483,
           "ema_dist_entry": -0.013243081198202208,
           "ema_span_0": 299.34004752470486,
           "ema_span_1": 150.04295603115045,
           "enabled": false,
           "markup_range": 0.09198004197418579,
           "min_markup": 0.0873414066167989,
           "n_close_orders": 14,
           "qty_pct_close": 0.9825069994351617,
           "qty_pct_entry": 0.9786546288826713,
           "wallet_exposure_limit": 1.0,
           "we_multiplier_close": 3.308022229625754,
           "we_multiplier_entry": 41.84771135251935}}