{"config_name": "clock_0days",
 "long": {"backwards_tp": false,
          "delay_between_fills_minutes_close": 842.5859092533561,
          "delay_between_fills_minutes_entry": 625.5219070833693,
          "delay_weight_close": 42.14382395407621,
          "delay_weight_entry": 28.183824498816417,
          "ema_dist_close": -0.0035900664128857025,
          "ema_dist_entry": -0.004860598508752708,
          "ema_span_0": 833.1371762545065,
          "ema_span_1": 1388.0592090376767,
          "enabled": true,
          "markup_range": 0.03411491873063748,
          "min_markup": 0.0034212472963866926,
          "n_close_orders": 15,
          "qty_pct_close": 0.09387577626981441,
          "qty_pct_entry": 0.01,
          "wallet_exposure_limit": 1,
          "we_multiplier_close": 0.4179985007898326,
          "we_multiplier_entry": 92.641542111378},
 "short": {"backwards_tp": false,
           "delay_between_fills_minutes_close": 1369.2124500094199,
           "delay_between_fills_minutes_entry": 53.057343689450605,
           "delay_weight_close": 96.04819163496914,
           "delay_weight_entry": 85.62211894241841,
           "ema_dist_close": -0.027486640803588355,
           "ema_dist_entry": -0.009812788261559874,
           "ema_span_0": 1375.6502384530618,
           "ema_span_1": 1202.5538589483458,
           "enabled": false,
           "markup_range": 0.021678431717092793,
           "min_markup": 0.006186027450596741,
           "n_close_orders": 13,
           "qty_pct_close": 0.02186753502011031,
           "qty_pct_entry": 0.018405118335552646,
           "wallet_exposure_limit": 1,
           "we_multiplier_close": 55.097952077752886,
           "we_multiplier_entry": 92.42481584761033}}