{"config_name": "recursive_grid_0days",
 "logging_level": 0,
 "long": {"auto_unstuck_ema_dist": 0.0018334278427336271,
          "auto_unstuck_wallet_exposure_threshold": 0.07216945207312321,
          "backwards_tp": true,
          "ddown_factor": 1.0496782642497358,
          "ema_span_0": 376.56392219493785,
          "ema_span_1": 1117.2670582005092,
          "enabled": true,
          "initial_eprice_ema_dist": -0.06257600101733425,
          "initial_qty_pct": 0.01,
          "markup_range": 0.002297658275923423,
          "min_markup": 0.0027451953135517416,
          "n_close_orders": 13,
          "rentry_pprice_dist": 0.016345248781139247,
          "rentry_pprice_dist_wallet_exposure_weighting": 4.8342207426077,
          "wallet_exposure_limit": 0.3},
 "short": {"auto_unstuck_ema_dist": -0.02302623030226393,
           "auto_unstuck_wallet_exposure_threshold": 0.09343420227392953,
           "backwards_tp": true,
           "ddown_factor": 0.7592787656284493,
           "ema_span_0": 102.81247430817879,
           "ema_span_1": 1082.7930806152112,
           "enabled": false,
           "initial_eprice_ema_dist": -0.00048213854443542037,
           "initial_qty_pct": 0.09155235784075234,
           "markup_range": 0.015120488531067093,
           "min_markup": 0.006453660365740838,
           "n_close_orders": 6,
           "rentry_pprice_dist": 0.04030772838768797,
           "rentry_pprice_dist_wallet_exposure_weighting": 32.19440600793517,
           "wallet_exposure_limit": 1.0}}