{"config_name": "recursive_grid_0days",
 "logging_level": 0,
 "long": {"auto_unstuck_ema_dist": 0.0035956412510788414,
          "auto_unstuck_wallet_exposure_threshold": 0.05442624915521192,
          "backwards_tp": true,
          "ddown_factor": 1.7015052283943757,
          "ema_span_0": 31.887823305748825,
          "ema_span_1": 209.8792565604056,
          "enabled": true,
          "initial_eprice_ema_dist": -0.061187096423569724,
          "initial_qty_pct": 0.012383145734472932,
          "markup_range": 0.0032264855342138757,
          "min_markup": 0.0036915931321926153,
          "n_close_orders": 2,
          "rentry_pprice_dist": 0.016484314139011663,
          "rentry_pprice_dist_wallet_exposure_weighting": 3.0158760255977946,
          "wallet_exposure_limit": 0.3},
 "short": {"auto_unstuck_ema_dist": -0.09751690472901509,
           "auto_unstuck_wallet_exposure_threshold": 0.09908091215538391,
           "backwards_tp": true,
           "ddown_factor": 0.9512563752686646,
           "ema_span_0": 125.85989715986771,
           "ema_span_1": 360.3765660599887,
           "enabled": false,
           "initial_eprice_ema_dist": -0.08853011962519904,
           "initial_qty_pct": 0.021963854708769156,
           "markup_range": 0.047973518811254494,
           "min_markup": 0.003515786359420908,
           "n_close_orders": 7,
           "rentry_pprice_dist": 0.03108558417655773,
           "rentry_pprice_dist_wallet_exposure_weighting": 14.365139748860791,
           "wallet_exposure_limit": 1.0}}