{"config_name": "clock_0days",
 "long": {"backwards_tp": true,
          "delay_between_fills_minutes_close": 444.0829025556861,
          "delay_between_fills_minutes_entry": 263.15600389508694,
          "delay_weight_close": 90.0820371807834,
          "delay_weight_entry": 13.693702631200317,
          "ema_dist_close": -0.14557864120585662,
          "ema_dist_entry": 0.006694084161251069,
          "ema_span_0": 243.38064846658042,
          "ema_span_1": 232.71325776088275,
          "enabled": true,
          "markup_range": 0.012251394678674553,
          "min_markup": 0.007350436137791964,
          "n_close_orders": 6,
          "qty_pct_close": 0.011765329677675893,
          "qty_pct_entry": 0.01060158755908696,
          "wallet_exposure_limit": 0.3,
          "we_multiplier_close": 10.05553135988785,
          "we_multiplier_entry": 92.6030078272884},
 "short": {"backwards_tp": true,
           "delay_between_fills_minutes_close": 68.09513268773176,
           "delay_between_fills_minutes_entry": 1223.9494288028798,
           "delay_weight_close": 50.164122162145276,
           "delay_weight_entry": 10.11454971199317,
           "ema_dist_close": -0.0127547887817209,
           "ema_dist_entry": 3.181248071659065e-05,
           "ema_span_0": 421.82994818889233,
           "ema_span_1": 529.63243081889,
           "enabled": false,
           "markup_range": 0.03601434141751413,
           "min_markup": 0.08088363880415947,
           "n_close_orders": 4,
           "qty_pct_close": 0.10118773121225612,
           "qty_pct_entry": 0.8415253033110438,
           "wallet_exposure_limit": 1.0,
           "we_multiplier_close": 7.021020169577731,
           "we_multiplier_entry": 74.98942866162562}}