{"config_name": "neat_grid_0days",
 "logging_level": 0,
 "long": {"auto_unstuck_ema_dist": 0,
          "auto_unstuck_wallet_exposure_threshold": 0,
          "backwards_tp": true,
          "ema_span_0": 243.83174024908,
          "ema_span_1": 2354.73304635788,
          "enabled": true,
          "eprice_exp_base": 1.509333382956657,
          "eqty_exp_base": 2.1604168211288575,
          "grid_span": 0.1134887922797675,
          "initial_eprice_ema_dist": 0,
          "initial_qty_pct": 0.01,
          "markup_range": 0.001961601169714999,
          "max_n_entry_orders": 5,
          "min_markup": 0.002,
          "n_close_orders": 10,
          "wallet_exposure_limit": 1},
 "short": {"auto_unstuck_ema_dist": 0,
           "auto_unstuck_wallet_exposure_threshold": 0,
           "backwards_tp": true,
           "ema_span_0": 508.42857775155016,
           "ema_span_1": 941.5276797052172,
           "enabled": true,
           "eprice_exp_base": 1.2251515115107237,
           "eqty_exp_base": 2.447860939403711,
           "grid_span": 0.29345675742661004,
           "initial_eprice_ema_dist": -0.020082051701243053,
           "initial_qty_pct": 0.01,
           "markup_range": 0.00866690522362787,
           "max_n_entry_orders": 7,
           "min_markup": 0.008663446389266919,
           "n_close_orders": 8,
           "wallet_exposure_limit": 0.15342428316489223}}