{"config_name": "recursive_grid_0days",
 "logging_level": 0,
 "long": {"auto_unstuck_ema_dist": 0,
          "auto_unstuck_wallet_exposure_threshold": 0.0,
          "backwards_tp": false,
          "ddown_factor": 1.0213053998897095,
          "ema_span_0": 357.30686796175195,
          "ema_span_1": 866.9618581053311,
          "enabled": true,
          "initial_eprice_ema_dist": -0.017842221253155738,
          "initial_qty_pct": 0.0026676163673211867,
          "markup_range": 0.05051399241969868,
          "min_markup": 0.01014138482246721,
          "n_close_orders": 8,
          "rentry_pprice_dist": 0.025850804754184026,
          "rentry_pprice_dist_wallet_exposure_weighting": 2.3240086712747465,
          "wallet_exposure_limit": 0.2},
 "short": {"auto_unstuck_ema_dist": -0.06197294669714023,
           "auto_unstuck_wallet_exposure_threshold": 0.07892198267340786,
           "backwards_tp": false,
           "ddown_factor": 1.6726365098600733,
           "ema_span_0": 762.2608140589525,
           "ema_span_1": 1428.0665915322286,
           "enabled": false,
           "initial_eprice_ema_dist": -0.00845636858480553,
           "initial_qty_pct": 0.08779125762192971,
           "markup_range": 0.007612618642150628,
           "min_markup": 0.009468851467788374,
           "n_close_orders": 12,
           "rentry_pprice_dist": 0.027401995955618597,
           "rentry_pprice_dist_wallet_exposure_weighting": 15.907280652841733,
           "wallet_exposure_limit": 1.0}}