{"config_name": "recursive_grid_0days",
 "logging_level": 0,
 "long": {"auto_unstuck_ema_dist": 0.0,
          "auto_unstuck_wallet_exposure_threshold": 0.0,
          "backwards_tp": true,
          "ddown_factor": 2.417964806089818,
          "ema_span_0": 108.98126691524809,
          "ema_span_1": 696.3842532884321,
          "enabled": true,
          "initial_eprice_ema_dist": 0.011477522552536507,
          "initial_qty_pct": 0.029693350045217247,
          "markup_range": 0.0018875524227829387,
          "min_markup": 0.01,
          "n_close_orders": 9,
          "rentry_pprice_dist": 0.03624778992367902,
          "rentry_pprice_dist_wallet_exposure_weighting": 0.5822880068130828,
          "wallet_exposure_limit": 0.3},
 "short": {"auto_unstuck_ema_dist": -0.04275298682934335,
           "auto_unstuck_wallet_exposure_threshold": 0.07332380506277755,
           "backwards_tp": true,
           "ddown_factor": 0.12218425487813046,
           "ema_span_0": 1035.6873218950236,
           "ema_span_1": 1438.7025163439116,
           "enabled": false,
           "initial_eprice_ema_dist": -0.0435300208737808,
           "initial_qty_pct": 0.02082123927974009,
           "markup_range": 0.0019270434425971308,
           "min_markup": 0.005998070129040992,
           "n_close_orders": 6,
           "rentry_pprice_dist": 0.041120105013963945,
           "rentry_pprice_dist_wallet_exposure_weighting": 7.372091149187605,
           "wallet_exposure_limit": 1}}