{"config_name": "recursive_grid_0days",
 "logging_level": 0,
 "long": {"auto_unstuck_ema_dist": 0.003977785959297524,
          "auto_unstuck_wallet_exposure_threshold": 0.09688094989625477,
          "backwards_tp": true,
          "ddown_factor": 2.5974428362779323,
          "ema_span_0": 148.9205868995966,
          "ema_span_1": 1440,
          "enabled": true,
          "initial_eprice_ema_dist": 0.01637117502713716,
          "initial_qty_pct": 0.1,
          "markup_range": 0.023510114826448717,
          "min_markup": 0.009775467981013938,
          "n_close_orders": 11,
          "rentry_pprice_dist": 0.031131926533566744,
          "rentry_pprice_dist_wallet_exposure_weighting": 2.9588679974074337,
          "wallet_exposure_limit": 0.3},
 "short": {"auto_unstuck_ema_dist": -0.03603406900292851,
           "auto_unstuck_wallet_exposure_threshold": 0.044525297904788506,
           "backwards_tp": true,
           "ddown_factor": 2.028603213708982,
           "ema_span_0": 366.7936188460858,
           "ema_span_1": 924.9281494761914,
           "enabled": false,
           "initial_eprice_ema_dist": -0.033675985725857394,
           "initial_qty_pct": 0.02948567830263147,
           "markup_range": 0.034895022888709853,
           "min_markup": 0.009134702023694995,
           "n_close_orders": 10,
           "rentry_pprice_dist": 0.022145304954350194,
           "rentry_pprice_dist_wallet_exposure_weighting": 2.675222813529965,
           "wallet_exposure_limit": 1.0}}