{"config_name": "neat_grid_0days",
 "logging_level": 0,
 "long": {"auto_unstuck_ema_dist": 0.04510409815830848,
          "auto_unstuck_wallet_exposure_threshold": 0.08313008663012655,
          "backwards_tp": true,
          "ema_span_0": 822.7586880966178,
          "ema_span_1": 456.9230703447414,
          "enabled": true,
          "eprice_exp_base": 1.1379491035208205,
          "eqty_exp_base": 2.127523251432626,
          "grid_span": 0.10336253739373578,
          "initial_eprice_ema_dist": -0.0027852962501098586,
          "initial_qty_pct": 0.01,
          "markup_range": 0.0011358940310492041,
          "max_n_entry_orders": 7,
          "min_markup": 0.003,
          "n_close_orders": 8,
          "wallet_exposure_limit": 0.1},
 "short": {"auto_unstuck_ema_dist": 0.07260952312174201,
           "auto_unstuck_wallet_exposure_threshold": 0.00042414583281614267,
           "backwards_tp": true,
           "ema_span_0": 1482.1274177724401,
           "ema_span_1": 373.4537371932341,
           "enabled": true,
           "eprice_exp_base": 1.315455788928968,
           "eqty_exp_base": 2.926941370754887,
           "grid_span": 0.46769469406014486,
           "initial_eprice_ema_dist": -0.03873557763185942,
           "initial_qty_pct": 0.01,
           "markup_range": 0.0018308552676917094,
           "max_n_entry_orders": 8,
           "min_markup": 0.002,
           "n_close_orders": 16,
           "wallet_exposure_limit": 0.1}}