{"config_name": "clock_0days",
 "long": {"backwards_tp": true,
          "delay_between_fills_minutes_close": 382.13623566185265,
          "delay_between_fills_minutes_entry": 455.4463609955645,
          "delay_weight_close": 87.17779196530009,
          "delay_weight_entry": 20.941873331228546,
          "ema_dist_close": -0.7305939383276562,
          "ema_dist_entry": -0.9109457063789441,
          "ema_span_0": 800.3345474805819,
          "ema_span_1": 322.7678672793549,
          "enabled": true,
          "markup_range": 0.013067634856112545,
          "min_markup": 0.0062406418695363135,
          "n_close_orders": 7,
          "qty_pct_close": 0.011487478227682313,
          "qty_pct_entry": 0.01557393454561929,
          "wallet_exposure_limit": 0.3,
          "we_multiplier_close": 3.045236722853644,
          "we_multiplier_entry": 143.8153228270841},
 "short": {"backwards_tp": true,
           "delay_between_fills_minutes_close": 1.0861387037434336,
           "delay_between_fills_minutes_entry": 961.9003967437856,
           "delay_weight_close": 99.82802904440483,
           "delay_weight_entry": 7.793915437614862,
           "ema_dist_close": -0.043747090658963504,
           "ema_dist_entry": -0.03835538524957109,
           "ema_span_0": 639.9968038411713,
           "ema_span_1": 1253.0429796085452,
           "enabled": false,
           "markup_range": 0.013694395664155602,
           "min_markup": 0.04921857440673122,
           "n_close_orders": 10,
           "qty_pct_close": 0.26199601851265725,
           "qty_pct_entry": 0.6467620641578431,
           "wallet_exposure_limit": 1.0,
           "we_multiplier_close": 1.6817310748042047,
           "we_multiplier_entry": 54.07937918360037}}