{"config_name": "recursive_grid_0days",
 "logging_level": 0,
 "long": {"auto_unstuck_ema_dist": 0,
          "auto_unstuck_wallet_exposure_threshold": 0.0,
          "backwards_tp": false,
          "ddown_factor": 0.6565845159912203,
          "ema_span_0": 550.8524558267818,
          "ema_span_1": 241.46314844295085,
          "enabled": true,
          "initial_eprice_ema_dist": -0.07808802941820613,
          "initial_qty_pct": 0.0028393162586424405,
          "markup_range": 0.05194863386166659,
          "min_markup": 0.010561194433435443,
          "n_close_orders": 2,
          "rentry_pprice_dist": 0.03176118878265212,
          "rentry_pprice_dist_wallet_exposure_weighting": 0.9175352566405067,
          "wallet_exposure_limit": 1},
 "short": {"auto_unstuck_ema_dist": -0.07591308612384058,
           "auto_unstuck_wallet_exposure_threshold": 0.08567609119176603,
           "backwards_tp": false,
           "ddown_factor": 1.8573099673810427,
           "ema_span_0": 1161.277078420113,
           "ema_span_1": 467.53478171814663,
           "enabled": false,
           "initial_eprice_ema_dist": -0.07424697184167424,
           "initial_qty_pct": 0.018062108915479245,
           "markup_range": 0.00011663011832754977,
           "min_markup": 0.0040177753169532045,
           "n_close_orders": 8,
           "rentry_pprice_dist": 0.01819153377896166,
           "rentry_pprice_dist_wallet_exposure_weighting": 19.430231361393368,
           "wallet_exposure_limit": 1.0}}