{"config_name": "recursive_grid_0days",
 "logging_level": 0,
 "long": {"auto_unstuck_ema_dist": 0.0025,
          "auto_unstuck_wallet_exposure_threshold": 0.025,
          "backwards_tp": false,
          "ddown_factor": 2.1429,
          "ema_span_0": 336.41689141646805,
          "ema_span_1": 499.3611465611351,
          "enabled": true,
          "initial_eprice_ema_dist": -0.08130569252405456,
          "initial_qty_pct": 0.0031893,
          "markup_range": 0.028078,
          "min_markup": 0.005709,
          "n_close_orders": 5,
          "rentry_pprice_dist": 0.018515,
          "rentry_pprice_dist_wallet_exposure_weighting": 2.1199,
          "wallet_exposure_limit": 1},
 "short": {"auto_unstuck_ema_dist": -0.035178482095166844,
           "auto_unstuck_wallet_exposure_threshold": 0.07159966613138333,
           "backwards_tp": false,
           "ddown_factor": 1.614280690351749,
           "ema_span_0": 569.7792613992624,
           "ema_span_1": 462.1856708092363,
           "enabled": false,
           "initial_eprice_ema_dist": -0.005658748987010492,
           "initial_qty_pct": 0.07767662247694924,
           "markup_range": 0.031552503682862866,
           "min_markup": 0.002021003711446667,
           "n_close_orders": 10,
           "rentry_pprice_dist": 0.0390055399243157,
           "rentry_pprice_dist_wallet_exposure_weighting": 5.559141315838982,
           "wallet_exposure_limit": 1}}