{"config_name": "recursive_grid_0days",
 "logging_level": 0,
 "long": {"auto_unstuck_ema_dist": 0,
          "auto_unstuck_wallet_exposure_threshold": 0.06469404832023104,
          "backwards_tp": true,
          "ddown_factor": 1.619972006913562,
          "ema_span_0": 368.071357612123,
          "ema_span_1": 1178.085261270452,
          "enabled": true,
          "initial_eprice_ema_dist": 0.0127818842226127,
          "initial_qty_pct": 0.025329258838526228,
          "markup_range": 0.004168395743075353,
          "min_markup": 0.008680278680595906,
          "n_close_orders": 5,
          "rentry_pprice_dist": 0.030113864668719202,
          "rentry_pprice_dist_wallet_exposure_weighting": 3.1769242162607503,
          "wallet_exposure_limit": 0.3},
 "short": {"auto_unstuck_ema_dist": -0.0023189542602381347,
           "auto_unstuck_wallet_exposure_threshold": 0.05778639641072053,
           "backwards_tp": true,
           "ddown_factor": 2.235367237137099,
           "ema_span_0": 394.3779885626834,
           "ema_span_1": 928.8654143736192,
           "enabled": false,
           "initial_eprice_ema_dist": -0.028283298778720545,
           "initial_qty_pct": 0.07204884318288324,
           "markup_range": 0.045526841510700786,
           "min_markup": 0.0064144834674294765,
           "n_close_orders": 2,
           "rentry_pprice_dist": 0.01924617680679349,
           "rentry_pprice_dist_wallet_exposure_weighting": 13.261474567836744,
           "wallet_exposure_limit": 1.0}}