{"config_name": "recursive_grid_0days",
 "logging_level": 0,
 "long": {"auto_unstuck_ema_dist": 0.004747213013923172,
          "auto_unstuck_wallet_exposure_threshold": 0.05374483204895456,
          "backwards_tp": true,
          "ddown_factor": 1.0758195448075156,
          "ema_span_0": 230.66259030818748,
          "ema_span_1": 482.9363483513012,
          "enabled": true,
          "initial_eprice_ema_dist": 0.012786395686603079,
          "initial_qty_pct": 0.030877247702205148,
          "markup_range": 0.014502150174212518,
          "min_markup": 0.007338992652609354,
          "n_close_orders": 13,
          "rentry_pprice_dist": 0.026030556340434066,
          "rentry_pprice_dist_wallet_exposure_weighting": 4.242189767406131,
          "wallet_exposure_limit": 0.3},
 "short": {"auto_unstuck_ema_dist": -0.09397639627870201,
           "auto_unstuck_wallet_exposure_threshold": 0.09663957042908845,
           "backwards_tp": true,
           "ddown_factor": 0.13685216400019348,
           "ema_span_0": 331.15682134044795,
           "ema_span_1": 398.6644513680665,
           "enabled": false,
           "initial_eprice_ema_dist": -0.0025267243226007735,
           "initial_qty_pct": 0.013338695405066577,
           "markup_range": 0.05295374156497412,
           "min_markup": 0.00949091966985217,
           "n_close_orders": 12,
           "rentry_pprice_dist": 0.034569375676821903,
           "rentry_pprice_dist_wallet_exposure_weighting": 39.61258885879949,
           "wallet_exposure_limit": 1.0}}