{"config_name": "recursive_grid_0days",
 "logging_level": 0,
 "long": {"auto_unstuck_ema_dist": 0,
          "auto_unstuck_wallet_exposure_threshold": 0.0,
          "backwards_tp": false,
          "ddown_factor": 0.720117520134811,
          "ema_span_0": 134.66618803804042,
          "ema_span_1": 101.47150509212301,
          "enabled": true,
          "initial_eprice_ema_dist": -0.01796290589890204,
          "initial_qty_pct": 0.002898392211251858,
          "markup_range": 0.01233816480727424,
          "min_markup": 0.007347266135588228,
          "n_close_orders": 6,
          "rentry_pprice_dist": 0.016899174776768475,
          "rentry_pprice_dist_wallet_exposure_weighting": 1.5770450850161404,
          "wallet_exposure_limit": 0.2},
 "short": {"auto_unstuck_ema_dist": -0.09737102597838314,
           "auto_unstuck_wallet_exposure_threshold": 0.03830624215401705,
           "backwards_tp": false,
           "ddown_factor": 2.2289902093836322,
           "ema_span_0": 850.0520186849192,
           "ema_span_1": 1039.9380362468269,
           "enabled": false,
           "initial_eprice_ema_dist": -0.052629960975478896,
           "initial_qty_pct": 0.06221315489938255,
           "markup_range": 0.008402677716907725,
           "min_markup": 0.0010510092085127408,
           "n_close_orders": 3,
           "rentry_pprice_dist": 0.037282587372371716,
           "rentry_pprice_dist_wallet_exposure_weighting": 12.11784859480391,
           "wallet_exposure_limit": 1}}