{"config_name": "recursive_grid_0days",
 "logging_level": 0,
 "long": {"auto_unstuck_ema_dist": 0,
          "auto_unstuck_wallet_exposure_threshold": 0.0,
          "backwards_tp": false,
          "ddown_factor": 2.090460748879032,
          "ema_span_0": 300.3932708800504,
          "ema_span_1": 544.5104913181673,
          "enabled": true,
          "initial_eprice_ema_dist": -0.09137904445160591,
          "initial_qty_pct": 0.006895632527942814,
          "markup_range": 0.02196725287088654,
          "min_markup": 0.003088688603322894,
          "n_close_orders": 15,
          "rentry_pprice_dist": 0.03173390173410575,
          "rentry_pprice_dist_wallet_exposure_weighting": 3.96521367692527,
          "wallet_exposure_limit": 0.2},
 "short": {"auto_unstuck_ema_dist": -0.04248748983795826,
           "auto_unstuck_wallet_exposure_threshold": 0.09728595659984009,
           "backwards_tp": false,
           "ddown_factor": 2.2109611887783163,
           "ema_span_0": 438.0070886512628,
           "ema_span_1": 1191.5830607495964,
           "enabled": false,
           "initial_eprice_ema_dist": -0.03864841100587678,
           "initial_qty_pct": 0.02284135753443242,
           "markup_range": 0.006966823730400122,
           "min_markup": 0.0010453033158722249,
           "n_close_orders": 14,
           "rentry_pprice_dist": 0.04766221551504004,
           "rentry_pprice_dist_wallet_exposure_weighting": 14.211647040104756,
           "wallet_exposure_limit": 1.0}}