{"config_name": "recursive_grid_0days",
 "logging_level": 0,
 "long": {"auto_unstuck_ema_dist": 0.0010575829182174563,
          "auto_unstuck_wallet_exposure_threshold": 0.04091327422822824,
          "backwards_tp": true,
          "ddown_factor": 2.6067799255597075,
          "ema_span_0": 930.9070058918625,
          "ema_span_1": 950.2044005344835,
          "enabled": true,
          "initial_eprice_ema_dist": -0.09204179734161778,
          "initial_qty_pct": 0.03379880437609987,
          "markup_range": 0.0011489198301318372,
          "min_markup": 0.005,
          "n_close_orders": 11,
          "rentry_pprice_dist": 0.04846014881272912,
          "rentry_pprice_dist_wallet_exposure_weighting": 0.09409702950712813,
          "wallet_exposure_limit": 0.1},
 "short": {"auto_unstuck_ema_dist": 0.06906216685281587,
           "auto_unstuck_wallet_exposure_threshold": 0.034492125362275625,
           "backwards_tp": true,
           "ddown_factor": 1.970963178730897,
           "ema_span_0": 1395.1562655181474,
           "ema_span_1": 1446.8330967742368,
           "enabled": true,
           "initial_eprice_ema_dist": -0.018141382981626764,
           "initial_qty_pct": 0.010066990668437676,
           "markup_range": 0.001945378000243926,
           "min_markup": 0.005,
           "n_close_orders": 14,
           "rentry_pprice_dist": 0.03742126167280288,
           "rentry_pprice_dist_wallet_exposure_weighting": 18.000377716006813,
           "wallet_exposure_limit": 0.1}}