{"config_name": "recursive_grid_0days",
 "logging_level": 0,
 "long": {"auto_unstuck_ema_dist": 0,
          "auto_unstuck_wallet_exposure_threshold": 0.08813008682893331,
          "backwards_tp": true,
          "ddown_factor": 1.8463480679958464,
          "ema_span_0": 600.3672234881952,
          "ema_span_1": 1340.0173925465501,
          "enabled": true,
          "initial_eprice_ema_dist": 0.005760732970292856,
          "initial_qty_pct": 0.024001938573731438,
          "markup_range": 0.003798382632295203,
          "min_markup": 0.002436694453739988,
          "n_close_orders": 2,
          "rentry_pprice_dist": 0.02465399366491767,
          "rentry_pprice_dist_wallet_exposure_weighting": 0.8928399450750562,
          "wallet_exposure_limit": 0.3},
 "short": {"auto_unstuck_ema_dist": -0.07174451253160223,
           "auto_unstuck_wallet_exposure_threshold": 0.053893855691233075,
           "backwards_tp": true,
           "ddown_factor": 1.4009583224162672,
           "ema_span_0": 1158.3223132893163,
           "ema_span_1": 492.62899746395783,
           "enabled": false,
           "initial_eprice_ema_dist": -0.04603960002573795,
           "initial_qty_pct": 0.05752496816613936,
           "markup_range": 0.026151133003861873,
           "min_markup": 0.008132555105921872,
           "n_close_orders": 9,
           "rentry_pprice_dist": 0.04646266967830996,
           "rentry_pprice_dist_wallet_exposure_weighting": 19.541458156107304,
           "wallet_exposure_limit": 1.0}}