{"config_name": "recursive_grid_0days",
 "logging_level": 0,
 "long": {"auto_unstuck_ema_dist": 0.003044564862005228,
          "auto_unstuck_wallet_exposure_threshold": 0.061125766520993,
          "backwards_tp": true,
          "ddown_factor": 3,
          "ema_span_0": 477.26366090515836,
          "ema_span_1": 939.260738740421,
          "enabled": true,
          "initial_eprice_ema_dist": -0.09634077692315647,
          "initial_qty_pct": 0.014176998872504865,
          "markup_range": 0.003441879375411539,
          "min_markup": 0.002258304766591782,
          "n_close_orders": 15,
          "rentry_pprice_dist": 0.029359437389574736,
          "rentry_pprice_dist_wallet_exposure_weighting": 0.0,
          "wallet_exposure_limit": 0.3},
 "short": {"auto_unstuck_ema_dist": -0.08102677599567928,
           "auto_unstuck_wallet_exposure_threshold": 0.046950445083203465,
           "backwards_tp": true,
           "ddown_factor": 0.9909562051477769,
           "ema_span_0": 56.6987004154384,
           "ema_span_1": 955.6181771839565,
           "enabled": false,
           "initial_eprice_ema_dist": 0.005653552351761154,
           "initial_qty_pct": 0.03284424628957055,
           "markup_range": 0.05182382750883288,
           "min_markup": 0.004457660517749227,
           "n_close_orders": 5,
           "rentry_pprice_dist": 0.02926433134067997,
           "rentry_pprice_dist_wallet_exposure_weighting": 26.539243441203,
           "wallet_exposure_limit": 1.0}}