{"config_name": "clock_0days",
 "long": {"backwards_tp": true,
          "delay_between_fills_minutes_close": 453.119275163048,
          "delay_between_fills_minutes_entry": 421.8795029573319,
          "delay_weight_close": 110.90208890439175,
          "delay_weight_entry": 17.146970015938116,
          "ema_dist_close": -0.0009881952941890315,
          "ema_dist_entry": 0.0005907668534221536,
          "ema_span_0": 572.7151796683448,
          "ema_span_1": 602.0528136357717,
          "enabled": true,
          "markup_range": 0.02320698628873348,
          "min_markup": 0.003610109690443485,
          "n_close_orders": 4,
          "qty_pct_close": 0.018829808468971886,
          "qty_pct_entry": 0.010190766312838233,
          "wallet_exposure_limit": 0.3,
          "we_multiplier_close": 16.811001719672113,
          "we_multiplier_entry": 101.50185293784338},
 "short": {"backwards_tp": true,
           "delay_between_fills_minutes_close": 1279.0288646957572,
           "delay_between_fills_minutes_entry": 267.89809858056265,
           "delay_weight_close": 19.17828439790048,
           "delay_weight_entry": 69.44000285522604,
           "ema_dist_close": -0.04691316305980175,
           "ema_dist_entry": 0.0023210415468374324,
           "ema_span_0": 184.90675610848194,
           "ema_span_1": 349.4272651133172,
           "enabled": false,
           "markup_range": 0.0007258748896937583,
           "min_markup": 0.005366010352959646,
           "n_close_orders": 12,
           "qty_pct_close": 0.04595955825232893,
           "qty_pct_entry": 0.026783428557940997,
           "wallet_exposure_limit": 1.0,
           "we_multiplier_close": 38.49578955138816,
           "we_multiplier_entry": 86.79042045488319}}