{"config_name": "recursive_grid_0days",
 "logging_level": 0,
 "long": {"auto_unstuck_ema_dist": 0,
          "auto_unstuck_wallet_exposure_threshold": 0.0,
          "backwards_tp": true,
          "ddown_factor": 1.6022401645056434,
          "ema_span_0": 852.0782784710352,
          "ema_span_1": 843.4639098045989,
          "enabled": true,
          "initial_eprice_ema_dist": -0.021663954194356506,
          "initial_qty_pct": 0.005900990141030767,
          "markup_range": 0.009967753161132055,
          "min_markup": 0.008998606322520978,
          "n_close_orders": 1,
          "rentry_pprice_dist": 0.03316247800332271,
          "rentry_pprice_dist_wallet_exposure_weighting": 0.897343166530659,
          "wallet_exposure_limit": 0.2},
 "short": {"auto_unstuck_ema_dist": -0.004117831410523146,
           "auto_unstuck_wallet_exposure_threshold": 0.0828442175356301,
           "backwards_tp": true,
           "ddown_factor": 2.187627940447685,
           "ema_span_0": 684.4814263211908,
           "ema_span_1": 364.7771554942236,
           "enabled": false,
           "initial_eprice_ema_dist": -0.09653009109501243,
           "initial_qty_pct": 0.08099327002338517,
           "markup_range": 0.014121287345280793,
           "min_markup": 0.0042109874683187425,
           "n_close_orders": 15,
           "rentry_pprice_dist": 0.049943902466798584,
           "rentry_pprice_dist_wallet_exposure_weighting": 6.086346033807468,
           "wallet_exposure_limit": 1.0}}