{"config_name": "clock_0days",
 "long": {"backwards_tp": true,
          "delay_between_fills_minutes_close": 448.5733305558353,
          "delay_between_fills_minutes_entry": 360.67293361721215,
          "delay_weight_close": 113.00118342228228,
          "delay_weight_entry": 37.54621820105839,
          "ema_dist_close": -0.532004536691248,
          "ema_dist_entry": 0.01,
          "ema_span_0": 13.659092289275149,
          "ema_span_1": 20.768880021606076,
          "enabled": true,
          "markup_range": 0.017961249053894183,
          "min_markup": 0.009993047931659954,
          "n_close_orders": 2,
          "qty_pct_close": 0.01,
          "qty_pct_entry": 0.01,
          "wallet_exposure_limit": 0.3,
          "we_multiplier_close": 15.481960188282113,
          "we_multiplier_entry": 138.5819571574318},
 "short": {"backwards_tp": true,
           "delay_between_fills_minutes_close": 65.43057099383381,
           "delay_between_fills_minutes_entry": 1422.1591906441388,
           "delay_weight_close": 91.6258490052232,
           "delay_weight_entry": 93.56559914222635,
           "ema_dist_close": -0.015161943793666616,
           "ema_dist_entry": -0.045185971431517064,
           "ema_span_0": 350.35444397645125,
           "ema_span_1": 343.629549695626,
           "enabled": false,
           "markup_range": 0.093701817905544,
           "min_markup": 0.017626587369197966,
           "n_close_orders": 13,
           "qty_pct_close": 0.7228447945865334,
           "qty_pct_entry": 0.3443493901666088,
           "wallet_exposure_limit": 1.0,
           "we_multiplier_close": 1.183200840671541,
           "we_multiplier_entry": 71.2579882468757}}