{"config_name": "recursive_grid_0days",
 "logging_level": 0,
 "long": {"auto_unstuck_ema_dist": 0,
          "auto_unstuck_wallet_exposure_threshold": 0.0,
          "backwards_tp": false,
          "ddown_factor": 2.389220995491055,
          "ema_span_0": 45.611053242649376,
          "ema_span_1": 46.857404710150135,
          "enabled": true,
          "initial_eprice_ema_dist": -0.019156685653529928,
          "initial_qty_pct": 0.006239114425671738,
          "markup_range": 0.006934011176016796,
          "min_markup": 0.009772656863883856,
          "n_close_orders": 5,
          "rentry_pprice_dist": 0.003908990077502487,
          "rentry_pprice_dist_wallet_exposure_weighting": 1.7376752313732624,
          "wallet_exposure_limit": 0.2},
 "short": {"auto_unstuck_ema_dist": -0.0887451313890221,
           "auto_unstuck_wallet_exposure_threshold": 0.09789530324928214,
           "backwards_tp": false,
           "ddown_factor": 1.3228390858329586,
           "ema_span_0": 1247.0612345724992,
           "ema_span_1": 1312.3628307769402,
           "enabled": false,
           "initial_eprice_ema_dist": -0.056504332942666616,
           "initial_qty_pct": 0.09537558879801078,
           "markup_range": 0.030346950266189204,
           "min_markup": 0.007329166333145854,
           "n_close_orders": 15,
           "rentry_pprice_dist": 0.01580433158432885,
           "rentry_pprice_dist_wallet_exposure_weighting": 10.118339644755697,
           "wallet_exposure_limit": 1}}