{"config_name": "clock_0days",
 "long": {"backwards_tp": true,
          "delay_between_fills_minutes_close": 265.4708619040131,
          "delay_between_fills_minutes_entry": 481.39771513212094,
          "delay_weight_close": 123.45105946597066,
          "delay_weight_entry": 20.584036871662377,
          "ema_dist_close": 0.0005204338153532353,
          "ema_dist_entry": 0.01,
          "ema_span_0": 468.2174474941835,
          "ema_span_1": 250.9294920015002,
          "enabled": true,
          "markup_range": 0.010903398051574881,
          "min_markup": 0.008698434051709876,
          "n_close_orders": 3,
          "qty_pct_close": 0.01,
          "qty_pct_entry": 0.01,
          "wallet_exposure_limit": 0.3,
          "we_multiplier_close": 12.887820865149756,
          "we_multiplier_entry": 137.7199101948724},
 "short": {"backwards_tp": true,
           "delay_between_fills_minutes_close": 1026.906629018283,
           "delay_between_fills_minutes_entry": 1162.4561335725734,
           "delay_weight_close": 36.11763201202662,
           "delay_weight_entry": 31.267485781454994,
           "ema_dist_close": -0.0009841404979990323,
           "ema_dist_entry": -0.010726048383610555,
           "ema_span_0": 388.13786286769033,
           "ema_span_1": 115.41410043048509,
           "enabled": false,
           "markup_range": 0.027154330855089146,
           "min_markup": 0.002177160497341064,
           "n_close_orders": 15,
           "qty_pct_close": 0.01943912826696044,
           "qty_pct_entry": 0.048215404092161344,
           "wallet_exposure_limit": 1.0,
           "we_multiplier_close": 42.2747041811772,
           "we_multiplier_entry": 64.92140876796033}}