{"config_name": "clock_0days",
 "long": {"delay_between_fills_minutes_close": 500,
          "delay_between_fills_minutes_entry": 459.34651422781076,
          "delay_weight_close": 28.10766359148211,
          "delay_weight_entry": 35.14320291459934,
          "ema_dist_lower": -0.7962680461737385,
          "ema_dist_upper": -0.04386924330894964,
          "ema_span_0": 500.5717063127806,
          "ema_span_1": 319.2720668725843,
          "enabled": true,
          "markup_range": 0.01953785369586466,
          "min_markup": 0.01973118317269797,
          "n_close_orders": 9,
          "qty_pct_close": 0.015853869073566805,
          "qty_pct_entry": 0.01056931505257203,
          "wallet_exposure_limit": 0.3,
          "we_multiplier_close": 100.00950942273164,
          "we_multiplier_entry": 63.36911234900427},
 "short": {"delay_between_fills_minutes_close": 1262.2822648593753,
           "delay_between_fills_minutes_entry": 1232.5998844813387,
           "delay_weight_close": 12.839136753164777,
           "delay_weight_entry": 12.977777244229072,
           "ema_dist_lower": 0.002708047838919929,
           "ema_dist_upper": 0.00011887611919460862,
           "ema_span_0": 98.70745582988359,
           "ema_span_1": 2482.13349608316,
           "enabled": false,
           "markup_range": 0.034007952967621595,
           "min_markup": 0.03589573906409714,
           "n_close_orders": 4,
           "qty_pct_close": 0.07942832737355772,
           "qty_pct_entry": 0.08140481645568265,
           "wallet_exposure_limit": 1.0,
           "we_multiplier_close": 4.31635366290482,
           "we_multiplier_entry": 29.656450045615717}}