{"config_name": "recursive_grid_0days",
 "logging_level": 0,
 "long": {"auto_unstuck_ema_dist": -0.004475179191670554,
          "auto_unstuck_wallet_exposure_threshold": 0.05104356963835329,
          "backwards_tp": true,
          "ddown_factor": 2.835056144119346,
          "ema_span_0": 469.5586431602463,
          "ema_span_1": 613.4781570060221,
          "enabled": true,
          "initial_eprice_ema_dist": 0.004462651681853297,
          "initial_qty_pct": 0.021431675070726124,
          "markup_range": 0.0020781177010080797,
          "min_markup": 0.007722683879992698,
          "n_close_orders": 8,
          "rentry_pprice_dist": 0.035540390765048994,
          "rentry_pprice_dist_wallet_exposure_weighting": 0.6622696324173453,
          "wallet_exposure_limit": 0.3},
 "short": {"auto_unstuck_ema_dist": -0.07450520694812586,
           "auto_unstuck_wallet_exposure_threshold": 0.07272046836671991,
           "backwards_tp": true,
           "ddown_factor": 1.082852863254502,
           "ema_span_0": 202.37624815446804,
           "ema_span_1": 22.363594968142493,
           "enabled": false,
           "initial_eprice_ema_dist": -0.06911880230693791,
           "initial_qty_pct": 0.09212745965540284,
           "markup_range": 0.04733458603632704,
           "min_markup": 0.008433176216281084,
           "n_close_orders": 14,
           "rentry_pprice_dist": 0.03022483591174223,
           "rentry_pprice_dist_wallet_exposure_weighting": 14.648668944130288,
           "wallet_exposure_limit": 1.0}}