{"config_name": "clock_0days",
 "long": {"backwards_tp": true,
          "delay_between_fills_minutes_close": 432.6451465256626,
          "delay_between_fills_minutes_entry": 102.88017725990674,
          "delay_weight_close": 98.74092003506817,
          "delay_weight_entry": 14.302719862320037,
          "ema_dist_close": -0.45718023651701434,
          "ema_dist_entry": 0.01,
          "ema_span_0": 67.60389896201922,
          "ema_span_1": 105.70775985616376,
          "enabled": true,
          "markup_range": 0.019948739434083856,
          "min_markup": 0.0096353419330138,
          "n_close_orders": 4,
          "qty_pct_close": 0.01,
          "qty_pct_entry": 0.01,
          "wallet_exposure_limit": 0.3,
          "we_multiplier_close": 9.784574313033026,
          "we_multiplier_entry": 113.2395053503683},
 "short": {"backwards_tp": true,
           "delay_between_fills_minutes_close": 344.04894326550186,
           "delay_between_fills_minutes_entry": 472.29929401651435,
           "delay_weight_close": 79.48911256387683,
           "delay_weight_entry": 12.293320347354724,
           "ema_dist_close": -0.9970414965740809,
           "ema_dist_entry": -0.07690185152856488,
           "ema_span_0": 381.22796434845645,
           "ema_span_1": 327.1271327302719,
           "enabled": false,
           "markup_range": 0.013435155036689822,
           "min_markup": 0.056949643822065944,
           "n_close_orders": 3,
           "qty_pct_close": 0.01,
           "qty_pct_entry": 0.01,
           "wallet_exposure_limit": 1.0,
           "we_multiplier_close": 36.24720277804522,
           "we_multiplier_entry": 84.7461720277091}}