{"config_name": "clock_0days",
 "long": {"backwards_tp": false,
          "delay_between_fills_minutes_close": 439.8856286936574,
          "delay_between_fills_minutes_entry": 488.093505780823,
          "delay_weight_close": 136.39377725065157,
          "delay_weight_entry": 20.283896315810743,
          "ema_dist_close": 0.02,
          "ema_dist_entry": -0.015577372126059606,
          "ema_span_0": 444.6698690814791,
          "ema_span_1": 272.1916889105994,
          "enabled": true,
          "markup_range": 0.01,
          "min_markup": 0.007119111648951123,
          "n_close_orders": 3,
          "qty_pct_close": 0.0133879924324262,
          "qty_pct_entry": 0.011487146447170936,
          "wallet_exposure_limit": 0.3,
          "we_multiplier_close": 0.700652114927876,
          "we_multiplier_entry": 73.47534408447262},
 "short": {"backwards_tp": false,
           "delay_between_fills_minutes_close": 28.721706031764622,
           "delay_between_fills_minutes_entry": 453.288566976032,
           "delay_weight_close": 11.359610088897954,
           "delay_weight_entry": 91.3050958280608,
           "ema_dist_close": -0.018294020267197182,
           "ema_dist_entry": -0.02394519984470108,
           "ema_span_0": 605.3582176031431,
           "ema_span_1": 21.715729746032224,
           "enabled": false,
           "markup_range": 0.005790562049660875,
           "min_markup": 0.027392162290218982,
           "n_close_orders": 13,
           "qty_pct_close": 0.12372475643028888,
           "qty_pct_entry": 0.9346422056919944,
           "wallet_exposure_limit": 1.0,
           "we_multiplier_close": 3.4230723327719517,
           "we_multiplier_entry": 58.03339023014538}}