{"config_name": "recursive_grid_0days",
 "logging_level": 0,
 "long": {"auto_unstuck_ema_dist": 0.0,
          "auto_unstuck_wallet_exposure_threshold": 0.0,
          "backwards_tp": true,
          "ddown_factor": 0.38884323093264,
          "ema_span_0": 432.01981323153126,
          "ema_span_1": 900.3824371585326,
          "enabled": true,
          "initial_eprice_ema_dist": -0.0035061269418504583,
          "initial_qty_pct": 0.01095532562130504,
          "markup_range": 0.004562050934958324,
          "min_markup": 0.0033227970007560573,
          "n_close_orders": 9,
          "rentry_pprice_dist": 0.033264159334028424,
          "rentry_pprice_dist_wallet_exposure_weighting": 2.7048951212661674,
          "wallet_exposure_limit": 0.1},
 "short": {"auto_unstuck_ema_dist": 0.05859440135327894,
           "auto_unstuck_wallet_exposure_threshold": 0.088034265511376,
           "backwards_tp": true,
           "ddown_factor": 3,
           "ema_span_0": 240,
           "ema_span_1": 3053.675417398551,
           "enabled": false,
           "initial_eprice_ema_dist": -0.08120311173091281,
           "initial_qty_pct": 0.015,
           "markup_range": 0.02625023624082003,
           "min_markup": 0.00392420435156015,
           "n_close_orders": 20,
           "rentry_pprice_dist": 0.01447068016632592,
           "rentry_pprice_dist_wallet_exposure_weighting": 45.73794732705246,
           "wallet_exposure_limit": 0.1}}