{"config_name": "recursive_grid_0days",
 "logging_level": 0,
 "long": {"auto_unstuck_ema_dist": 0.0013274780113018048,
          "auto_unstuck_wallet_exposure_threshold": 0.09095501303602668,
          "backwards_tp": true,
          "ddown_factor": 1.1838332542050976,
          "ema_span_0": 493.2463513784189,
          "ema_span_1": 519.6531445670475,
          "enabled": true,
          "initial_eprice_ema_dist": -0.013492789545595508,
          "initial_qty_pct": 0.024853100236643253,
          "markup_range": 0.0021947413127795783,
          "min_markup": 0.0024352878112580177,
          "n_close_orders": 6,
          "rentry_pprice_dist": 0.022561226264585496,
          "rentry_pprice_dist_wallet_exposure_weighting": 0,
          "wallet_exposure_limit": 0.1},
 "short": {"auto_unstuck_ema_dist": 0.09748726038883498,
           "auto_unstuck_wallet_exposure_threshold": 0.0695903334800862,
           "backwards_tp": true,
           "ddown_factor": 1.870367532398536,
           "ema_span_0": 1793.3117465460723,
           "ema_span_1": 2258.1032103771367,
           "enabled": true,
           "initial_eprice_ema_dist": -0.0261049877008953,
           "initial_qty_pct": 0.031221633554867727,
           "markup_range": 0.0011195367961768835,
           "min_markup": 0.002761301349418765,
           "n_close_orders": 8,
           "rentry_pprice_dist": 0.0110383455455972,
           "rentry_pprice_dist_wallet_exposure_weighting": 15.64416039357541,
           "wallet_exposure_limit": 0.1}}