{"config_name": "clock_0days",
 "long": {"backwards_tp": true,
          "delay_between_fills_minutes_close": 460.08677649923806,
          "delay_between_fills_minutes_entry": 451.9022273004271,
          "delay_weight_close": 138.31224279368408,
          "delay_weight_entry": 33.429100916526316,
          "ema_dist_close": -0.04295825400339859,
          "ema_dist_entry": 0.0008777532884560735,
          "ema_span_0": 639.0330550888594,
          "ema_span_1": 975.4832309497444,
          "enabled": true,
          "markup_range": 0.04738930270792782,
          "min_markup": 0.01,
          "n_close_orders": 6,
          "qty_pct_close": 0.01068202366429056,
          "qty_pct_entry": 0.011394895286930978,
          "wallet_exposure_limit": 0.3,
          "we_multiplier_close": 39.2885593071207,
          "we_multiplier_entry": 128.9223017738074},
 "short": {"backwards_tp": true,
           "delay_between_fills_minutes_close": 94.57825368682612,
           "delay_between_fills_minutes_entry": 566.6968257375353,
           "delay_weight_close": 86.07447299235987,
           "delay_weight_entry": 52.96146364126886,
           "ema_dist_close": -0.01869853532589906,
           "ema_dist_entry": -0.032166311708600695,
           "ema_span_0": 513.4256405746229,
           "ema_span_1": 727.1651179814933,
           "enabled": false,
           "markup_range": 0.033753997754095634,
           "min_markup": 0.04740603866357467,
           "n_close_orders": 4,
           "qty_pct_close": 0.5415518524116864,
           "qty_pct_entry": 0.025231910363387927,
           "wallet_exposure_limit": 1.0,
           "we_multiplier_close": 8.940729774986275,
           "we_multiplier_entry": 70.27634688049916}}