{"config_name": "recursive_grid_0days",
 "logging_level": 0,
 "long": {"auto_unstuck_ema_dist": 0,
          "auto_unstuck_wallet_exposure_threshold": 0.0,
          "backwards_tp": false,
          "ddown_factor": 1.1878412621510408,
          "ema_span_0": 155.27644201173834,
          "ema_span_1": 670.9814059229597,
          "enabled": true,
          "initial_eprice_ema_dist": -0.08732709672834009,
          "initial_qty_pct": 0.005269478459485938,
          "markup_range": 0.04945162373539731,
          "min_markup": 0.0020610908909702236,
          "n_close_orders": 2,
          "rentry_pprice_dist": 0.03425842014282715,
          "rentry_pprice_dist_wallet_exposure_weighting": 3.5576425712293576,
          "wallet_exposure_limit": 0.2},
 "short": {"auto_unstuck_ema_dist": -0.05333248947926952,
           "auto_unstuck_wallet_exposure_threshold": 0.039154171907034435,
           "backwards_tp": false,
           "ddown_factor": 1.723821581055391,
           "ema_span_0": 759.1573759293867,
           "ema_span_1": 478.0661490594833,
           "enabled": false,
           "initial_eprice_ema_dist": -0.03564333523052074,
           "initial_qty_pct": 0.043460914277388414,
           "markup_range": 0.005642294883037106,
           "min_markup": 0.00987868072067987,
           "n_close_orders": 14,
           "rentry_pprice_dist": 0.027536171022566468,
           "rentry_pprice_dist_wallet_exposure_weighting": 4.740771651938839,
           "wallet_exposure_limit": 1.0}}