{"config_name": "recursive_grid_0days",
 "logging_level": 0,
 "long": {"auto_unstuck_ema_dist": 0.004701779524738315,
          "auto_unstuck_wallet_exposure_threshold": 0.08616448113629883,
          "backwards_tp": true,
          "ddown_factor": 2.690954064421396,
          "ema_span_0": 606.06043272562,
          "ema_span_1": 590.4044936099011,
          "enabled": true,
          "initial_eprice_ema_dist": -0.08781397898259341,
          "initial_qty_pct": 0.02266937371313294,
          "markup_range": 0.010402494149895993,
          "min_markup": 0.00203599025700655,
          "n_close_orders": 11,
          "rentry_pprice_dist": 0.045505700299421636,
          "rentry_pprice_dist_wallet_exposure_weighting": 1.0024455223422502,
          "wallet_exposure_limit": 0.3},
 "short": {"auto_unstuck_ema_dist": -0.02591980635983783,
           "auto_unstuck_wallet_exposure_threshold": 0.08598400364549519,
           "backwards_tp": true,
           "ddown_factor": 1.919846871688751,
           "ema_span_0": 260.4738558505594,
           "ema_span_1": 1268.8715298159107,
           "enabled": false,
           "initial_eprice_ema_dist": -0.06205021620426535,
           "initial_qty_pct": 0.09258085490366276,
           "markup_range": 0.02034483020903162,
           "min_markup": 0.007438375946020137,
           "n_close_orders": 4,
           "rentry_pprice_dist": 0.00934057072308167,
           "rentry_pprice_dist_wallet_exposure_weighting": 32.998062437780376,
           "wallet_exposure_limit": 1.0}}