{"config_name": "clock_0days",
 "long": {"backwards_tp": true,
          "delay_between_fills_minutes_close": 496.8019728775855,
          "delay_between_fills_minutes_entry": 355.6641384145088,
          "delay_weight_close": 39.96899402003086,
          "delay_weight_entry": 28.993454393263526,
          "ema_dist_close": -0.01573836129886383,
          "ema_dist_entry": 0.005972513184361095,
          "ema_span_0": 155.46691100353888,
          "ema_span_1": 32.620136876982436,
          "enabled": true,
          "markup_range": 0.03,
          "min_markup": 0.01,
          "n_close_orders": 9,
          "qty_pct_close": 0.01775733171617032,
          "qty_pct_entry": 0.013343947795890291,
          "wallet_exposure_limit": 0.3,
          "we_multiplier_close": 102.15510730750964,
          "we_multiplier_entry": 123.92574005135741},
 "short": {"backwards_tp": true,
           "delay_between_fills_minutes_close": 449.4603203644072,
           "delay_between_fills_minutes_entry": 415.75600219554804,
           "delay_weight_close": 56.589983967569594,
           "delay_weight_entry": 86.24952250573097,
           "ema_dist_close": -0.7813766275624175,
           "ema_dist_entry": -0.14535320796094486,
           "ema_span_0": 477.097041438497,
           "ema_span_1": 283.9442390061338,
           "enabled": false,
           "markup_range": 0.018508195772216712,
           "min_markup": 0.08361796184665367,
           "n_close_orders": 5,
           "qty_pct_close": 0.01,
           "qty_pct_entry": 0.01,
           "wallet_exposure_limit": 1.0,
           "we_multiplier_close": 101.1310521278334,
           "we_multiplier_entry": 69.83271931499716}}