{"config_name": "neat_grid_0days",
 "logging_level": 0,
 "long": {"auto_unstuck_ema_dist": 0.049150352674456686,
          "auto_unstuck_wallet_exposure_threshold": 0.05208525614037645,
          "backwards_tp": true,
          "ema_span_0": 580.0825287478257,
          "ema_span_1": 1953.696623559812,
          "enabled": true,
          "eprice_exp_base": 1.3383626894863332,
          "eqty_exp_base": 1.6742367901287105,
          "grid_span": 0.4473818404625906,
          "initial_eprice_ema_dist": -0.052140929792834294,
          "initial_qty_pct": 0.01,
          "markup_range": 0.0024970958448994143,
          "max_n_entry_orders": 13,
          "min_markup": 0.002,
          "n_close_orders": 13,
          "wallet_exposure_limit": 0.1},
 "short": {"auto_unstuck_ema_dist": 0.06324876317479008,
           "auto_unstuck_wallet_exposure_threshold": 0.07375527246107967,
           "backwards_tp": true,
           "ema_span_0": 720.4038498595922,
           "ema_span_1": 5951.112234742002,
           "enabled": true,
           "eprice_exp_base": 1.2962042308292288,
           "eqty_exp_base": 1.7351902317545926,
           "grid_span": 0.40172122991261466,
           "initial_eprice_ema_dist": -0.07738572946593181,
           "initial_qty_pct": 0.01,
           "markup_range": 0.001150554533087934,
           "max_n_entry_orders": 8,
           "min_markup": 0.002,
           "n_close_orders": 6,
           "wallet_exposure_limit": 0.1}}