{"config_name": "recursive_grid_0days",
 "logging_level": 0,
 "long": {"auto_unstuck_ema_dist": 0.001441340403894942,
          "auto_unstuck_wallet_exposure_threshold": 0.08520790138248534,
          "backwards_tp": true,
          "ddown_factor": 2.7561846125162632,
          "ema_span_0": 25.921901981701488,
          "ema_span_1": 128.65249157640338,
          "enabled": true,
          "initial_eprice_ema_dist": 0.0060767501513516176,
          "initial_qty_pct": 0.012448135171564996,
          "markup_range": 0.0033052639537157354,
          "min_markup": 0.0031180023263363455,
          "n_close_orders": 14,
          "rentry_pprice_dist": 0.011185950828661181,
          "rentry_pprice_dist_wallet_exposure_weighting": 3.535611628842783,
          "wallet_exposure_limit": 0.3},
 "short": {"auto_unstuck_ema_dist": 0.061992934507618704,
           "auto_unstuck_wallet_exposure_threshold": 0.08093890103869736,
           "backwards_tp": true,
           "ddown_factor": 1.3219821297462042,
           "ema_span_0": 3522.45732142281,
           "ema_span_1": 4639.343930769286,
           "enabled": false,
           "initial_eprice_ema_dist": -0.06730853210267826,
           "initial_qty_pct": 0.015,
           "markup_range": 0.014594325105934856,
           "min_markup": 0.003540779037362753,
           "n_close_orders": 15,
           "rentry_pprice_dist": 0.026929132715915682,
           "rentry_pprice_dist_wallet_exposure_weighting": 31.22690422817019,
           "wallet_exposure_limit": 0.1}}