{"config_name": "recursive_grid_0days",
 "logging_level": 0,
 "long": {"auto_unstuck_ema_dist": -0.002375420655931595,
          "auto_unstuck_wallet_exposure_threshold": 0.08882235064269774,
          "backwards_tp": true,
          "ddown_factor": 2.6954022944513314,
          "ema_span_0": 174.548289503199,
          "ema_span_1": 1004.9654756689628,
          "enabled": true,
          "initial_eprice_ema_dist": 0.007401566201744904,
          "initial_qty_pct": 0.02634770405530191,
          "markup_range": 0.009021974665076059,
          "min_markup": 0.009929047234845476,
          "n_close_orders": 7,
          "rentry_pprice_dist": 0.03717331647135484,
          "rentry_pprice_dist_wallet_exposure_weighting": 1.905078073083672,
          "wallet_exposure_limit": 0.3},
 "short": {"auto_unstuck_ema_dist": -0.07585889501969625,
           "auto_unstuck_wallet_exposure_threshold": 0.09277284208131838,
           "backwards_tp": true,
           "ddown_factor": 0.4133556481470477,
           "ema_span_0": 652.2961046474751,
           "ema_span_1": 114.98007984683919,
           "enabled": false,
           "initial_eprice_ema_dist": -0.06554900172155205,
           "initial_qty_pct": 0.07034029685886599,
           "markup_range": 0.02255899869511264,
           "min_markup": 0.0015039383328266777,
           "n_close_orders": 11,
           "rentry_pprice_dist": 0.02427824446623477,
           "rentry_pprice_dist_wallet_exposure_weighting": 9.239213871422137,
           "wallet_exposure_limit": 1.0}}