{"config_name": "recursive_grid_0days",
 "logging_level": 0,
 "long": {"auto_unstuck_ema_dist": 0,
          "auto_unstuck_wallet_exposure_threshold": 0.0,
          "backwards_tp": false,
          "ddown_factor": 0.32137024027480005,
          "ema_span_0": 147.92905833539382,
          "ema_span_1": 115.37394010006105,
          "enabled": true,
          "initial_eprice_ema_dist": -0.08209216258341982,
          "initial_qty_pct": 0.0011242529477285506,
          "markup_range": 0.05178104572753288,
          "min_markup": 0.010561194433435443,
          "n_close_orders": 8,
          "rentry_pprice_dist": 0.03395297413368888,
          "rentry_pprice_dist_wallet_exposure_weighting": 3.9218211116780397,
          "wallet_exposure_limit": 0.2},
 "short": {"auto_unstuck_ema_dist": -0.09133761736027673,
           "auto_unstuck_wallet_exposure_threshold": 0.0783896903900699,
           "backwards_tp": false,
           "ddown_factor": 2.887640075739901,
           "ema_span_0": 1355.5282446098151,
           "ema_span_1": 715.6048994527812,
           "enabled": false,
           "initial_eprice_ema_dist": -0.016800242249177255,
           "initial_qty_pct": 0.07154497150309538,
           "markup_range": 0.052732491134209046,
           "min_markup": 0.004090425078085515,
           "n_close_orders": 3,
           "rentry_pprice_dist": 0.03853140271845841,
           "rentry_pprice_dist_wallet_exposure_weighting": 10.446428946538342,
           "wallet_exposure_limit": 1.0}}