{"config_name": "clock_0days",
 "long": {"backwards_tp": false,
          "delay_between_fills_minutes_close": 752.3356243929769,
          "delay_between_fills_minutes_entry": 1256.6457714107444,
          "delay_weight_close": 72.97605171299905,
          "delay_weight_entry": 26.971179715842037,
          "ema_dist_close": -0.0062572313257949,
          "ema_dist_entry": 0.0025832064862622017,
          "ema_span_0": 991.9631822339869,
          "ema_span_1": 1260.5112384263396,
          "enabled": true,
          "markup_range": 0.021941173165089988,
          "min_markup": 0.009709236133054449,
          "n_close_orders": 7,
          "qty_pct_close": 0.010335147997367867,
          "qty_pct_entry": 0.0137389875484541,
          "wallet_exposure_limit": 0.2,
          "we_multiplier_close": 0,
          "we_multiplier_entry": 33.74541870339183},
 "short": {"backwards_tp": false,
           "delay_between_fills_minutes_close": 446.4717562998277,
           "delay_between_fills_minutes_entry": 564.8803982382393,
           "delay_weight_close": 56.76512490669718,
           "delay_weight_entry": 13.795846124329348,
           "ema_dist_close": -0.0357124761266168,
           "ema_dist_entry": -0.00021443796510443175,
           "ema_span_0": 638.8967059016409,
           "ema_span_1": 834.334111006443,
           "enabled": false,
           "markup_range": 0.05537139094748199,
           "min_markup": 0.002165011168826356,
           "n_close_orders": 9,
           "qty_pct_close": 0.09448841810237918,
           "qty_pct_entry": 0.02088458081508643,
           "wallet_exposure_limit": 1.0,
           "we_multiplier_close": 95.99189078097434,
           "we_multiplier_entry": 55.04746063076199}}