{"config_name": "recursive_grid_0days",
 "logging_level": 0,
 "long": {"auto_unstuck_ema_dist": 0.0,
          "auto_unstuck_wallet_exposure_threshold": 0,
          "backwards_tp": false,
          "ddown_factor": 1.7693537617148838,
          "ema_span_0": 541.3820580362469,
          "ema_span_1": 434.21462989648745,
          "enabled": true,
          "initial_eprice_ema_dist": -0.1,
          "initial_qty_pct": 0.004317585923840607,
          "markup_range": 0.039799058412867246,
          "min_markup": 0.008455518096262623,
          "n_close_orders": 5,
          "rentry_pprice_dist": 0.04563209728601704,
          "rentry_pprice_dist_wallet_exposure_weighting": 0,
          "wallet_exposure_limit": 0.25},
 "short": {"auto_unstuck_ema_dist": 0.0,
           "auto_unstuck_wallet_exposure_threshold": 0,
           "backwards_tp": false,
           "ddown_factor": 2.8770029946130657,
           "ema_span_0": 298.5338681048524,
           "ema_span_1": 603.3872449555214,
           "enabled": true,
           "initial_eprice_ema_dist": -0.1,
           "initial_qty_pct": 0.003933971889373949,
           "markup_range": 0.03579887730940543,
           "min_markup": 0.0031941532853868707,
           "n_close_orders": 2,
           "rentry_pprice_dist": 0.036820579669727405,
           "rentry_pprice_dist_wallet_exposure_weighting": 0,
           "wallet_exposure_limit": 0.12}}