{"config_name": "clock_0days",
 "long": {"backwards_tp": true,
          "delay_between_fills_minutes_close": 305.49388711299946,
          "delay_between_fills_minutes_entry": 368.3182276464721,
          "delay_weight_close": 64.78113736253006,
          "delay_weight_entry": 22.949037277126212,
          "ema_dist_close": -0.004680066826650522,
          "ema_dist_entry": 0.011759787838661658,
          "ema_span_0": 1000,
          "ema_span_1": 549.3977659995695,
          "enabled": true,
          "markup_range": 0.015424411768341747,
          "min_markup": 0.009410369091293787,
          "n_close_orders": 9,
          "qty_pct_close": 0.013173703541386503,
          "qty_pct_entry": 0.010328325414228446,
          "wallet_exposure_limit": 0.3,
          "we_multiplier_close": 21.295616207604912,
          "we_multiplier_entry": 36.8020558465983},
 "short": {"backwards_tp": true,
           "delay_between_fills_minutes_close": 127.52738496304981,
           "delay_between_fills_minutes_entry": 415.9819775773576,
           "delay_weight_close": 81.0466142089848,
           "delay_weight_entry": 95.88131268850448,
           "ema_dist_close": -0.3123606960594105,
           "ema_dist_entry": -0.9766979939600104,
           "ema_span_0": 21.21081855338974,
           "ema_span_1": 60.67591016659045,
           "enabled": false,
           "markup_range": 0.014304407429433012,
           "min_markup": 0.05732312715222282,
           "n_close_orders": 3,
           "qty_pct_close": 0.01,
           "qty_pct_entry": 0.01,
           "wallet_exposure_limit": 1.0,
           "we_multiplier_close": 15.473806706546728,
           "we_multiplier_entry": 9.09787952896276}}