{"config_name": "clock_0days",
 "long": {"backwards_tp": true,
          "delay_between_fills_minutes_close": 458.3698408041545,
          "delay_between_fills_minutes_entry": 411.9077791737194,
          "delay_weight_close": 91.33956906469754,
          "delay_weight_entry": 26.829206467408707,
          "ema_dist_close": -0.0018325029321539007,
          "ema_dist_entry": 0.00814057366466734,
          "ema_span_0": 819.0820524437469,
          "ema_span_1": 519.6623491720128,
          "enabled": true,
          "markup_range": 0.017722672643530876,
          "min_markup": 0.009010006281587046,
          "n_close_orders": 2,
          "qty_pct_close": 0.0195265071217499,
          "qty_pct_entry": 0.010436834221086396,
          "wallet_exposure_limit": 0.3,
          "we_multiplier_close": 25.755244328152745,
          "we_multiplier_entry": 84.6127342929311},
 "short": {"backwards_tp": true,
           "delay_between_fills_minutes_close": 100.75796209194806,
           "delay_between_fills_minutes_entry": 743.9215068877529,
           "delay_weight_close": 98.26361113031582,
           "delay_weight_entry": 16.166958605430025,
           "ema_dist_close": -0.0013343773560679437,
           "ema_dist_entry": -0.03895310214262269,
           "ema_span_0": 332.49327018637285,
           "ema_span_1": 1098.082403150539,
           "enabled": false,
           "markup_range": 0.08402212194831209,
           "min_markup": 0.04043897092246161,
           "n_close_orders": 9,
           "qty_pct_close": 0.5964032837620687,
           "qty_pct_entry": 0.034124507411590545,
           "wallet_exposure_limit": 1.0,
           "we_multiplier_close": 7.353888261029856,
           "we_multiplier_entry": 40.12681086946218}}