{"config_name": "clock_0days",
 "long": {"backwards_tp": true,
          "delay_between_fills_minutes_close": 481.9510685039636,
          "delay_between_fills_minutes_entry": 429.9797583334548,
          "delay_weight_close": 57.336943307509415,
          "delay_weight_entry": 28.63706106507983,
          "ema_dist_close": -0.0610660572852025,
          "ema_dist_entry": 0.006698124510732982,
          "ema_span_0": 219.36130975718063,
          "ema_span_1": 448.1952572016707,
          "enabled": true,
          "markup_range": 0.01821863052537705,
          "min_markup": 0.0034888155004346518,
          "n_close_orders": 4,
          "qty_pct_close": 0.014797791025006285,
          "qty_pct_entry": 0.011706485221912494,
          "wallet_exposure_limit": 0.3,
          "we_multiplier_close": 2.776418402069872,
          "we_multiplier_entry": 147.67486596588475},
 "short": {"backwards_tp": true,
           "delay_between_fills_minutes_close": 17.45817016773278,
           "delay_between_fills_minutes_entry": 1195.9297823924544,
           "delay_weight_close": 91.73273902423811,
           "delay_weight_entry": 91.01140477341558,
           "ema_dist_close": -0.026371352719066113,
           "ema_dist_entry": -0.018136416931172496,
           "ema_span_0": 177.1569399394015,
           "ema_span_1": 1076.801506208193,
           "enabled": false,
           "markup_range": 0.04518408453698171,
           "min_markup": 0.08975097473754966,
           "n_close_orders": 9,
           "qty_pct_close": 0.5843830778396696,
           "qty_pct_entry": 0.6200597058212606,
           "wallet_exposure_limit": 1.0,
           "we_multiplier_close": 5.124146115957925,
           "we_multiplier_entry": 88.15156041656614}}