{"config_name": "recursive_grid_0days",
 "logging_level": 0,
 "long": {"auto_unstuck_ema_dist": 0.0,
          "auto_unstuck_wallet_exposure_threshold": 0.0,
          "backwards_tp": true,
          "ddown_factor": 1.3164429126278738,
          "ema_span_0": 606.08140353358,
          "ema_span_1": 719.4177129042821,
          "enabled": true,
          "initial_eprice_ema_dist": -0.06906805793156641,
          "initial_qty_pct": 0.0024803084986896123,
          "markup_range": 0.0032625502056450213,
          "min_markup": 0.002381390124116518,
          "n_close_orders": 9,
          "rentry_pprice_dist": 0.013528082485568211,
          "rentry_pprice_dist_wallet_exposure_weighting": 8.781372763394131,
          "wallet_exposure_limit": 0.1},
 "short": {"auto_unstuck_ema_dist": 0.07752327556150321,
           "auto_unstuck_wallet_exposure_threshold": 0.0478285882537976,
           "backwards_tp": true,
           "ddown_factor": 2.484203762413642,
           "ema_span_0": 3656.6167836256445,
           "ema_span_1": 5499.159840345022,
           "enabled": false,
           "initial_eprice_ema_dist": 0.00233429409656996,
           "initial_qty_pct": 0.015,
           "markup_range": 0.03246744283861353,
           "min_markup": 0.003585494475578728,
           "n_close_orders": 9,
           "rentry_pprice_dist": 0.02804610900763767,
           "rentry_pprice_dist_wallet_exposure_weighting": 58.674701563556305,
           "wallet_exposure_limit": 0.1}}