{"config_name": "recursive_grid_0days",
 "logging_level": 0,
 "long": {"auto_unstuck_ema_dist": 0,
          "auto_unstuck_wallet_exposure_threshold": 0.0,
          "backwards_tp": false,
          "ddown_factor": 0.5747803768901564,
          "ema_span_0": 532.4986680812177,
          "ema_span_1": 632.1810251346093,
          "enabled": true,
          "initial_eprice_ema_dist": -0.026904001588694597,
          "initial_qty_pct": 0.005276216058472523,
          "markup_range": 0.0429197305963635,
          "min_markup": 0.010561194433435443,
          "n_close_orders": 8,
          "rentry_pprice_dist": 0.03131985653595496,
          "rentry_pprice_dist_wallet_exposure_weighting": 2.963560478249121,
          "wallet_exposure_limit": 0.2},
 "short": {"auto_unstuck_ema_dist": -0.060652586621596144,
           "auto_unstuck_wallet_exposure_threshold": 0.06552447819457133,
           "backwards_tp": false,
           "ddown_factor": 0.4257942299185552,
           "ema_span_0": 95.00958361744064,
           "ema_span_1": 912.972791382855,
           "enabled": false,
           "initial_eprice_ema_dist": -0.01406991661320528,
           "initial_qty_pct": 0.04354733263667068,
           "markup_range": 0.031415397421052406,
           "min_markup": 0.0060109169523052085,
           "n_close_orders": 14,
           "rentry_pprice_dist": 0.020648696987806577,
           "rentry_pprice_dist_wallet_exposure_weighting": 16.32184288691407,
           "wallet_exposure_limit": 1.0}}