{"config_name": "recursive_grid_0days",
 "logging_level": 0,
 "long": {"auto_unstuck_ema_dist": 0,
          "auto_unstuck_wallet_exposure_threshold": 0.0510245312690388,
          "backwards_tp": true,
          "ddown_factor": 2.025102339369864,
          "ema_span_0": 217.29565942542112,
          "ema_span_1": 1274.3340609758193,
          "enabled": true,
          "initial_eprice_ema_dist": 0.006526428543182531,
          "initial_qty_pct": 0.01594925327899107,
          "markup_range": 0.004755573750988534,
          "min_markup": 0.005596784087224766,
          "n_close_orders": 6,
          "rentry_pprice_dist": 0.029524292294497274,
          "rentry_pprice_dist_wallet_exposure_weighting": 1.684908649169476,
          "wallet_exposure_limit": 0.3},
 "short": {"auto_unstuck_ema_dist": -0.03422566932918254,
           "auto_unstuck_wallet_exposure_threshold": 0.05842829576285091,
           "backwards_tp": true,
           "ddown_factor": 1.31364276449907,
           "ema_span_0": 1039.9189779305113,
           "ema_span_1": 1415.0071047090946,
           "enabled": false,
           "initial_eprice_ema_dist": -0.07546270170165853,
           "initial_qty_pct": 0.06380261800052471,
           "markup_range": 0.012270631182076892,
           "min_markup": 0.007086902777274653,
           "n_close_orders": 5,
           "rentry_pprice_dist": 0.04874692208384039,
           "rentry_pprice_dist_wallet_exposure_weighting": 7.5127692822113135,
           "wallet_exposure_limit": 1.0}}