{"config_name": "recursive_grid_0days",
 "logging_level": 0,
 "long": {"auto_unstuck_ema_dist": 0,
          "auto_unstuck_wallet_exposure_threshold": 0.0,
          "backwards_tp": false,
          "ddown_factor": 2.268508996953846,
          "ema_span_0": 303.8165169965701,
          "ema_span_1": 951.5124823065488,
          "enabled": true,
          "initial_eprice_ema_dist": -0.10001793234685362,
          "initial_qty_pct": 0.001169895339304476,
          "markup_range": 0.04713409866832904,
          "min_markup": 0.007886307874331653,
          "n_close_orders": 7,
          "rentry_pprice_dist": 0.03013703406490756,
          "rentry_pprice_dist_wallet_exposure_weighting": 1.0559528727843475,
          "wallet_exposure_limit": 0.2},
 "short": {"auto_unstuck_ema_dist": -0.003925098280049874,
           "auto_unstuck_wallet_exposure_threshold": 0.04933923716143063,
           "backwards_tp": false,
           "ddown_factor": 0.34773128641197204,
           "ema_span_0": 1231.7453444944567,
           "ema_span_1": 1397.5534475738534,
           "enabled": false,
           "initial_eprice_ema_dist": -0.03361389365395427,
           "initial_qty_pct": 0.09785526089779623,
           "markup_range": 0.0006561342876783849,
           "min_markup": 0.004300439364759696,
           "n_close_orders": 10,
           "rentry_pprice_dist": 0.02166136680597928,
           "rentry_pprice_dist_wallet_exposure_weighting": 12.18636898325589,
           "wallet_exposure_limit": 1.0}}