{"config_name": "neat_grid_0days",
 "logging_level": 0,
 "long": {"auto_unstuck_ema_dist": 0.06369180194634284,
          "auto_unstuck_wallet_exposure_threshold": 0.08653140341302282,
          "backwards_tp": true,
          "ema_span_0": 1357.1736212066708,
          "ema_span_1": 804.841917000764,
          "enabled": true,
          "eprice_exp_base": 1.4003133200338898,
          "eqty_exp_base": 1.6889696408402821,
          "grid_span": 0.3248572931794062,
          "initial_eprice_ema_dist": -0.056683843753049225,
          "initial_qty_pct": 0.01,
          "markup_range": 0.0019251886328179922,
          "max_n_entry_orders": 8,
          "min_markup": 0.0015,
          "n_close_orders": 6,
          "wallet_exposure_limit": 1},
 "short": {"auto_unstuck_ema_dist": 0.08865997056572289,
           "auto_unstuck_wallet_exposure_threshold": 0.08374699074799948,
           "backwards_tp": true,
           "ema_span_0": 10,
           "ema_span_1": 10,
           "enabled": true,
           "eprice_exp_base": 1.161966566456606,
           "eqty_exp_base": 1.8697904563541357,
           "grid_span": 0.3779966425632848,
           "initial_eprice_ema_dist": -0.06792082175466874,
           "initial_qty_pct": 0.01,
           "markup_range": 0.0018786142266738446,
           "max_n_entry_orders": 7,
           "min_markup": 0.0015,
           "n_close_orders": 13,
           "wallet_exposure_limit": 1}}