{"config_name": "clock_0days",
 "long": {"backwards_tp": true,
          "delay_between_fills_minutes_close": 386.9197441639598,
          "delay_between_fills_minutes_entry": 197.5177106357112,
          "delay_weight_close": 125.96358344132732,
          "delay_weight_entry": 63.38566465921339,
          "ema_dist_close": -0.020486456561633795,
          "ema_dist_entry": 0.005896347595508382,
          "ema_span_0": 144.10708463504793,
          "ema_span_1": 178.2337501282348,
          "enabled": true,
          "markup_range": 0.017149141601310924,
          "min_markup": 0.00923701531943027,
          "n_close_orders": 5,
          "qty_pct_close": 0.01,
          "qty_pct_entry": 0.01,
          "wallet_exposure_limit": 0.3,
          "we_multiplier_close": 90.06156189862054,
          "we_multiplier_entry": 139.41401107071772},
 "short": {"backwards_tp": true,
           "delay_between_fills_minutes_close": 475.9220456154281,
           "delay_between_fills_minutes_entry": 299.94263091865605,
           "delay_weight_close": 129.19889475095508,
           "delay_weight_entry": 149.6809039817965,
           "ema_dist_close": -0.3429300005891238,
           "ema_dist_entry": -0.343133154420717,
           "ema_span_0": 232.96483647426496,
           "ema_span_1": 427.0671884339649,
           "enabled": false,
           "markup_range": 0.018651318091339443,
           "min_markup": 0.03437060264875011,
           "n_close_orders": 4,
           "qty_pct_close": 0.01,
           "qty_pct_entry": 0.01,
           "wallet_exposure_limit": 1.0,
           "we_multiplier_close": 63.91053984573374,
           "we_multiplier_entry": 85.10831230567501}}