{"config_name": "recursive_grid_0days",
 "logging_level": 0,
 "long": {"auto_unstuck_ema_dist": 0.00822301992051692,
          "auto_unstuck_wallet_exposure_threshold": 0.03734781534897021,
          "backwards_tp": true,
          "ddown_factor": 2.183818397193734,
          "ema_span_0": 142.30276247796124,
          "ema_span_1": 778.1347295971087,
          "enabled": true,
          "initial_eprice_ema_dist": 0.005594396075678494,
          "initial_qty_pct": 0.013849232084335255,
          "markup_range": 0.0001722002041706451,
          "min_markup": 0.0020482050137123125,
          "n_close_orders": 7,
          "rentry_pprice_dist": 0.029761045682212585,
          "rentry_pprice_dist_wallet_exposure_weighting": 3.2720384779789597,
          "wallet_exposure_limit": 0.3},
 "short": {"auto_unstuck_ema_dist": 0.030507126524988028,
           "auto_unstuck_wallet_exposure_threshold": 0.08040023233741554,
           "backwards_tp": true,
           "ddown_factor": 0.2995572582363186,
           "ema_span_0": 1033.0612717705012,
           "ema_span_1": 2846.24664928783,
           "enabled": false,
           "initial_eprice_ema_dist": 0.007222257461004147,
           "initial_qty_pct": 0.015,
           "markup_range": 0.005635507217403157,
           "min_markup": 0.0011878765349317016,
           "n_close_orders": 10,
           "rentry_pprice_dist": 0.0463427413459183,
           "rentry_pprice_dist_wallet_exposure_weighting": 36.66408505453459,
           "wallet_exposure_limit": 0.1}}