{"config_name": "recursive_grid_0days",
 "logging_level": 0,
 "long": {"auto_unstuck_ema_dist": 0,
          "auto_unstuck_wallet_exposure_threshold": 0.05790862750864087,
          "backwards_tp": true,
          "ddown_factor": 1.1744940708999292,
          "ema_span_0": 509.9013671703954,
          "ema_span_1": 93.55333203811193,
          "enabled": true,
          "initial_eprice_ema_dist": 0.011822797988922502,
          "initial_qty_pct": 0.011338103306422896,
          "markup_range": 0.01858989544305,
          "min_markup": 0.01,
          "n_close_orders": 6,
          "rentry_pprice_dist": 0.0349350101929219,
          "rentry_pprice_dist_wallet_exposure_weighting": 0.0,
          "wallet_exposure_limit": 0.3},
 "short": {"auto_unstuck_ema_dist": -0.0523193267689546,
           "auto_unstuck_wallet_exposure_threshold": 0.09666728661371204,
           "backwards_tp": true,
           "ddown_factor": 0.16302972529087434,
           "ema_span_0": 1431.9797216428124,
           "ema_span_1": 530.0543582405769,
           "enabled": false,
           "initial_eprice_ema_dist": -0.0734886046537584,
           "initial_qty_pct": 0.08426525968497646,
           "markup_range": 0.026304412144381395,
           "min_markup": 0.009779515660991066,
           "n_close_orders": 15,
           "rentry_pprice_dist": 0.027310676518602785,
           "rentry_pprice_dist_wallet_exposure_weighting": 4.547094176512402,
           "wallet_exposure_limit": 1.0}}