{"config_name": "clock_0days",
 "long": {"backwards_tp": false,
          "delay_between_fills_minutes_close": 1410.5627657200678,
          "delay_between_fills_minutes_entry": 522.5952934190843,
          "delay_weight_close": 77.18025051605173,
          "delay_weight_entry": 26.045495208496487,
          "ema_dist_close": -0.0053056629490585636,
          "ema_dist_entry": -0.016610662873884425,
          "ema_span_0": 312.31137332552,
          "ema_span_1": 1317.924026604972,
          "enabled": true,
          "markup_range": 0.01653913125834759,
          "min_markup": 0.005839892010451106,
          "n_close_orders": 13,
          "qty_pct_close": 0.06427193940207468,
          "qty_pct_entry": 0.01,
          "wallet_exposure_limit": 1,
          "we_multiplier_close": 0.20864188514913568,
          "we_multiplier_entry": 74.33062390233471},
 "short": {"backwards_tp": false,
           "delay_between_fills_minutes_close": 42.95505764184062,
           "delay_between_fills_minutes_entry": 937.7900809272886,
           "delay_weight_close": 96.55547038766433,
           "delay_weight_entry": 24.91712632859403,
           "ema_dist_close": -0.013484794686097958,
           "ema_dist_entry": 0.0017932738872383502,
           "ema_span_0": 12.882913189058765,
           "ema_span_1": 755.9902554927169,
           "enabled": false,
           "markup_range": 0.012908030015344067,
           "min_markup": 0.0035871978362427667,
           "n_close_orders": 2,
           "qty_pct_close": 0.02649625212094201,
           "qty_pct_entry": 0.1,
           "wallet_exposure_limit": 1,
           "we_multiplier_close": 82.32908526323092,
           "we_multiplier_entry": 83.25287738574147}}