{"config_name": "emas_0days",
 "long": {"delay_between_fills_minutes_close": 414.1915193132353,
          "delay_between_fills_minutes_entry": 500,
          "delay_weight_close": 19.21646295524884,
          "delay_weight_entry": 23.278912441339997,
          "ema_dist_lower": 0.007765488093029172,
          "ema_dist_upper": -0.03514079195926288,
          "ema_span_0": 306.61212343114624,
          "ema_span_1": 300.07322725185406,
          "enabled": true,
          "markup_range": 0.02857351516522239,
          "min_markup": 0.018514776336051024,
          "n_close_orders": 4,
          "qty_pct_close": 0.044838323809184566,
          "qty_pct_entry": 0.01746026639590166,
          "wallet_exposure_limit": 0.25,
          "we_multiplier_close": 49.8595216365039,
          "we_multiplier_entry": 105.29105255077768},
 "short": {"delay_between_fills_minutes_close": 1.0,
           "delay_between_fills_minutes_entry": 500,
           "delay_weight_close": 81.22720631627756,
           "delay_weight_entry": 21.063054117527052,
           "ema_dist_lower": 0.005581855033223133,
           "ema_dist_upper": -0.041688588341940475,
           "ema_span_0": 10,
           "ema_span_1": 303.9943485058456,
           "enabled": true,
           "markup_range": 0.010194413796070279,
           "min_markup": 0.0028741543251929783,
           "n_close_orders": 2,
           "qty_pct_close": 0.05057917151312814,
           "qty_pct_entry": 0.006744904235185848,
           "wallet_exposure_limit": 0.1,
           "we_multiplier_close": 18.42057204553773,
           "we_multiplier_entry": 82.84421816914973}}