{"config_name": "recursive_grid_0days",
 "logging_level": 0,
 "long": {"auto_unstuck_ema_dist": 0,
          "auto_unstuck_wallet_exposure_threshold": 0.0,
          "backwards_tp": true,
          "ddown_factor": 2.237375211420955,
          "ema_span_0": 501.66311865268574,
          "ema_span_1": 829.9990657206777,
          "enabled": true,
          "initial_eprice_ema_dist": -0.01303067927265321,
          "initial_qty_pct": 0.020536266702029245,
          "markup_range": 0.004802333629030447,
          "min_markup": 0.00261568270215416,
          "n_close_orders": 5,
          "rentry_pprice_dist": 0.02711766084088248,
          "rentry_pprice_dist_wallet_exposure_weighting": 0.01882924846220462,
          "wallet_exposure_limit": 0.3},
 "short": {"auto_unstuck_ema_dist": -0.022378436558439685,
           "auto_unstuck_wallet_exposure_threshold": 0.04774289840687468,
           "backwards_tp": true,
           "ddown_factor": 1.904118214368604,
           "ema_span_0": 807.3653617409249,
           "ema_span_1": 374.2462693692064,
           "enabled": false,
           "initial_eprice_ema_dist": -0.0027987526356360315,
           "initial_qty_pct": 0.09761187639011795,
           "markup_range": 0.02576615802814774,
           "min_markup": 0.004225211751371806,
           "n_close_orders": 3,
           "rentry_pprice_dist": 0.02769337325332039,
           "rentry_pprice_dist_wallet_exposure_weighting": 18.373686894464687,
           "wallet_exposure_limit": 1.0}}