{"config_name": "emas_0days",
 "long": {"delay_between_fills_minutes_close": 459.67985984559783,
          "delay_between_fills_minutes_entry": 373.3625191363514,
          "delay_weight_close": 98.97619156456624,
          "delay_weight_entry": 19.236554638997617,
          "ema_dist_lower": 0.0036612156482729585,
          "ema_dist_upper": 0.0021157871548723776,
          "ema_span_0": 1500,
          "ema_span_1": 1472.061107777655,
          "enabled": true,
          "markup_range": 0.02982632095493845,
          "min_markup": 0.019817020658130548,
          "n_close_orders": 3,
          "qty_pct_close": 0.0473802967928054,
          "qty_pct_entry": 0.011404991112352257,
          "wallet_exposure_limit": 1,
          "we_multiplier_close": 54.59658559023399,
          "we_multiplier_entry": 31.75577172483713},
 "short": {"delay_between_fills_minutes_close": 355.5810699545897,
           "delay_between_fills_minutes_entry": 68.7408446912552,
           "delay_weight_close": -77.74816471932562,
           "delay_weight_entry": 54.689790451196494,
           "ema_dist_lower": 0.019444266292673845,
           "ema_dist_upper": 0.005616480301556557,
           "ema_span_0": 421.0519077863722,
           "ema_span_1": 3322.8093279198783,
           "enabled": false,
           "markup_range": 0.022383721794935956,
           "min_markup": 0.00717067530126121,
           "n_close_orders": 4,
           "qty_pct_close": 0.07095277858407005,
           "qty_pct_entry": 0.06622281507163877,
           "wallet_exposure_limit": 1.0,
           "we_multiplier_close": 61.214370768952705,
           "we_multiplier_entry": 130.4287460582371}}