{"config_name": "recursive_grid_0days",
 "logging_level": 0,
 "long": {"auto_unstuck_ema_dist": 0.006561632578884767,
          "auto_unstuck_wallet_exposure_threshold": 0.029829476888497995,
          "backwards_tp": true,
          "ddown_factor": 1.6236300578870235,
          "ema_span_0": 184.778735235434,
          "ema_span_1": 604.2583500635277,
          "enabled": true,
          "initial_eprice_ema_dist": 0.00966396433384206,
          "initial_qty_pct": 0.013864607268527455,
          "markup_range": 0.003868096952166707,
          "min_markup": 0.005389823063093689,
          "n_close_orders": 2,
          "rentry_pprice_dist": 0.022844355535403347,
          "rentry_pprice_dist_wallet_exposure_weighting": 1.9361280298672376,
          "wallet_exposure_limit": 0.3},
 "short": {"auto_unstuck_ema_dist": 0.017143132558408505,
           "auto_unstuck_wallet_exposure_threshold": 0.009251224245684841,
           "backwards_tp": true,
           "ddown_factor": 2.935299573068819,
           "ema_span_0": 318.2958663898907,
           "ema_span_1": 305.77093836558765,
           "enabled": true,
           "initial_eprice_ema_dist": 0.009200018566338468,
           "initial_qty_pct": 0.014758765764717097,
           "markup_range": 0.0020946860799114938,
           "min_markup": 0.00272374499377226,
           "n_close_orders": 8,
           "rentry_pprice_dist": 0.03347935153399863,
           "rentry_pprice_dist_wallet_exposure_weighting": 0.0,
           "wallet_exposure_limit": 0.1}}