{"config_name": "recursive_grid_0days",
 "logging_level": 0,
 "long": {"auto_unstuck_ema_dist": 0,
          "auto_unstuck_wallet_exposure_threshold": 0.0,
          "backwards_tp": true,
          "ddown_factor": 1.4402516778685959,
          "ema_span_0": 458.05156109713175,
          "ema_span_1": 731.4487486148929,
          "enabled": true,
          "initial_eprice_ema_dist": 0.008064496214306653,
          "initial_qty_pct": 0.011903594006549632,
          "markup_range": 0.0025020038148949133,
          "min_markup": 0.006861877063362304,
          "n_close_orders": 3,
          "rentry_pprice_dist": 0.023473845382266215,
          "rentry_pprice_dist_wallet_exposure_weighting": 4.3304412909058225,
          "wallet_exposure_limit": 0.3},
 "short": {"auto_unstuck_ema_dist": -0.07627847625665447,
           "auto_unstuck_wallet_exposure_threshold": 0.057996305320975244,
           "backwards_tp": true,
           "ddown_factor": 0.44438474719871623,
           "ema_span_0": 983.078668435335,
           "ema_span_1": 75.3649727015283,
           "enabled": false,
           "initial_eprice_ema_dist": 0.00017723169603513222,
           "initial_qty_pct": 0.0649844471674943,
           "markup_range": 0.00898817478159683,
           "min_markup": 0.0013751225555967968,
           "n_close_orders": 7,
           "rentry_pprice_dist": 0.006020058258706632,
           "rentry_pprice_dist_wallet_exposure_weighting": 0.12218688460321925,
           "wallet_exposure_limit": 1.0}}