{"config_name": "clock_0days",
 "long": {"backwards_tp": true,
          "delay_between_fills_minutes_close": 497.84797838157584,
          "delay_between_fills_minutes_entry": 367.30597075419934,
          "delay_weight_close": 2.3391822847038335,
          "delay_weight_entry": 28.903004751589595,
          "ema_dist_close": -0.0008691174897130054,
          "ema_dist_entry": -0.7422157959495297,
          "ema_span_0": 2200,
          "ema_span_1": 292.2789883406492,
          "enabled": true,
          "markup_range": 0.028127458798851028,
          "min_markup": 0.009377644494387896,
          "n_close_orders": 4,
          "qty_pct_close": 0.014894525401742246,
          "qty_pct_entry": 0.010323429913208853,
          "wallet_exposure_limit": 0.3,
          "we_multiplier_close": 136.78844185586644,
          "we_multiplier_entry": 21.265651453455536},
 "short": {"backwards_tp": true,
           "delay_between_fills_minutes_close": 59.573263686142596,
           "delay_between_fills_minutes_entry": 347.81297664075913,
           "delay_weight_close": 70.41339884013955,
           "delay_weight_entry": 85.0963634663239,
           "ema_dist_close": 0.0013399684257971653,
           "ema_dist_entry": -0.0010501476688386802,
           "ema_span_0": 296.30974804382527,
           "ema_span_1": 914.3531592971951,
           "enabled": false,
           "markup_range": 0.06644778220073592,
           "min_markup": 0.06457023139735758,
           "n_close_orders": 7,
           "qty_pct_close": 0.2226868318855855,
           "qty_pct_entry": 0.32978455358756426,
           "wallet_exposure_limit": 1.0,
           "we_multiplier_close": 7.328110279968109,
           "we_multiplier_entry": 34.25295156170955}}