{"config_name": "recursive_grid_0days",
 "logging_level": 0,
 "long": {"auto_unstuck_ema_dist": 0.0,
          "auto_unstuck_wallet_exposure_threshold": 0.0,
          "backwards_tp": true,
          "ddown_factor": 1.7622610836221853,
          "ema_span_0": 183.2639699106344,
          "ema_span_1": 469.41344807935775,
          "enabled": true,
          "initial_eprice_ema_dist": 0.011553360317785567,
          "initial_qty_pct": 0.011968667340648172,
          "markup_range": 0.00433665140747405,
          "min_markup": 0.0028507204603397977,
          "n_close_orders": 14,
          "rentry_pprice_dist": 0.022694416622854846,
          "rentry_pprice_dist_wallet_exposure_weighting": 9.02923575291379,
          "wallet_exposure_limit": 0.3},
 "short": {"auto_unstuck_ema_dist": -0.07740066558846168,
           "auto_unstuck_wallet_exposure_threshold": 0.08895632566120162,
           "backwards_tp": true,
           "ddown_factor": 0.7173820249502607,
           "ema_span_0": 99.43704455259875,
           "ema_span_1": 1059.2905558299074,
           "enabled": false,
           "initial_eprice_ema_dist": -0.03476574806740418,
           "initial_qty_pct": 0.03323715573702775,
           "markup_range": 0.01260172551138436,
           "min_markup": 0.006790480099603584,
           "n_close_orders": 9,
           "rentry_pprice_dist": 0.016752773820969433,
           "rentry_pprice_dist_wallet_exposure_weighting": 0.13651824599861806,
           "wallet_exposure_limit": 1.0}}