{"config_name": "clock_0days",
 "long": {"backwards_tp": false,
          "delay_between_fills_minutes_close": 1211.269421137584,
          "delay_between_fills_minutes_entry": 1238.2505684443274,
          "delay_weight_close": 22.564694666719344,
          "delay_weight_entry": 14.460139369901439,
          "ema_dist_close": 0.004,
          "ema_dist_entry": -0.0066687009946019195,
          "ema_span_0": 1345.9526926286826,
          "ema_span_1": 37.431588445268304,
          "enabled": true,
          "markup_range": 0.013303696398645162,
          "min_markup": 0.01,
          "n_close_orders": 15,
          "qty_pct_close": 0.01,
          "qty_pct_entry": 0.01,
          "wallet_exposure_limit": 0.2,
          "we_multiplier_close": 0,
          "we_multiplier_entry": 11.676161214698569},
 "short": {"backwards_tp": false,
           "delay_between_fills_minutes_close": 104.25317622001498,
           "delay_between_fills_minutes_entry": 697.2062741961223,
           "delay_weight_close": 77.02287202315983,
           "delay_weight_entry": 49.99023816487399,
           "ema_dist_close": -0.006571628578436177,
           "ema_dist_entry": -0.03387032372005768,
           "ema_span_0": 952.3611014888272,
           "ema_span_1": 1232.4519182449349,
           "enabled": false,
           "markup_range": 0.019266327810115735,
           "min_markup": 0.0023213254020784677,
           "n_close_orders": 4,
           "qty_pct_close": 0.03953380404311887,
           "qty_pct_entry": 0.041106308901962055,
           "wallet_exposure_limit": 1.0,
           "we_multiplier_close": 34.718640458226105,
           "we_multiplier_entry": 11.71724721962175}}