{"config_name": "recursive_grid_0days",
 "logging_level": 0,
 "long": {"auto_unstuck_ema_dist": 0.0,
          "auto_unstuck_wallet_exposure_threshold": 0.0,
          "backwards_tp": true,
          "ddown_factor": 1.5068969532030096,
          "ema_span_0": 877.2548438457466,
          "ema_span_1": 939.4418829910744,
          "enabled": true,
          "initial_eprice_ema_dist": -0.07582887871732565,
          "initial_qty_pct": 0.015527918970134056,
          "markup_range": 0.0035222391663732562,
          "min_markup": 0.0032183837132439964,
          "n_close_orders": 9,
          "rentry_pprice_dist": 0.04190286167087986,
          "rentry_pprice_dist_wallet_exposure_weighting": 0.8493970038758903,
          "wallet_exposure_limit": 0.1},
 "short": {"auto_unstuck_ema_dist": 0.0881747277961476,
           "auto_unstuck_wallet_exposure_threshold": 0.5299499824077089,
           "backwards_tp": true,
           "ddown_factor": 2.6094465685547297,
           "ema_span_0": 1490.3783865912615,
           "ema_span_1": 1058.0368172774092,
           "enabled": false,
           "initial_eprice_ema_dist": -0.005308577262135088,
           "initial_qty_pct": 0.034108334329538484,
           "markup_range": 0.039056275420575916,
           "min_markup": 0.013567344956672903,
           "n_close_orders": 10,
           "rentry_pprice_dist": 0.02424156091345052,
           "rentry_pprice_dist_wallet_exposure_weighting": 64.29519634437477,
           "wallet_exposure_limit": 0.1}}