{"config_name": "recursive_grid_0days",
 "logging_level": 0,
 "long": {"auto_unstuck_ema_dist": 0,
          "auto_unstuck_wallet_exposure_threshold": 0.0,
          "backwards_tp": false,
          "ddown_factor": 0.4031147563594602,
          "ema_span_0": 423.38224376031104,
          "ema_span_1": 151.96300300924196,
          "enabled": true,
          "initial_eprice_ema_dist": -0.185,
          "initial_qty_pct": 0.004127226638748662,
          "markup_range": 0.029287973264176398,
          "min_markup": 0.009231966535686885,
          "n_close_orders": 7,
          "rentry_pprice_dist": 0.028712354942535618,
          "rentry_pprice_dist_wallet_exposure_weighting": 0.8687034373247635,
          "wallet_exposure_limit": 0.2},
 "short": {"auto_unstuck_ema_dist": -0.03508277711713867,
           "auto_unstuck_wallet_exposure_threshold": 0.05783252640060566,
           "backwards_tp": false,
           "ddown_factor": 0.22036440249735376,
           "ema_span_0": 665.8835061255943,
           "ema_span_1": 1135.4411136041085,
           "enabled": false,
           "initial_eprice_ema_dist": -0.037185843320502426,
           "initial_qty_pct": 0.040894073712386514,
           "markup_range": 0.055976679736891834,
           "min_markup": 0.005243896533187404,
           "n_close_orders": 9,
           "rentry_pprice_dist": 0.035427511350372844,
           "rentry_pprice_dist_wallet_exposure_weighting": 17.270059375560606,
           "wallet_exposure_limit": 1.0}}