{"config_name": "clock_0days",
 "long": {"backwards_tp": false,
          "delay_between_fills_minutes_close": 498.66610939297,
          "delay_between_fills_minutes_entry": 426.31540329910723,
          "delay_weight_close": 29.684179642872902,
          "delay_weight_entry": 21.861903479296778,
          "ema_dist_close": 0.011049608887842292,
          "ema_dist_entry": -0.1252990947679747,
          "ema_span_0": 425.09763135758226,
          "ema_span_1": 325.2640332581067,
          "enabled": true,
          "markup_range": 0.017946646381083682,
          "min_markup": 0.004402320230460895,
          "n_close_orders": 2,
          "qty_pct_close": 0.01114115438946333,
          "qty_pct_entry": 0.013226541229976529,
          "wallet_exposure_limit": 0.3,
          "we_multiplier_close": 0,
          "we_multiplier_entry": 13.639708129327047},
 "short": {"backwards_tp": false,
           "delay_between_fills_minutes_close": 1207.3521576965527,
           "delay_between_fills_minutes_entry": 660.9039466467251,
           "delay_weight_close": 71.39190860523591,
           "delay_weight_entry": 61.473817815678686,
           "ema_dist_close": -0.049999877255000165,
           "ema_dist_entry": -0.015877737620801212,
           "ema_span_0": 655.1103866745954,
           "ema_span_1": 561.6609452197436,
           "enabled": false,
           "markup_range": 0.057552814767125905,
           "min_markup": 0.006973084391765777,
           "n_close_orders": 12,
           "qty_pct_close": 0.07472448939841841,
           "qty_pct_entry": 0.019893532833104473,
           "wallet_exposure_limit": 1.0,
           "we_multiplier_close": 89.13888633229904,
           "we_multiplier_entry": 58.90138376073458}}