{"config_name": "recursive_grid_0days",
 "logging_level": 0,
 "long": {"auto_unstuck_ema_dist": 0,
          "auto_unstuck_wallet_exposure_threshold": 0.0,
          "backwards_tp": false,
          "ddown_factor": 2.1429,
          "ema_span_0": 1079.9746220954219,
          "ema_span_1": 758.9272988584003,
          "enabled": true,
          "initial_eprice_ema_dist": -0.008493561384317661,
          "initial_qty_pct": 0.0031893,
          "markup_range": 0.028078,
          "min_markup": 0.005709,
          "n_close_orders": 5,
          "rentry_pprice_dist": 0.018515,
          "rentry_pprice_dist_wallet_exposure_weighting": 2.1199,
          "wallet_exposure_limit": 0.2},
 "short": {"auto_unstuck_ema_dist": -0.021246357353731732,
           "auto_unstuck_wallet_exposure_threshold": 0.06532333748310977,
           "backwards_tp": false,
           "ddown_factor": 2.209660370817854,
           "ema_span_0": 97.56145489472489,
           "ema_span_1": 1039.2312916700619,
           "enabled": false,
           "initial_eprice_ema_dist": -0.0813535399385546,
           "initial_qty_pct": 0.08987981026418189,
           "markup_range": 0.03296623797408375,
           "min_markup": 0.00567224822106204,
           "n_close_orders": 2,
           "rentry_pprice_dist": 0.047257934540168446,
           "rentry_pprice_dist_wallet_exposure_weighting": 13.782859026908472,
           "wallet_exposure_limit": 1.0}}