{"config_name": "recursive_grid_0days",
 "logging_level": 0,
 "long": {"auto_unstuck_ema_dist": -0.0008832911096318984,
          "auto_unstuck_wallet_exposure_threshold": 0.08379860290019855,
          "backwards_tp": true,
          "ddown_factor": 2.493797323870818,
          "ema_span_0": 343.03713259603376,
          "ema_span_1": 917.884832081716,
          "enabled": true,
          "initial_eprice_ema_dist": 0.004603142693632163,
          "initial_qty_pct": 0.03777719162470321,
          "markup_range": 0.009039342196388625,
          "min_markup": 0.005170094248950267,
          "n_close_orders": 5,
          "rentry_pprice_dist": 0.030356734936345435,
          "rentry_pprice_dist_wallet_exposure_weighting": 2.6321537830561432,
          "wallet_exposure_limit": 0.3},
 "short": {"auto_unstuck_ema_dist": -0.012058631242950216,
           "auto_unstuck_wallet_exposure_threshold": 0.04670456575351924,
           "backwards_tp": true,
           "ddown_factor": 0.1839373644551242,
           "ema_span_0": 537.7765717472845,
           "ema_span_1": 704.0590590927106,
           "enabled": false,
           "initial_eprice_ema_dist": -0.03158397320414123,
           "initial_qty_pct": 0.09693208627191482,
           "markup_range": 0.03523742954254504,
           "min_markup": 0.007042035694369575,
           "n_close_orders": 9,
           "rentry_pprice_dist": 0.03252966562530267,
           "rentry_pprice_dist_wallet_exposure_weighting": 32.599030260915384,
           "wallet_exposure_limit": 1.0}}