{"config_name": "recursive_grid_0days",
 "logging_level": 0,
 "long": {"auto_unstuck_ema_dist": -0.0035998100990686675,
          "auto_unstuck_wallet_exposure_threshold": 0.05958560185265557,
          "backwards_tp": true,
          "ddown_factor": 2.2104774076513096,
          "ema_span_0": 582.7111083765695,
          "ema_span_1": 1388.7269879793107,
          "enabled": true,
          "initial_eprice_ema_dist": 0.0037380931486019064,
          "initial_qty_pct": 0.013210927413479233,
          "markup_range": 0.0034838826329846562,
          "min_markup": 0.004961737428311166,
          "n_close_orders": 6,
          "rentry_pprice_dist": 0.020906415691817018,
          "rentry_pprice_dist_wallet_exposure_weighting": 4.0166153412015895,
          "wallet_exposure_limit": 0.3},
 "short": {"auto_unstuck_ema_dist": -0.04583012022600095,
           "auto_unstuck_wallet_exposure_threshold": 0.03508226279677414,
           "backwards_tp": true,
           "ddown_factor": 0.29498133201446075,
           "ema_span_0": 465.3687992267999,
           "ema_span_1": 1370.7291921218402,
           "enabled": false,
           "initial_eprice_ema_dist": -0.0848855740148667,
           "initial_qty_pct": 0.06324637677033591,
           "markup_range": 0.0014775094553004602,
           "min_markup": 0.007983494157641689,
           "n_close_orders": 12,
           "rentry_pprice_dist": 0.017159209951039988,
           "rentry_pprice_dist_wallet_exposure_weighting": 30.10740028051972,
           "wallet_exposure_limit": 1.0}}