{"config_name": "clock_0days",
 "long": {"backwards_tp": true,
          "delay_between_fills_minutes_close": 391.813331654013,
          "delay_between_fills_minutes_entry": 298.86243816108487,
          "delay_weight_close": 26.713230665049842,
          "delay_weight_entry": 19.498550258372486,
          "ema_dist_close": -0.01912948410431159,
          "ema_dist_entry": 0.012170204314753533,
          "ema_span_0": 990.6927363495673,
          "ema_span_1": 537.7217613808031,
          "enabled": true,
          "markup_range": 0.016710689787254755,
          "min_markup": 0.0062918117413139265,
          "n_close_orders": 4,
          "qty_pct_close": 0.01578369264179009,
          "qty_pct_entry": 0.015089998988488274,
          "wallet_exposure_limit": 0.3,
          "we_multiplier_close": 59.62260909256601,
          "we_multiplier_entry": 142.10413208888886},
 "short": {"backwards_tp": true,
           "delay_between_fills_minutes_close": 159.34640737797866,
           "delay_between_fills_minutes_entry": 832.9435460840302,
           "delay_weight_close": 61.63913352182703,
           "delay_weight_entry": 71.20387838312024,
           "ema_dist_close": -0.016594345057176434,
           "ema_dist_entry": 0.000288074730973302,
           "ema_span_0": 63.99193521833284,
           "ema_span_1": 469.04934631992256,
           "enabled": false,
           "markup_range": 0.03873604367856438,
           "min_markup": 0.06559796768710549,
           "n_close_orders": 7,
           "qty_pct_close": 0.566544632857819,
           "qty_pct_entry": 0.9688825951829035,
           "wallet_exposure_limit": 1.0,
           "we_multiplier_close": 7.044530534136095,
           "we_multiplier_entry": 31.38417592789264}}