{"config_name": "recursive_grid_0days",
 "logging_level": 0,
 "long": {"auto_unstuck_ema_dist": -0.012369057597934703,
          "auto_unstuck_wallet_exposure_threshold": 0.027952221595135288,
          "backwards_tp": false,
          "ddown_factor": 2.1429,
          "ema_span_0": 350.8651687338582,
          "ema_span_1": 942.6729778939059,
          "enabled": true,
          "initial_eprice_ema_dist": -0.02543803912982756,
          "initial_qty_pct": 0.0031893,
          "markup_range": 0.028078,
          "min_markup": 0.005709,
          "n_close_orders": 5,
          "rentry_pprice_dist": 0.018515,
          "rentry_pprice_dist_wallet_exposure_weighting": 2.1199,
          "wallet_exposure_limit": 0.2},
 "short": {"auto_unstuck_ema_dist": -0.05241882547871193,
           "auto_unstuck_wallet_exposure_threshold": 0.0947308180719503,
           "backwards_tp": false,
           "ddown_factor": 1.3770275434416306,
           "ema_span_0": 794.4596792542061,
           "ema_span_1": 977.164978549131,
           "enabled": false,
           "initial_eprice_ema_dist": -0.0796338688791991,
           "initial_qty_pct": 0.07257206376323046,
           "markup_range": 0.030643780558118876,
           "min_markup": 0.002885099670893067,
           "n_close_orders": 9,
           "rentry_pprice_dist": 0.02689719705611564,
           "rentry_pprice_dist_wallet_exposure_weighting": 6.960119723214864,
           "wallet_exposure_limit": 1.0}}