{"config_name": "recursive_grid_0days",
 "logging_level": 0,
 "long": {"auto_unstuck_ema_dist": 0,
          "auto_unstuck_wallet_exposure_threshold": 0.0,
          "backwards_tp": false,
          "ddown_factor": 0.5234167126974686,
          "ema_span_0": 303.02375399045064,
          "ema_span_1": 579.4509511087471,
          "enabled": true,
          "initial_eprice_ema_dist": -0.1810606558518676,
          "initial_qty_pct": 0.004160294220987038,
          "markup_range": 0.04597997606997101,
          "min_markup": 0.010512413034628496,
          "n_close_orders": 8,
          "rentry_pprice_dist": 0.020537119278058638,
          "rentry_pprice_dist_wallet_exposure_weighting": 3.22161938508677,
          "wallet_exposure_limit": 0.2},
 "short": {"auto_unstuck_ema_dist": -0.023622347333142862,
           "auto_unstuck_wallet_exposure_threshold": 0.09626056661993976,
           "backwards_tp": false,
           "ddown_factor": 1.6025529536775813,
           "ema_span_0": 1341.3755340041043,
           "ema_span_1": 203.56863200400508,
           "enabled": false,
           "initial_eprice_ema_dist": 0.00010384077434107131,
           "initial_qty_pct": 0.02499618665330755,
           "markup_range": 0.04337988365709235,
           "min_markup": 0.004993105149505168,
           "n_close_orders": 12,
           "rentry_pprice_dist": 0.0213764965807896,
           "rentry_pprice_dist_wallet_exposure_weighting": 6.597990271963868,
           "wallet_exposure_limit": 1.0}}