{"config_name": "neat_grid_0days",
 "logging_level": 0,
 "long": {"auto_unstuck_ema_dist": 0.04195420786922431,
          "auto_unstuck_wallet_exposure_threshold": 0.00341943200823251,
          "backwards_tp": true,
          "ema_span_0": 210.5709108954155,
          "ema_span_1": 3271.3332184246233,
          "enabled": true,
          "eprice_exp_base": 1.3522594912707602,
          "eqty_exp_base": 1.884639566904046,
          "grid_span": 0.37457820876875075,
          "initial_eprice_ema_dist": -0.1,
          "initial_qty_pct": 0.01,
          "markup_range": 0.00255606243192137,
          "max_n_entry_orders": 10,
          "min_markup": 0.002,
          "n_close_orders": 5,
          "wallet_exposure_limit": 1},
 "short": {"auto_unstuck_ema_dist": 0.07585106701553562,
           "auto_unstuck_wallet_exposure_threshold": 0.07624983531126217,
           "backwards_tp": true,
           "ema_span_0": 2155.8714161880835,
           "ema_span_1": 7106.128618799517,
           "enabled": true,
           "eprice_exp_base": 1.2778741487015064,
           "eqty_exp_base": 2.5960330720044626,
           "grid_span": 0.3537373584585977,
           "initial_eprice_ema_dist": -0.0005146834739291938,
           "initial_qty_pct": 0.01,
           "markup_range": 0.003,
           "max_n_entry_orders": 8,
           "min_markup": 0.002,
           "n_close_orders": 16,
           "wallet_exposure_limit": 0.1}}