{"config_name": "clock_0days",
 "long": {"backwards_tp": true,
          "delay_between_fills_minutes_close": 497.3778335546315,
          "delay_between_fills_minutes_entry": 311.468779957183,
          "delay_weight_close": 98.2507349603145,
          "delay_weight_entry": 23.305503655369662,
          "ema_dist_close": -0.007575041043844108,
          "ema_dist_entry": 0.008122408494450955,
          "ema_span_0": 472.40917217795067,
          "ema_span_1": 500,
          "enabled": true,
          "markup_range": 0.010546491998700407,
          "min_markup": 0.009555948108540544,
          "n_close_orders": 2,
          "qty_pct_close": 0.01,
          "qty_pct_entry": 0.01,
          "wallet_exposure_limit": 0.2,
          "we_multiplier_close": 3.5807174952123435,
          "we_multiplier_entry": 87.90686712570823},
 "short": {"backwards_tp": true,
           "delay_between_fills_minutes_close": 403.49553541820177,
           "delay_between_fills_minutes_entry": 435.0415234114022,
           "delay_weight_close": 91.47033878265312,
           "delay_weight_entry": 29.17020488631692,
           "ema_dist_close": -0.011103721989287635,
           "ema_dist_entry": 0.01,
           "ema_span_0": 277.10224957328944,
           "ema_span_1": 357.8165875239036,
           "enabled": true,
           "markup_range": 0.01095404198495796,
           "min_markup": 0.0029858756390812647,
           "n_close_orders": 4,
           "qty_pct_close": 0.01,
           "qty_pct_entry": 0.01,
           "wallet_exposure_limit": 0.1,
           "we_multiplier_close": 1.9443373438502167,
           "we_multiplier_entry": 86.12652825135889}}