{"config_name": "recursive_grid_0days",
 "logging_level": 0,
 "long": {"auto_unstuck_ema_dist": 0.0036568213260920364,
          "auto_unstuck_wallet_exposure_threshold": 0.05188328005630143,
          "backwards_tp": true,
          "ddown_factor": 1.1262732753844362,
          "ema_span_0": 268.44453654818636,
          "ema_span_1": 194.18868668109033,
          "enabled": true,
          "initial_eprice_ema_dist": 0.0021141791364602514,
          "initial_qty_pct": 0.01431889260288139,
          "markup_range": 0.006498056255274304,
          "min_markup": 0.006511895735979179,
          "n_close_orders": 4,
          "rentry_pprice_dist": 0.024721549727832318,
          "rentry_pprice_dist_wallet_exposure_weighting": 1.2245610048433044,
          "wallet_exposure_limit": 0.3},
 "short": {"auto_unstuck_ema_dist": -0.0914912618488398,
           "auto_unstuck_wallet_exposure_threshold": 0.0879742210305435,
           "backwards_tp": true,
           "ddown_factor": 0.5740105274120789,
           "ema_span_0": 1234.1977363862827,
           "ema_span_1": 735.9092492422236,
           "enabled": false,
           "initial_eprice_ema_dist": -0.03347469355536439,
           "initial_qty_pct": 0.03359019297947806,
           "markup_range": 0.04609970967610518,
           "min_markup": 0.0036685577120797105,
           "n_close_orders": 4,
           "rentry_pprice_dist": 0.02499091078859649,
           "rentry_pprice_dist_wallet_exposure_weighting": 13.558262236694619,
           "wallet_exposure_limit": 1.0}}