{"config_name": "recursive_grid_0days",
 "logging_level": 0,
 "long": {"auto_unstuck_ema_dist": 0.0025,
          "auto_unstuck_wallet_exposure_threshold": 0.03464948803943686,
          "backwards_tp": false,
          "ddown_factor": 2.1429,
          "ema_span_0": 822.1678747527989,
          "ema_span_1": 96.25471743804914,
          "enabled": true,
          "initial_eprice_ema_dist": 0.0008151325890157978,
          "initial_qty_pct": 0.0031893,
          "markup_range": 0.028078,
          "min_markup": 0.005709,
          "n_close_orders": 5,
          "rentry_pprice_dist": 0.018515,
          "rentry_pprice_dist_wallet_exposure_weighting": 2.1199,
          "wallet_exposure_limit": 0.2},
 "short": {"auto_unstuck_ema_dist": -0.0018280327098890298,
           "auto_unstuck_wallet_exposure_threshold": 0.041359133163135664,
           "backwards_tp": false,
           "ddown_factor": 0.4449228593082978,
           "ema_span_0": 404.51994727109394,
           "ema_span_1": 1309.8234997997765,
           "enabled": false,
           "initial_eprice_ema_dist": -0.08775729516469108,
           "initial_qty_pct": 0.07592702416971585,
           "markup_range": 0.01763873499496549,
           "min_markup": 0.0060956747998253905,
           "n_close_orders": 11,
           "rentry_pprice_dist": 0.0106582601533953,
           "rentry_pprice_dist_wallet_exposure_weighting": 16.850492716508295,
           "wallet_exposure_limit": 1.0}}