{"config_name": "recursive_grid_0days",
 "logging_level": 0,
 "long": {"auto_unstuck_ema_dist": -0.0008179577401920433,
          "auto_unstuck_wallet_exposure_threshold": 0.05564236086113624,
          "backwards_tp": true,
          "ddown_factor": 1.9454573969665485,
          "ema_span_0": 571.1974348392808,
          "ema_span_1": 703.6442309797075,
          "enabled": true,
          "initial_eprice_ema_dist": 0.010848100892223433,
          "initial_qty_pct": 0.02220485593725222,
          "markup_range": 0.006948755548843654,
          "min_markup": 0.004686869398343111,
          "n_close_orders": 6,
          "rentry_pprice_dist": 0.036068678648933886,
          "rentry_pprice_dist_wallet_exposure_weighting": 0.08933478137515811,
          "wallet_exposure_limit": 0.3},
 "short": {"auto_unstuck_ema_dist": -0.05449086610940281,
           "auto_unstuck_wallet_exposure_threshold": 0.08605546584226101,
           "backwards_tp": true,
           "ddown_factor": 1.7912865634225077,
           "ema_span_0": 52.82679277977423,
           "ema_span_1": 163.48353725094586,
           "enabled": false,
           "initial_eprice_ema_dist": -0.08014895398511776,
           "initial_qty_pct": 0.09982462765401025,
           "markup_range": 0.012532440319985738,
           "min_markup": 0.0048194276072374784,
           "n_close_orders": 8,
           "rentry_pprice_dist": 0.009176886118532675,
           "rentry_pprice_dist_wallet_exposure_weighting": 18.51768236248088,
           "wallet_exposure_limit": 1.0}}