{"config_name": "recursive_grid_0days",
 "logging_level": 0,
 "long": {"auto_unstuck_ema_dist": -0.0011974331122364713,
          "auto_unstuck_wallet_exposure_threshold": 0.05116432744258018,
          "backwards_tp": true,
          "ddown_factor": 2.1290081753475234,
          "ema_span_0": 462.6444911699175,
          "ema_span_1": 627.2532636727419,
          "enabled": true,
          "initial_eprice_ema_dist": 0.014388849990100955,
          "initial_qty_pct": 0.014371528945413797,
          "markup_range": 0.00698230806275547,
          "min_markup": 0.006130575120829233,
          "n_close_orders": 9,
          "rentry_pprice_dist": 0.017607553653428996,
          "rentry_pprice_dist_wallet_exposure_weighting": 1.676236455289657,
          "wallet_exposure_limit": 0.3},
 "short": {"auto_unstuck_ema_dist": -0.04677671845629713,
           "auto_unstuck_wallet_exposure_threshold": 0.06193014000648418,
           "backwards_tp": true,
           "ddown_factor": 1.0971191362409665,
           "ema_span_0": 27.87055714072558,
           "ema_span_1": 633.8503055749076,
           "enabled": false,
           "initial_eprice_ema_dist": -0.0358214208808592,
           "initial_qty_pct": 0.06309259917958832,
           "markup_range": 0.00014912916953205402,
           "min_markup": 0.005339274989111907,
           "n_close_orders": 11,
           "rentry_pprice_dist": 0.01434770594650257,
           "rentry_pprice_dist_wallet_exposure_weighting": 22.524359916660273,
           "wallet_exposure_limit": 1.0}}