{"config_name": "neat_grid_0days",
 "logging_level": 0,
 "long": {"auto_unstuck_ema_dist": 0.0010928847008814637,
          "auto_unstuck_wallet_exposure_threshold": 0.08358601923492708,
          "backwards_tp": true,
          "ema_span_0": 114.74967456541454,
          "ema_span_1": 78.94350465208093,
          "enabled": true,
          "eprice_exp_base": 1.5453528054210084,
          "eqty_exp_base": 2.6327246840029304,
          "grid_span": 0.11832958463299441,
          "initial_eprice_ema_dist": -0.07886213138630327,
          "initial_qty_pct": 0.01,
          "markup_range": 0.0012423455745753835,
          "max_n_entry_orders": 6,
          "min_markup": 0.002,
          "n_close_orders": 8,
          "wallet_exposure_limit": 1.0},
 "short": {"auto_unstuck_ema_dist": 0.08746979768760678,
           "auto_unstuck_wallet_exposure_threshold": 0.019004958776957917,
           "backwards_tp": true,
           "ema_span_0": 1770.1071582662378,
           "ema_span_1": 4842.056399095232,
           "enabled": true,
           "eprice_exp_base": 2.0552492904522155,
           "eqty_exp_base": 2.029684291112897,
           "grid_span": 0.12323932018790881,
           "initial_eprice_ema_dist": -0.01263617047774991,
           "initial_qty_pct": 0.01,
           "markup_range": 0.0007560984200729354,
           "max_n_entry_orders": 5,
           "min_markup": 0.002,
           "n_close_orders": 13,
           "wallet_exposure_limit": 1.0}}