{"config_name": "emas_0days",
 "long": {"delay_between_fills_minutes_close": 500,
          "delay_between_fills_minutes_entry": 381.5397589898691,
          "delay_weight_close": -34.736658686420604,
          "delay_weight_entry": 32.916474056325654,
          "ema_dist_lower": -0.6764879270053301,
          "ema_dist_upper": -0.05198000482602836,
          "ema_span_0": 928.8387171561642,
          "ema_span_1": 2617.7063097267314,
          "enabled": true,
          "markup_range": 0.029815051943580775,
          "min_markup": 0.01992250281915058,
          "n_close_orders": 2,
          "qty_pct_close": 0.03205397624623474,
          "qty_pct_entry": 0.0060147804777040655,
          "wallet_exposure_limit": 1,
          "we_multiplier_close": 88.8550562234651,
          "we_multiplier_entry": 72.12586441077518},
 "short": {"delay_between_fills_minutes_close": 105.81972994935586,
           "delay_between_fills_minutes_entry": 215.54445179163955,
           "delay_weight_close": -12.781907470554742,
           "delay_weight_entry": 53.00904099274577,
           "ema_dist_lower": 0.019040075961082984,
           "ema_dist_upper": 0.011782466259329404,
           "ema_span_0": 693.6096063733205,
           "ema_span_1": 3055.0802624277558,
           "enabled": false,
           "markup_range": 0.02996666729340262,
           "min_markup": 0.009413632428095446,
           "n_close_orders": 3,
           "qty_pct_close": 0.054754184593020554,
           "qty_pct_entry": 0.057252704161875174,
           "wallet_exposure_limit": 1.0,
           "we_multiplier_close": 27.978744648911135,
           "we_multiplier_entry": 149.41332669716317}}