{"config_name": "clock_0days",
 "long": {"backwards_tp": false,
          "delay_between_fills_minutes_close": 1421.1497729536595,
          "delay_between_fills_minutes_entry": 492.3532206121063,
          "delay_weight_close": 63.211912046325715,
          "delay_weight_entry": 25.534204214952627,
          "ema_dist_close": -0.00012969733740792524,
          "ema_dist_entry": -0.008358976666239887,
          "ema_span_0": 1171.6505422663051,
          "ema_span_1": 487.74575949940254,
          "enabled": true,
          "markup_range": 0.01615098054433859,
          "min_markup": 0.006270680352868743,
          "n_close_orders": 8,
          "qty_pct_close": 0.06876921690573531,
          "qty_pct_entry": 0.01,
          "wallet_exposure_limit": 1,
          "we_multiplier_close": 1.148493345778024,
          "we_multiplier_entry": 94.03884249523837},
 "short": {"backwards_tp": false,
           "delay_between_fills_minutes_close": 949.4568125647936,
           "delay_between_fills_minutes_entry": 1099.2313182997314,
           "delay_weight_close": 85.99590148992485,
           "delay_weight_entry": 81.15719229325792,
           "ema_dist_close": -0.0023359976074950536,
           "ema_dist_entry": 0.0015477835926652795,
           "ema_span_0": 1066.4408566715483,
           "ema_span_1": 604.9867449865391,
           "enabled": false,
           "markup_range": 0.03372622944743839,
           "min_markup": 0.006092316316965156,
           "n_close_orders": 14,
           "qty_pct_close": 0.029148757980337565,
           "qty_pct_entry": 0.021109076254709022,
           "wallet_exposure_limit": 1.0,
           "we_multiplier_close": 14.287560814653,
           "we_multiplier_entry": 9.832131391290176}}