{"config_name": "emas_0days",
 "long": {"delay_between_fills_minutes_close": 417.4343874371017,
          "delay_between_fills_minutes_entry": 251.3724416457576,
          "delay_weight_close": 19.89536852560562,
          "delay_weight_entry": 56.754132422842076,
          "ema_dist_lower": -0.5010002814106052,
          "ema_dist_upper": -0.08317226457877584,
          "ema_span_0": 1176.4883640673136,
          "ema_span_1": 3648.0357634385027,
          "enabled": true,
          "markup_range": 0.02298870190849136,
          "min_markup": 0.019548595921312594,
          "n_close_orders": 5,
          "qty_pct_close": 0.06615317229782218,
          "qty_pct_entry": 0.0010990337959044152,
          "wallet_exposure_limit": 1,
          "we_multiplier_close": 1.057399810145772,
          "we_multiplier_entry": 127.46607565697306},
 "short": {"delay_between_fills_minutes_close": 390.9633707779029,
           "delay_between_fills_minutes_entry": 169.92072515840908,
           "delay_weight_close": 68.68286781573661,
           "delay_weight_entry": 149.80348751771308,
           "ema_dist_lower": 0.01861470538379636,
           "ema_dist_upper": 0.01748253699077631,
           "ema_span_0": 351.14253749269454,
           "ema_span_1": 2925.603230508958,
           "enabled": false,
           "markup_range": 0.006266421763843978,
           "min_markup": 0.004804638640303851,
           "n_close_orders": 5,
           "qty_pct_close": 0.010685409577854712,
           "qty_pct_entry": 0.03918182948702297,
           "wallet_exposure_limit": 1.0,
           "we_multiplier_close": 148.34755289189786,
           "we_multiplier_entry": 79.31395076882349}}