{"config_name": "recursive_grid_0days",
 "logging_level": 0,
 "long": {"auto_unstuck_ema_dist": 0.0030243965929729077,
          "auto_unstuck_wallet_exposure_threshold": 0.02543004485596685,
          "backwards_tp": true,
          "ddown_factor": 1.4613171304226316,
          "ema_span_0": 71.89460130872001,
          "ema_span_1": 34.08976064955086,
          "enabled": true,
          "initial_eprice_ema_dist": -0.1,
          "initial_qty_pct": 0.005280879440335397,
          "markup_range": 0.0076962888676011506,
          "min_markup": 0.0021618108235261836,
          "n_close_orders": 3,
          "rentry_pprice_dist": 0.03148819325459528,
          "rentry_pprice_dist_wallet_exposure_weighting": 0.0,
          "wallet_exposure_limit": 1},
 "short": {"auto_unstuck_ema_dist": -0.04688714596087287,
           "auto_unstuck_wallet_exposure_threshold": 0.035770828901838206,
           "backwards_tp": true,
           "ddown_factor": 0.555916057220767,
           "ema_span_0": 141.99646393618957,
           "ema_span_1": 1074.8500635512455,
           "enabled": false,
           "initial_eprice_ema_dist": -0.0610219036618859,
           "initial_qty_pct": 0.04733913056295209,
           "markup_range": 0.020168745448918057,
           "min_markup": 0.0033729354457176443,
           "n_close_orders": 2,
           "rentry_pprice_dist": 0.02800630800310932,
           "rentry_pprice_dist_wallet_exposure_weighting": 2.512625430429909,
           "wallet_exposure_limit": 1.0}}