{"config_name": "clock_0days",
 "long": {"backwards_tp": true,
          "delay_between_fills_minutes_close": 499.6477521432667,
          "delay_between_fills_minutes_entry": 332.2239914223707,
          "delay_weight_close": 108.6681372645896,
          "delay_weight_entry": 44.21016480246146,
          "ema_dist_close": -0.6493348079339692,
          "ema_dist_entry": 0.009702317023170507,
          "ema_span_0": 78.45653517863786,
          "ema_span_1": 185.85228755262122,
          "enabled": true,
          "markup_range": 0.014403250510722915,
          "min_markup": 0.009640862253215511,
          "n_close_orders": 4,
          "qty_pct_close": 0.01,
          "qty_pct_entry": 0.01,
          "wallet_exposure_limit": 0.2,
          "we_multiplier_close": 50.70698762453984,
          "we_multiplier_entry": 40.062196030689165},
 "short": {"backwards_tp": true,
           "delay_between_fills_minutes_close": 477.6672507450323,
           "delay_between_fills_minutes_entry": 463.42276135826546,
           "delay_weight_close": 54.75489141121014,
           "delay_weight_entry": 19.32336423117193,
           "ema_dist_close": 0.01,
           "ema_dist_entry": 0.0008196786095506486,
           "ema_span_0": 451.5266137935121,
           "ema_span_1": 23.767042200693076,
           "enabled": true,
           "markup_range": 0.018108296342750664,
           "min_markup": 0.002951160079684156,
           "n_close_orders": 3,
           "qty_pct_close": 0.01,
           "qty_pct_entry": 0.01,
           "wallet_exposure_limit": 0.1,
           "we_multiplier_close": 5.6665931804688,
           "we_multiplier_entry": 2.715460261638671}}