{"config_name": "recursive_grid_0days",
 "logging_level": 0,
 "long": {"auto_unstuck_ema_dist": 0.0025871803988107645,
          "auto_unstuck_wallet_exposure_threshold": 0.05577985595502027,
          "backwards_tp": true,
          "ddown_factor": 1.3702308584799463,
          "ema_span_0": 268.2946128420439,
          "ema_span_1": 844.8650565484307,
          "enabled": true,
          "initial_eprice_ema_dist": -0.0829041253322333,
          "initial_qty_pct": 0.0183974567914111,
          "markup_range": 0.0023049951640884895,
          "min_markup": 0.00843001355635422,
          "n_close_orders": 4,
          "rentry_pprice_dist": 0.032242740402857184,
          "rentry_pprice_dist_wallet_exposure_weighting": 3.15244444158437,
          "wallet_exposure_limit": 0.3},
 "short": {"auto_unstuck_ema_dist": -0.07372541961395672,
           "auto_unstuck_wallet_exposure_threshold": 0.09288820935766706,
           "backwards_tp": true,
           "ddown_factor": 1.6917790754203907,
           "ema_span_0": 523.1443162213699,
           "ema_span_1": 33.879969361043095,
           "enabled": false,
           "initial_eprice_ema_dist": -0.01719120228016348,
           "initial_qty_pct": 0.03770048376031822,
           "markup_range": 0.05753062950610345,
           "min_markup": 0.0016892116110251302,
           "n_close_orders": 3,
           "rentry_pprice_dist": 0.024374948774319363,
           "rentry_pprice_dist_wallet_exposure_weighting": 10.71222246182948,
           "wallet_exposure_limit": 1.0}}