{"config_name": "clock_0days",
 "long": {"backwards_tp": false,
          "delay_between_fills_minutes_close": 1356.3061902534785,
          "delay_between_fills_minutes_entry": 958.0955882644806,
          "delay_weight_close": 66.78717457525512,
          "delay_weight_entry": 34.18931080551093,
          "ema_dist_close": -7.785590939462673e-05,
          "ema_dist_entry": -0.004565130935790814,
          "ema_span_0": 656.1948376416404,
          "ema_span_1": 1440,
          "enabled": true,
          "markup_range": 0.03971806654693041,
          "min_markup": 0.0045504588137763825,
          "n_close_orders": 8,
          "qty_pct_close": 0.0542792385667118,
          "qty_pct_entry": 0.01,
          "wallet_exposure_limit": 0.2,
          "we_multiplier_close": 0.6633673144326485,
          "we_multiplier_entry": 71.24882310133346},
 "short": {"backwards_tp": false,
           "delay_between_fills_minutes_close": 1141.647353953087,
           "delay_between_fills_minutes_entry": 507.47036338403893,
           "delay_weight_close": 94.76940612430903,
           "delay_weight_entry": 64.39029892591928,
           "ema_dist_close": -0.005960311865994106,
           "ema_dist_entry": -0.03691148108553243,
           "ema_span_0": 238.83489864338875,
           "ema_span_1": 128.449360793958,
           "enabled": false,
           "markup_range": 0.0010662904836782605,
           "min_markup": 0.0013987320152544246,
           "n_close_orders": 4,
           "qty_pct_close": 0.01527349668261237,
           "qty_pct_entry": 0.09960216545404738,
           "wallet_exposure_limit": 1.0,
           "we_multiplier_close": 46.518299786541895,
           "we_multiplier_entry": 32.541742934247054}}