{"config_name": "recursive_grid_0days",
 "logging_level": 0,
 "long": {"auto_unstuck_ema_dist": 0.00020420655742187945,
          "auto_unstuck_wallet_exposure_threshold": 0.0620816969990199,
          "backwards_tp": true,
          "ddown_factor": 2.160228346487699,
          "ema_span_0": 231.08060384714707,
          "ema_span_1": 503.8201408045916,
          "enabled": true,
          "initial_eprice_ema_dist": 0.007724147427858547,
          "initial_qty_pct": 0.02926537875636535,
          "markup_range": 0.00399390439865792,
          "min_markup": 0.004980302631371612,
          "n_close_orders": 8,
          "rentry_pprice_dist": 0.03924529592252276,
          "rentry_pprice_dist_wallet_exposure_weighting": 1.4184747941942868,
          "wallet_exposure_limit": 0.3},
 "short": {"auto_unstuck_ema_dist": -0.07656340524704872,
           "auto_unstuck_wallet_exposure_threshold": 0.07586713878639753,
           "backwards_tp": true,
           "ddown_factor": 0.6978434748552435,
           "ema_span_0": 232.68983473492008,
           "ema_span_1": 1216.6668353437053,
           "enabled": false,
           "initial_eprice_ema_dist": -0.035998857078843774,
           "initial_qty_pct": 0.09962162769255013,
           "markup_range": 0.0152915823379686,
           "min_markup": 0.005185689127465664,
           "n_close_orders": 10,
           "rentry_pprice_dist": 0.04402182419556239,
           "rentry_pprice_dist_wallet_exposure_weighting": 6.4731044345234245,
           "wallet_exposure_limit": 1}}