{"config_name": "recursive_grid_0days",
 "logging_level": 0,
 "long": {"auto_unstuck_ema_dist": 0.0,
          "auto_unstuck_wallet_exposure_threshold": 0.0,
          "backwards_tp": true,
          "ddown_factor": 1.3998924665617827,
          "ema_span_0": 296.24632160316247,
          "ema_span_1": 686.5685156391395,
          "enabled": true,
          "initial_eprice_ema_dist": -0.016348956669003725,
          "initial_qty_pct": 0.011685897143978604,
          "markup_range": 0.002471471353456768,
          "min_markup": 0.0035665174638844378,
          "n_close_orders": 8,
          "rentry_pprice_dist": 0.02265078706955516,
          "rentry_pprice_dist_wallet_exposure_weighting": 4.703606013942933,
          "wallet_exposure_limit": 0.1},
 "short": {"auto_unstuck_ema_dist": 0.08568774258072244,
           "auto_unstuck_wallet_exposure_threshold": 0.0355556222979901,
           "backwards_tp": true,
           "ddown_factor": 2.3025546950314117,
           "ema_span_0": 1305.4691595831387,
           "ema_span_1": 5636.843371718758,
           "enabled": false,
           "initial_eprice_ema_dist": -0.018392786458906643,
           "initial_qty_pct": 0.015,
           "markup_range": 0.006937219703032108,
           "min_markup": 0.0024453991088980026,
           "n_close_orders": 10,
           "rentry_pprice_dist": 0.025788111194944303,
           "rentry_pprice_dist_wallet_exposure_weighting": 4.24878643681852,
           "wallet_exposure_limit": 0.1}}