{"config_name": "neat_grid_0days",
 "logging_level": 0,
 "long": {"auto_unstuck_ema_dist": 0.08516611114624252,
          "auto_unstuck_wallet_exposure_threshold": 0.010184621850470926,
          "backwards_tp": true,
          "ema_span_0": 211.45608274133522,
          "ema_span_1": 318.50183347350844,
          "enabled": true,
          "eprice_exp_base": 1.4056740302798394,
          "eqty_exp_base": 1.9705344919891463,
          "grid_span": 0.26952359199579745,
          "initial_eprice_ema_dist": -0.02570098794396738,
          "initial_qty_pct": 0.01,
          "markup_range": 0.0029518299658635562,
          "max_n_entry_orders": 10,
          "min_markup": 0.002,
          "n_close_orders": 11,
          "wallet_exposure_limit": 1},
 "short": {"auto_unstuck_ema_dist": 0.06845705421658671,
           "auto_unstuck_wallet_exposure_threshold": 0.0012931894945329312,
           "backwards_tp": true,
           "ema_span_0": 214.40668271640578,
           "ema_span_1": 136.63471575403776,
           "enabled": true,
           "eprice_exp_base": 1.3866199915520045,
           "eqty_exp_base": 1.749037165113397,
           "grid_span": 0.46916896431621696,
           "initial_eprice_ema_dist": -0.09635618304271512,
           "initial_qty_pct": 0.01,
           "markup_range": 0.003,
           "max_n_entry_orders": 7,
           "min_markup": 0.002,
           "n_close_orders": 9,
           "wallet_exposure_limit": 0.1}}