{"config_name": "recursive_grid_0days",
 "logging_level": 0,
 "long": {"auto_unstuck_ema_dist": 0,
          "auto_unstuck_wallet_exposure_threshold": 0.0,
          "backwards_tp": false,
          "ddown_factor": 1.2370709419810852,
          "ema_span_0": 296.85449703558885,
          "ema_span_1": 19.703067667579056,
          "enabled": true,
          "initial_eprice_ema_dist": 0.004872034017465057,
          "initial_qty_pct": 0.007684934738407784,
          "markup_range": 0.052075213383456706,
          "min_markup": 0.0019317799516146254,
          "n_close_orders": 28,
          "rentry_pprice_dist": 0.02809897379898505,
          "rentry_pprice_dist_wallet_exposure_weighting": 0.0,
          "wallet_exposure_limit": 0.2},
 "short": {"auto_unstuck_ema_dist": 0.0008227652216954429,
           "auto_unstuck_wallet_exposure_threshold": 0.08000430933730855,
           "backwards_tp": false,
           "ddown_factor": 2.2170894144186297,
           "ema_span_0": 971.8359644642351,
           "ema_span_1": 976.0390326415795,
           "enabled": false,
           "initial_eprice_ema_dist": -0.06742092960024391,
           "initial_qty_pct": 0.09302753506354787,
           "markup_range": 0.0006149202176326462,
           "min_markup": 0.006811138373631883,
           "n_close_orders": 2,
           "rentry_pprice_dist": 0.02754425434824842,
           "rentry_pprice_dist_wallet_exposure_weighting": 8.288675556164272,
           "wallet_exposure_limit": 1.0}}