{"config_name": "recursive_grid_0days",
 "logging_level": 0,
 "long": {"auto_unstuck_ema_dist": 0,
          "auto_unstuck_wallet_exposure_threshold": 0.0,
          "backwards_tp": false,
          "ddown_factor": 2.0209864493952683,
          "ema_span_0": 191.6309815053788,
          "ema_span_1": 383.01590560756813,
          "enabled": true,
          "initial_eprice_ema_dist": -0.030816555885331266,
          "initial_qty_pct": 0.00572722569329126,
          "markup_range": 0.05194863386166659,
          "min_markup": 0.002699767094344182,
          "n_close_orders": 2,
          "rentry_pprice_dist": 0.03287194671898171,
          "rentry_pprice_dist_wallet_exposure_weighting": 1.7917920098399744,
          "wallet_exposure_limit": 0.2},
 "short": {"auto_unstuck_ema_dist": -0.06886133975038981,
           "auto_unstuck_wallet_exposure_threshold": 0.04187546740801724,
           "backwards_tp": false,
           "ddown_factor": 1.2047083361202762,
           "ema_span_0": 306.0352983759954,
           "ema_span_1": 756.0449944850267,
           "enabled": false,
           "initial_eprice_ema_dist": -0.01728765374865271,
           "initial_qty_pct": 0.07626921481641549,
           "markup_range": 0.0419439744699654,
           "min_markup": 0.006978185672339279,
           "n_close_orders": 12,
           "rentry_pprice_dist": 0.042911284923183454,
           "rentry_pprice_dist_wallet_exposure_weighting": 16.258084076410036,
           "wallet_exposure_limit": 1.0}}