{"config_name": "recursive_grid_0days",
 "logging_level": 0,
 "long": {"auto_unstuck_ema_dist": 0.0039681769145690216,
          "auto_unstuck_wallet_exposure_threshold": 0.07153546859993157,
          "backwards_tp": true,
          "ddown_factor": 2.771924145444091,
          "ema_span_0": 534.9132561295207,
          "ema_span_1": 533.9250674857985,
          "enabled": true,
          "initial_eprice_ema_dist": -0.038807530450866955,
          "initial_qty_pct": 0.01429472688657675,
          "markup_range": 0.009814944671530601,
          "min_markup": 0.006772924113025617,
          "n_close_orders": 7,
          "rentry_pprice_dist": 0.03498021957286086,
          "rentry_pprice_dist_wallet_exposure_weighting": 2.088907981210708,
          "wallet_exposure_limit": 0.3},
 "short": {"auto_unstuck_ema_dist": -0.05388038152392383,
           "auto_unstuck_wallet_exposure_threshold": 0.07910589154651625,
           "backwards_tp": true,
           "ddown_factor": 0.11787914974826626,
           "ema_span_0": 406.68298350022155,
           "ema_span_1": 1423.8503918511228,
           "enabled": false,
           "initial_eprice_ema_dist": -0.005443981733916692,
           "initial_qty_pct": 0.020156276444809412,
           "markup_range": 0.020849988459577924,
           "min_markup": 0.0012413746204734284,
           "n_close_orders": 14,
           "rentry_pprice_dist": 0.006869803092791862,
           "rentry_pprice_dist_wallet_exposure_weighting": 33.75596444862014,
           "wallet_exposure_limit": 1.0}}