{"config_name": "neat_grid_0days",
 "logging_level": 0,
 "long": {"auto_unstuck_ema_dist": 0,
          "auto_unstuck_wallet_exposure_threshold": 0,
          "backwards_tp": false,
          "ema_span_0": 773.7994261009351,
          "ema_span_1": 93.90263520309512,
          "enabled": true,
          "eprice_exp_base": 0.8839988567687534,
          "eqty_exp_base": 4.590811013527273,
          "grid_span": 0.1479732364728886,
          "initial_eprice_ema_dist": -0.1,
          "initial_qty_pct": 0.004401331735901374,
          "markup_range": 0.026077178320984808,
          "max_n_entry_orders": 25,
          "min_markup": 0.01839120063508603,
          "n_close_orders": 3,
          "wallet_exposure_limit": 1},
 "short": {"auto_unstuck_ema_dist": 0.0685065272551381,
           "auto_unstuck_wallet_exposure_threshold": 0.036978388436164474,
           "backwards_tp": false,
           "ema_span_0": 790.6412334228751,
           "ema_span_1": 4968.888300230024,
           "enabled": false,
           "eprice_exp_base": 2.1713669013099928,
           "eqty_exp_base": 0.30772881040217154,
           "grid_span": 0.3203502401870102,
           "initial_eprice_ema_dist": -0.07669040573226987,
           "initial_qty_pct": 0.015,
           "markup_range": 0.010183552786744694,
           "max_n_entry_orders": 12,
           "min_markup": 0.005374223214285316,
           "n_close_orders": 15,
           "wallet_exposure_limit": 0.1}}