{"config_name": "clock_0days",
 "long": {"backwards_tp": true,
          "delay_between_fills_minutes_close": 479.1578416701392,
          "delay_between_fills_minutes_entry": 436.6787868197402,
          "delay_weight_close": 112.96455776814537,
          "delay_weight_entry": 11.69269570259061,
          "ema_dist_close": -0.013364179342980512,
          "ema_dist_entry": -0.5275708645392565,
          "ema_span_0": 2200,
          "ema_span_1": 170.05094570475364,
          "enabled": true,
          "markup_range": 0.0455880209956621,
          "min_markup": 0.008258967213069778,
          "n_close_orders": 2,
          "qty_pct_close": 0.011292446659319982,
          "qty_pct_entry": 0.012455892834550163,
          "wallet_exposure_limit": 0.3,
          "we_multiplier_close": 25.523738051624996,
          "we_multiplier_entry": 58.51298743596881},
 "short": {"backwards_tp": true,
           "delay_between_fills_minutes_close": 38.01172121837537,
           "delay_between_fills_minutes_entry": 802.9446183102665,
           "delay_weight_close": 68.31651304252723,
           "delay_weight_entry": 4.52729580493979,
           "ema_dist_close": -0.009156154632338709,
           "ema_dist_entry": -0.012769602453797976,
           "ema_span_0": 205.851104017983,
           "ema_span_1": 387.4224555342885,
           "enabled": false,
           "markup_range": 0.038425195037315986,
           "min_markup": 0.09818539265188853,
           "n_close_orders": 1,
           "qty_pct_close": 0.5933305494701615,
           "qty_pct_entry": 0.6614282914392793,
           "wallet_exposure_limit": 1.0,
           "we_multiplier_close": 0.5554787532508576,
           "we_multiplier_entry": 63.295180437773865}}