{"config_name": "recursive_grid_0days",
 "logging_level": 0,
 "long": {"auto_unstuck_ema_dist": -0.007543186133351837,
          "auto_unstuck_wallet_exposure_threshold": 0.029640856537249505,
          "backwards_tp": false,
          "ddown_factor": 2.1429,
          "ema_span_0": 1318.1896161178179,
          "ema_span_1": 577.5493645830982,
          "enabled": true,
          "initial_eprice_ema_dist": 0.0023947908463408073,
          "initial_qty_pct": 0.0031893,
          "markup_range": 0.028078,
          "min_markup": 0.005709,
          "n_close_orders": 5,
          "rentry_pprice_dist": 0.018515,
          "rentry_pprice_dist_wallet_exposure_weighting": 2.1199,
          "wallet_exposure_limit": 1},
 "short": {"auto_unstuck_ema_dist": -0.08884670976657623,
           "auto_unstuck_wallet_exposure_threshold": 0.06699719514417532,
           "backwards_tp": false,
           "ddown_factor": 0.9935065064590102,
           "ema_span_0": 668.1148314491916,
           "ema_span_1": 1251.0388418223454,
           "enabled": false,
           "initial_eprice_ema_dist": -0.0847554522833795,
           "initial_qty_pct": 0.05745917039404905,
           "markup_range": 0.017888974082519073,
           "min_markup": 0.002484852748207817,
           "n_close_orders": 8,
           "rentry_pprice_dist": 0.028523717375166468,
           "rentry_pprice_dist_wallet_exposure_weighting": 12.062835919340536,
           "wallet_exposure_limit": 1.0}}