{"config_name": "recursive_grid_0days",
 "logging_level": 0,
 "long": {"auto_unstuck_ema_dist": 0,
          "auto_unstuck_wallet_exposure_threshold": 0.0,
          "backwards_tp": false,
          "ddown_factor": 1.1214984397430452,
          "ema_span_0": 268.68180606563976,
          "ema_span_1": 125.10185868227107,
          "enabled": true,
          "initial_eprice_ema_dist": -0.0004892038354086768,
          "initial_qty_pct": 0.010794782431321048,
          "markup_range": 0.0228531276178055,
          "min_markup": 0.00270102246370465,
          "n_close_orders": 25,
          "rentry_pprice_dist": 0.0314068871644963,
          "rentry_pprice_dist_wallet_exposure_weighting": 0.0,
          "wallet_exposure_limit": 0.2},
 "short": {"auto_unstuck_ema_dist": -0.0496165264642441,
           "auto_unstuck_wallet_exposure_threshold": 0.039164509531547764,
           "backwards_tp": false,
           "ddown_factor": 2.363819079122336,
           "ema_span_0": 602.4537721529118,
           "ema_span_1": 619.4237210057612,
           "enabled": false,
           "initial_eprice_ema_dist": -0.05528145575020353,
           "initial_qty_pct": 0.08992284695796042,
           "markup_range": 0.058623844149359366,
           "min_markup": 0.004111270467902697,
           "n_close_orders": 8,
           "rentry_pprice_dist": 0.006894796005144477,
           "rentry_pprice_dist_wallet_exposure_weighting": 6.214938150587277,
           "wallet_exposure_limit": 1.0}}