{"config_name": "clock_0days",
 "long": {"backwards_tp": true,
          "delay_between_fills_minutes_close": 427.63689881348296,
          "delay_between_fills_minutes_entry": 447.38001541792227,
          "delay_weight_close": 15.81446846551723,
          "delay_weight_entry": 32.69716769369458,
          "ema_dist_close": -0.09366866815215258,
          "ema_dist_entry": 0.00910518157599971,
          "ema_span_0": 410.6995681222161,
          "ema_span_1": 267.00385668743894,
          "enabled": true,
          "markup_range": 0.017932681414210658,
          "min_markup": 0.009991218233545176,
          "n_close_orders": 2,
          "qty_pct_close": 0.01,
          "qty_pct_entry": 0.01,
          "wallet_exposure_limit": 0.3,
          "we_multiplier_close": 79.38125991560506,
          "we_multiplier_entry": 132.1446855835305},
 "short": {"backwards_tp": true,
           "delay_between_fills_minutes_close": 153.11720253911147,
           "delay_between_fills_minutes_entry": 198.80107615368902,
           "delay_weight_close": 84.82970539176044,
           "delay_weight_entry": 87.4560551801829,
           "ema_dist_close": -0.00709196652635017,
           "ema_dist_entry": -0.03373060753999524,
           "ema_span_0": 397.0753869920138,
           "ema_span_1": 175.84825660812007,
           "enabled": false,
           "markup_range": 0.06459805863264051,
           "min_markup": 0.002122049886429278,
           "n_close_orders": 15,
           "qty_pct_close": 0.0884858039135974,
           "qty_pct_entry": 0.10608437261419343,
           "wallet_exposure_limit": 1.0,
           "we_multiplier_close": 3.1677527441857767,
           "we_multiplier_entry": 41.412681460803924}}