{"config_name": "recursive_grid_0days",
 "logging_level": 0,
 "long": {"auto_unstuck_ema_dist": 0,
          "auto_unstuck_wallet_exposure_threshold": 0.0,
          "backwards_tp": false,
          "ddown_factor": 1.447545410991487,
          "ema_span_0": 527.9482053021902,
          "ema_span_1": 132.9717258656326,
          "enabled": true,
          "initial_eprice_ema_dist": -0.015,
          "initial_qty_pct": 0.005584630879232801,
          "markup_range": 0.045295411101762245,
          "min_markup": 0.0030511996500305217,
          "n_close_orders": 2,
          "rentry_pprice_dist": 0.019724817875897933,
          "rentry_pprice_dist_wallet_exposure_weighting": 2.824283493982603,
          "wallet_exposure_limit": 0.2},
 "short": {"auto_unstuck_ema_dist": -0.03139026336050997,
           "auto_unstuck_wallet_exposure_threshold": 0.07856359534421681,
           "backwards_tp": false,
           "ddown_factor": 0.6232409575690114,
           "ema_span_0": 1023.1228294966908,
           "ema_span_1": 1361.1091053717657,
           "enabled": false,
           "initial_eprice_ema_dist": -0.08155970818110096,
           "initial_qty_pct": 0.04144555771822052,
           "markup_range": 0.009000281776979018,
           "min_markup": 0.0016895286358042346,
           "n_close_orders": 7,
           "rentry_pprice_dist": 0.036457668902122195,
           "rentry_pprice_dist_wallet_exposure_weighting": 5.606271596540284,
           "wallet_exposure_limit": 1.0}}