{"config_name": "clock_0days",
 "long": {"delay_between_fills_minutes_close": 256.4514191143899,
          "delay_between_fills_minutes_entry": 453.6488667255323,
          "delay_weight_close": 14.138314393691061,
          "delay_weight_entry": 13.723405666643568,
          "ema_dist_lower": 0.00540556212085546,
          "ema_dist_upper": 0.0025114602361308823,
          "ema_span_0": 346.1753557336693,
          "ema_span_1": 333.8641669731233,
          "enabled": true,
          "markup_range": 0.01251189474924391,
          "min_markup": 0.001053812454722184,
          "n_close_orders": 5,
          "qty_pct_close": 0.5,
          "qty_pct_entry": 0.5,
          "wallet_exposure_limit": 1,
          "we_multiplier_close": 104.3023517240726,
          "we_multiplier_entry": 21.75308707214282},
 "short": {"delay_between_fills_minutes_close": 397.86648403669705,
           "delay_between_fills_minutes_entry": 484.7917357946791,
           "delay_weight_close": 59.243363105544354,
           "delay_weight_entry": 7.852325769083207,
           "ema_dist_lower": -0.013023851485733179,
           "ema_dist_upper": 0.005044865482443389,
           "ema_span_0": 294.8802543116566,
           "ema_span_1": 10,
           "enabled": true,
           "markup_range": 0.027070405984824648,
           "min_markup": 0.028306151674651888,
           "n_close_orders": 9,
           "qty_pct_close": 0.5,
           "qty_pct_entry": 0.5,
           "wallet_exposure_limit": 1.0,
           "we_multiplier_close": 1.0441049464540952,
           "we_multiplier_entry": 77.24579394225741}}