{"config_name": "clock_0days",
 "long": {"backwards_tp": false,
          "delay_between_fills_minutes_close": 109.95542331900953,
          "delay_between_fills_minutes_entry": 500,
          "delay_weight_close": 61.89731717007986,
          "delay_weight_entry": 29.295025501740106,
          "ema_dist_close": 0.02,
          "ema_dist_entry": 0.0056119215211687164,
          "ema_span_0": 514.1766192647407,
          "ema_span_1": 518.2914633760868,
          "enabled": true,
          "markup_range": 0.019476141723603346,
          "min_markup": 0.007167241792410309,
          "n_close_orders": 5,
          "qty_pct_close": 0.012584263516385898,
          "qty_pct_entry": 0.010329220406316843,
          "wallet_exposure_limit": 0.3,
          "we_multiplier_close": 0.7865063033638919,
          "we_multiplier_entry": 40.953225645465835},
 "short": {"backwards_tp": false,
           "delay_between_fills_minutes_close": 1136.6225706235514,
           "delay_between_fills_minutes_entry": 1293.18165860823,
           "delay_weight_close": 50.79151099036998,
           "delay_weight_entry": 86.48478418195245,
           "ema_dist_close": -0.04895610953528475,
           "ema_dist_entry": 0.0006752591501527835,
           "ema_span_0": 884.9187439609896,
           "ema_span_1": 637.6650570313362,
           "enabled": false,
           "markup_range": 0.0190056352119864,
           "min_markup": 0.0043000693511525,
           "n_close_orders": 5,
           "qty_pct_close": 0.048581953026019045,
           "qty_pct_entry": 0.08155514066342671,
           "wallet_exposure_limit": 1.0,
           "we_multiplier_close": 13.684844852452427,
           "we_multiplier_entry": 66.943468203863}}