{"config_name": "recursive_grid_0days",
 "logging_level": 0,
 "long": {"auto_unstuck_ema_dist": 0,
          "auto_unstuck_wallet_exposure_threshold": 0,
          "backwards_tp": true,
          "ddown_factor": 0.9708336913378808,
          "ema_span_0": 402.5801136518091,
          "ema_span_1": 534.9388440264457,
          "enabled": true,
          "initial_eprice_ema_dist": -0.07453905751365601,
          "initial_qty_pct": 0.024810147383730143,
          "markup_range": 0.0011072637610858626,
          "min_markup": 0.005,
          "n_close_orders": 9,
          "rentry_pprice_dist": 0.0223961644987588,
          "rentry_pprice_dist_wallet_exposure_weighting": 15.153131863664152,
          "wallet_exposure_limit": 0.1},
 "short": {"auto_unstuck_ema_dist": 0.027793259904132735,
           "auto_unstuck_wallet_exposure_threshold": 0.4184966984018423,
           "backwards_tp": true,
           "ddown_factor": 1.0437462865586595,
           "ema_span_0": 3171.323331154336,
           "ema_span_1": 8576.346582328017,
           "enabled": true,
           "initial_eprice_ema_dist": -0.0060363847642319985,
           "initial_qty_pct": 0.017927950878713548,
           "markup_range": 0.0014792905455381846,
           "min_markup": 0.006015354124929608,
           "n_close_orders": 5,
           "rentry_pprice_dist": 0.01810581512181634,
           "rentry_pprice_dist_wallet_exposure_weighting": 21.73709331437014,
           "wallet_exposure_limit": 0.1}}