{"config_name": "clock_0days",
 "long": {"backwards_tp": false,
          "delay_between_fills_minutes_close": 1063.96391216198,
          "delay_between_fills_minutes_entry": 1099.865731974895,
          "delay_weight_close": 19.675654758376258,
          "delay_weight_entry": 29.66770645114169,
          "ema_dist_close": -0.003882653575180955,
          "ema_dist_entry": -0.003846895252987475,
          "ema_span_0": 576.8571102794805,
          "ema_span_1": 1440,
          "enabled": true,
          "markup_range": 0.03542582431945793,
          "min_markup": 0.004788901521413431,
          "n_close_orders": 4,
          "qty_pct_close": 0.041617504799206485,
          "qty_pct_entry": 0.01,
          "wallet_exposure_limit": 0.2,
          "we_multiplier_close": 0.08535476899773695,
          "we_multiplier_entry": 89.55026922650718},
 "short": {"backwards_tp": false,
           "delay_between_fills_minutes_close": 1423.8488498949573,
           "delay_between_fills_minutes_entry": 719.7923564004684,
           "delay_weight_close": 85.28800339210207,
           "delay_weight_entry": 16.04504233101488,
           "ema_dist_close": -0.02546416838048604,
           "ema_dist_entry": -0.014908777005620308,
           "ema_span_0": 724.1600220566515,
           "ema_span_1": 1220.0211629813266,
           "enabled": false,
           "markup_range": 0.030106276773213855,
           "min_markup": 0.009049645002082218,
           "n_close_orders": 12,
           "qty_pct_close": 0.07655543282665242,
           "qty_pct_entry": 0.04218650250416533,
           "wallet_exposure_limit": 1.0,
           "we_multiplier_close": 61.54198690123525,
           "we_multiplier_entry": 9.919731196208026}}