{"config_name": "recursive_grid_0days",
 "logging_level": 0,
 "long": {"auto_unstuck_ema_dist": -0.004639633225602787,
          "auto_unstuck_wallet_exposure_threshold": 0.05011821751440344,
          "backwards_tp": true,
          "ddown_factor": 1.5044662309538062,
          "ema_span_0": 129.15145746611475,
          "ema_span_1": 619.5025182986654,
          "enabled": true,
          "initial_eprice_ema_dist": 0.0041916548888453085,
          "initial_qty_pct": 0.029566699820025365,
          "markup_range": 0.0055373602004596175,
          "min_markup": 0.0030931768558387722,
          "n_close_orders": 3,
          "rentry_pprice_dist": 0.026073749595362964,
          "rentry_pprice_dist_wallet_exposure_weighting": 4.13877009157656,
          "wallet_exposure_limit": 0.3},
 "short": {"auto_unstuck_ema_dist": -0.017683465048857455,
           "auto_unstuck_wallet_exposure_threshold": 0.056088929120859596,
           "backwards_tp": true,
           "ddown_factor": 2.2232505772329048,
           "ema_span_0": 459.27487671207354,
           "ema_span_1": 15.305333187138928,
           "enabled": false,
           "initial_eprice_ema_dist": -0.047566503784720715,
           "initial_qty_pct": 0.09957931494585211,
           "markup_range": 0.01405546801971959,
           "min_markup": 0.0024221465089020785,
           "n_close_orders": 9,
           "rentry_pprice_dist": 0.027897404176219703,
           "rentry_pprice_dist_wallet_exposure_weighting": 21.303530547446236,
           "wallet_exposure_limit": 1.0}}