{"config_name": "recursive_grid_0days",
 "logging_level": 0,
 "long": {"auto_unstuck_ema_dist": 0,
          "auto_unstuck_wallet_exposure_threshold": 0.0,
          "backwards_tp": false,
          "ddown_factor": 2.1429,
          "ema_span_0": 1438.7964922310903,
          "ema_span_1": 224.41258798870737,
          "enabled": true,
          "initial_eprice_ema_dist": 0.001318439656148594,
          "initial_qty_pct": 0.0031893,
          "markup_range": 0.028078,
          "min_markup": 0.005709,
          "n_close_orders": 5,
          "rentry_pprice_dist": 0.018515,
          "rentry_pprice_dist_wallet_exposure_weighting": 2.1199,
          "wallet_exposure_limit": 0.2},
 "short": {"auto_unstuck_ema_dist": -0.02587833704865905,
           "auto_unstuck_wallet_exposure_threshold": 0.03313187319214839,
           "backwards_tp": false,
           "ddown_factor": 0.3706530808389623,
           "ema_span_0": 195.42282767096142,
           "ema_span_1": 772.6048766176363,
           "enabled": false,
           "initial_eprice_ema_dist": -0.013236501773400591,
           "initial_qty_pct": 0.0426054355473629,
           "markup_range": 0.02319088291983048,
           "min_markup": 0.0084516455331712,
           "n_close_orders": 12,
           "rentry_pprice_dist": 0.027647095466301872,
           "rentry_pprice_dist_wallet_exposure_weighting": 4.758948344476959,
           "wallet_exposure_limit": 1.0}}