{"config_name": "clock_0days",
 "long": {"backwards_tp": false,
          "delay_between_fills_minutes_close": 183.2762335445173,
          "delay_between_fills_minutes_entry": 471.0609196641654,
          "delay_weight_close": 88.97677696389495,
          "delay_weight_entry": 14.381356875412685,
          "ema_dist_close": 0.02,
          "ema_dist_entry": 0.011394469249821076,
          "ema_span_0": 639.5813315159313,
          "ema_span_1": 623.4319163018986,
          "enabled": true,
          "markup_range": 0.019921474143202313,
          "min_markup": 0.0026847859866184977,
          "n_close_orders": 9,
          "qty_pct_close": 0.01745454012766556,
          "qty_pct_entry": 0.011119287101020494,
          "wallet_exposure_limit": 0.3,
          "we_multiplier_close": 22.54946624735119,
          "we_multiplier_entry": 144.01617439201706},
 "short": {"backwards_tp": false,
           "delay_between_fills_minutes_close": 516.0572090742695,
           "delay_between_fills_minutes_entry": 901.5266169286605,
           "delay_weight_close": 94.96922084890953,
           "delay_weight_entry": 88.06580839952235,
           "ema_dist_close": -0.019321326044381852,
           "ema_dist_entry": -0.04932481230198073,
           "ema_span_0": 957.9424950317785,
           "ema_span_1": 742.795789481129,
           "enabled": false,
           "markup_range": 0.051889848587048086,
           "min_markup": 0.008772610591404776,
           "n_close_orders": 11,
           "qty_pct_close": 0.03038525121568035,
           "qty_pct_entry": 0.09389008357527989,
           "wallet_exposure_limit": 1.0,
           "we_multiplier_close": 14.138989323452195,
           "we_multiplier_entry": 54.1793922424754}}