{"config_name": "recursive_grid_0days",
 "logging_level": 0,
 "long": {"auto_unstuck_ema_dist": 0,
          "auto_unstuck_wallet_exposure_threshold": 0.0,
          "backwards_tp": false,
          "ddown_factor": 1.2083187758997422,
          "ema_span_0": 136.26676079597078,
          "ema_span_1": 148.77587420465812,
          "enabled": true,
          "initial_eprice_ema_dist": -0.03280385178357408,
          "initial_qty_pct": 0.000975353408385299,
          "markup_range": 0.008830488246204188,
          "min_markup": 0.0034751024730940434,
          "n_close_orders": 5,
          "rentry_pprice_dist": 0.017805730007616493,
          "rentry_pprice_dist_wallet_exposure_weighting": 0.556262742719908,
          "wallet_exposure_limit": 0.2},
 "short": {"auto_unstuck_ema_dist": -0.051877112769642866,
           "auto_unstuck_wallet_exposure_threshold": 0.048822882377419996,
           "backwards_tp": false,
           "ddown_factor": 0.9584036814373575,
           "ema_span_0": 194.14599201076152,
           "ema_span_1": 117.30437494002035,
           "enabled": false,
           "initial_eprice_ema_dist": -0.008400288195644035,
           "initial_qty_pct": 0.021174631071259022,
           "markup_range": 0.054690245623216664,
           "min_markup": 0.007159192318779893,
           "n_close_orders": 12,
           "rentry_pprice_dist": 0.01429201637151251,
           "rentry_pprice_dist_wallet_exposure_weighting": 19.470337942734055,
           "wallet_exposure_limit": 1.0}}