{"config_name": "clock_0days",
 "long": {"delay_between_fills_minutes_close": 444.3331015599766,
          "delay_between_fills_minutes_entry": 463.2764635430761,
          "delay_weight_close": 79.63668789403803,
          "delay_weight_entry": 36.68107351046128,
          "ema_dist_lower": -1,
          "ema_dist_upper": -0.02634166846829914,
          "ema_span_0": 598.723105945566,
          "ema_span_1": 299.9215608380021,
          "enabled": true,
          "markup_range": 0.013568847541941494,
          "min_markup": 0.026489453920804068,
          "n_close_orders": 9,
          "qty_pct_close": 0.01,
          "qty_pct_entry": 0.01,
          "wallet_exposure_limit": 0.25,
          "we_multiplier_close": 46.66025969763585,
          "we_multiplier_entry": 82.25994051819667},
 "short": {"delay_between_fills_minutes_close": 500,
           "delay_between_fills_minutes_entry": 333.71764631814693,
           "delay_weight_close": 106.41724316280978,
           "delay_weight_entry": 10.54353496080753,
           "ema_dist_lower": -0.2176445759879977,
           "ema_dist_upper": 0.004464000360680398,
           "ema_span_0": 261.4257649110307,
           "ema_span_1": 600.4808523218037,
           "enabled": true,
           "markup_range": 0.029155068412479723,
           "min_markup": 0.02822640113676512,
           "n_close_orders": 4,
           "qty_pct_close": 0.01,
           "qty_pct_entry": 0.01,
           "wallet_exposure_limit": 0.1,
           "we_multiplier_close": 13.322313180267937,
           "we_multiplier_entry": 35.25584883932237}}