{"config_name": "clock_0days",
 "long": {"backwards_tp": true,
          "delay_between_fills_minutes_close": 386.95682098727144,
          "delay_between_fills_minutes_entry": 493.2707817435622,
          "delay_weight_close": 65.20750662728827,
          "delay_weight_entry": 7.613793303130505,
          "ema_dist_close": -0.01029218465927046,
          "ema_dist_entry": -0.004385742300774745,
          "ema_span_0": 1602.4641101147965,
          "ema_span_1": 942.9755667142449,
          "enabled": true,
          "markup_range": 0.047542171531365265,
          "min_markup": 0.008339631233453978,
          "n_close_orders": 2,
          "qty_pct_close": 0.010208975113904646,
          "qty_pct_entry": 0.011612365856755694,
          "wallet_exposure_limit": 0.3,
          "we_multiplier_close": 0,
          "we_multiplier_entry": 18.44936718235039},
 "short": {"backwards_tp": true,
           "delay_between_fills_minutes_close": 200.56533919230046,
           "delay_between_fills_minutes_entry": 1273.809937983684,
           "delay_weight_close": 12.02186476873427,
           "delay_weight_entry": 33.36430309448307,
           "ema_dist_close": -0.018405253193951206,
           "ema_dist_entry": -0.0026560086133614255,
           "ema_span_0": 1203.2463608151995,
           "ema_span_1": 170.03501059823893,
           "enabled": false,
           "markup_range": 0.03225961571117124,
           "min_markup": 0.0022890584292425487,
           "n_close_orders": 7,
           "qty_pct_close": 0.03737761070697436,
           "qty_pct_entry": 0.07064178265571189,
           "wallet_exposure_limit": 1.0,
           "we_multiplier_close": 66.33399305110146,
           "we_multiplier_entry": 71.02995353827798}}