{"config_name": "clock_0days",
 "long": {"backwards_tp": false,
          "delay_between_fills_minutes_close": 1412.561691227985,
          "delay_between_fills_minutes_entry": 1262.4612493576356,
          "delay_weight_close": 63.16099275434891,
          "delay_weight_entry": 21.144614752873157,
          "ema_dist_close": -7.785590939462673e-05,
          "ema_dist_entry": -0.002979218270531006,
          "ema_span_0": 1224.8861079601038,
          "ema_span_1": 1432.1891392877753,
          "enabled": true,
          "markup_range": 0.041293584082514906,
          "min_markup": 0.006288144032822455,
          "n_close_orders": 11,
          "qty_pct_close": 0.041774565830122866,
          "qty_pct_entry": 0.01,
          "wallet_exposure_limit": 0.25,
          "we_multiplier_close": 0.1048857144538675,
          "we_multiplier_entry": 95.13611973158432},
 "short": {"backwards_tp": false,
           "delay_between_fills_minutes_close": 604.4512957018349,
           "delay_between_fills_minutes_entry": 789.2835403682154,
           "delay_weight_close": 97.14839171499638,
           "delay_weight_entry": 89.86163627456483,
           "ema_dist_close": -0.032401538392558694,
           "ema_dist_entry": 0.0004567512074473215,
           "ema_span_0": 1106.4886329295603,
           "ema_span_1": 990.7552340446745,
           "enabled": false,
           "markup_range": 0.000691324269693947,
           "min_markup": 0.006435454959965127,
           "n_close_orders": 6,
           "qty_pct_close": 0.06974694869103282,
           "qty_pct_entry": 0.01948276079315102,
           "wallet_exposure_limit": 1.0,
           "we_multiplier_close": 41.018513477019326,
           "we_multiplier_entry": 11.136198016185405}}