{"config_name": "recursive_grid_0days",
 "logging_level": 0,
 "long": {"auto_unstuck_ema_dist": 0,
          "auto_unstuck_wallet_exposure_threshold": 0.0,
          "backwards_tp": false,
          "ddown_factor": 0.6599675461248762,
          "ema_span_0": 603.7432636961554,
          "ema_span_1": 147.10453780541584,
          "enabled": true,
          "initial_eprice_ema_dist": -0.10518720305938974,
          "initial_qty_pct": 0.0041714686748506435,
          "markup_range": 0.010422021873977578,
          "min_markup": 0.006523243939729275,
          "n_close_orders": 6,
          "rentry_pprice_dist": 0.020894462370077777,
          "rentry_pprice_dist_wallet_exposure_weighting": 2.581994528810862,
          "wallet_exposure_limit": 0.2},
 "short": {"auto_unstuck_ema_dist": -0.029776755121500423,
           "auto_unstuck_wallet_exposure_threshold": 0.09124196945806771,
           "backwards_tp": false,
           "ddown_factor": 1.0978481848626993,
           "ema_span_0": 985.1950737767253,
           "ema_span_1": 1421.697795433242,
           "enabled": false,
           "initial_eprice_ema_dist": -0.0650398742419723,
           "initial_qty_pct": 0.09960090381007865,
           "markup_range": 0.013306988160050645,
           "min_markup": 0.008016006764422504,
           "n_close_orders": 11,
           "rentry_pprice_dist": 0.035330325136679205,
           "rentry_pprice_dist_wallet_exposure_weighting": 12.069877349333787,
           "wallet_exposure_limit": 1.0}}