{"config_name": "recursive_grid_0days",
 "logging_level": 0,
 "long": {"auto_unstuck_ema_dist": 0,
          "auto_unstuck_wallet_exposure_threshold": 0,
          "backwards_tp": false,
          "ddown_factor": 2.134970044363212,
          "ema_span_0": 686.6531393736993,
          "ema_span_1": 457.46261281592797,
          "enabled": true,
          "initial_eprice_ema_dist": -0.1,
          "initial_qty_pct": 0.006452473934647278,
          "markup_range": 0.020605147743458722,
          "min_markup": 0.005256652871107187,
          "n_close_orders": 5,
          "rentry_pprice_dist": 0.04263022786635361,
          "rentry_pprice_dist_wallet_exposure_weighting": 0,
          "wallet_exposure_limit": 1},
 "short": {"auto_unstuck_ema_dist": 0.031603785669589345,
           "auto_unstuck_wallet_exposure_threshold": 0.3046876233686703,
           "backwards_tp": false,
           "ddown_factor": 0.7645056506473754,
           "ema_span_0": 1258.350792617637,
           "ema_span_1": 9202.063003674917,
           "enabled": false,
           "initial_eprice_ema_dist": -0.058130479156120754,
           "initial_qty_pct": 0.01715825528143609,
           "markup_range": 0.005329789249204868,
           "min_markup": 0.01065726654648902,
           "n_close_orders": 19,
           "rentry_pprice_dist": 0.013399005287029208,
           "rentry_pprice_dist_wallet_exposure_weighting": 5.228158678130992,
           "wallet_exposure_limit": 0.1}}