{"config_name": "recursive_grid_0days",
 "logging_level": 0,
 "long": {"auto_unstuck_ema_dist": -0.0038760290740863274,
          "auto_unstuck_wallet_exposure_threshold": 0.05796537004798302,
          "backwards_tp": true,
          "ddown_factor": 1.195550012853322,
          "ema_span_0": 359.3599795038037,
          "ema_span_1": 1015.7563193227804,
          "enabled": true,
          "initial_eprice_ema_dist": -0.1,
          "initial_qty_pct": 0.012686588998884989,
          "markup_range": 0.0025193839070642016,
          "min_markup": 0.0045453206630888445,
          "n_close_orders": 5,
          "rentry_pprice_dist": 0.021889724671571045,
          "rentry_pprice_dist_wallet_exposure_weighting": 0.0,
          "wallet_exposure_limit": 0.3},
 "short": {"auto_unstuck_ema_dist": -0.08005309562439092,
           "auto_unstuck_wallet_exposure_threshold": 0.08889142549677001,
           "backwards_tp": true,
           "ddown_factor": 1.045770166819324,
           "ema_span_0": 654.2071172181611,
           "ema_span_1": 272.04073737929923,
           "enabled": false,
           "initial_eprice_ema_dist": -0.043012975109631604,
           "initial_qty_pct": 0.0811420261752255,
           "markup_range": 0.03802669136578755,
           "min_markup": 0.005742658644056975,
           "n_close_orders": 14,
           "rentry_pprice_dist": 0.0324213319762576,
           "rentry_pprice_dist_wallet_exposure_weighting": 17.043035532733338,
           "wallet_exposure_limit": 1.0}}