{"config_name": "clock_0days",
 "long": {"backwards_tp": true,
          "delay_between_fills_minutes_close": 491.11747873286185,
          "delay_between_fills_minutes_entry": 442.6522206451261,
          "delay_weight_close": 66.98284005910347,
          "delay_weight_entry": 15.129966975150682,
          "ema_dist_close": 0.01,
          "ema_dist_entry": 0.009184501031688441,
          "ema_span_0": 489.1809976435997,
          "ema_span_1": 439.4028375000351,
          "enabled": true,
          "markup_range": 0.018592076633246923,
          "min_markup": 0.006232726135500454,
          "n_close_orders": 5,
          "qty_pct_close": 0.01,
          "qty_pct_entry": 0.01,
          "wallet_exposure_limit": 0.3,
          "we_multiplier_close": 10.255538637176917,
          "we_multiplier_entry": 28.369497451208385},
 "short": {"backwards_tp": true,
           "delay_between_fills_minutes_close": 380.66377428404576,
           "delay_between_fills_minutes_entry": 87.9165808529459,
           "delay_weight_close": 122.61951506700724,
           "delay_weight_entry": 95.91846074778636,
           "ema_dist_close": -0.08874845091592076,
           "ema_dist_entry": -0.20174686618593163,
           "ema_span_0": 473.938429832142,
           "ema_span_1": 35.052146303301825,
           "enabled": false,
           "markup_range": 0.018951578605074966,
           "min_markup": 0.005895509636641317,
           "n_close_orders": 5,
           "qty_pct_close": 0.01,
           "qty_pct_entry": 0.01,
           "wallet_exposure_limit": 1.0,
           "we_multiplier_close": 122.79850867448917,
           "we_multiplier_entry": 2.0181451116272675}}