{"config_name": "clock_0days",
 "long": {"backwards_tp": true,
          "delay_between_fills_minutes_close": 280.11307130947574,
          "delay_between_fills_minutes_entry": 392.51087382523866,
          "delay_weight_close": 128.27130949422704,
          "delay_weight_entry": 27.11827780163241,
          "ema_dist_close": -0.018482817906731536,
          "ema_dist_entry": 0.004704022583289981,
          "ema_span_0": 20.327231920202273,
          "ema_span_1": 755.1777483165309,
          "enabled": true,
          "markup_range": 0.019646907747981116,
          "min_markup": 0.019756174423597166,
          "n_close_orders": 6,
          "qty_pct_close": 0.01927010062877664,
          "qty_pct_entry": 0.015936915495456016,
          "wallet_exposure_limit": 0.3,
          "we_multiplier_close": 45.34747017828838,
          "we_multiplier_entry": 32.27145164799887},
 "short": {"backwards_tp": false,
           "delay_between_fills_minutes_close": 1.386048343283556,
           "delay_between_fills_minutes_entry": 267.23515644135784,
           "delay_weight_close": 84.39609734047777,
           "delay_weight_entry": 3.6315807281508516,
           "ema_dist_close": -0.025773738009527623,
           "ema_dist_entry": -0.02265878299860882,
           "ema_span_0": 10.218890377540099,
           "ema_span_1": 1151.2918377573014,
           "enabled": false,
           "markup_range": 0.03686285343523834,
           "min_markup": 0.016101074780733027,
           "n_close_orders": 4,
           "qty_pct_close": 0.7840048963992929,
           "qty_pct_entry": 0.3125694265846223,
           "wallet_exposure_limit": 1.0,
           "we_multiplier_close": 3.325893504142614,
           "we_multiplier_entry": 16.963960585010497}}