{"config_name": "recursive_grid_0days",
 "logging_level": 0,
 "long": {"auto_unstuck_ema_dist": 0.0011224155645435708,
          "auto_unstuck_wallet_exposure_threshold": 0.06761147874733614,
          "backwards_tp": true,
          "ddown_factor": 1.613833980681087,
          "ema_span_0": 409.92182577450984,
          "ema_span_1": 388.51320327834196,
          "enabled": true,
          "initial_eprice_ema_dist": 0.0042801375519327745,
          "initial_qty_pct": 0.022388900415668492,
          "markup_range": 0.0037403400482607244,
          "min_markup": 0.003941373520550564,
          "n_close_orders": 4,
          "rentry_pprice_dist": 0.017261591191561624,
          "rentry_pprice_dist_wallet_exposure_weighting": 0.7920527214006956,
          "wallet_exposure_limit": 0.3},
 "short": {"auto_unstuck_ema_dist": -0.006488714890487801,
           "auto_unstuck_wallet_exposure_threshold": 0.06364954597426442,
           "backwards_tp": true,
           "ddown_factor": 1.5192896015108532,
           "ema_span_0": 592.680989692339,
           "ema_span_1": 1402.9473963830133,
           "enabled": false,
           "initial_eprice_ema_dist": -0.011720226505907344,
           "initial_qty_pct": 0.0375729238857977,
           "markup_range": 0.04948437262661926,
           "min_markup": 0.008100461307497238,
           "n_close_orders": 3,
           "rentry_pprice_dist": 0.022269027829449797,
           "rentry_pprice_dist_wallet_exposure_weighting": 0.0866255185945386,
           "wallet_exposure_limit": 1.0}}