{"config_name": "recursive_grid_0days",
 "logging_level": 0,
 "long": {"auto_unstuck_ema_dist": 0.0007127496204883833,
          "auto_unstuck_wallet_exposure_threshold": 0.0707013729463811,
          "backwards_tp": true,
          "ddown_factor": 2.603273775644526,
          "ema_span_0": 688.2750152502869,
          "ema_span_1": 516.4067210909234,
          "enabled": true,
          "initial_eprice_ema_dist": 0.0073527829858753176,
          "initial_qty_pct": 0.022362181784085982,
          "markup_range": 0.005263091041823053,
          "min_markup": 0.01,
          "n_close_orders": 11,
          "rentry_pprice_dist": 0.02078447515819345,
          "rentry_pprice_dist_wallet_exposure_weighting": 0.6808843700747907,
          "wallet_exposure_limit": 0.3},
 "short": {"auto_unstuck_ema_dist": -0.03187925558608491,
           "auto_unstuck_wallet_exposure_threshold": 0.09452021132521969,
           "backwards_tp": true,
           "ddown_factor": 2.1215232675828304,
           "ema_span_0": 79.66855280333195,
           "ema_span_1": 665.0821253783539,
           "enabled": false,
           "initial_eprice_ema_dist": -0.008820064910578032,
           "initial_qty_pct": 0.04916240657378291,
           "markup_range": 0.056381873114257464,
           "min_markup": 0.0014237797000654464,
           "n_close_orders": 8,
           "rentry_pprice_dist": 0.027125684280537368,
           "rentry_pprice_dist_wallet_exposure_weighting": 23.861465889039273,
           "wallet_exposure_limit": 1.0}}