{"config_name": "recursive_grid_0days",
 "logging_level": 0,
 "long": {"auto_unstuck_ema_dist": -0.0006262204786256557,
          "auto_unstuck_wallet_exposure_threshold": 0.053268785269432926,
          "backwards_tp": true,
          "ddown_factor": 3,
          "ema_span_0": 588.5580540258311,
          "ema_span_1": 703.7076509107401,
          "enabled": true,
          "initial_eprice_ema_dist": -0.004131078421894031,
          "initial_qty_pct": 0.0199434143427289,
          "markup_range": 0.0029927138224751415,
          "min_markup": 0.00666602836867644,
          "n_close_orders": 4,
          "rentry_pprice_dist": 0.03827308756505388,
          "rentry_pprice_dist_wallet_exposure_weighting": 0.5180885528550678,
          "wallet_exposure_limit": 0.3},
 "short": {"auto_unstuck_ema_dist": -0.0707790203813379,
           "auto_unstuck_wallet_exposure_threshold": 0.04247298872906359,
           "backwards_tp": true,
           "ddown_factor": 1.8860417141216521,
           "ema_span_0": 164.18664699316324,
           "ema_span_1": 1266.9370441691897,
           "enabled": false,
           "initial_eprice_ema_dist": -0.09763281493714962,
           "initial_qty_pct": 0.07421764824764016,
           "markup_range": 0.026252027982939796,
           "min_markup": 0.008369750908664618,
           "n_close_orders": 10,
           "rentry_pprice_dist": 0.02394559371523347,
           "rentry_pprice_dist_wallet_exposure_weighting": 34.041369986209574,
           "wallet_exposure_limit": 1.0}}