{"config_name": "recursive_grid_0days",
 "logging_level": 0,
 "long": {"auto_unstuck_ema_dist": 0,
          "auto_unstuck_wallet_exposure_threshold": 0.0,
          "backwards_tp": true,
          "ddown_factor": 1.5278868543917168,
          "ema_span_0": 220.91030083914464,
          "ema_span_1": 216.45526481721882,
          "enabled": true,
          "initial_eprice_ema_dist": 0.011875193842188351,
          "initial_qty_pct": 0.012496456306602694,
          "markup_range": 0.0034251346059944745,
          "min_markup": 0.0029449926553067056,
          "n_close_orders": 4,
          "rentry_pprice_dist": 0.02644419125759302,
          "rentry_pprice_dist_wallet_exposure_weighting": 0.0,
          "wallet_exposure_limit": 0.3},
 "short": {"auto_unstuck_ema_dist": -0.08521529584442103,
           "auto_unstuck_wallet_exposure_threshold": 0.030213503798482522,
           "backwards_tp": true,
           "ddown_factor": 1.3927217567645436,
           "ema_span_0": 1146.268086283352,
           "ema_span_1": 62.398438662045486,
           "enabled": false,
           "initial_eprice_ema_dist": -0.0547502816367504,
           "initial_qty_pct": 0.012804867198625364,
           "markup_range": 0.03720088074265944,
           "min_markup": 0.004355043147906889,
           "n_close_orders": 14,
           "rentry_pprice_dist": 0.028998333120383604,
           "rentry_pprice_dist_wallet_exposure_weighting": 19.351284112281387,
           "wallet_exposure_limit": 1.0}}