{"config_name": "clock_0days",
 "long": {"backwards_tp": false,
          "delay_between_fills_minutes_close": 1353.5625513435075,
          "delay_between_fills_minutes_entry": 554.1005865050421,
          "delay_weight_close": 57.44253381592887,
          "delay_weight_entry": 34.12501894962189,
          "ema_dist_close": -7.785590939462673e-05,
          "ema_dist_entry": -0.044269211790280066,
          "ema_span_0": 561.0338688213066,
          "ema_span_1": 537.1729641363414,
          "enabled": true,
          "markup_range": 0.025852217247654435,
          "min_markup": 0.006954990325910746,
          "n_close_orders": 8,
          "qty_pct_close": 0.05018725095850871,
          "qty_pct_entry": 0.01,
          "wallet_exposure_limit": 0.2,
          "we_multiplier_close": 0.22066301580218006,
          "we_multiplier_entry": 21.391333155033024},
 "short": {"backwards_tp": false,
           "delay_between_fills_minutes_close": 1110.6162579292031,
           "delay_between_fills_minutes_entry": 296.6832121740488,
           "delay_weight_close": 92.96323892310018,
           "delay_weight_entry": 70.95673176384378,
           "ema_dist_close": -0.01578492553734985,
           "ema_dist_entry": -0.038608760656424115,
           "ema_span_0": 54.08174230973999,
           "ema_span_1": 513.3512450364913,
           "enabled": false,
           "markup_range": 0.04900659523864452,
           "min_markup": 0.002717448759632596,
           "n_close_orders": 3,
           "qty_pct_close": 0.0366570462037911,
           "qty_pct_entry": 0.04406536713292133,
           "wallet_exposure_limit": 1.0,
           "we_multiplier_close": 92.28702818202159,
           "we_multiplier_entry": 85.54154314432063}}