{"config_name": "recursive_grid_0days",
 "logging_level": 0,
 "long": {"auto_unstuck_ema_dist": 0.0,
          "auto_unstuck_wallet_exposure_threshold": 0.0,
          "backwards_tp": false,
          "ddown_factor": 3.5326327458391225,
          "ema_span_0": 653.1178254312508,
          "ema_span_1": 231.73144864423577,
          "enabled": true,
          "initial_eprice_ema_dist": -0.1048344147263272,
          "initial_qty_pct": 0.004726203176389507,
          "markup_range": 0.05133755490045747,
          "min_markup": 0.0019724187810504657,
          "n_close_orders": 2,
          "rentry_pprice_dist": 0.025514832375354225,
          "rentry_pprice_dist_wallet_exposure_weighting": 2.6029526377754255,
          "wallet_exposure_limit": 0.2},
 "short": {"auto_unstuck_ema_dist": -0.021882504252822205,
           "auto_unstuck_wallet_exposure_threshold": 0.0756009166940721,
           "backwards_tp": false,
           "ddown_factor": 0.7314766846070099,
           "ema_span_0": 652.4513110782916,
           "ema_span_1": 496.9319922394835,
           "enabled": false,
           "initial_eprice_ema_dist": -0.06527535265280841,
           "initial_qty_pct": 0.04078184393081379,
           "markup_range": 0.039659744795851715,
           "min_markup": 0.0023234845247102707,
           "n_close_orders": 3,
           "rentry_pprice_dist": 0.024911767768417036,
           "rentry_pprice_dist_wallet_exposure_weighting": 10.424022643536432,
           "wallet_exposure_limit": 1.0}}