{"config_name": "clock_0days",
 "long": {"backwards_tp": true,
          "delay_between_fills_minutes_close": 481.66943347371495,
          "delay_between_fills_minutes_entry": 280.4845256154311,
          "delay_weight_close": 62.74850081475374,
          "delay_weight_entry": 21.35651800630899,
          "ema_dist_close": -0.05726938092778096,
          "ema_dist_entry": 0.01065182910822915,
          "ema_span_0": 1282.1903746960083,
          "ema_span_1": 199.26181863206367,
          "enabled": true,
          "markup_range": 0.048069326160623274,
          "min_markup": 0.009933620104963849,
          "n_close_orders": 3,
          "qty_pct_close": 0.014533561416758076,
          "qty_pct_entry": 0.01795961204461848,
          "wallet_exposure_limit": 0.3,
          "we_multiplier_close": 58.398166905279716,
          "we_multiplier_entry": 144.53929015571654},
 "short": {"backwards_tp": true,
           "delay_between_fills_minutes_close": 161.3542205183236,
           "delay_between_fills_minutes_entry": 1034.220528150929,
           "delay_weight_close": 87.82256592571116,
           "delay_weight_entry": 89.41496270771005,
           "ema_dist_close": -0.017197174778678055,
           "ema_dist_entry": -0.024581148558114798,
           "ema_span_0": 336.1327979420355,
           "ema_span_1": 1410.5359529240325,
           "enabled": false,
           "markup_range": 0.09166021809270772,
           "min_markup": 0.006324155290474665,
           "n_close_orders": 15,
           "qty_pct_close": 0.11288940031458988,
           "qty_pct_entry": 0.4844560233934679,
           "wallet_exposure_limit": 1.0,
           "we_multiplier_close": 1.393963767648636,
           "we_multiplier_entry": 61.149028396961334}}