{"config_name": "recursive_grid_0days",
 "logging_level": 0,
 "long": {"auto_unstuck_ema_dist": 0,
          "auto_unstuck_wallet_exposure_threshold": 0.0,
          "backwards_tp": false,
          "ddown_factor": 3.122510255150029,
          "ema_span_0": 770.7369636859993,
          "ema_span_1": 656.2478604919046,
          "enabled": true,
          "initial_eprice_ema_dist": -0.015,
          "initial_qty_pct": 0.0004785935546617574,
          "markup_range": 0.008539024100298569,
          "min_markup": 0.0024691550696877116,
          "n_close_orders": 4,
          "rentry_pprice_dist": 0.03316963430043573,
          "rentry_pprice_dist_wallet_exposure_weighting": 0.326460920705839,
          "wallet_exposure_limit": 0.2},
 "short": {"auto_unstuck_ema_dist": -0.0934795047146854,
           "auto_unstuck_wallet_exposure_threshold": 0.04227100930803133,
           "backwards_tp": false,
           "ddown_factor": 0.5701945109936574,
           "ema_span_0": 400.26275701809976,
           "ema_span_1": 56.45460529974528,
           "enabled": false,
           "initial_eprice_ema_dist": -0.06015478533952202,
           "initial_qty_pct": 0.020661657561177,
           "markup_range": 0.04336073123528332,
           "min_markup": 0.00915652682086203,
           "n_close_orders": 16,
           "rentry_pprice_dist": 0.0347004035109791,
           "rentry_pprice_dist_wallet_exposure_weighting": 0.4686430014368148,
           "wallet_exposure_limit": 1.0}}