{"config_name": "clock_0days",
 "long": {"delay_between_fills_minutes_close": 492.1068692650605,
          "delay_between_fills_minutes_entry": 394.2792965251566,
          "delay_weight_close": 100.68060920282089,
          "delay_weight_entry": 38.36066510796398,
          "ema_dist_lower": -0.0001300419806611157,
          "ema_dist_upper": -0.019180472187841358,
          "ema_span_0": 865.1066398714504,
          "ema_span_1": 629.2445268281018,
          "enabled": true,
          "markup_range": 0.02805938437628491,
          "min_markup": 0.02972131156237615,
          "n_close_orders": 7,
          "qty_pct_close": 0.011573136318810231,
          "qty_pct_entry": 0.012936566964625397,
          "wallet_exposure_limit": 0.3,
          "we_multiplier_close": 23.665427920984527,
          "we_multiplier_entry": 70.56727219465215},
 "short": {"delay_between_fills_minutes_close": 1141.1411607578184,
           "delay_between_fills_minutes_entry": 192.55415483472797,
           "delay_weight_close": 19.010126822410665,
           "delay_weight_entry": 16.540716348184738,
           "ema_dist_lower": 0.0004430977932188962,
           "ema_dist_upper": 0.0014467828481874668,
           "ema_span_0": 479.62743401017303,
           "ema_span_1": 2571.3921919638865,
           "enabled": false,
           "markup_range": 0.032285760848226666,
           "min_markup": 0.057943697212301165,
           "n_close_orders": 12,
           "qty_pct_close": 0.06923972844973457,
           "qty_pct_entry": 0.07608431134729264,
           "wallet_exposure_limit": 1.0,
           "we_multiplier_close": 4.6295726381015445,
           "we_multiplier_entry": 53.9079134876508}}