{"config_name": "clock_0days",
 "long": {"backwards_tp": false,
          "delay_between_fills_minutes_close": 1234.2654813743968,
          "delay_between_fills_minutes_entry": 1065.1995407250984,
          "delay_weight_close": 77.8172099833613,
          "delay_weight_entry": 20.236864563599053,
          "ema_dist_close": 0.003,
          "ema_dist_entry": 0.0006887696975146421,
          "ema_span_0": 514.2073657212801,
          "ema_span_1": 1398.6597827432197,
          "enabled": true,
          "markup_range": 0.039241529040093905,
          "min_markup": 0.009873870958080537,
          "n_close_orders": 13,
          "qty_pct_close": 0.01,
          "qty_pct_entry": 0.011725954793407966,
          "wallet_exposure_limit": 0.25,
          "we_multiplier_close": 0,
          "we_multiplier_entry": 27.670637468885335},
 "short": {"backwards_tp": false,
           "delay_between_fills_minutes_close": 1336.229225587782,
           "delay_between_fills_minutes_entry": 716.1892655891842,
           "delay_weight_close": 70.34041313831425,
           "delay_weight_entry": 4.003534534024805,
           "ema_dist_close": -0.03232124807474158,
           "ema_dist_entry": -0.040481538448227314,
           "ema_span_0": 1440,
           "ema_span_1": 7.930902905553464,
           "enabled": false,
           "markup_range": 0.03095469089184285,
           "min_markup": 0.006829101457491564,
           "n_close_orders": 11,
           "qty_pct_close": 0.0965773445445121,
           "qty_pct_entry": 0.04339496834120536,
           "wallet_exposure_limit": 1.0,
           "we_multiplier_close": 79.8855109524246,
           "we_multiplier_entry": 62.98088326997902}}