{"config_name": "recursive_grid_0days",
 "logging_level": 0,
 "long": {"auto_unstuck_ema_dist": 0.006097259998516783,
          "auto_unstuck_wallet_exposure_threshold": 0.05535475998635085,
          "backwards_tp": true,
          "ddown_factor": 2.139619072222815,
          "ema_span_0": 336.4577340809085,
          "ema_span_1": 13.484299692670149,
          "enabled": true,
          "initial_eprice_ema_dist": -0.1,
          "initial_qty_pct": 0.004467056061599137,
          "markup_range": 0.007938129428812628,
          "min_markup": 0.0017868524640623437,
          "n_close_orders": 7,
          "rentry_pprice_dist": 0.03758309627326834,
          "rentry_pprice_dist_wallet_exposure_weighting": 0.0,
          "wallet_exposure_limit": 1},
 "short": {"auto_unstuck_ema_dist": -0.09057784185722345,
           "auto_unstuck_wallet_exposure_threshold": 0.030803733812111406,
           "backwards_tp": true,
           "ddown_factor": 1.9054905311957795,
           "ema_span_0": 1345.5154438470217,
           "ema_span_1": 190.7568322123704,
           "enabled": false,
           "initial_eprice_ema_dist": -0.09006749722601677,
           "initial_qty_pct": 0.05275924845040418,
           "markup_range": 0.024800459656988523,
           "min_markup": 0.001113488660872918,
           "n_close_orders": 4,
           "rentry_pprice_dist": 0.02251593929826307,
           "rentry_pprice_dist_wallet_exposure_weighting": 7.914429381857274,
           "wallet_exposure_limit": 1.0}}