{"config_name": "recursive_grid_0days",
 "logging_level": 0,
 "long": {"auto_unstuck_ema_dist": 0.005998719141376181,
          "auto_unstuck_wallet_exposure_threshold": 0.6469335888412283,
          "backwards_tp": true,
          "ddown_factor": 0.5246961693916766,
          "ema_span_0": 787.3736145414867,
          "ema_span_1": 320.932799985591,
          "enabled": true,
          "initial_eprice_ema_dist": -0.08424849832906077,
          "initial_qty_pct": 0.019624666253780888,
          "markup_range": 0.0020554145207047924,
          "min_markup": 0.0026198789790080556,
          "n_close_orders": 13,
          "rentry_pprice_dist": 0.015998858698675802,
          "rentry_pprice_dist_wallet_exposure_weighting": 2.374964828123366,
          "wallet_exposure_limit": 0.1},
 "short": {"auto_unstuck_ema_dist": 0.016636357809205315,
           "auto_unstuck_wallet_exposure_threshold": 0.17166468578777747,
           "backwards_tp": true,
           "ddown_factor": 1.0869656319592929,
           "ema_span_0": 1571.3579796893946,
           "ema_span_1": 7699.770557090804,
           "enabled": false,
           "initial_eprice_ema_dist": -0.03204465542835043,
           "initial_qty_pct": 0.04439052785229109,
           "markup_range": 0.019363235270662558,
           "min_markup": 0.006978799420523295,
           "n_close_orders": 18,
           "rentry_pprice_dist": 0.02106965728646263,
           "rentry_pprice_dist_wallet_exposure_weighting": 59.98650822755555,
           "wallet_exposure_limit": 0.1}}