{"config_name": "clock_0days",
 "long": {"backwards_tp": true,
          "delay_between_fills_minutes_close": 485.9567635858571,
          "delay_between_fills_minutes_entry": 452.4189942788475,
          "delay_weight_close": 54.01998637291419,
          "delay_weight_entry": 32.55049261714927,
          "ema_dist_close": -0.020402689914512776,
          "ema_dist_entry": 0.016030517234742546,
          "ema_span_0": 208.6596927503983,
          "ema_span_1": 302.800567523733,
          "enabled": true,
          "markup_range": 0.03,
          "min_markup": 0.01,
          "n_close_orders": 2,
          "qty_pct_close": 0.01767179341818768,
          "qty_pct_entry": 0.010442217907763595,
          "wallet_exposure_limit": 0.3,
          "we_multiplier_close": 94.54425474136346,
          "we_multiplier_entry": 85.61165987208415},
 "short": {"backwards_tp": true,
           "delay_between_fills_minutes_close": 43.93130124670981,
           "delay_between_fills_minutes_entry": 1261.837049698839,
           "delay_weight_close": 89.61041745389218,
           "delay_weight_entry": 39.94528049470523,
           "ema_dist_close": -0.007567786858080877,
           "ema_dist_entry": -0.01462700753166165,
           "ema_span_0": 302.7051164802382,
           "ema_span_1": 346.58086858034926,
           "enabled": false,
           "markup_range": 0.044895631131522,
           "min_markup": 0.007982309104673012,
           "n_close_orders": 11,
           "qty_pct_close": 0.7110641247271771,
           "qty_pct_entry": 0.3296029796809059,
           "wallet_exposure_limit": 1.0,
           "we_multiplier_close": 4.881031431627117,
           "we_multiplier_entry": 62.39400196764958}}