{"config_name": "recursive_grid_0days",
 "logging_level": 0,
 "long": {"auto_unstuck_ema_dist": 0,
          "auto_unstuck_wallet_exposure_threshold": 0.0,
          "backwards_tp": false,
          "ddown_factor": 4.027340691468658,
          "ema_span_0": 96.74436598585483,
          "ema_span_1": 309.8282005574363,
          "enabled": true,
          "initial_eprice_ema_dist": -0.0921736138593949,
          "initial_qty_pct": 0.004155349009206031,
          "markup_range": 0.06899627200360607,
          "min_markup": 0.0062101095855994475,
          "n_close_orders": 5,
          "rentry_pprice_dist": 0.035062444701284855,
          "rentry_pprice_dist_wallet_exposure_weighting": 6.478871346245471,
          "wallet_exposure_limit": 0.2},
 "short": {"auto_unstuck_ema_dist": -0.03222706321008048,
           "auto_unstuck_wallet_exposure_threshold": 0.09389742023865173,
           "backwards_tp": false,
           "ddown_factor": 1.0553024323982414,
           "ema_span_0": 218.48094418512667,
           "ema_span_1": 168.07917042946727,
           "enabled": false,
           "initial_eprice_ema_dist": -0.061669469395116326,
           "initial_qty_pct": 0.010875970589831392,
           "markup_range": 0.013846558262683401,
           "min_markup": 0.002416745561105391,
           "n_close_orders": 10,
           "rentry_pprice_dist": 0.04339701662747357,
           "rentry_pprice_dist_wallet_exposure_weighting": 14.59499079119743,
           "wallet_exposure_limit": 1.0}}