{"config_name": "recursive_grid_0days",
 "logging_level": 0,
 "long": {"auto_unstuck_ema_dist": 0.0042680208914005445,
          "auto_unstuck_wallet_exposure_threshold": 0.05562437792400431,
          "backwards_tp": true,
          "ddown_factor": 2.4568279953406056,
          "ema_span_0": 225.80156249427915,
          "ema_span_1": 131.86013855714242,
          "enabled": true,
          "initial_eprice_ema_dist": 0.004885185037052697,
          "initial_qty_pct": 0.03780250079782825,
          "markup_range": 0.007774102989639198,
          "min_markup": 0.0026158809975500947,
          "n_close_orders": 8,
          "rentry_pprice_dist": 0.02888245267486071,
          "rentry_pprice_dist_wallet_exposure_weighting": 4.090432833186208,
          "wallet_exposure_limit": 0.3},
 "short": {"auto_unstuck_ema_dist": -0.03581438448929064,
           "auto_unstuck_wallet_exposure_threshold": 0.0609249035861202,
           "backwards_tp": true,
           "ddown_factor": 0.48983625383069374,
           "ema_span_0": 163.20517252331987,
           "ema_span_1": 1097.0366125293258,
           "enabled": false,
           "initial_eprice_ema_dist": -0.03304234700756495,
           "initial_qty_pct": 0.09873670506274403,
           "markup_range": 0.028450302518036732,
           "min_markup": 0.008377964860109301,
           "n_close_orders": 13,
           "rentry_pprice_dist": 0.035981887580219196,
           "rentry_pprice_dist_wallet_exposure_weighting": 1.176610599339103,
           "wallet_exposure_limit": 1.0}}