{"config_name": "recursive_grid_0days",
 "logging_level": 0,
 "long": {"auto_unstuck_ema_dist": 0,
          "auto_unstuck_wallet_exposure_threshold": 0,
          "backwards_tp": false,
          "ddown_factor": 2.4972770249978566,
          "ema_span_0": 58.4626655022692,
          "ema_span_1": 296.3451846942064,
          "enabled": true,
          "initial_eprice_ema_dist": -0.1,
          "initial_qty_pct": 0.0022360184767204728,
          "markup_range": 0.030047564282757247,
          "min_markup": 0.0036913624262211926,
          "n_close_orders": 4,
          "rentry_pprice_dist": 0.03354740265560824,
          "rentry_pprice_dist_wallet_exposure_weighting": 0,
          "wallet_exposure_limit": 0.25},
 "short": {"auto_unstuck_ema_dist": 0,
           "auto_unstuck_wallet_exposure_threshold": 0,
           "backwards_tp": false,
           "ddown_factor": 2.551299961869989,
           "ema_span_0": 185.01293810560773,
           "ema_span_1": 359.69301994110623,
           "enabled": true,
           "initial_eprice_ema_dist": -0.1,
           "initial_qty_pct": 0.005377720841624503,
           "markup_range": 0.011800584040356589,
           "min_markup": 0.002869342049465361,
           "n_close_orders": 4,
           "rentry_pprice_dist": 0.03764350048922945,
           "rentry_pprice_dist_wallet_exposure_weighting": 0,
           "wallet_exposure_limit": 0.12}}