{"config_name": "recursive_grid_0days",
 "logging_level": 0,
 "long": {"auto_unstuck_ema_dist": 0.0,
          "auto_unstuck_wallet_exposure_threshold": 0.0,
          "backwards_tp": true,
          "ddown_factor": 1.5398578696851495,
          "ema_span_0": 204.88846053752297,
          "ema_span_1": 193.78862617785106,
          "enabled": true,
          "initial_eprice_ema_dist": 0.013945055850254831,
          "initial_qty_pct": 0.029839692995971216,
          "markup_range": 0.001843260506839793,
          "min_markup": 0.003778781708790821,
          "n_close_orders": 4,
          "rentry_pprice_dist": 0.016201250422879315,
          "rentry_pprice_dist_wallet_exposure_weighting": 2.913551570900548,
          "wallet_exposure_limit": 0.3},
 "short": {"auto_unstuck_ema_dist": -0.04630036639828399,
           "auto_unstuck_wallet_exposure_threshold": 0.06602829210077588,
           "backwards_tp": true,
           "ddown_factor": 2.2231225927530396,
           "ema_span_0": 249.55425927421294,
           "ema_span_1": 796.313997857174,
           "enabled": false,
           "initial_eprice_ema_dist": -0.03707788287412056,
           "initial_qty_pct": 0.05059919808569829,
           "markup_range": 0.033241131567796095,
           "min_markup": 0.002736394278338896,
           "n_close_orders": 16,
           "rentry_pprice_dist": 0.008294063992271426,
           "rentry_pprice_dist_wallet_exposure_weighting": 18.00065537073882,
           "wallet_exposure_limit": 1.0}}