{"config_name": "clock_0days",
 "long": {"backwards_tp": true,
          "delay_between_fills_minutes_close": 1417.584411984695,
          "delay_between_fills_minutes_entry": 1005.093110357406,
          "delay_weight_close": 64.80514439621248,
          "delay_weight_entry": 24.5055359040831,
          "ema_dist_close": 0.0005193125387897623,
          "ema_dist_entry": -0.010814137734166944,
          "ema_span_0": 1381.5858817563515,
          "ema_span_1": 1390.5242002680334,
          "enabled": true,
          "markup_range": 0.056363351081608906,
          "min_markup": 0.007618100592319709,
          "n_close_orders": 16,
          "qty_pct_close": 0.01,
          "qty_pct_entry": 0.01,
          "wallet_exposure_limit": 0.2,
          "we_multiplier_close": 71.86698835982052,
          "we_multiplier_entry": 100},
 "short": {"backwards_tp": true,
           "delay_between_fills_minutes_close": 644.2220191674309,
           "delay_between_fills_minutes_entry": 768.7919207924218,
           "delay_weight_close": 58.23139545248004,
           "delay_weight_entry": 39.03750780669124,
           "ema_dist_close": -0.020276090050889047,
           "ema_dist_entry": -0.0017232520611043644,
           "ema_span_0": 1440,
           "ema_span_1": 1348.078251323664,
           "enabled": true,
           "markup_range": 0.027938314494086826,
           "min_markup": 0.00996751749387978,
           "n_close_orders": 15,
           "qty_pct_close": 0.01,
           "qty_pct_entry": 0.01,
           "wallet_exposure_limit": 0.1,
           "we_multiplier_close": 75.16093757037588,
           "we_multiplier_entry": 37.57634901461388}}