{"config_name": "recursive_grid_0days",
 "logging_level": 0,
 "long": {"auto_unstuck_ema_dist": 0,
          "auto_unstuck_wallet_exposure_threshold": 0.0,
          "backwards_tp": true,
          "ddown_factor": 1.7753771552121798,
          "ema_span_0": 411.98157776878816,
          "ema_span_1": 543.4836761183162,
          "enabled": true,
          "initial_eprice_ema_dist": 0.003554078231066543,
          "initial_qty_pct": 0.01331943361295788,
          "markup_range": 0.006925687286082792,
          "min_markup": 0.0046517228628370644,
          "n_close_orders": 4,
          "rentry_pprice_dist": 0.02650558607896057,
          "rentry_pprice_dist_wallet_exposure_weighting": 6.102952898548088,
          "wallet_exposure_limit": 0.3},
 "short": {"auto_unstuck_ema_dist": -0.05832101561150679,
           "auto_unstuck_wallet_exposure_threshold": 0.046829036001946524,
           "backwards_tp": true,
           "ddown_factor": 0.8872694961482751,
           "ema_span_0": 438.23255739280074,
           "ema_span_1": 570.2264331419211,
           "enabled": false,
           "initial_eprice_ema_dist": -0.09960778834434136,
           "initial_qty_pct": 0.014594970930528028,
           "markup_range": 0.031015382615835536,
           "min_markup": 0.00985848357342032,
           "n_close_orders": 5,
           "rentry_pprice_dist": 0.010922647701425803,
           "rentry_pprice_dist_wallet_exposure_weighting": 6.430937745821652,
           "wallet_exposure_limit": 1}}