{"config_name": "clock_0days",
 "long": {"backwards_tp": true,
          "delay_between_fills_minutes_close": 483.8257594086192,
          "delay_between_fills_minutes_entry": 115.74419663390745,
          "delay_weight_close": 47.98518581320084,
          "delay_weight_entry": 103.7007965916386,
          "ema_dist_close": -0.776509278538141,
          "ema_dist_entry": 0.02,
          "ema_span_0": 174.33150506669244,
          "ema_span_1": 599.1034177429923,
          "enabled": true,
          "markup_range": 0.029644990611920528,
          "min_markup": 0.01,
          "n_close_orders": 8,
          "qty_pct_close": 0.01902114838626744,
          "qty_pct_entry": 0.015309106536921397,
          "wallet_exposure_limit": 0.3,
          "we_multiplier_close": 9.440734926095955,
          "we_multiplier_entry": 97.21158142498416},
 "short": {"backwards_tp": true,
           "delay_between_fills_minutes_close": 668.5801538536563,
           "delay_between_fills_minutes_entry": 285.16145032197835,
           "delay_weight_close": 98.53270377584107,
           "delay_weight_entry": 56.58160354899646,
           "ema_dist_close": -0.008748931228117901,
           "ema_dist_entry": -0.015415577246786473,
           "ema_span_0": 325.52967770046325,
           "ema_span_1": 779.5211519538412,
           "enabled": false,
           "markup_range": 0.026793650853619705,
           "min_markup": 0.002779401164567443,
           "n_close_orders": 12,
           "qty_pct_close": 0.08475234321655717,
           "qty_pct_entry": 0.06970847455794094,
           "wallet_exposure_limit": 1.0,
           "we_multiplier_close": 86.92978330886899,
           "we_multiplier_entry": 26.651394455012912}}