{"config_name": "recursive_grid_0days",
 "logging_level": 0,
 "long": {"auto_unstuck_ema_dist": 0.0042638507686551825,
          "auto_unstuck_wallet_exposure_threshold": 0.060977031843825504,
          "backwards_tp": true,
          "ddown_factor": 2.7951745702704147,
          "ema_span_0": 683.6934091041705,
          "ema_span_1": 733.1648151947123,
          "enabled": true,
          "initial_eprice_ema_dist": -0.08293146316349152,
          "initial_qty_pct": 0.005193305713672592,
          "markup_range": 0.048278160986704295,
          "min_markup": 0.006464047213970316,
          "n_close_orders": 1,
          "rentry_pprice_dist": 0.025696512642003677,
          "rentry_pprice_dist_wallet_exposure_weighting": 1.1485785281764909,
          "wallet_exposure_limit": 0.2},
 "short": {"auto_unstuck_ema_dist": -0.036772012797609596,
           "auto_unstuck_wallet_exposure_threshold": 0.056689564370777774,
           "backwards_tp": true,
           "ddown_factor": 0.9153415944565524,
           "ema_span_0": 948.9170569766105,
           "ema_span_1": 247.16378565486934,
           "enabled": false,
           "initial_eprice_ema_dist": -0.09513686354550714,
           "initial_qty_pct": 0.0827177900182262,
           "markup_range": 0.03750749577974777,
           "min_markup": 0.0035265780421541893,
           "n_close_orders": 7,
           "rentry_pprice_dist": 0.04854926629058818,
           "rentry_pprice_dist_wallet_exposure_weighting": 7.374749407361952,
           "wallet_exposure_limit": 1}}