{"config_name": "recursive_grid_0days",
 "logging_level": 0,
 "long": {"auto_unstuck_ema_dist": -0.0033954752123457645,
          "auto_unstuck_wallet_exposure_threshold": 0.06103997314458421,
          "backwards_tp": true,
          "ddown_factor": 1.7928134384242551,
          "ema_span_0": 131.0184432923629,
          "ema_span_1": 463.30626068562685,
          "enabled": true,
          "initial_eprice_ema_dist": 0.004196190639923749,
          "initial_qty_pct": 0.022159752095251166,
          "markup_range": 0.0064973299643716585,
          "min_markup": 0.0024208778081543387,
          "n_close_orders": 2,
          "rentry_pprice_dist": 0.029108054796747638,
          "rentry_pprice_dist_wallet_exposure_weighting": 2.7196821544462004,
          "wallet_exposure_limit": 1},
 "short": {"auto_unstuck_ema_dist": -0.0694896777647663,
           "auto_unstuck_wallet_exposure_threshold": 0.07887486338172345,
           "backwards_tp": true,
           "ddown_factor": 0.17793637819825658,
           "ema_span_0": 186.41649775382024,
           "ema_span_1": 161.93672288676,
           "enabled": false,
           "initial_eprice_ema_dist": -0.043659902392847755,
           "initial_qty_pct": 0.029695170501093347,
           "markup_range": 0.04065611888617359,
           "min_markup": 0.006476388706555549,
           "n_close_orders": 7,
           "rentry_pprice_dist": 0.03381023587854718,
           "rentry_pprice_dist_wallet_exposure_weighting": 14.396589275935616,
           "wallet_exposure_limit": 1.0}}