{"config_name": "recursive_grid_0days",
 "logging_level": 0,
 "long": {"auto_unstuck_ema_dist": 0.0025,
          "auto_unstuck_wallet_exposure_threshold": 0.025561355607925232,
          "backwards_tp": false,
          "ddown_factor": 2.1429,
          "ema_span_0": 1361.1770099013827,
          "ema_span_1": 211.05269523629178,
          "enabled": true,
          "initial_eprice_ema_dist": -0.000275062332984529,
          "initial_qty_pct": 0.0031893,
          "markup_range": 0.028078,
          "min_markup": 0.005709,
          "n_close_orders": 5,
          "rentry_pprice_dist": 0.018515,
          "rentry_pprice_dist_wallet_exposure_weighting": 2.1199,
          "wallet_exposure_limit": 1},
 "short": {"auto_unstuck_ema_dist": -0.0019186921615433894,
           "auto_unstuck_wallet_exposure_threshold": 0.045677750998801635,
           "backwards_tp": false,
           "ddown_factor": 0.3982179624319623,
           "ema_span_0": 275.06047056913,
           "ema_span_1": 54.654175647029675,
           "enabled": false,
           "initial_eprice_ema_dist": -0.03870994798179171,
           "initial_qty_pct": 0.04525717787637128,
           "markup_range": 0.04736036346047952,
           "min_markup": 0.0032863479835199016,
           "n_close_orders": 7,
           "rentry_pprice_dist": 0.029869077208226125,
           "rentry_pprice_dist_wallet_exposure_weighting": 11.430318503749852,
           "wallet_exposure_limit": 1.0}}