{"config_name": "emas_0days",
 "long": {"delay_between_fills_minutes_close": 362.0924291941602,
          "delay_between_fills_minutes_entry": 266.27801917305845,
          "delay_weight_close": 80.04606945149462,
          "delay_weight_entry": 38.422655848598424,
          "ema_dist_lower": -0.8236584370979487,
          "ema_dist_upper": -0.0265546618392873,
          "ema_span_0": 969.644114511127,
          "ema_span_1": 2296.253475177553,
          "enabled": true,
          "markup_range": 0.02913165510162203,
          "min_markup": 0.019973145824252705,
          "n_close_orders": 4,
          "qty_pct_close": 0.041638336843478736,
          "qty_pct_entry": 0.004285106279635406,
          "wallet_exposure_limit": 0.25,
          "we_multiplier_close": 78.2371045655174,
          "we_multiplier_entry": 35.47942133095044},
 "short": {"delay_between_fills_minutes_close": 272.3614534846157,
           "delay_between_fills_minutes_entry": 207.05388326214583,
           "delay_weight_close": 31.574526014579163,
           "delay_weight_entry": 31.829070396389014,
           "ema_dist_lower": 0.02,
           "ema_dist_upper": -0.5523135299081853,
           "ema_span_0": 88.12690214786957,
           "ema_span_1": 2048.3533029804184,
           "enabled": true,
           "markup_range": 0.0027216033921673827,
           "min_markup": 0.002737297637800621,
           "n_close_orders": 2,
           "qty_pct_close": 0.075,
           "qty_pct_entry": 0.004643947408863322,
           "wallet_exposure_limit": 0.1,
           "we_multiplier_close": 34.82151054866578,
           "we_multiplier_entry": 106.13400818874783}}