{"config_name": "recursive_grid_0days",
 "logging_level": 0,
 "long": {"auto_unstuck_ema_dist": 0,
          "auto_unstuck_wallet_exposure_threshold": 0.0,
          "backwards_tp": true,
          "ddown_factor": 1.9051248702655774,
          "ema_span_0": 520.449205090938,
          "ema_span_1": 625.1055746420553,
          "enabled": true,
          "initial_eprice_ema_dist": -0.08596967356510499,
          "initial_qty_pct": 0.002644795025796499,
          "markup_range": 0.033693706853066496,
          "min_markup": 0.006538204530080168,
          "n_close_orders": 5,
          "rentry_pprice_dist": 0.015098153836774523,
          "rentry_pprice_dist_wallet_exposure_weighting": 2.050368367973395,
          "wallet_exposure_limit": 0.1},
 "short": {"auto_unstuck_ema_dist": -0.08044378835896847,
           "auto_unstuck_wallet_exposure_threshold": 0.09558400155822937,
           "backwards_tp": true,
           "ddown_factor": 0.9373309662519784,
           "ema_span_0": 44.33993226467331,
           "ema_span_1": 928.7060456915369,
           "enabled": false,
           "initial_eprice_ema_dist": -0.03078377203810223,
           "initial_qty_pct": 0.08881753330179054,
           "markup_range": 0.006377237500451955,
           "min_markup": 0.0037877723728475727,
           "n_close_orders": 16,
           "rentry_pprice_dist": 0.012620484409845612,
           "rentry_pprice_dist_wallet_exposure_weighting": 9.75026470692791,
           "wallet_exposure_limit": 1.0}}