{"config_name": "recursive_grid_0days",
 "logging_level": 0,
 "long": {"auto_unstuck_ema_dist": -0.012673696329646149,
          "auto_unstuck_wallet_exposure_threshold": 0.06232845839229247,
          "backwards_tp": false,
          "ddown_factor": 2.1429,
          "ema_span_0": 213.25239570846247,
          "ema_span_1": 1246.680153817032,
          "enabled": true,
          "initial_eprice_ema_dist": 0.0010996427801411735,
          "initial_qty_pct": 0.0031893,
          "markup_range": 0.028078,
          "min_markup": 0.005709,
          "n_close_orders": 5,
          "rentry_pprice_dist": 0.018515,
          "rentry_pprice_dist_wallet_exposure_weighting": 2.1199,
          "wallet_exposure_limit": 0.2},
 "short": {"auto_unstuck_ema_dist": -0.034686342142143584,
           "auto_unstuck_wallet_exposure_threshold": 0.042068407729762496,
           "backwards_tp": false,
           "ddown_factor": 0.4857253649503517,
           "ema_span_0": 126.11144670213243,
           "ema_span_1": 986.5606149192892,
           "enabled": false,
           "initial_eprice_ema_dist": -0.025820514112989537,
           "initial_qty_pct": 0.05084122770765707,
           "markup_range": 0.007235092909566603,
           "min_markup": 0.002201319715531131,
           "n_close_orders": 13,
           "rentry_pprice_dist": 0.03206192294394263,
           "rentry_pprice_dist_wallet_exposure_weighting": 17.538986729860625,
           "wallet_exposure_limit": 1.0}}