{"config_name": "clock_0days",
 "long": {"backwards_tp": true,
          "delay_between_fills_minutes_close": 419.3762739039861,
          "delay_between_fills_minutes_entry": 407.22784377023964,
          "delay_weight_close": 84.71570486756922,
          "delay_weight_entry": 33.79556547624199,
          "ema_dist_close": -0.0646808280392377,
          "ema_dist_entry": 0.01,
          "ema_span_0": 30.818098974576476,
          "ema_span_1": 12.288494858003808,
          "enabled": true,
          "markup_range": 0.019285708596437672,
          "min_markup": 0.008953459826122463,
          "n_close_orders": 2,
          "qty_pct_close": 0.01,
          "qty_pct_entry": 0.01,
          "wallet_exposure_limit": 0.3,
          "we_multiplier_close": 13.681276915651692,
          "we_multiplier_entry": 150},
 "short": {"backwards_tp": true,
           "delay_between_fills_minutes_close": 37.958031897159444,
           "delay_between_fills_minutes_entry": 526.1085282165343,
           "delay_weight_close": 27.358768438410543,
           "delay_weight_entry": 41.943964958647285,
           "ema_dist_close": -0.02750418433148373,
           "ema_dist_entry": 0.007837029589816774,
           "ema_span_0": 339.82379414871906,
           "ema_span_1": 22.48993440175135,
           "enabled": false,
           "markup_range": 0.07327455313488017,
           "min_markup": 0.06791952223576578,
           "n_close_orders": 13,
           "qty_pct_close": 0.5753851887897162,
           "qty_pct_entry": 0.2058452736599184,
           "wallet_exposure_limit": 1.0,
           "we_multiplier_close": 8.764058990558693,
           "we_multiplier_entry": 1.6941656623442825}}