{"config_name": "clock_0days",
 "long": {"backwards_tp": true,
          "delay_between_fills_minutes_close": 473.2585661675599,
          "delay_between_fills_minutes_entry": 445.2718304762347,
          "delay_weight_close": 22.012543519564222,
          "delay_weight_entry": 39.404320110492165,
          "ema_dist_close": -0.41148996114409975,
          "ema_dist_entry": 0.0051334430836345035,
          "ema_span_0": 823.9102699905792,
          "ema_span_1": 83.14984097419445,
          "enabled": true,
          "markup_range": 0.031783663459041586,
          "min_markup": 0.01,
          "n_close_orders": 9,
          "qty_pct_close": 0.0169434078400881,
          "qty_pct_entry": 0.013917141339344644,
          "wallet_exposure_limit": 0.3,
          "we_multiplier_close": 8.25447466409542,
          "we_multiplier_entry": 122.16003067523488},
 "short": {"backwards_tp": true,
           "delay_between_fills_minutes_close": 91.73145597342246,
           "delay_between_fills_minutes_entry": 93.9061805895541,
           "delay_weight_close": 49.58491359299588,
           "delay_weight_entry": 99.9916986046682,
           "ema_dist_close": -0.6324726686956781,
           "ema_dist_entry": -0.22239744919301963,
           "ema_span_0": 141.3601751482609,
           "ema_span_1": 493.81366712240276,
           "enabled": false,
           "markup_range": 0.013206763456140493,
           "min_markup": 0.08824027802018064,
           "n_close_orders": 3,
           "qty_pct_close": 0.01,
           "qty_pct_entry": 0.01,
           "wallet_exposure_limit": 1.0,
           "we_multiplier_close": 2.3555813808849746,
           "we_multiplier_entry": 56.457453090339584}}