{"config_name": "recursive_grid_0days",
 "logging_level": 0,
 "long": {"auto_unstuck_ema_dist": 0.0,
          "auto_unstuck_wallet_exposure_threshold": 0.0,
          "backwards_tp": true,
          "ddown_factor": 0.16788886931180697,
          "ema_span_0": 842.7953238083135,
          "ema_span_1": 702.5993825231325,
          "enabled": true,
          "initial_eprice_ema_dist": -0.005207695524893476,
          "initial_qty_pct": 0.013117730364724866,
          "markup_range": 0.00499466436234405,
          "min_markup": 0.00396327795075942,
          "n_close_orders": 8,
          "rentry_pprice_dist": 0.016939429119232966,
          "rentry_pprice_dist_wallet_exposure_weighting": 4.5853076736190115,
          "wallet_exposure_limit": 0.1},
 "short": {"auto_unstuck_ema_dist": 0.05723519197163477,
           "auto_unstuck_wallet_exposure_threshold": 0.014093140430738376,
           "backwards_tp": true,
           "ddown_factor": 1.0979317311744021,
           "ema_span_0": 626.7807855133166,
           "ema_span_1": 7238.7917438390205,
           "enabled": false,
           "initial_eprice_ema_dist": -0.051529572499568355,
           "initial_qty_pct": 0.015,
           "markup_range": 0.022000770020930135,
           "min_markup": 0.0012916385494514025,
           "n_close_orders": 19,
           "rentry_pprice_dist": 0.01825577797378022,
           "rentry_pprice_dist_wallet_exposure_weighting": 19.2020255910924,
           "wallet_exposure_limit": 0.1}}