{"config_name": "clock_0days",
 "long": {"backwards_tp": true,
          "delay_between_fills_minutes_close": 367.72820840222766,
          "delay_between_fills_minutes_entry": 436.8559528526794,
          "delay_weight_close": 128.20506130155897,
          "delay_weight_entry": 30.990711839002334,
          "ema_dist_close": -0.16736549412752,
          "ema_dist_entry": 0.006281338039050777,
          "ema_span_0": 661.5256148657768,
          "ema_span_1": 657.5942298000723,
          "enabled": true,
          "markup_range": 0.02854486262522694,
          "min_markup": 0.008269191247716181,
          "n_close_orders": 3,
          "qty_pct_close": 0.011986006394466089,
          "qty_pct_entry": 0.01883239236661408,
          "wallet_exposure_limit": 0.3,
          "we_multiplier_close": 7.281221691593738,
          "we_multiplier_entry": 131.37651221017722},
 "short": {"backwards_tp": true,
           "delay_between_fills_minutes_close": 174.65447751847347,
           "delay_between_fills_minutes_entry": 1351.855228705201,
           "delay_weight_close": 54.14182014226336,
           "delay_weight_entry": 44.27224206294116,
           "ema_dist_close": -0.008336351808006771,
           "ema_dist_entry": -0.03208203704981118,
           "ema_span_0": 547.1666154796484,
           "ema_span_1": 750.4692315215589,
           "enabled": false,
           "markup_range": 0.01945904070122001,
           "min_markup": 0.028045863390840232,
           "n_close_orders": 10,
           "qty_pct_close": 0.3178526248455603,
           "qty_pct_entry": 0.7640274615789704,
           "wallet_exposure_limit": 1.0,
           "we_multiplier_close": 1.0492185436837442,
           "we_multiplier_entry": 75.57378421150587}}