{"config_name": "clock_0days",
 "long": {"backwards_tp": true,
          "delay_between_fills_minutes_close": 383.47349101065873,
          "delay_between_fills_minutes_entry": 200.36954683030348,
          "delay_weight_close": 53.7768649159671,
          "delay_weight_entry": 26.346939753705705,
          "ema_dist_close": -0.7593984050841823,
          "ema_dist_entry": 0.01,
          "ema_span_0": 187.6965721218841,
          "ema_span_1": 177.0663619776109,
          "enabled": true,
          "markup_range": 0.013410510967479042,
          "min_markup": 0.008776030769319825,
          "n_close_orders": 5,
          "qty_pct_close": 0.01,
          "qty_pct_entry": 0.01,
          "wallet_exposure_limit": 0.3,
          "we_multiplier_close": 0,
          "we_multiplier_entry": 67.84052111311591},
 "short": {"backwards_tp": true,
           "delay_between_fills_minutes_close": 179.64190072322145,
           "delay_between_fills_minutes_entry": 1242.428070477077,
           "delay_weight_close": 38.363660841684755,
           "delay_weight_entry": 88.004030591702,
           "ema_dist_close": -0.014435080809865879,
           "ema_dist_entry": -0.002581340129599888,
           "ema_span_0": 647.7165992599366,
           "ema_span_1": 771.1802279176562,
           "enabled": false,
           "markup_range": 0.0481606313384425,
           "min_markup": 0.004802675561806976,
           "n_close_orders": 13,
           "qty_pct_close": 0.0331374499325488,
           "qty_pct_entry": 0.5662002308467856,
           "wallet_exposure_limit": 1.0,
           "we_multiplier_close": 5.476948452680082,
           "we_multiplier_entry": 17.760383904740152}}