{"config_name": "recursive_grid_0days",
 "logging_level": 0,
 "long": {"auto_unstuck_ema_dist": 0.0,
          "auto_unstuck_wallet_exposure_threshold": 0.0,
          "backwards_tp": true,
          "ddown_factor": 1.9877311923547618,
          "ema_span_0": 605.292154640449,
          "ema_span_1": 961.3498040540846,
          "enabled": true,
          "initial_eprice_ema_dist": 0.007534767343297371,
          "initial_qty_pct": 0.017034143110228047,
          "markup_range": 0.0076962354717572,
          "min_markup": 0.002394857589050685,
          "n_close_orders": 3,
          "rentry_pprice_dist": 0.02862647512681091,
          "rentry_pprice_dist_wallet_exposure_weighting": 3.465033381307947,
          "wallet_exposure_limit": 0.3},
 "short": {"auto_unstuck_ema_dist": -0.0015940933435734245,
           "auto_unstuck_wallet_exposure_threshold": 0.04043612889992303,
           "backwards_tp": true,
           "ddown_factor": 0.39630129250912594,
           "ema_span_0": 1118.498392608989,
           "ema_span_1": 747.8812081823698,
           "enabled": false,
           "initial_eprice_ema_dist": -0.01005264155184997,
           "initial_qty_pct": 0.064726699378342,
           "markup_range": 0.023790200361184507,
           "min_markup": 0.002112220606992379,
           "n_close_orders": 2,
           "rentry_pprice_dist": 0.022894269249664017,
           "rentry_pprice_dist_wallet_exposure_weighting": 1.383033651278407,
           "wallet_exposure_limit": 1}}