{"config_name": "recursive_grid_0days",
 "logging_level": 0,
 "long": {"auto_unstuck_ema_dist": -0.0066007148216710755,
          "auto_unstuck_wallet_exposure_threshold": 0.0836424050396786,
          "backwards_tp": true,
          "ddown_factor": 1.5656691484712768,
          "ema_span_0": 451.69247666315397,
          "ema_span_1": 260.4818067943289,
          "enabled": true,
          "initial_eprice_ema_dist": 0.0163845056421544,
          "initial_qty_pct": 0.057366346651922244,
          "markup_range": 0.03,
          "min_markup": 0.01,
          "n_close_orders": 10,
          "rentry_pprice_dist": 0.0160480158663416,
          "rentry_pprice_dist_wallet_exposure_weighting": 2.6002438547575446,
          "wallet_exposure_limit": 0.3},
 "short": {"auto_unstuck_ema_dist": -0.09686242282568988,
           "auto_unstuck_wallet_exposure_threshold": 0.03712175020926973,
           "backwards_tp": true,
           "ddown_factor": 0.7845104194776067,
           "ema_span_0": 208.9566459773139,
           "ema_span_1": 888.8600741114441,
           "enabled": false,
           "initial_eprice_ema_dist": -0.017296318594717627,
           "initial_qty_pct": 0.08352120315575395,
           "markup_range": 0.05315340680956305,
           "min_markup": 0.007359695348954582,
           "n_close_orders": 3,
           "rentry_pprice_dist": 0.0077550456887714595,
           "rentry_pprice_dist_wallet_exposure_weighting": 20.940880065887075,
           "wallet_exposure_limit": 1.0}}