{"config_name": "recursive_grid_0days",
 "logging_level": 0,
 "long": {"auto_unstuck_ema_dist": 0.0,
          "auto_unstuck_wallet_exposure_threshold": 0.0,
          "backwards_tp": false,
          "ddown_factor": 0.8857717915062615,
          "ema_span_0": 754.7433754849742,
          "ema_span_1": 983.237697832251,
          "enabled": true,
          "initial_eprice_ema_dist": -0.02857039678701581,
          "initial_qty_pct": 0.004773973627409528,
          "markup_range": 0.006560780046161629,
          "min_markup": 0.007580220019792861,
          "n_close_orders": 8,
          "rentry_pprice_dist": 0.029041356763362187,
          "rentry_pprice_dist_wallet_exposure_weighting": 2.8043428271312574,
          "wallet_exposure_limit": 0.2},
 "short": {"auto_unstuck_ema_dist": -0.040279588550364516,
           "auto_unstuck_wallet_exposure_threshold": 0.051516014881693495,
           "backwards_tp": false,
           "ddown_factor": 2.535845702028738,
           "ema_span_0": 1350.9413929969796,
           "ema_span_1": 1261.3891477492346,
           "enabled": false,
           "initial_eprice_ema_dist": -0.00018236854071582154,
           "initial_qty_pct": 0.09709392034531063,
           "markup_range": 0.007172301472866906,
           "min_markup": 0.006827954596287306,
           "n_close_orders": 11,
           "rentry_pprice_dist": 0.024355147566451327,
           "rentry_pprice_dist_wallet_exposure_weighting": 16.050535451610532,
           "wallet_exposure_limit": 1.0}}