{"config_name": "clock_0days",
 "long": {"backwards_tp": true,
          "delay_between_fills_minutes_close": 449.2107568235603,
          "delay_between_fills_minutes_entry": 404.69384375403655,
          "delay_weight_close": 129.34029567049876,
          "delay_weight_entry": 53.67518336449279,
          "ema_dist_close": -0.5614631820664762,
          "ema_dist_entry": -0.8379995866634872,
          "ema_span_0": 164.81981460781032,
          "ema_span_1": 579.1388696670807,
          "enabled": true,
          "markup_range": 0.024707705989609037,
          "min_markup": 0.005061852847033105,
          "n_close_orders": 7,
          "qty_pct_close": 0.013748074271598132,
          "qty_pct_entry": 0.017654609860410474,
          "wallet_exposure_limit": 0.3,
          "we_multiplier_close": 12.105744514343108,
          "we_multiplier_entry": 75.57483304288353},
 "short": {"backwards_tp": true,
           "delay_between_fills_minutes_close": 30.292187789027285,
           "delay_between_fills_minutes_entry": 610.0590193591999,
           "delay_weight_close": 97.83902284229087,
           "delay_weight_entry": 24.94391071337415,
           "ema_dist_close": -0.028474092447533503,
           "ema_dist_entry": -0.016612609364938226,
           "ema_span_0": 425.1336324943388,
           "ema_span_1": 787.8726654062359,
           "enabled": false,
           "markup_range": 0.0631755392471575,
           "min_markup": 0.008268107765735812,
           "n_close_orders": 14,
           "qty_pct_close": 0.7059108373858523,
           "qty_pct_entry": 0.2434359436971286,
           "wallet_exposure_limit": 1.0,
           "we_multiplier_close": 6.451992531982114,
           "we_multiplier_entry": 41.37910681749507}}