{"config_name": "recursive_grid_0days",
 "logging_level": 0,
 "long": {"auto_unstuck_ema_dist": 0.0060592474526554,
          "auto_unstuck_wallet_exposure_threshold": 0.009704600974307613,
          "backwards_tp": false,
          "ddown_factor": 2.6501950369376055,
          "ema_span_0": 242.91096648154854,
          "ema_span_1": 16.253528370071134,
          "enabled": true,
          "initial_eprice_ema_dist": 0.0043187898543781255,
          "initial_qty_pct": 0.0082013529739313,
          "markup_range": 0.058743130403147825,
          "min_markup": 0.002513222676538555,
          "n_close_orders": 18,
          "rentry_pprice_dist": 0.034051184887717766,
          "rentry_pprice_dist_wallet_exposure_weighting": 0.0,
          "wallet_exposure_limit": 0.2},
 "short": {"auto_unstuck_ema_dist": -0.0704595894639094,
           "auto_unstuck_wallet_exposure_threshold": 0.08413253421427593,
           "backwards_tp": false,
           "ddown_factor": 2.8038490441603665,
           "ema_span_0": 1060.0503840211009,
           "ema_span_1": 575.6318593567836,
           "enabled": false,
           "initial_eprice_ema_dist": -0.05901972142146958,
           "initial_qty_pct": 0.031475819888825016,
           "markup_range": 0.05833830483181135,
           "min_markup": 0.007150117192763602,
           "n_close_orders": 6,
           "rentry_pprice_dist": 0.016705924722488733,
           "rentry_pprice_dist_wallet_exposure_weighting": 16.185393078637894,
           "wallet_exposure_limit": 1.0}}