{"config_name": "recursive_grid_0days",
 "logging_level": 0,
 "long": {"auto_unstuck_ema_dist": 0.005,
          "auto_unstuck_wallet_exposure_threshold": 0.05,
          "backwards_tp": true,
          "ddown_factor": 2.5207260456749814,
          "ema_span_0": 327.0436540976022,
          "ema_span_1": 451.2268918930205,
          "enabled": true,
          "initial_eprice_ema_dist": 0.01244026302785076,
          "initial_qty_pct": 0.03139782312262036,
          "markup_range": 0.005841532184579753,
          "min_markup": 0.009382903616952197,
          "n_close_orders": 2,
          "rentry_pprice_dist": 0.041132838875123146,
          "rentry_pprice_dist_wallet_exposure_weighting": 3.933694253116417,
          "wallet_exposure_limit": 0.3},
 "short": {"auto_unstuck_ema_dist": -0.0479933429599945,
           "auto_unstuck_wallet_exposure_threshold": 0.05995656784403715,
           "backwards_tp": true,
           "ddown_factor": 0.5018557978468065,
           "ema_span_0": 548.5679235603307,
           "ema_span_1": 1376.9374627453342,
           "enabled": false,
           "initial_eprice_ema_dist": -0.004332949609635803,
           "initial_qty_pct": 0.05179064637971542,
           "markup_range": 0.04707770558170457,
           "min_markup": 0.003897599867062881,
           "n_close_orders": 15,
           "rentry_pprice_dist": 0.019829809565715163,
           "rentry_pprice_dist_wallet_exposure_weighting": 37.17601660115378,
           "wallet_exposure_limit": 1}}