{"config_name": "emas_0days",
 "long": {"delay_between_fills_minutes_close": 379.7226265114239,
          "delay_between_fills_minutes_entry": 419.1807683376003,
          "delay_weight_close": 47.84903575345715,
          "delay_weight_entry": 37.77704054807798,
          "ema_dist_lower": -0.9788905822149558,
          "ema_dist_upper": -0.02048941413814697,
          "ema_span_0": 207.89740184215728,
          "ema_span_1": 358.35268344933655,
          "enabled": true,
          "markup_range": 0.025658537005165287,
          "min_markup": 0.017274218700518405,
          "n_close_orders": 3,
          "qty_pct_close": 0.06726499632252221,
          "qty_pct_entry": 0.005941587265262717,
          "wallet_exposure_limit": 1,
          "we_multiplier_close": 144.8571402610171,
          "we_multiplier_entry": 130.11744544428268},
 "short": {"delay_between_fills_minutes_close": 109.83803926426792,
           "delay_between_fills_minutes_entry": 198.981104949598,
           "delay_weight_close": 22.310243600921396,
           "delay_weight_entry": 86.20924104136704,
           "ema_dist_lower": 0.015159251018087492,
           "ema_dist_upper": 0.009177382844227453,
           "ema_span_0": 940.2219592760359,
           "ema_span_1": 3667.0120347957404,
           "enabled": false,
           "markup_range": 0.0035860421991136707,
           "min_markup": 0.012513163744815814,
           "n_close_orders": 4,
           "qty_pct_close": 0.03405973780858839,
           "qty_pct_entry": 0.04670038953625913,
           "wallet_exposure_limit": 1.0,
           "we_multiplier_close": 56.063377768398986,
           "we_multiplier_entry": 85.4355325200315}}