{"config_name": "clock_0days",
 "long": {"backwards_tp": true,
          "delay_between_fills_minutes_close": 497.5304748085791,
          "delay_between_fills_minutes_entry": 418.09451688160743,
          "delay_weight_close": 116.86856365068795,
          "delay_weight_entry": 23.566635383887533,
          "ema_dist_close": -0.032743223859138575,
          "ema_dist_entry": 0.008454911274578515,
          "ema_span_0": 452.79503933240534,
          "ema_span_1": 390.37955341533694,
          "enabled": true,
          "markup_range": 0.017769864438483236,
          "min_markup": 0.01,
          "n_close_orders": 5,
          "qty_pct_close": 0.01,
          "qty_pct_entry": 0.01,
          "wallet_exposure_limit": 0.3,
          "we_multiplier_close": 35.24086120245685,
          "we_multiplier_entry": 60.43929828821666},
 "short": {"backwards_tp": true,
           "delay_between_fills_minutes_close": 216.81805313774328,
           "delay_between_fills_minutes_entry": 249.050873821605,
           "delay_weight_close": 40.11425116433905,
           "delay_weight_entry": 131.89386090111668,
           "ema_dist_close": -0.6702893120890784,
           "ema_dist_entry": -0.07052797386384602,
           "ema_span_0": 59.29070779625936,
           "ema_span_1": 100.0951850030426,
           "enabled": false,
           "markup_range": 0.016868321072004002,
           "min_markup": 0.023014975988894796,
           "n_close_orders": 4,
           "qty_pct_close": 0.01,
           "qty_pct_entry": 0.01,
           "wallet_exposure_limit": 1.0,
           "we_multiplier_close": 147.79879910997536,
           "we_multiplier_entry": 29.825742295217182}}