{"config_name": "clock_0days",
 "long": {"backwards_tp": true,
          "delay_between_fills_minutes_close": 495.6040477627991,
          "delay_between_fills_minutes_entry": 407.0182138529731,
          "delay_weight_close": 0,
          "delay_weight_entry": 27.24764140985044,
          "ema_dist_close": -0.01213614306224474,
          "ema_dist_entry": 0.003351183564884428,
          "ema_span_0": 757.9358046806727,
          "ema_span_1": 163.2083189654967,
          "enabled": true,
          "markup_range": 0.006986398473888389,
          "min_markup": 0.007481359569858246,
          "n_close_orders": 5,
          "qty_pct_close": 0.007885595012442128,
          "qty_pct_entry": 0.006014475645247576,
          "wallet_exposure_limit": 0.2,
          "we_multiplier_close": 0.6161203736570601,
          "we_multiplier_entry": 117.2585214380292},
 "short": {"backwards_tp": true,
           "delay_between_fills_minutes_close": 1407.2647544490842,
           "delay_between_fills_minutes_entry": 531.1490929107213,
           "delay_weight_close": 19.6381307564905,
           "delay_weight_entry": 7.335880341253487,
           "ema_dist_close": -0.033998125164101035,
           "ema_dist_entry": -0.03098451780802995,
           "ema_span_0": 224.78749396539052,
           "ema_span_1": 1420.6736292401904,
           "enabled": false,
           "markup_range": 0.03600235236724098,
           "min_markup": 0.006924589772371523,
           "n_close_orders": 3,
           "qty_pct_close": 0.033426200878617446,
           "qty_pct_entry": 0.016523283065412807,
           "wallet_exposure_limit": 1.0,
           "we_multiplier_close": 48.75677083425091,
           "we_multiplier_entry": 10.954469197065686}}