{"config_name": "recursive_grid_0days",
 "logging_level": 0,
 "long": {"auto_unstuck_ema_dist": 0,
          "auto_unstuck_wallet_exposure_threshold": 0.0,
          "backwards_tp": false,
          "ddown_factor": 0.45042013341492815,
          "ema_span_0": 592.4302010183702,
          "ema_span_1": 812.053118091904,
          "enabled": true,
          "initial_eprice_ema_dist": -0.11401841534556366,
          "initial_qty_pct": 0.0053308342398763345,
          "markup_range": 0.05194863386166659,
          "min_markup": 0.010335682107077223,
          "n_close_orders": 8,
          "rentry_pprice_dist": 0.032624179259831645,
          "rentry_pprice_dist_wallet_exposure_weighting": 1.1262587276388245,
          "wallet_exposure_limit": 1},
 "short": {"auto_unstuck_ema_dist": -0.02350519277299455,
           "auto_unstuck_wallet_exposure_threshold": 0.07844933014222324,
           "backwards_tp": false,
           "ddown_factor": 2.8611156182347015,
           "ema_span_0": 29.20783181796883,
           "ema_span_1": 1440,
           "enabled": false,
           "initial_eprice_ema_dist": -0.02733740194203814,
           "initial_qty_pct": 0.05075642424618617,
           "markup_range": 0.03772597714208447,
           "min_markup": 0.008204746950570205,
           "n_close_orders": 12,
           "rentry_pprice_dist": 0.03663262570949966,
           "rentry_pprice_dist_wallet_exposure_weighting": 18.093628251396755,
           "wallet_exposure_limit": 1.0}}