{"config_name": "recursive_grid_0days",
 "logging_level": 0,
 "long": {"auto_unstuck_ema_dist": 0.0,
          "auto_unstuck_wallet_exposure_threshold": 0.0,
          "backwards_tp": true,
          "ddown_factor": 2.92246045347078,
          "ema_span_0": 122.06969265912585,
          "ema_span_1": 149.55171322771778,
          "enabled": true,
          "initial_eprice_ema_dist": -0.17336803309363796,
          "initial_qty_pct": 0.005482947517799521,
          "markup_range": 0.018268031017910923,
          "min_markup": 0.0050142232773067,
          "n_close_orders": 1,
          "rentry_pprice_dist": 0.025780939417651617,
          "rentry_pprice_dist_wallet_exposure_weighting": 3.0229071168072545,
          "wallet_exposure_limit": 0.2},
 "short": {"auto_unstuck_ema_dist": -0.06751716694958125,
           "auto_unstuck_wallet_exposure_threshold": 0.04422701242957273,
           "backwards_tp": true,
           "ddown_factor": 2.224745081230512,
           "ema_span_0": 1322.8436344107186,
           "ema_span_1": 761.250735781035,
           "enabled": false,
           "initial_eprice_ema_dist": -0.09707695934362537,
           "initial_qty_pct": 0.017942934829091726,
           "markup_range": 0.05777282507800037,
           "min_markup": 0.004524050447734428,
           "n_close_orders": 10,
           "rentry_pprice_dist": 0.01093133772252259,
           "rentry_pprice_dist_wallet_exposure_weighting": 19.016952645936346,
           "wallet_exposure_limit": 1.0}}