{"config_name": "recursive_grid_0days",
 "logging_level": 0,
 "long": {"auto_unstuck_ema_dist": 0,
          "auto_unstuck_wallet_exposure_threshold": 0.0,
          "backwards_tp": false,
          "ddown_factor": 1.7632151881418148,
          "ema_span_0": 172.21850852841823,
          "ema_span_1": 163.18982937795937,
          "enabled": true,
          "initial_eprice_ema_dist": -0.02127792324087445,
          "initial_qty_pct": 0.0014178333852451588,
          "markup_range": 0.03955624011011748,
          "min_markup": 0.0019135815778424032,
          "n_close_orders": 2,
          "rentry_pprice_dist": 0.02865038471654578,
          "rentry_pprice_dist_wallet_exposure_weighting": 3.8068989375104585,
          "wallet_exposure_limit": 0.2},
 "short": {"auto_unstuck_ema_dist": -0.09192370139885178,
           "auto_unstuck_wallet_exposure_threshold": 0.07353864805263689,
           "backwards_tp": false,
           "ddown_factor": 1.7682361313928958,
           "ema_span_0": 139.00244128149149,
           "ema_span_1": 342.32154101350983,
           "enabled": false,
           "initial_eprice_ema_dist": -0.08858000605155315,
           "initial_qty_pct": 0.02051927102897582,
           "markup_range": 0.054378416589233716,
           "min_markup": 0.006536166076725478,
           "n_close_orders": 13,
           "rentry_pprice_dist": 0.005135701955380157,
           "rentry_pprice_dist_wallet_exposure_weighting": 12.604795460125883,
           "wallet_exposure_limit": 1.0}}