{"config_name": "recursive_grid_0days",
 "logging_level": 0,
 "long": {"auto_unstuck_ema_dist": -0.005039547863436409,
          "auto_unstuck_wallet_exposure_threshold": 0.07506328604989893,
          "backwards_tp": true,
          "ddown_factor": 2.8648619852002124,
          "ema_span_0": 517.6305974481678,
          "ema_span_1": 1396.4968085100936,
          "enabled": true,
          "initial_eprice_ema_dist": -0.0017333384767079922,
          "initial_qty_pct": 0.011209014869965018,
          "markup_range": 0.005155315716350477,
          "min_markup": 0.00542461240248876,
          "n_close_orders": 11,
          "rentry_pprice_dist": 0.020274035898244547,
          "rentry_pprice_dist_wallet_exposure_weighting": 5.117105069353958,
          "wallet_exposure_limit": 0.3},
 "short": {"auto_unstuck_ema_dist": -0.009037559815506177,
           "auto_unstuck_wallet_exposure_threshold": 0.036531566696818334,
           "backwards_tp": true,
           "ddown_factor": 1.0212031921203397,
           "ema_span_0": 603.727860451593,
           "ema_span_1": 266.32902578721786,
           "enabled": false,
           "initial_eprice_ema_dist": -0.020501970305327605,
           "initial_qty_pct": 0.02356692673878102,
           "markup_range": 0.05034688772460098,
           "min_markup": 0.006099105418170076,
           "n_close_orders": 8,
           "rentry_pprice_dist": 0.013952852786166967,
           "rentry_pprice_dist_wallet_exposure_weighting": 3.5282089747957945,
           "wallet_exposure_limit": 1.0}}