{"config_name": "clock_0days",
 "long": {"backwards_tp": true,
          "delay_between_fills_minutes_close": 482.7003958662035,
          "delay_between_fills_minutes_entry": 273.60403399014785,
          "delay_weight_close": 150,
          "delay_weight_entry": 60.8306026923031,
          "ema_dist_close": -0.25757896045982087,
          "ema_dist_entry": -0.7657355766129257,
          "ema_span_0": 524.9294733941296,
          "ema_span_1": 471.54360050764114,
          "enabled": true,
          "markup_range": 0.01122007420643576,
          "min_markup": 0.006375579453395883,
          "n_close_orders": 5,
          "qty_pct_close": 0.011302111019304813,
          "qty_pct_entry": 0.013213683148859847,
          "wallet_exposure_limit": 0.3,
          "we_multiplier_close": 22.965934960441093,
          "we_multiplier_entry": 51.34773443603411},
 "short": {"backwards_tp": true,
           "delay_between_fills_minutes_close": 65.31863976110051,
           "delay_between_fills_minutes_entry": 992.4205786968198,
           "delay_weight_close": 3.79986331971347,
           "delay_weight_entry": 41.43330896629879,
           "ema_dist_close": -0.015884588176565552,
           "ema_dist_entry": -0.0260501043828087,
           "ema_span_0": 481.8191845434292,
           "ema_span_1": 695.2367382323656,
           "enabled": false,
           "markup_range": 0.0658005275406138,
           "min_markup": 0.031133531144989884,
           "n_close_orders": 15,
           "qty_pct_close": 0.6176845063039853,
           "qty_pct_entry": 0.8085501481862153,
           "wallet_exposure_limit": 1.0,
           "we_multiplier_close": 9.255903508843014,
           "we_multiplier_entry": 41.628026240299285}}