{"config_name": "neat_grid_0days",
 "logging_level": 0,
 "long": {"auto_unstuck_ema_dist": 0.003,
          "auto_unstuck_wallet_exposure_threshold": 0.030184274360607687,
          "backwards_tp": false,
          "ema_span_0": 911.86548306748,
          "ema_span_1": 1055.9064675670597,
          "enabled": true,
          "eprice_exp_base": 1.161325758562889,
          "eqty_exp_base": 2.5904546829282054,
          "grid_span": 0.17532189940730464,
          "initial_eprice_ema_dist": -0.003964063507440967,
          "initial_qty_pct": 0.01,
          "markup_range": 0.0070655967320788415,
          "max_n_entry_orders": 12,
          "min_markup": 0.004275,
          "n_close_orders": 1,
          "wallet_exposure_limit": 1},
 "short": {"auto_unstuck_ema_dist": -0.04113435161801706,
           "auto_unstuck_wallet_exposure_threshold": 0.04342588440607288,
           "backwards_tp": false,
           "ema_span_0": 1340.8989227488512,
           "ema_span_1": 51.60408339750118,
           "enabled": false,
           "eprice_exp_base": 2.108340444684548,
           "eqty_exp_base": 3.4361231595935564,
           "grid_span": 0.5056204582976113,
           "initial_eprice_ema_dist": -0.09037533774065859,
           "initial_qty_pct": 0.038623056657557796,
           "markup_range": 0.01902369044294072,
           "max_n_entry_orders": 19,
           "min_markup": 0.00377979613722546,
           "n_close_orders": 12,
           "wallet_exposure_limit": 1.0}}