{"config_name": "recursive_grid_0days",
 "logging_level": 0,
 "long": {"auto_unstuck_ema_dist": -0.0019976330571076363,
          "auto_unstuck_wallet_exposure_threshold": 0.09158186654861968,
          "backwards_tp": true,
          "ddown_factor": 2.8289459492608566,
          "ema_span_0": 639.6461839071675,
          "ema_span_1": 1211.7630540263867,
          "enabled": true,
          "initial_eprice_ema_dist": 0.002387498795754786,
          "initial_qty_pct": 0.019293834888587973,
          "markup_range": 0.0028922949758736194,
          "min_markup": 0.0027129802530432255,
          "n_close_orders": 8,
          "rentry_pprice_dist": 0.028747169501023857,
          "rentry_pprice_dist_wallet_exposure_weighting": 0.0,
          "wallet_exposure_limit": 0.3},
 "short": {"auto_unstuck_ema_dist": -0.012464957976228916,
           "auto_unstuck_wallet_exposure_threshold": 0.06183437098275176,
           "backwards_tp": true,
           "ddown_factor": 0.6535419014730601,
           "ema_span_0": 595.2591423467243,
           "ema_span_1": 1183.4028797307421,
           "enabled": false,
           "initial_eprice_ema_dist": -0.06778619632494563,
           "initial_qty_pct": 0.06417506194540382,
           "markup_range": 0.004695695718293365,
           "min_markup": 0.0028798400938618487,
           "n_close_orders": 8,
           "rentry_pprice_dist": 0.03546874264396181,
           "rentry_pprice_dist_wallet_exposure_weighting": 27.366412373082355,
           "wallet_exposure_limit": 1}}