{"config_name": "recursive_grid_0days",
 "logging_level": 0,
 "long": {"auto_unstuck_ema_dist": 0,
          "auto_unstuck_wallet_exposure_threshold": 0.0607677051441382,
          "backwards_tp": true,
          "ddown_factor": 1.954725737941681,
          "ema_span_0": 297.3822495185614,
          "ema_span_1": 583.0693499536758,
          "enabled": true,
          "initial_eprice_ema_dist": 0.009895367365838598,
          "initial_qty_pct": 0.03154542669751991,
          "markup_range": 0.0025842392264030733,
          "min_markup": 0.0021480730664493416,
          "n_close_orders": 9,
          "rentry_pprice_dist": 0.020234896913427277,
          "rentry_pprice_dist_wallet_exposure_weighting": 5.038251423341837,
          "wallet_exposure_limit": 0.3},
 "short": {"auto_unstuck_ema_dist": -0.05041662126450818,
           "auto_unstuck_wallet_exposure_threshold": 0.07858908025871478,
           "backwards_tp": true,
           "ddown_factor": 1.6607681621486117,
           "ema_span_0": 157.1213057248808,
           "ema_span_1": 733.2897159429111,
           "enabled": false,
           "initial_eprice_ema_dist": -0.04721850426340562,
           "initial_qty_pct": 0.029041644699217425,
           "markup_range": 0.05335587668530846,
           "min_markup": 0.006474835692769425,
           "n_close_orders": 10,
           "rentry_pprice_dist": 0.039762731408039945,
           "rentry_pprice_dist_wallet_exposure_weighting": 18.700875000771756,
           "wallet_exposure_limit": 1.0}}