{"config_name": "recursive_grid_0days",
 "logging_level": 0,
 "long": {"auto_unstuck_ema_dist": 0.0,
          "auto_unstuck_wallet_exposure_threshold": 0.0,
          "backwards_tp": true,
          "ddown_factor": 1.42892495937817,
          "ema_span_0": 783.5497983415448,
          "ema_span_1": 104.08254128666744,
          "enabled": true,
          "initial_eprice_ema_dist": -0.026692205919052903,
          "initial_qty_pct": 0.011684908764178353,
          "markup_range": 0.0027839851629736854,
          "min_markup": 0.0023561360507032545,
          "n_close_orders": 10,
          "rentry_pprice_dist": 0.03850594835342946,
          "rentry_pprice_dist_wallet_exposure_weighting": 0.0006273643363108421,
          "wallet_exposure_limit": 0.1},
 "short": {"auto_unstuck_ema_dist": 0.047766193970024025,
           "auto_unstuck_wallet_exposure_threshold": 0.009414002414087089,
           "backwards_tp": true,
           "ddown_factor": 2.64379431564545,
           "ema_span_0": 3019.7478978881363,
           "ema_span_1": 10080.0,
           "enabled": false,
           "initial_eprice_ema_dist": -0.09267254123585147,
           "initial_qty_pct": 0.012153166101935687,
           "markup_range": 0.030811689044908743,
           "min_markup": 0.0025442011786642473,
           "n_close_orders": 6,
           "rentry_pprice_dist": 0.02254984959662184,
           "rentry_pprice_dist_wallet_exposure_weighting": 60.56096894072256,
           "wallet_exposure_limit": 0.1}}