{"config_name": "recursive_grid_0days",
 "logging_level": 0,
 "long": {"auto_unstuck_ema_dist": 0.002790676784153641,
          "auto_unstuck_wallet_exposure_threshold": 0.023258412890153173,
          "backwards_tp": true,
          "ddown_factor": 3.2777032323194,
          "ema_span_0": 419.833162995662,
          "ema_span_1": 130.18324095161532,
          "enabled": true,
          "initial_eprice_ema_dist": -0.1,
          "initial_qty_pct": 0.0026413871303028443,
          "markup_range": 0.004764392694174428,
          "min_markup": 0.0014645102409233466,
          "n_close_orders": 3,
          "rentry_pprice_dist": 0.02977786630212529,
          "rentry_pprice_dist_wallet_exposure_weighting": 0.0,
          "wallet_exposure_limit": 1},
 "short": {"auto_unstuck_ema_dist": -0.0261631985890836,
           "auto_unstuck_wallet_exposure_threshold": 0.09944224306232503,
           "backwards_tp": true,
           "ddown_factor": 0.7444119409847361,
           "ema_span_0": 137.46798077486963,
           "ema_span_1": 37.7835729241143,
           "enabled": false,
           "initial_eprice_ema_dist": -0.06813386090258497,
           "initial_qty_pct": 0.07059817916608384,
           "markup_range": 0.02857051459917407,
           "min_markup": 0.0027772372741478525,
           "n_close_orders": 4,
           "rentry_pprice_dist": 0.015347827014924365,
           "rentry_pprice_dist_wallet_exposure_weighting": 11.678961727466477,
           "wallet_exposure_limit": 1.0}}