{"config_name": "clock_0days",
 "long": {"backwards_tp": true,
          "delay_between_fills_minutes_close": 425.23866106002635,
          "delay_between_fills_minutes_entry": 480.1383406611016,
          "delay_weight_close": 98.56909925787916,
          "delay_weight_entry": 23.56209132753774,
          "ema_dist_close": -0.020055792353174118,
          "ema_dist_entry": 0.0030833794137155516,
          "ema_span_0": 801.8440212354571,
          "ema_span_1": 787.4382441585511,
          "enabled": true,
          "markup_range": 0.034129789773549996,
          "min_markup": 0.0098426391598691,
          "n_close_orders": 8,
          "qty_pct_close": 0.010489742915371279,
          "qty_pct_entry": 0.013269713505240354,
          "wallet_exposure_limit": 0.3,
          "we_multiplier_close": 9.639391261547761,
          "we_multiplier_entry": 1.4412612457175111},
 "short": {"backwards_tp": true,
           "delay_between_fills_minutes_close": 437.3927937823418,
           "delay_between_fills_minutes_entry": 910.5692303832311,
           "delay_weight_close": 89.44704624892826,
           "delay_weight_entry": 85.09231343972658,
           "ema_dist_close": -0.03246702848292829,
           "ema_dist_entry": -0.024322130157723332,
           "ema_span_0": 862.1754729706745,
           "ema_span_1": 686.9409161964151,
           "enabled": false,
           "markup_range": 0.04325680769579459,
           "min_markup": 0.0019915033794787396,
           "n_close_orders": 4,
           "qty_pct_close": 0.05524056641444341,
           "qty_pct_entry": 0.04903917374775303,
           "wallet_exposure_limit": 1.0,
           "we_multiplier_close": 52.925575496913126,
           "we_multiplier_entry": 89.74755696130195}}