{"config_name": "recursive_grid_0days",
 "logging_level": 0,
 "long": {"auto_unstuck_ema_dist": 0,
          "auto_unstuck_wallet_exposure_threshold": 0.0,
          "backwards_tp": true,
          "ddown_factor": 2.8342643024104426,
          "ema_span_0": 504.11606040324665,
          "ema_span_1": 500.723823562549,
          "enabled": true,
          "initial_eprice_ema_dist": 0.008807175220811975,
          "initial_qty_pct": 0.013698720640865338,
          "markup_range": 0.0036571269837094153,
          "min_markup": 0.004011960069840823,
          "n_close_orders": 7,
          "rentry_pprice_dist": 0.03150476651210964,
          "rentry_pprice_dist_wallet_exposure_weighting": 11.748120673105197,
          "wallet_exposure_limit": 0.3},
 "short": {"auto_unstuck_ema_dist": -0.06745288599777355,
           "auto_unstuck_wallet_exposure_threshold": 0.04073467068713997,
           "backwards_tp": true,
           "ddown_factor": 1.6527267584750578,
           "ema_span_0": 321.7556866967364,
           "ema_span_1": 1301.7349267965922,
           "enabled": false,
           "initial_eprice_ema_dist": -0.02101571149057857,
           "initial_qty_pct": 0.03991172726986337,
           "markup_range": 0.02329382282561269,
           "min_markup": 0.003002579043897457,
           "n_close_orders": 11,
           "rentry_pprice_dist": 0.013423067322109225,
           "rentry_pprice_dist_wallet_exposure_weighting": 3.208655355361112,
           "wallet_exposure_limit": 1}}