{"config_name": "recursive_grid_0days",
 "logging_level": 0,
 "long": {"auto_unstuck_ema_dist": -0.00607161253970553,
          "auto_unstuck_wallet_exposure_threshold": 0.0515526306357431,
          "backwards_tp": false,
          "ddown_factor": 2.1429,
          "ema_span_0": 241.1968775789974,
          "ema_span_1": 1365.96841814741,
          "enabled": true,
          "initial_eprice_ema_dist": 0.0015090939265556527,
          "initial_qty_pct": 0.0031893,
          "markup_range": 0.028078,
          "min_markup": 0.005709,
          "n_close_orders": 5,
          "rentry_pprice_dist": 0.018515,
          "rentry_pprice_dist_wallet_exposure_weighting": 2.1199,
          "wallet_exposure_limit": 0.2},
 "short": {"auto_unstuck_ema_dist": -0.022183729078317976,
           "auto_unstuck_wallet_exposure_threshold": 0.04325312648652311,
           "backwards_tp": false,
           "ddown_factor": 1.215428687822224,
           "ema_span_0": 1177.8731037738971,
           "ema_span_1": 442.35175027652934,
           "enabled": false,
           "initial_eprice_ema_dist": -0.016575986581877644,
           "initial_qty_pct": 0.04633630726430242,
           "markup_range": 0.018151556404122027,
           "min_markup": 0.003966515508290003,
           "n_close_orders": 15,
           "rentry_pprice_dist": 0.010783335738405415,
           "rentry_pprice_dist_wallet_exposure_weighting": 6.300496618480935,
           "wallet_exposure_limit": 1.0}}