{"config_name": "clock_0days",
 "long": {"delay_between_fills_minutes_close": 426.5351825255024,
          "delay_between_fills_minutes_entry": 498.7832191108572,
          "delay_weight_close": 125.55515994773732,
          "delay_weight_entry": 56.52271022533525,
          "ema_dist_lower": 0.01,
          "ema_dist_upper": -0.055040404265603554,
          "ema_span_0": 519.38060852919,
          "ema_span_1": 544.4265007039135,
          "enabled": true,
          "markup_range": 0.027557554073362942,
          "min_markup": 0.02862916344039671,
          "n_close_orders": 5,
          "qty_pct_close": 0.012073091881123831,
          "qty_pct_entry": 0.012222646424214594,
          "wallet_exposure_limit": 0.3,
          "we_multiplier_close": 80.381331843671,
          "we_multiplier_entry": 73.47527798096583},
 "short": {"delay_between_fills_minutes_close": 661.6083714493799,
           "delay_between_fills_minutes_entry": 881.0125697791261,
           "delay_weight_close": 18.19705319546101,
           "delay_weight_entry": 10.840119677666266,
           "ema_dist_lower": 0.01520176850993933,
           "ema_dist_upper": 0.015650096520727737,
           "ema_span_0": 979.3013944951713,
           "ema_span_1": 458.5521837812128,
           "enabled": false,
           "markup_range": 0.08518337831812002,
           "min_markup": 0.08474359803724807,
           "n_close_orders": 12,
           "qty_pct_close": 0.09013941455632593,
           "qty_pct_entry": 0.04255292907035508,
           "wallet_exposure_limit": 1.0,
           "we_multiplier_close": 2.654183014943724,
           "we_multiplier_entry": 27.101595280392253}}