{"config_name": "recursive_grid_0days",
 "logging_level": 0,
 "long": {"auto_unstuck_ema_dist": 0,
          "auto_unstuck_wallet_exposure_threshold": 0.0,
          "backwards_tp": false,
          "ddown_factor": 3.8131574815355007,
          "ema_span_0": 551.8772127815223,
          "ema_span_1": 765.6450517037213,
          "enabled": true,
          "initial_eprice_ema_dist": -0.019529852101058502,
          "initial_qty_pct": 0.004734811431131566,
          "markup_range": 0.045179158255803306,
          "min_markup": 0.0030557141955692055,
          "n_close_orders": 5,
          "rentry_pprice_dist": 0.03192622104265779,
          "rentry_pprice_dist_wallet_exposure_weighting": 2.0223642593890925,
          "wallet_exposure_limit": 1},
 "short": {"auto_unstuck_ema_dist": -0.002344385116924655,
           "auto_unstuck_wallet_exposure_threshold": 0.03945373017561911,
           "backwards_tp": false,
           "ddown_factor": 0.963053305431263,
           "ema_span_0": 955.2272701322854,
           "ema_span_1": 371.9619275531162,
           "enabled": false,
           "initial_eprice_ema_dist": -0.061798774090175264,
           "initial_qty_pct": 0.04661348525698059,
           "markup_range": 0.009847314134719077,
           "min_markup": 0.008743012190750405,
           "n_close_orders": 12,
           "rentry_pprice_dist": 0.019364389491377334,
           "rentry_pprice_dist_wallet_exposure_weighting": 1.135423754455438,
           "wallet_exposure_limit": 1.0}}