{"config_name": "recursive_grid_0days",
 "logging_level": 0,
 "long": {"auto_unstuck_ema_dist": 0.0,
          "auto_unstuck_wallet_exposure_threshold": 0.0,
          "backwards_tp": true,
          "ddown_factor": 1.5502890089922114,
          "ema_span_0": 764.1840324461657,
          "ema_span_1": 516.8429764407357,
          "enabled": true,
          "initial_eprice_ema_dist": -0.010014594031212205,
          "initial_qty_pct": 0.004509538573089439,
          "markup_range": 0.0014356661658291403,
          "min_markup": 0.002466020437379174,
          "n_close_orders": 12,
          "rentry_pprice_dist": 0.034631573696886075,
          "rentry_pprice_dist_wallet_exposure_weighting": 6.0802874924945165,
          "wallet_exposure_limit": 0.1},
 "short": {"auto_unstuck_ema_dist": 0.042844450986206886,
           "auto_unstuck_wallet_exposure_threshold": 0.019559805361756458,
           "backwards_tp": true,
           "ddown_factor": 0.31594213502940116,
           "ema_span_0": 240,
           "ema_span_1": 1922.054238396697,
           "enabled": false,
           "initial_eprice_ema_dist": -0.0919855789511277,
           "initial_qty_pct": 0.015,
           "markup_range": 0.03987341109049277,
           "min_markup": 0.0018353624318445817,
           "n_close_orders": 7,
           "rentry_pprice_dist": 0.026323314465897765,
           "rentry_pprice_dist_wallet_exposure_weighting": 49.561382460490975,
           "wallet_exposure_limit": 0.1}}