{"config_name": "clock_0days",
 "long": {"backwards_tp": true,
          "delay_between_fills_minutes_close": 469.7300796774309,
          "delay_between_fills_minutes_entry": 333.20728378567105,
          "delay_weight_close": 49.08596909986842,
          "delay_weight_entry": 21.794383350431552,
          "ema_dist_close": -0.28990037333984225,
          "ema_dist_entry": -0.9419247807304686,
          "ema_span_0": 766.7358208149625,
          "ema_span_1": 412.42067636299373,
          "enabled": true,
          "markup_range": 0.05,
          "min_markup": 0.00995200787552706,
          "n_close_orders": 5,
          "qty_pct_close": 0.011816685839081418,
          "qty_pct_entry": 0.011230824523203503,
          "wallet_exposure_limit": 0.3,
          "we_multiplier_close": 0,
          "we_multiplier_entry": 1.2253319761845876},
 "short": {"backwards_tp": true,
           "delay_between_fills_minutes_close": 131.75024166711847,
           "delay_between_fills_minutes_entry": 1312.75838981837,
           "delay_weight_close": 81.05109088355114,
           "delay_weight_entry": 70.1674429824471,
           "ema_dist_close": -0.030830188986929366,
           "ema_dist_entry": 0.006971419411504642,
           "ema_span_0": 119.06401785400752,
           "ema_span_1": 463.6197797323244,
           "enabled": false,
           "markup_range": 0.08962025761740665,
           "min_markup": 0.053583473149971854,
           "n_close_orders": 13,
           "qty_pct_close": 0.5679350681476214,
           "qty_pct_entry": 0.22144915218533806,
           "wallet_exposure_limit": 1.0,
           "we_multiplier_close": 0.11705339549290206,
           "we_multiplier_entry": 90.89727001043939}}