{"config_name": "recursive_grid_0days",
 "logging_level": 0,
 "long": {"auto_unstuck_ema_dist": 0.016867667212608465,
          "auto_unstuck_wallet_exposure_threshold": 0.04786328151067837,
          "backwards_tp": true,
          "ddown_factor": 1.935960661054357,
          "ema_span_0": 505.614576218743,
          "ema_span_1": 621.4815742539928,
          "enabled": true,
          "initial_eprice_ema_dist": -0.04215695545110945,
          "initial_qty_pct": 0.0032750497402975324,
          "markup_range": 0.031587874075496014,
          "min_markup": 0.008498612883790611,
          "n_close_orders": 1,
          "rentry_pprice_dist": 0.02906773452356149,
          "rentry_pprice_dist_wallet_exposure_weighting": 0.0,
          "wallet_exposure_limit": 0.25},
 "short": {"auto_unstuck_ema_dist": 0.006358563130302386,
           "auto_unstuck_wallet_exposure_threshold": 0.017621450042957554,
           "backwards_tp": true,
           "ddown_factor": 1.0151293627764146,
           "ema_span_0": 380.3092412472145,
           "ema_span_1": 318.61565751178324,
           "enabled": true,
           "initial_eprice_ema_dist": -0.00010749678254103753,
           "initial_qty_pct": 0.006997649609547201,
           "markup_range": 0.010261649305079213,
           "min_markup": 0.007444443160424399,
           "n_close_orders": 2,
           "rentry_pprice_dist": 0.04434618985341052,
           "rentry_pprice_dist_wallet_exposure_weighting": 0.0,
           "wallet_exposure_limit": 0.12}}