{"config_name": "neat_grid_0days",
 "logging_level": 0,
 "long": {"auto_unstuck_ema_dist": -0.0016642461311414658,
          "auto_unstuck_wallet_exposure_threshold": 0.03,
          "backwards_tp": false,
          "ema_span_0": 741.7536759757742,
          "ema_span_1": 1066.7527962998015,
          "enabled": true,
          "eprice_exp_base": 1.121882906599251,
          "eqty_exp_base": 1.5866752403823536,
          "grid_span": 0.08426204657160588,
          "initial_eprice_ema_dist": -0.001,
          "initial_qty_pct": 0.01,
          "markup_range": 0.0017024570742637385,
          "max_n_entry_orders": 7,
          "min_markup": 0.004273231036013067,
          "n_close_orders": 1,
          "wallet_exposure_limit": 0.2},
 "short": {"auto_unstuck_ema_dist": -0.005604669542949567,
           "auto_unstuck_wallet_exposure_threshold": 0.0366432180091364,
           "backwards_tp": false,
           "ema_span_0": 589.4841889373696,
           "ema_span_1": 46.750128953902596,
           "enabled": false,
           "eprice_exp_base": 1.5524292999282632,
           "eqty_exp_base": 2.8072590286018886,
           "grid_span": 0.4169245406807479,
           "initial_eprice_ema_dist": -0.04865360051302916,
           "initial_qty_pct": 0.028165320203038427,
           "markup_range": 0.018670993931054796,
           "max_n_entry_orders": 8,
           "min_markup": 0.0012600899233207034,
           "n_close_orders": 13,
           "wallet_exposure_limit": 1.0}}