{"config_name": "clock_0days",
 "long": {"backwards_tp": false,
          "delay_between_fills_minutes_close": 636.8729775156846,
          "delay_between_fills_minutes_entry": 631.3716221967226,
          "delay_weight_close": 100,
          "delay_weight_entry": 36.956739348506794,
          "ema_dist_close": 0.0006010556628364356,
          "ema_dist_entry": 0.004,
          "ema_span_0": 655.2243227994985,
          "ema_span_1": 436.23772603640816,
          "enabled": true,
          "markup_range": 0.002767875411247877,
          "min_markup": 0.0034890951287069307,
          "n_close_orders": 3,
          "qty_pct_close": 0.01,
          "qty_pct_entry": 0.025946679198998557,
          "wallet_exposure_limit": 0.2,
          "we_multiplier_close": 0,
          "we_multiplier_entry": 77.51498017699484},
 "short": {"backwards_tp": false,
           "delay_between_fills_minutes_close": 174.56574384645904,
           "delay_between_fills_minutes_entry": 1090.8607535520514,
           "delay_weight_close": 3.8512703615382504,
           "delay_weight_entry": 1.8645093191597684,
           "ema_dist_close": -0.0044448256250406645,
           "ema_dist_entry": -0.045366555343766664,
           "ema_span_0": 1312.0513821075078,
           "ema_span_1": 1149.3727818890443,
           "enabled": false,
           "markup_range": 0.03444492126429069,
           "min_markup": 0.001910169788589025,
           "n_close_orders": 4,
           "qty_pct_close": 0.05950700665983815,
           "qty_pct_entry": 0.08451388812467614,
           "wallet_exposure_limit": 1.0,
           "we_multiplier_close": 9.674245891480382,
           "we_multiplier_entry": 7.4179842274678105}}