{"config_name": "recursive_grid_0days",
 "logging_level": 0,
 "long": {"auto_unstuck_ema_dist": -0.0004798819343931564,
          "auto_unstuck_wallet_exposure_threshold": 0.09902470723235461,
          "backwards_tp": true,
          "ddown_factor": 2.4376016690639153,
          "ema_span_0": 450.6527432946347,
          "ema_span_1": 689.8841079290481,
          "enabled": true,
          "initial_eprice_ema_dist": -0.018955267655050526,
          "initial_qty_pct": 0.014942372069146712,
          "markup_range": 0.0,
          "min_markup": 0.006015438060915024,
          "n_close_orders": 10,
          "rentry_pprice_dist": 0.026757233568879466,
          "rentry_pprice_dist_wallet_exposure_weighting": 4.602475951504205,
          "wallet_exposure_limit": 0.3},
 "short": {"auto_unstuck_ema_dist": -0.056986672169430305,
           "auto_unstuck_wallet_exposure_threshold": 0.0302967123778138,
           "backwards_tp": true,
           "ddown_factor": 0.38320483256594495,
           "ema_span_0": 63.01749658541515,
           "ema_span_1": 415.5587317066774,
           "enabled": false,
           "initial_eprice_ema_dist": -0.02607425690747188,
           "initial_qty_pct": 0.015310603511544254,
           "markup_range": 0.019926492478415277,
           "min_markup": 0.009459872710660847,
           "n_close_orders": 9,
           "rentry_pprice_dist": 0.006927895437100092,
           "rentry_pprice_dist_wallet_exposure_weighting": 16.459923827649963,
           "wallet_exposure_limit": 1.0}}