{"config_name": "neat_grid_0days",
 "logging_level": 0,
 "long": {"auto_unstuck_ema_dist": 0,
          "auto_unstuck_wallet_exposure_threshold": 0,
          "backwards_tp": true,
          "ema_span_0": 83.48211765767869,
          "ema_span_1": 401.45693323884774,
          "enabled": true,
          "eprice_exp_base": 1.1313543620074153,
          "eqty_exp_base": 2.4214843402985737,
          "grid_span": 0.165559781334142,
          "initial_eprice_ema_dist": -0.06966740481247893,
          "initial_qty_pct": 0.01848424806647705,
          "markup_range": 0.00675458688326392,
          "max_n_entry_orders": 8,
          "min_markup": 0.002,
          "n_close_orders": 11,
          "wallet_exposure_limit": 1},
 "short": {"auto_unstuck_ema_dist": 0.0,
           "auto_unstuck_wallet_exposure_threshold": 0,
           "backwards_tp": true,
           "ema_span_0": 709.8791163097158,
           "ema_span_1": 1002.2943735652607,
           "enabled": true,
           "eprice_exp_base": 1.0709278983178707,
           "eqty_exp_base": 1.6388130872313302,
           "grid_span": 0.1788909744103312,
           "initial_eprice_ema_dist": -0.0972572881317937,
           "initial_qty_pct": 0.013779743780666823,
           "markup_range": 0.008347442928414337,
           "max_n_entry_orders": 6,
           "min_markup": 0.009965829838661169,
           "n_close_orders": 17,
           "wallet_exposure_limit": 0.1}}