{"config_name": "clock_0days",
 "long": {"backwards_tp": true,
          "delay_between_fills_minutes_close": 500,
          "delay_between_fills_minutes_entry": 195.39931334375126,
          "delay_weight_close": 127.50144087001595,
          "delay_weight_entry": 68.58321883291849,
          "ema_dist_close": -0.5678936696923176,
          "ema_dist_entry": -0.012638655767468789,
          "ema_span_0": 294.3610011304196,
          "ema_span_1": 130.62953745770378,
          "enabled": true,
          "markup_range": 0.028553388850175415,
          "min_markup": 0.001,
          "n_close_orders": 2,
          "qty_pct_close": 0.01131398871269797,
          "qty_pct_entry": 0.013269433184686794,
          "wallet_exposure_limit": 0.3,
          "we_multiplier_close": 33.427646338016686,
          "we_multiplier_entry": 82.99594765065083},
 "short": {"backwards_tp": true,
           "delay_between_fills_minutes_close": 117.98348328818601,
           "delay_between_fills_minutes_entry": 335.612112727794,
           "delay_weight_close": 41.60439204133684,
           "delay_weight_entry": 4.181445380596482,
           "ema_dist_close": -0.035667683567939465,
           "ema_dist_entry": -0.02190413550163142,
           "ema_span_0": 638.6561091004678,
           "ema_span_1": 1037.3685439304668,
           "enabled": false,
           "markup_range": 0.06496780926288546,
           "min_markup": 0.026442115723066387,
           "n_close_orders": 5,
           "qty_pct_close": 0.5237998912349489,
           "qty_pct_entry": 0.06386982450179943,
           "wallet_exposure_limit": 1.0,
           "we_multiplier_close": 1.3401832516652434,
           "we_multiplier_entry": 53.7850707216805}}