{"config_name": "recursive_grid_0days",
 "logging_level": 0,
 "long": {"auto_unstuck_ema_dist": 0,
          "auto_unstuck_wallet_exposure_threshold": 0.0,
          "backwards_tp": true,
          "ddown_factor": 1.63042270730127,
          "ema_span_0": 246.9310283863216,
          "ema_span_1": 1439.000709628541,
          "enabled": true,
          "initial_eprice_ema_dist": 0.0030401885828770766,
          "initial_qty_pct": 0.027331601089821547,
          "markup_range": 0.004222516416026299,
          "min_markup": 0.008997073139124793,
          "n_close_orders": 4,
          "rentry_pprice_dist": 0.03210012940229703,
          "rentry_pprice_dist_wallet_exposure_weighting": 2.7348100584078616,
          "wallet_exposure_limit": 0.3},
 "short": {"auto_unstuck_ema_dist": -0.09245360671942321,
           "auto_unstuck_wallet_exposure_threshold": 0.041362969055374406,
           "backwards_tp": true,
           "ddown_factor": 1.3445115223538135,
           "ema_span_0": 431.6010626715326,
           "ema_span_1": 890.3334177616146,
           "enabled": false,
           "initial_eprice_ema_dist": 0.001094908842197137,
           "initial_qty_pct": 0.019755035908569998,
           "markup_range": 0.03706202577275394,
           "min_markup": 0.005170223324726404,
           "n_close_orders": 16,
           "rentry_pprice_dist": 0.029676398745711124,
           "rentry_pprice_dist_wallet_exposure_weighting": 19.19259417898892,
           "wallet_exposure_limit": 1.0}}