{"config_name": "recursive_grid_0days",
 "logging_level": 0,
 "long": {"auto_unstuck_ema_dist": 0.005,
          "auto_unstuck_wallet_exposure_threshold": 0.05,
          "backwards_tp": true,
          "ddown_factor": 2.7693182888169585,
          "ema_span_0": 254.32716587728225,
          "ema_span_1": 125.4773111870111,
          "enabled": true,
          "initial_eprice_ema_dist": 0.007350459314531098,
          "initial_qty_pct": 0.010270348078614043,
          "markup_range": 0.007690420600255773,
          "min_markup": 0.004980018332798885,
          "n_close_orders": 9,
          "rentry_pprice_dist": 0.030825543443600428,
          "rentry_pprice_dist_wallet_exposure_weighting": 2.44916368082876,
          "wallet_exposure_limit": 0.3},
 "short": {"auto_unstuck_ema_dist": -0.030163121321769543,
           "auto_unstuck_wallet_exposure_threshold": 0.031973415699375306,
           "backwards_tp": true,
           "ddown_factor": 0.8192144653745014,
           "ema_span_0": 156.39166017462446,
           "ema_span_1": 224.00540553641534,
           "enabled": false,
           "initial_eprice_ema_dist": -0.00881249945450896,
           "initial_qty_pct": 0.020136226547214645,
           "markup_range": 0.05391145066684255,
           "min_markup": 0.009289971840585186,
           "n_close_orders": 10,
           "rentry_pprice_dist": 0.017952043189831887,
           "rentry_pprice_dist_wallet_exposure_weighting": 7.216686543876749,
           "wallet_exposure_limit": 1}}