{"config_name": "emas_0days",
 "long": {"delay_between_fills_minutes_close": 423.83877714397573,
          "delay_between_fills_minutes_entry": 448.3820122597987,
          "delay_weight_close": 9.001458077870264,
          "delay_weight_entry": 27.244019673320334,
          "ema_dist_lower": -0.7372047376930883,
          "ema_dist_upper": -0.8806256418696389,
          "ema_span_0": 892.5747244462264,
          "ema_span_1": 3185.819690029481,
          "enabled": true,
          "markup_range": 0.026478630867721505,
          "min_markup": 0.018306264559430692,
          "n_close_orders": 5,
          "qty_pct_close": 0.01708832273857101,
          "qty_pct_entry": 0.0043031443407812574,
          "wallet_exposure_limit": 1,
          "we_multiplier_close": 0.8392566626026619,
          "we_multiplier_entry": 113.66075270230421},
 "short": {"delay_between_fills_minutes_close": 482.8908211765371,
           "delay_between_fills_minutes_entry": 82.99845943630051,
           "delay_weight_close": 84.50571232047666,
           "delay_weight_entry": 138.7733067784591,
           "ema_dist_lower": 0.010993528035889114,
           "ema_dist_upper": 0.0014095051505567135,
           "ema_span_0": 582.7170964849579,
           "ema_span_1": 1965.5006166820465,
           "enabled": false,
           "markup_range": 0.0020570512918777254,
           "min_markup": 0.017861334871186865,
           "n_close_orders": 3,
           "qty_pct_close": 0.007782310216752781,
           "qty_pct_entry": 0.029760747134830012,
           "wallet_exposure_limit": 1.0,
           "we_multiplier_close": 148.87276921809752,
           "we_multiplier_entry": 80.1656260028227}}