{"config_name": "clock_0days",
 "long": {"backwards_tp": true,
          "delay_between_fills_minutes_close": 461.78566137738767,
          "delay_between_fills_minutes_entry": 376.96132276149984,
          "delay_weight_close": 73.98491402490657,
          "delay_weight_entry": 22.708787442924706,
          "ema_dist_close": -0.2302521361686155,
          "ema_dist_entry": 0.008491147687620703,
          "ema_span_0": 92.62724787770901,
          "ema_span_1": 85.33920678286202,
          "enabled": true,
          "markup_range": 0.02590962463787002,
          "min_markup": 0.005551708917365006,
          "n_close_orders": 2,
          "qty_pct_close": 0.017503438547129654,
          "qty_pct_entry": 0.01693298373225762,
          "wallet_exposure_limit": 0.3,
          "we_multiplier_close": 4.859327299058779,
          "we_multiplier_entry": 120.63512822615152},
 "short": {"backwards_tp": true,
           "delay_between_fills_minutes_close": 63.139948950770595,
           "delay_between_fills_minutes_entry": 872.3208339295157,
           "delay_weight_close": 63.09730595717671,
           "delay_weight_entry": 49.55731572473837,
           "ema_dist_close": -0.04503940229495774,
           "ema_dist_entry": -0.0358942221849889,
           "ema_span_0": 131.3467666851615,
           "ema_span_1": 756.7830920938648,
           "enabled": false,
           "markup_range": 0.052760709645687125,
           "min_markup": 0.04234309440293922,
           "n_close_orders": 11,
           "qty_pct_close": 0.22082053044277442,
           "qty_pct_entry": 0.39026060268928625,
           "wallet_exposure_limit": 1.0,
           "we_multiplier_close": 7.881572258398202,
           "we_multiplier_entry": 55.41576267986432}}