{"config_name": "clock_0days",
 "long": {"backwards_tp": true,
          "delay_between_fills_minutes_close": 478.3035181089659,
          "delay_between_fills_minutes_entry": 429.52373814382446,
          "delay_weight_close": 135.95091784482065,
          "delay_weight_entry": 36.82089250381631,
          "ema_dist_close": -0.01192499487846402,
          "ema_dist_entry": 0.01,
          "ema_span_0": 405.0815877791099,
          "ema_span_1": 242.36249879589735,
          "enabled": true,
          "markup_range": 0.02,
          "min_markup": 0.00951919954649229,
          "n_close_orders": 2,
          "qty_pct_close": 0.01,
          "qty_pct_entry": 0.01,
          "wallet_exposure_limit": 0.2,
          "we_multiplier_close": 39.4441167912337,
          "we_multiplier_entry": 103.66526242936158},
 "short": {"backwards_tp": true,
           "delay_between_fills_minutes_close": 500,
           "delay_between_fills_minutes_entry": 430.565842668845,
           "delay_weight_close": 126.30800275721195,
           "delay_weight_entry": 22.029692432626522,
           "ema_dist_close": -0.06311287590736832,
           "ema_dist_entry": 0.01,
           "ema_span_0": 436.3052960384537,
           "ema_span_1": 288.81000936210125,
           "enabled": true,
           "markup_range": 0.016948379876500625,
           "min_markup": 0.00995626675569461,
           "n_close_orders": 3,
           "qty_pct_close": 0.01,
           "qty_pct_entry": 0.01,
           "wallet_exposure_limit": 0.1,
           "we_multiplier_close": 29.332603305893695,
           "we_multiplier_entry": 60.88966945057432}}