{"config_name": "recursive_grid_0days",
 "logging_level": 0,
 "long": {"auto_unstuck_ema_dist": 0.005,
          "auto_unstuck_wallet_exposure_threshold": 0.055055768422591314,
          "backwards_tp": true,
          "ddown_factor": 2.4974696221765393,
          "ema_span_0": 585.0054468237302,
          "ema_span_1": 588.6027966036222,
          "enabled": true,
          "initial_eprice_ema_dist": 0.006679191292440846,
          "initial_qty_pct": 0.017413639833881694,
          "markup_range": 0.002436557012206765,
          "min_markup": 0.009985590167049785,
          "n_close_orders": 13,
          "rentry_pprice_dist": 0.03095208467681625,
          "rentry_pprice_dist_wallet_exposure_weighting": 2.9435749678590764,
          "wallet_exposure_limit": 0.3},
 "short": {"auto_unstuck_ema_dist": -0.03506318740345554,
           "auto_unstuck_wallet_exposure_threshold": 0.04445606393731608,
           "backwards_tp": true,
           "ddown_factor": 1.2670963468370608,
           "ema_span_0": 576.8770022888173,
           "ema_span_1": 741.7731008179694,
           "enabled": false,
           "initial_eprice_ema_dist": -0.05698380381032283,
           "initial_qty_pct": 0.08272086746745581,
           "markup_range": 0.022189648905834785,
           "min_markup": 0.0070949929342750745,
           "n_close_orders": 10,
           "rentry_pprice_dist": 0.01496775245059312,
           "rentry_pprice_dist_wallet_exposure_weighting": 18.66503936733931,
           "wallet_exposure_limit": 1.0}}