{"config_name": "recursive_grid_0days",
 "logging_level": 0,
 "long": {"auto_unstuck_ema_dist": 0.005469915461651423,
          "auto_unstuck_wallet_exposure_threshold": 0.009556920972922739,
          "backwards_tp": true,
          "ddown_factor": 4.242854824891595,
          "ema_span_0": 557.9315089591585,
          "ema_span_1": 11.622606249771286,
          "enabled": true,
          "initial_eprice_ema_dist": -0.1,
          "initial_qty_pct": 0.007570101879598797,
          "markup_range": 0.006292554834517015,
          "min_markup": 0.002325048401465272,
          "n_close_orders": 8,
          "rentry_pprice_dist": 0.03170746980548991,
          "rentry_pprice_dist_wallet_exposure_weighting": 0.0,
          "wallet_exposure_limit": 0.25397433110516554},
 "short": {"auto_unstuck_ema_dist": -0.042605052935198194,
           "auto_unstuck_wallet_exposure_threshold": 0.08594915791104606,
           "backwards_tp": true,
           "ddown_factor": 2.4790349309920603,
           "ema_span_0": 290.4383820641058,
           "ema_span_1": 420.0015317850213,
           "enabled": false,
           "initial_eprice_ema_dist": -0.07848454786880692,
           "initial_qty_pct": 0.06134820927155972,
           "markup_range": 0.0062220869506349925,
           "min_markup": 0.00834581207473286,
           "n_close_orders": 15,
           "rentry_pprice_dist": 0.04407895495863017,
           "rentry_pprice_dist_wallet_exposure_weighting": 11.184559655277903,
           "wallet_exposure_limit": 1.0}}