{"config_name": "recursive_grid_0days",
 "logging_level": 0,
 "long": {"auto_unstuck_ema_dist": 0,
          "auto_unstuck_wallet_exposure_threshold": 0.0,
          "backwards_tp": false,
          "ddown_factor": 0.8286088064963402,
          "ema_span_0": 288.27251601283825,
          "ema_span_1": 836.9354297250015,
          "enabled": true,
          "initial_eprice_ema_dist": -0.10145762565987189,
          "initial_qty_pct": 0.0030460951957282734,
          "markup_range": 0.047400564399744036,
          "min_markup": 0.009097454580476899,
          "n_close_orders": 5,
          "rentry_pprice_dist": 0.022245309260055475,
          "rentry_pprice_dist_wallet_exposure_weighting": 2.7171999562643085,
          "wallet_exposure_limit": 1},
 "short": {"auto_unstuck_ema_dist": -0.09190459435176777,
           "auto_unstuck_wallet_exposure_threshold": 0.047461483320723585,
           "backwards_tp": false,
           "ddown_factor": 1.56075739869008,
           "ema_span_0": 114.83226456652856,
           "ema_span_1": 564.9799602525983,
           "enabled": false,
           "initial_eprice_ema_dist": -0.06788991127653096,
           "initial_qty_pct": 0.09633258973601434,
           "markup_range": 0.02372134778584674,
           "min_markup": 0.008138140573186181,
           "n_close_orders": 12,
           "rentry_pprice_dist": 0.031255610055476266,
           "rentry_pprice_dist_wallet_exposure_weighting": 15.92556158292657,
           "wallet_exposure_limit": 1.0}}