{"config_name": "recursive_grid_0days",
 "logging_level": 0,
 "long": {"auto_unstuck_ema_dist": 0.0008680815740733477,
          "auto_unstuck_wallet_exposure_threshold": 0.08436309931764197,
          "backwards_tp": true,
          "ddown_factor": 2.0621271930173255,
          "ema_span_0": 667.2856579865216,
          "ema_span_1": 640.1255303582915,
          "enabled": true,
          "initial_eprice_ema_dist": 0.009493565480166187,
          "initial_qty_pct": 0.037127341851793505,
          "markup_range": 0.0023144878750602418,
          "min_markup": 0.004207300131474072,
          "n_close_orders": 2,
          "rentry_pprice_dist": 0.022965699249005798,
          "rentry_pprice_dist_wallet_exposure_weighting": 0.9233495564332211,
          "wallet_exposure_limit": 0.3},
 "short": {"auto_unstuck_ema_dist": -0.0072891209623952985,
           "auto_unstuck_wallet_exposure_threshold": 0.0648882493965295,
           "backwards_tp": true,
           "ddown_factor": 2.0083853444007778,
           "ema_span_0": 686.0656677845723,
           "ema_span_1": 1155.9408771509477,
           "enabled": false,
           "initial_eprice_ema_dist": -0.01461820067716739,
           "initial_qty_pct": 0.03877492693755336,
           "markup_range": 0.016563626273135377,
           "min_markup": 0.0070418720534764475,
           "n_close_orders": 11,
           "rentry_pprice_dist": 0.008209844379454297,
           "rentry_pprice_dist_wallet_exposure_weighting": 28.88405324132321,
           "wallet_exposure_limit": 1.0}}