{"config_name": "recursive_grid_0days",
 "logging_level": 0,
 "long": {"auto_unstuck_ema_dist": 0.004500489858332172,
          "auto_unstuck_wallet_exposure_threshold": 0.061389541333418327,
          "backwards_tp": true,
          "ddown_factor": 0.9168498690087805,
          "ema_span_0": 643.8205186062376,
          "ema_span_1": 997.187436489636,
          "enabled": true,
          "initial_eprice_ema_dist": -0.13392234943469697,
          "initial_qty_pct": 0.0053243979347372275,
          "markup_range": 0.0280216743105744,
          "min_markup": 0.010442266423285124,
          "n_close_orders": 1,
          "rentry_pprice_dist": 0.03229498997380786,
          "rentry_pprice_dist_wallet_exposure_weighting": 1.0381703520103078,
          "wallet_exposure_limit": 0.2},
 "short": {"auto_unstuck_ema_dist": -0.09018702181214062,
           "auto_unstuck_wallet_exposure_threshold": 0.031950384448262203,
           "backwards_tp": true,
           "ddown_factor": 1.0979816231977484,
           "ema_span_0": 128.77057088357355,
           "ema_span_1": 936.6808086348192,
           "enabled": false,
           "initial_eprice_ema_dist": -0.0429445949267868,
           "initial_qty_pct": 0.07375422335660593,
           "markup_range": 0.024470180159245243,
           "min_markup": 0.007766399096694293,
           "n_close_orders": 10,
           "rentry_pprice_dist": 0.016276206478180004,
           "rentry_pprice_dist_wallet_exposure_weighting": 1.3412532661832977,
           "wallet_exposure_limit": 1.0}}