{"config_name": "clock_0days",
 "long": {"backwards_tp": true,
          "delay_between_fills_minutes_close": 449.56139705902353,
          "delay_between_fills_minutes_entry": 496.1415087135544,
          "delay_weight_close": 66.3166320283809,
          "delay_weight_entry": 29.628472696325737,
          "ema_dist_close": -0.9313092331349437,
          "ema_dist_entry": 0.009142501035274623,
          "ema_span_0": 724.4038534189585,
          "ema_span_1": 446.880179424226,
          "enabled": true,
          "markup_range": 0.026077665774570807,
          "min_markup": 0.009715302715922995,
          "n_close_orders": 8,
          "qty_pct_close": 0.016686947268324225,
          "qty_pct_entry": 0.011478324618519942,
          "wallet_exposure_limit": 0.3,
          "we_multiplier_close": 12.500039291712605,
          "we_multiplier_entry": 60.206800303593724},
 "short": {"backwards_tp": true,
           "delay_between_fills_minutes_close": 12.85423964667866,
           "delay_between_fills_minutes_entry": 1199.6975853298927,
           "delay_weight_close": 59.31198050598313,
           "delay_weight_entry": 84.21942856695335,
           "ema_dist_close": -0.0067270944179206385,
           "ema_dist_entry": -0.04061650066641478,
           "ema_span_0": 694.6385473430732,
           "ema_span_1": 433.9778520131059,
           "enabled": false,
           "markup_range": 0.09548008656046618,
           "min_markup": 0.02567584588055516,
           "n_close_orders": 9,
           "qty_pct_close": 0.8224480502930285,
           "qty_pct_entry": 0.8424652082191869,
           "wallet_exposure_limit": 1.0,
           "we_multiplier_close": 4.5226870362209475,
           "we_multiplier_entry": 4.522075398273373}}