{"config_name": "recursive_grid_0days",
 "logging_level": 0,
 "long": {"auto_unstuck_ema_dist": 0,
          "auto_unstuck_wallet_exposure_threshold": 0.0,
          "backwards_tp": false,
          "ddown_factor": 0.5618319990383489,
          "ema_span_0": 87.50542792830639,
          "ema_span_1": 80.8530354986361,
          "enabled": true,
          "initial_eprice_ema_dist": -0.17237802844498942,
          "initial_qty_pct": 0.005900990141030767,
          "markup_range": 0.013988087978672634,
          "min_markup": 0.002060168114833275,
          "n_close_orders": 1,
          "rentry_pprice_dist": 0.033616925526812835,
          "rentry_pprice_dist_wallet_exposure_weighting": 2.3011620664411705,
          "wallet_exposure_limit": 0.2},
 "short": {"auto_unstuck_ema_dist": -0.011882705197484272,
           "auto_unstuck_wallet_exposure_threshold": 0.03209712302010229,
           "backwards_tp": false,
           "ddown_factor": 2.082132547854589,
           "ema_span_0": 591.891003736331,
           "ema_span_1": 1003.8706184919305,
           "enabled": false,
           "initial_eprice_ema_dist": -0.06245462279416012,
           "initial_qty_pct": 0.07666343155224335,
           "markup_range": 0.006360230813324852,
           "min_markup": 0.009135647593351576,
           "n_close_orders": 15,
           "rentry_pprice_dist": 0.023732880552600085,
           "rentry_pprice_dist_wallet_exposure_weighting": 3.4655536341273163,
           "wallet_exposure_limit": 1.0}}