{"config_name": "recursive_grid_0days",
 "logging_level": 0,
 "long": {"auto_unstuck_ema_dist": 0,
          "auto_unstuck_wallet_exposure_threshold": 0.0,
          "backwards_tp": true,
          "ddown_factor": 1.5875775013887947,
          "ema_span_0": 661.7479335005652,
          "ema_span_1": 700.866970770207,
          "enabled": true,
          "initial_eprice_ema_dist": -0.1378038574342213,
          "initial_qty_pct": 0.0015343604648129286,
          "markup_range": 0.009305455650096774,
          "min_markup": 0.00542157359268002,
          "n_close_orders": 1,
          "rentry_pprice_dist": 0.017504599926847005,
          "rentry_pprice_dist_wallet_exposure_weighting": 1.1676176552807163,
          "wallet_exposure_limit": 0.2},
 "short": {"auto_unstuck_ema_dist": -0.0404654686007983,
           "auto_unstuck_wallet_exposure_threshold": 0.037912545027401635,
           "backwards_tp": true,
           "ddown_factor": 0.19526863074253814,
           "ema_span_0": 206.79081572742007,
           "ema_span_1": 1401.3661502883729,
           "enabled": false,
           "initial_eprice_ema_dist": -0.091972522700849,
           "initial_qty_pct": 0.0742867597854013,
           "markup_range": 0.047525530936530724,
           "min_markup": 0.003605851378979406,
           "n_close_orders": 6,
           "rentry_pprice_dist": 0.01138235722338056,
           "rentry_pprice_dist_wallet_exposure_weighting": 16.486029900964727,
           "wallet_exposure_limit": 1.0}}