{"config_name": "recursive_grid_0days",
 "logging_level": 0,
 "long": {"auto_unstuck_ema_dist": -0.0020592352053052853,
          "auto_unstuck_wallet_exposure_threshold": 0.0630101995327423,
          "backwards_tp": true,
          "ddown_factor": 2.2677065024594443,
          "ema_span_0": 536.3770146077927,
          "ema_span_1": 1022.1918613745524,
          "enabled": true,
          "initial_eprice_ema_dist": 0.009191923959123827,
          "initial_qty_pct": 0.012476193389770223,
          "markup_range": 0.00951223270343851,
          "min_markup": 0.005245061617094764,
          "n_close_orders": 3,
          "rentry_pprice_dist": 0.03501545229012015,
          "rentry_pprice_dist_wallet_exposure_weighting": 0.0,
          "wallet_exposure_limit": 0.3},
 "short": {"auto_unstuck_ema_dist": -0.014046179160141684,
           "auto_unstuck_wallet_exposure_threshold": 0.07019100996564877,
           "backwards_tp": true,
           "ddown_factor": 2.7557612875141886,
           "ema_span_0": 294.0968989540401,
           "ema_span_1": 607.833500373524,
           "enabled": false,
           "initial_eprice_ema_dist": -0.013681937388566531,
           "initial_qty_pct": 0.04579372368146884,
           "markup_range": 0.02802883199184724,
           "min_markup": 0.00363015979422383,
           "n_close_orders": 4,
           "rentry_pprice_dist": 0.0153864215542419,
           "rentry_pprice_dist_wallet_exposure_weighting": 12.880235906167385,
           "wallet_exposure_limit": 1.0}}