{"config_name": "clock_0days",
 "long": {"backwards_tp": true,
          "delay_between_fills_minutes_close": 486.6725742330206,
          "delay_between_fills_minutes_entry": 369.08697414753544,
          "delay_weight_close": 127.99774059753258,
          "delay_weight_entry": 30.043070163544893,
          "ema_dist_close": -0.14250215129529975,
          "ema_dist_entry": 0.005008483252208413,
          "ema_span_0": 559.5548708458607,
          "ema_span_1": 131.21249459224575,
          "enabled": true,
          "markup_range": 0.021753372297202825,
          "min_markup": 0.007205198813072811,
          "n_close_orders": 9,
          "qty_pct_close": 0.010395464163647625,
          "qty_pct_entry": 0.014223302981944855,
          "wallet_exposure_limit": 0.3,
          "we_multiplier_close": 25.473135963922918,
          "we_multiplier_entry": 107.99171666249619},
 "short": {"backwards_tp": true,
           "delay_between_fills_minutes_close": 139.81931257187946,
           "delay_between_fills_minutes_entry": 448.058349845631,
           "delay_weight_close": 79.58337922285159,
           "delay_weight_entry": 82.3955075335803,
           "ema_dist_close": -0.3372517520457158,
           "ema_dist_entry": -0.7335778392120245,
           "ema_span_0": 143.97666393043409,
           "ema_span_1": 303.39977130708405,
           "enabled": false,
           "markup_range": 0.015230181576188407,
           "min_markup": 0.09838485166683328,
           "n_close_orders": 3,
           "qty_pct_close": 0.01,
           "qty_pct_entry": 0.01,
           "wallet_exposure_limit": 1.0,
           "we_multiplier_close": 146.72266900235687,
           "we_multiplier_entry": 18.476417736677643}}