{"config_name": "recursive_grid_0days",
 "logging_level": 0,
 "long": {"auto_unstuck_ema_dist": 0,
          "auto_unstuck_wallet_exposure_threshold": 0.0,
          "backwards_tp": false,
          "ddown_factor": 3.6586114674978703,
          "ema_span_0": 345.265283770662,
          "ema_span_1": 328.61062054262385,
          "enabled": true,
          "initial_eprice_ema_dist": -0.09723293027577869,
          "initial_qty_pct": 0.002253291070217026,
          "markup_range": 0.024318142610412888,
          "min_markup": 0.005590523053050107,
          "n_close_orders": 1,
          "rentry_pprice_dist": 0.0027707800252093537,
          "rentry_pprice_dist_wallet_exposure_weighting": 0.5400004700688649,
          "wallet_exposure_limit": 0.2},
 "short": {"auto_unstuck_ema_dist": -0.06128724163543052,
           "auto_unstuck_wallet_exposure_threshold": 0.039949758104984495,
           "backwards_tp": false,
           "ddown_factor": 2.639202764277553,
           "ema_span_0": 1425.0382091414212,
           "ema_span_1": 428.5638471867685,
           "enabled": false,
           "initial_eprice_ema_dist": -0.0863763015140576,
           "initial_qty_pct": 0.0973341873256007,
           "markup_range": 0.05694309781940172,
           "min_markup": 0.007550653475254626,
           "n_close_orders": 6,
           "rentry_pprice_dist": 0.007777232503728897,
           "rentry_pprice_dist_wallet_exposure_weighting": 7.26904748233101,
           "wallet_exposure_limit": 1.0}}