{"config_name": "recursive_grid_0days",
 "logging_level": 0,
 "long": {"auto_unstuck_ema_dist": 0.005813644319118155,
          "auto_unstuck_wallet_exposure_threshold": 0.019516560559555196,
          "backwards_tp": false,
          "ddown_factor": 0.44189872034833655,
          "ema_span_0": 86.56101745636379,
          "ema_span_1": 28.613179204573633,
          "enabled": true,
          "initial_eprice_ema_dist": 0.0012690917193297114,
          "initial_qty_pct": 0.018861748302980236,
          "markup_range": 0.058039035060669784,
          "min_markup": 0.002689122633827907,
          "n_close_orders": 28,
          "rentry_pprice_dist": 0.03845087339404028,
          "rentry_pprice_dist_wallet_exposure_weighting": 0.0,
          "wallet_exposure_limit": 0.2},
 "short": {"auto_unstuck_ema_dist": -0.017177847224996767,
           "auto_unstuck_wallet_exposure_threshold": 0.06994460294255342,
           "backwards_tp": false,
           "ddown_factor": 1.6416173663901024,
           "ema_span_0": 1240.8942091736249,
           "ema_span_1": 154.23011649114423,
           "enabled": false,
           "initial_eprice_ema_dist": -0.012271731801091049,
           "initial_qty_pct": 0.05374078545195575,
           "markup_range": 0.02503727044214864,
           "min_markup": 0.008356035326070127,
           "n_close_orders": 9,
           "rentry_pprice_dist": 0.024571499652119928,
           "rentry_pprice_dist_wallet_exposure_weighting": 7.294285007649048,
           "wallet_exposure_limit": 1.0}}