{"config_name": "clock_0days",
 "long": {"backwards_tp": true,
          "delay_between_fills_minutes_close": 1416.2109999997008,
          "delay_between_fills_minutes_entry": 1327.7822363303828,
          "delay_weight_close": 59.17174258845136,
          "delay_weight_entry": 33.930765191206305,
          "ema_dist_close": 0.004,
          "ema_dist_entry": 0.00247169838004043,
          "ema_span_0": 957.5194233953528,
          "ema_span_1": 1267.0940831247165,
          "enabled": true,
          "markup_range": 0.004297253456810229,
          "min_markup": 0.006664620956605289,
          "n_close_orders": 4,
          "qty_pct_close": 0.01,
          "qty_pct_entry": 0.01,
          "wallet_exposure_limit": 0.2,
          "we_multiplier_close": 3.705753233172744,
          "we_multiplier_entry": 41.34200807837597},
 "short": {"backwards_tp": true,
           "delay_between_fills_minutes_close": 1395.5290983672762,
           "delay_between_fills_minutes_entry": 1227.7797496166809,
           "delay_weight_close": 35.52351629441455,
           "delay_weight_entry": 18.810222375248056,
           "ema_dist_close": -0.0046026557521910375,
           "ema_dist_entry": -0.0017742858493305317,
           "ema_span_0": 839.0851842935064,
           "ema_span_1": 1440,
           "enabled": true,
           "markup_range": 0.026182737188270806,
           "min_markup": 0.007677258029028251,
           "n_close_orders": 4,
           "qty_pct_close": 0.01,
           "qty_pct_entry": 0.01,
           "wallet_exposure_limit": 0.1,
           "we_multiplier_close": 2.563247298862534,
           "we_multiplier_entry": 15.829912068476123}}