{"config_name": "recursive_grid_0days",
 "logging_level": 0,
 "long": {"auto_unstuck_ema_dist": -0.0015918670239554152,
          "auto_unstuck_wallet_exposure_threshold": 0.058339545919991784,
          "backwards_tp": true,
          "ddown_factor": 2.621477611456544,
          "ema_span_0": 226.23394448555112,
          "ema_span_1": 186.01116654425587,
          "enabled": true,
          "initial_eprice_ema_dist": 0.011329816072644324,
          "initial_qty_pct": 0.02685877698346819,
          "markup_range": 0.004299936412406606,
          "min_markup": 0.005371391049423532,
          "n_close_orders": 9,
          "rentry_pprice_dist": 0.022192049900211754,
          "rentry_pprice_dist_wallet_exposure_weighting": 2.44673929608953,
          "wallet_exposure_limit": 0.3},
 "short": {"auto_unstuck_ema_dist": -0.08466523260051348,
           "auto_unstuck_wallet_exposure_threshold": 0.0663334814045072,
           "backwards_tp": true,
           "ddown_factor": 2.7130400526245557,
           "ema_span_0": 618.8200451218847,
           "ema_span_1": 1325.2760018625486,
           "enabled": false,
           "initial_eprice_ema_dist": 0.004517999039629489,
           "initial_qty_pct": 0.09399937603116158,
           "markup_range": 0.02118305563378448,
           "min_markup": 0.003964730619271141,
           "n_close_orders": 3,
           "rentry_pprice_dist": 0.031261348579865206,
           "rentry_pprice_dist_wallet_exposure_weighting": 19.197722568696264,
           "wallet_exposure_limit": 1.0}}