{"config_name": "recursive_grid_0days",
 "logging_level": 0,
 "long": {"auto_unstuck_ema_dist": 0,
          "auto_unstuck_wallet_exposure_threshold": 0.0,
          "backwards_tp": false,
          "ddown_factor": 2.6503367115182686,
          "ema_span_0": 562.0336208226687,
          "ema_span_1": 590.5333241512898,
          "enabled": true,
          "initial_eprice_ema_dist": -0.04018314859779231,
          "initial_qty_pct": 0.0009798102869497533,
          "markup_range": 0.05153213428390774,
          "min_markup": 0.00710519840142712,
          "n_close_orders": 2,
          "rentry_pprice_dist": 0.03187569041400363,
          "rentry_pprice_dist_wallet_exposure_weighting": 3.35453500958522,
          "wallet_exposure_limit": 0.2},
 "short": {"auto_unstuck_ema_dist": -0.029230311222147823,
           "auto_unstuck_wallet_exposure_threshold": 0.07827929081943533,
           "backwards_tp": false,
           "ddown_factor": 1.745420461957039,
           "ema_span_0": 1119.194855331913,
           "ema_span_1": 670.1307448725801,
           "enabled": false,
           "initial_eprice_ema_dist": -0.055125343460157385,
           "initial_qty_pct": 0.013349690845450225,
           "markup_range": 0.04103777334432325,
           "min_markup": 0.0043069578395720995,
           "n_close_orders": 12,
           "rentry_pprice_dist": 0.0425731036124313,
           "rentry_pprice_dist_wallet_exposure_weighting": 6.118381499039851,
           "wallet_exposure_limit": 1.0}}