{"config_name": "neat_grid_0days",
 "logging_level": 0,
 "long": {"auto_unstuck_ema_dist": -0.006877904543305705,
          "auto_unstuck_wallet_exposure_threshold": 0.05541150560518306,
          "backwards_tp": false,
          "ema_span_0": 965.2053535115524,
          "ema_span_1": 972.1476491620615,
          "enabled": true,
          "eprice_exp_base": 1.0665650022988828,
          "eqty_exp_base": 1.7214511025219261,
          "grid_span": 0.10924479714062935,
          "initial_eprice_ema_dist": -0.001963538504953083,
          "initial_qty_pct": 0.009680071742015227,
          "markup_range": 0.0055304761283233635,
          "max_n_entry_orders": 4,
          "min_markup": 0.004275,
          "n_close_orders": 1,
          "wallet_exposure_limit": 0.2},
 "short": {"auto_unstuck_ema_dist": -0.06045785000955144,
           "auto_unstuck_wallet_exposure_threshold": 0.06191816666788831,
           "backwards_tp": false,
           "ema_span_0": 1195.93992882176,
           "ema_span_1": 721.0178783686707,
           "enabled": false,
           "eprice_exp_base": 3.695073255513646,
           "eqty_exp_base": 3.2006045274006047,
           "grid_span": 0.4365863786999651,
           "initial_eprice_ema_dist": -0.06148813750367816,
           "initial_qty_pct": 0.059290002864764324,
           "markup_range": 0.005591588559324764,
           "max_n_entry_orders": 16,
           "min_markup": 0.009486407289154813,
           "n_close_orders": 6,
           "wallet_exposure_limit": 1}}