{"config_name": "recursive_grid_0days",
 "logging_level": 0,
 "long": {"auto_unstuck_ema_dist": 0,
          "auto_unstuck_wallet_exposure_threshold": 0,
          "backwards_tp": false,
          "ddown_factor": 1.7617101805762447,
          "ema_span_0": 184.3158406919008,
          "ema_span_1": 332.20731818017657,
          "enabled": true,
          "initial_eprice_ema_dist": -0.1,
          "initial_qty_pct": 0.00264783684508146,
          "markup_range": 0.03599836158879886,
          "min_markup": 0.016169531447695385,
          "n_close_orders": 4,
          "rentry_pprice_dist": 0.034635322822281524,
          "rentry_pprice_dist_wallet_exposure_weighting": 0,
          "wallet_exposure_limit": 1},
 "short": {"auto_unstuck_ema_dist": 0.03345915347636959,
           "auto_unstuck_wallet_exposure_threshold": 0.2423735940210729,
           "backwards_tp": false,
           "ddown_factor": 1.371753386297967,
           "ema_span_0": 3682.854342364045,
           "ema_span_1": 9704.032708474273,
           "enabled": false,
           "initial_eprice_ema_dist": -0.03876431715927551,
           "initial_qty_pct": 0.030572436143056315,
           "markup_range": 0.012250000958498805,
           "min_markup": 0.006751393262570061,
           "n_close_orders": 9,
           "rentry_pprice_dist": 0.03820056519251825,
           "rentry_pprice_dist_wallet_exposure_weighting": 33.213342778389084,
           "wallet_exposure_limit": 0.1}}