{"config_name": "recursive_grid_0days",
 "logging_level": 0,
 "long": {"auto_unstuck_ema_dist": 0.0,
          "auto_unstuck_wallet_exposure_threshold": 0.0,
          "backwards_tp": false,
          "ddown_factor": 2.9387499910288137,
          "ema_span_0": 878.5935076074518,
          "ema_span_1": 697.0097190300523,
          "enabled": true,
          "initial_eprice_ema_dist": -0.14232162810139734,
          "initial_qty_pct": 0.0018224162288393692,
          "markup_range": 0.023529043316829704,
          "min_markup": 0.0011718594056022262,
          "n_close_orders": 7,
          "rentry_pprice_dist": 0.024799641327757676,
          "rentry_pprice_dist_wallet_exposure_weighting": 3.109490326026065,
          "wallet_exposure_limit": 1},
 "short": {"auto_unstuck_ema_dist": -0.081002924776612,
           "auto_unstuck_wallet_exposure_threshold": 0.04337540423778343,
           "backwards_tp": false,
           "ddown_factor": 0.4175984240107298,
           "ema_span_0": 523.4322754462654,
           "ema_span_1": 297.95201329210556,
           "enabled": false,
           "initial_eprice_ema_dist": -0.018105130811620337,
           "initial_qty_pct": 0.09280279668439688,
           "markup_range": 0.012212434691543102,
           "min_markup": 0.0020889457801098145,
           "n_close_orders": 3,
           "rentry_pprice_dist": 0.04672883605808249,
           "rentry_pprice_dist_wallet_exposure_weighting": 7.484149885170794,
           "wallet_exposure_limit": 1.0}}