{"config_name": "recursive_grid_0days",
 "logging_level": 0,
 "long": {"auto_unstuck_ema_dist": 0.0460442352951391,
          "auto_unstuck_wallet_exposure_threshold": 0.004990777877558039,
          "backwards_tp": true,
          "ddown_factor": 2.903526218776351,
          "ema_span_0": 380.0952013427042,
          "ema_span_1": 530.1653657285851,
          "enabled": true,
          "initial_eprice_ema_dist": 0.008402680116190853,
          "initial_qty_pct": 0.0221587451634727,
          "markup_range": 0.0026680886944874635,
          "min_markup": 0.007588905071434739,
          "n_close_orders": 3,
          "rentry_pprice_dist": 0.026425482248325874,
          "rentry_pprice_dist_wallet_exposure_weighting": 7.227626499261796,
          "wallet_exposure_limit": 1},
 "short": {"auto_unstuck_ema_dist": 0.09486998169226453,
           "auto_unstuck_wallet_exposure_threshold": 0.04828764592794329,
           "backwards_tp": true,
           "ddown_factor": 0.6779542920697564,
           "ema_span_0": 2584.882505301326,
           "ema_span_1": 1287.6835006468632,
           "enabled": false,
           "initial_eprice_ema_dist": -0.011232745455204585,
           "initial_qty_pct": 0.015,
           "markup_range": 0.0246364533883167,
           "min_markup": 0.002098802776951656,
           "n_close_orders": 9,
           "rentry_pprice_dist": 0.03139419572701526,
           "rentry_pprice_dist_wallet_exposure_weighting": 6.547996826220043,
           "wallet_exposure_limit": 0.1}}