{"config_name": "clock_0days",
 "long": {"backwards_tp": true,
          "delay_between_fills_minutes_close": 128.6191996213782,
          "delay_between_fills_minutes_entry": 320.30468784858533,
          "delay_weight_close": 6.297456673009111,
          "delay_weight_entry": 25.852393125923136,
          "ema_dist_close": -0.00109311665504273,
          "ema_dist_entry": 0.01,
          "ema_span_0": 214.66088884414737,
          "ema_span_1": 488.0122540863996,
          "enabled": true,
          "markup_range": 0.02,
          "min_markup": 0.01,
          "n_close_orders": 2,
          "qty_pct_close": 0.01,
          "qty_pct_entry": 0.01,
          "wallet_exposure_limit": 0.3,
          "we_multiplier_close": 43.032254589753116,
          "we_multiplier_entry": 65.23820948773478},
 "short": {"backwards_tp": true,
           "delay_between_fills_minutes_close": 19.926109958454855,
           "delay_between_fills_minutes_entry": 1283.2506589934023,
           "delay_weight_close": 73.60190794015912,
           "delay_weight_entry": 51.09046621094509,
           "ema_dist_close": -0.023234075387671256,
           "ema_dist_entry": -0.0012825534008764766,
           "ema_span_0": 347.1595023288083,
           "ema_span_1": 1387.9277733188767,
           "enabled": false,
           "markup_range": 0.08409597971058345,
           "min_markup": 0.08793788828482925,
           "n_close_orders": 2,
           "qty_pct_close": 0.8232799558396516,
           "qty_pct_entry": 0.7242504071082504,
           "wallet_exposure_limit": 1.0,
           "we_multiplier_close": 2.0142877507699364,
           "we_multiplier_entry": 91.6526747586702}}