{"config_name": "recursive_grid_0days",
 "logging_level": 0,
 "long": {"auto_unstuck_ema_dist": -0.01,
          "auto_unstuck_wallet_exposure_threshold": 0.06932567432041634,
          "backwards_tp": true,
          "ddown_factor": 1.7285815766147439,
          "ema_span_0": 186.60465082859912,
          "ema_span_1": 1215.346090617839,
          "enabled": true,
          "initial_eprice_ema_dist": -0.01592676947916285,
          "initial_qty_pct": 0.025121482167506412,
          "markup_range": 0.004145796512355387,
          "min_markup": 0.008882952929530646,
          "n_close_orders": 2,
          "rentry_pprice_dist": 0.04463040041447248,
          "rentry_pprice_dist_wallet_exposure_weighting": 1.561839786207601,
          "wallet_exposure_limit": 1},
 "short": {"auto_unstuck_ema_dist": -0.07965276537765757,
           "auto_unstuck_wallet_exposure_threshold": 0.08757300057513094,
           "backwards_tp": true,
           "ddown_factor": 2.8252721598489456,
           "ema_span_0": 488.1105653866357,
           "ema_span_1": 201.78738250726428,
           "enabled": false,
           "initial_eprice_ema_dist": -0.00405322700415886,
           "initial_qty_pct": 0.08471770972019711,
           "markup_range": 0.002947431685570465,
           "min_markup": 0.00482353712857812,
           "n_close_orders": 8,
           "rentry_pprice_dist": 0.013754301663904941,
           "rentry_pprice_dist_wallet_exposure_weighting": 28.00880863262277,
           "wallet_exposure_limit": 1.0}}