{"config_name": "recursive_grid_0days",
 "logging_level": 0,
 "long": {"auto_unstuck_ema_dist": 0.005,
          "auto_unstuck_wallet_exposure_threshold": 0.0804795394026448,
          "backwards_tp": true,
          "ddown_factor": 2.057780805807784,
          "ema_span_0": 470.18252878440035,
          "ema_span_1": 517.0737353929161,
          "enabled": true,
          "initial_eprice_ema_dist": -0.07081114064101893,
          "initial_qty_pct": 0.0015887438458152595,
          "markup_range": 0.03948304780750457,
          "min_markup": 0.007208694629007766,
          "n_close_orders": 1,
          "rentry_pprice_dist": 0.018198869904310765,
          "rentry_pprice_dist_wallet_exposure_weighting": 1.7634198956953602,
          "wallet_exposure_limit": 0.2},
 "short": {"auto_unstuck_ema_dist": -0.05541186672277031,
           "auto_unstuck_wallet_exposure_threshold": 0.07899246676216727,
           "backwards_tp": true,
           "ddown_factor": 1.2273904583501742,
           "ema_span_0": 855.9845362935718,
           "ema_span_1": 139.9009264727921,
           "enabled": false,
           "initial_eprice_ema_dist": -0.08769731724217349,
           "initial_qty_pct": 0.07080436174149649,
           "markup_range": 0.010859888362642255,
           "min_markup": 0.002974138410171873,
           "n_close_orders": 4,
           "rentry_pprice_dist": 0.04621210571942295,
           "rentry_pprice_dist_wallet_exposure_weighting": 6.386911239253877,
           "wallet_exposure_limit": 1}}