{"config_name": "recursive_grid_0days",
 "logging_level": 0,
 "long": {"auto_unstuck_ema_dist": 0.0,
          "auto_unstuck_wallet_exposure_threshold": 0.0,
          "backwards_tp": true,
          "ddown_factor": 2.9750735592402764,
          "ema_span_0": 594.8393568900723,
          "ema_span_1": 746.9434074426778,
          "enabled": true,
          "initial_eprice_ema_dist": -0.1,
          "initial_qty_pct": 0.004506197027023172,
          "markup_range": 0.01143690212685737,
          "min_markup": 0.0024504163403619343,
          "n_close_orders": 3,
          "rentry_pprice_dist": 0.044596494904303695,
          "rentry_pprice_dist_wallet_exposure_weighting": 0.0,
          "wallet_exposure_limit": 2.5},
 "short": {"auto_unstuck_ema_dist": 0.0063996160758301324,
           "auto_unstuck_wallet_exposure_threshold": 0.06363091616765032,
           "backwards_tp": true,
           "ddown_factor": 0.937087628635838,
           "ema_span_0": 3854.46209812031,
           "ema_span_1": 8025.197342946786,
           "enabled": false,
           "initial_eprice_ema_dist": -0.0718305157331742,
           "initial_qty_pct": 0.015,
           "markup_range": 0.017749957352726532,
           "min_markup": 0.002226578866776558,
           "n_close_orders": 9,
           "rentry_pprice_dist": 0.014761705855002926,
           "rentry_pprice_dist_wallet_exposure_weighting": 43.764271472203745,
           "wallet_exposure_limit": 0.1}}