{"config_name": "clock_0days",
 "long": {"backwards_tp": true,
          "delay_between_fills_minutes_close": 409.92632011916186,
          "delay_between_fills_minutes_entry": 243.61971114281232,
          "delay_weight_close": 82.6983654472717,
          "delay_weight_entry": 19.475473521144416,
          "ema_dist_close": -0.8978663018272068,
          "ema_dist_entry": 0.008280144347023132,
          "ema_span_0": 776.6517821000772,
          "ema_span_1": 549.7198657911283,
          "enabled": true,
          "markup_range": 0.020834934677618433,
          "min_markup": 0.009760929775291914,
          "n_close_orders": 8,
          "qty_pct_close": 0.01193425777711629,
          "qty_pct_entry": 0.012006398376461136,
          "wallet_exposure_limit": 0.3,
          "we_multiplier_close": 6.0241858655720995,
          "we_multiplier_entry": 126.06809700878802},
 "short": {"backwards_tp": true,
           "delay_between_fills_minutes_close": 46.52737266414591,
           "delay_between_fills_minutes_entry": 1297.1492968962098,
           "delay_weight_close": 90.31524833953168,
           "delay_weight_entry": 53.067475572852615,
           "ema_dist_close": 0.00424297998588271,
           "ema_dist_entry": -0.03237424369564958,
           "ema_span_0": 375.91964668373566,
           "ema_span_1": 198.9727945764338,
           "enabled": false,
           "markup_range": 0.007048184841503747,
           "min_markup": 0.011418256512862289,
           "n_close_orders": 1,
           "qty_pct_close": 0.9434822170560974,
           "qty_pct_entry": 0.973336092357507,
           "wallet_exposure_limit": 1.0,
           "we_multiplier_close": 2.9178006268042713,
           "we_multiplier_entry": 66.98134536381416}}