{"config_name": "recursive_grid_0days",
 "logging_level": 0,
 "long": {"auto_unstuck_ema_dist": -0.0029393395174046612,
          "auto_unstuck_wallet_exposure_threshold": 0.08005704802647205,
          "backwards_tp": true,
          "ddown_factor": 2.7401923712927863,
          "ema_span_0": 283.1965460565404,
          "ema_span_1": 855.3439960773677,
          "enabled": true,
          "initial_eprice_ema_dist": 0.001797207530997508,
          "initial_qty_pct": 0.012581948078832856,
          "markup_range": 0.011894022450902356,
          "min_markup": 0.003742182798039177,
          "n_close_orders": 4,
          "rentry_pprice_dist": 0.03078146366518891,
          "rentry_pprice_dist_wallet_exposure_weighting": 1.0930159248151814,
          "wallet_exposure_limit": 0.3},
 "short": {"auto_unstuck_ema_dist": -0.04180138868910325,
           "auto_unstuck_wallet_exposure_threshold": 0.060815692149410516,
           "backwards_tp": true,
           "ddown_factor": 0.4052035374394023,
           "ema_span_0": 56.82073988842781,
           "ema_span_1": 603.1730042513584,
           "enabled": false,
           "initial_eprice_ema_dist": -0.024513490680571598,
           "initial_qty_pct": 0.0600707048694397,
           "markup_range": 0.03444688400863772,
           "min_markup": 0.008673973333155824,
           "n_close_orders": 6,
           "rentry_pprice_dist": 0.03182650075402686,
           "rentry_pprice_dist_wallet_exposure_weighting": 31.010035665686342,
           "wallet_exposure_limit": 1.0}}