{"config_name": "recursive_grid_0days",
 "logging_level": 0,
 "long": {"auto_unstuck_ema_dist": 0,
          "auto_unstuck_wallet_exposure_threshold": 0.0,
          "backwards_tp": false,
          "ddown_factor": 1.0264401488850858,
          "ema_span_0": 895.9281200436002,
          "ema_span_1": 828.0920400215775,
          "enabled": true,
          "initial_eprice_ema_dist": -0.1634228622703414,
          "initial_qty_pct": 0.005900990141030767,
          "markup_range": 0.020758840665422263,
          "min_markup": 0.007504326042335853,
          "n_close_orders": 1,
          "rentry_pprice_dist": 0.02680521890920822,
          "rentry_pprice_dist_wallet_exposure_weighting": 2.520412424228661,
          "wallet_exposure_limit": 0.2},
 "short": {"auto_unstuck_ema_dist": -0.03604284014512506,
           "auto_unstuck_wallet_exposure_threshold": 0.03250582312331396,
           "backwards_tp": false,
           "ddown_factor": 1.0382949804523238,
           "ema_span_0": 303.1608030339493,
           "ema_span_1": 935.4092944505605,
           "enabled": false,
           "initial_eprice_ema_dist": -0.05605750164093212,
           "initial_qty_pct": 0.07474731931741423,
           "markup_range": 0.011751963685477469,
           "min_markup": 0.008254390397898999,
           "n_close_orders": 15,
           "rentry_pprice_dist": 0.013968588121441236,
           "rentry_pprice_dist_wallet_exposure_weighting": 13.381251380566685,
           "wallet_exposure_limit": 1.0}}