{"config_name": "recursive_grid_0days",
 "logging_level": 0,
 "long": {"auto_unstuck_ema_dist": 0.0,
          "auto_unstuck_wallet_exposure_threshold": 0.0,
          "backwards_tp": true,
          "ddown_factor": 1.2954460590797892,
          "ema_span_0": 312.6291052882118,
          "ema_span_1": 287.9408197685759,
          "enabled": true,
          "initial_eprice_ema_dist": -0.0035471183093517445,
          "initial_qty_pct": 0.01,
          "markup_range": 0.002409638695142302,
          "min_markup": 0.003217685636817655,
          "n_close_orders": 9,
          "rentry_pprice_dist": 0.030069844035140625,
          "rentry_pprice_dist_wallet_exposure_weighting": 10.21553748642553,
          "wallet_exposure_limit": 0.1},
 "short": {"auto_unstuck_ema_dist": 0.07047148385206203,
           "auto_unstuck_wallet_exposure_threshold": 0.026907617670796052,
           "backwards_tp": true,
           "ddown_factor": 0.4820079833361644,
           "ema_span_0": 2807.4795125127,
           "ema_span_1": 8457.177063011955,
           "enabled": false,
           "initial_eprice_ema_dist": -0.07909615860812894,
           "initial_qty_pct": 0.015,
           "markup_range": 0,
           "min_markup": 0.0031835082988174337,
           "n_close_orders": 4,
           "rentry_pprice_dist": 0.012995866013991606,
           "rentry_pprice_dist_wallet_exposure_weighting": 67.87021998941657,
           "wallet_exposure_limit": 0.1}}