{"config_name": "recursive_grid_0days",
 "logging_level": 0,
 "long": {"auto_unstuck_ema_dist": 0.0007351769427436927,
          "auto_unstuck_wallet_exposure_threshold": 0.09730341450492164,
          "backwards_tp": true,
          "ddown_factor": 1.887099137667565,
          "ema_span_0": 556.7595956204051,
          "ema_span_1": 1438.7653820048536,
          "enabled": true,
          "initial_eprice_ema_dist": 0.004027799134804351,
          "initial_qty_pct": 0.03586405613804401,
          "markup_range": 0.0032502968371729327,
          "min_markup": 0.002957343702795959,
          "n_close_orders": 9,
          "rentry_pprice_dist": 0.02264752848053429,
          "rentry_pprice_dist_wallet_exposure_weighting": 1.3953426593756775,
          "wallet_exposure_limit": 0.3},
 "short": {"auto_unstuck_ema_dist": -0.021589863378444596,
           "auto_unstuck_wallet_exposure_threshold": 0.05538102361568306,
           "backwards_tp": true,
           "ddown_factor": 1.535388071259862,
           "ema_span_0": 313.4572963725598,
           "ema_span_1": 1400.6027140537506,
           "enabled": false,
           "initial_eprice_ema_dist": -0.0906935199055858,
           "initial_qty_pct": 0.0860449915254472,
           "markup_range": 0.0555388176590129,
           "min_markup": 0.0010121123944474967,
           "n_close_orders": 3,
           "rentry_pprice_dist": 0.03327039816712494,
           "rentry_pprice_dist_wallet_exposure_weighting": 30.628271127440993,
           "wallet_exposure_limit": 1.0}}