{"config_name": "neat_grid_0days",
 "logging_level": 0,
 "long": {"auto_unstuck_ema_dist": 0.027190008074775875,
          "auto_unstuck_wallet_exposure_threshold": 0.07230893907671322,
          "backwards_tp": true,
          "ema_span_0": 517.7568509946353,
          "ema_span_1": 1238.2403915023488,
          "enabled": true,
          "eprice_exp_base": 1.4215497409678792,
          "eqty_exp_base": 2.2935932763869014,
          "grid_span": 0.40358765276660785,
          "initial_eprice_ema_dist": -0.08073399935286285,
          "initial_qty_pct": 0.01,
          "markup_range": 0.0013550705554114856,
          "max_n_entry_orders": 9,
          "min_markup": 0.002,
          "n_close_orders": 8,
          "wallet_exposure_limit": 0.1},
 "short": {"auto_unstuck_ema_dist": 0.07236412435453612,
           "auto_unstuck_wallet_exposure_threshold": 0.02813999665492906,
           "backwards_tp": true,
           "ema_span_0": 678.4867045136789,
           "ema_span_1": 4789.87336252478,
           "enabled": true,
           "eprice_exp_base": 1.6143169912044397,
           "eqty_exp_base": 1.6693173875363558,
           "grid_span": 0.4993084263054158,
           "initial_eprice_ema_dist": -0.06830748198651261,
           "initial_qty_pct": 0.01,
           "markup_range": 0.0019180171897004693,
           "max_n_entry_orders": 8,
           "min_markup": 0.002,
           "n_close_orders": 11,
           "wallet_exposure_limit": 0.1}}