{"config_name": "recursive_grid_0days",
 "logging_level": 0,
 "long": {"auto_unstuck_ema_dist": 0.005213658053367844,
          "auto_unstuck_wallet_exposure_threshold": 0.03173675399520196,
          "backwards_tp": false,
          "ddown_factor": 1.746367672697484,
          "ema_span_0": 296.46758943411686,
          "ema_span_1": 28.37035382779115,
          "enabled": true,
          "initial_eprice_ema_dist": 0.0023191408960768194,
          "initial_qty_pct": 0.004985162742708506,
          "markup_range": 0.05876083789481795,
          "min_markup": 0.00270102246370465,
          "n_close_orders": 28,
          "rentry_pprice_dist": 0.03468156330753739,
          "rentry_pprice_dist_wallet_exposure_weighting": 0.0,
          "wallet_exposure_limit": 0.2},
 "short": {"auto_unstuck_ema_dist": -0.08465774405137964,
           "auto_unstuck_wallet_exposure_threshold": 0.04709354241084369,
           "backwards_tp": false,
           "ddown_factor": 2.224367687279753,
           "ema_span_0": 723.1884561291629,
           "ema_span_1": 398.3859057760393,
           "enabled": false,
           "initial_eprice_ema_dist": -0.002986834668210883,
           "initial_qty_pct": 0.09140154356053054,
           "markup_range": 0.0413302753537802,
           "min_markup": 0.003248124083699897,
           "n_close_orders": 4,
           "rentry_pprice_dist": 0.02704568315755174,
           "rentry_pprice_dist_wallet_exposure_weighting": 5.5425659121224875,
           "wallet_exposure_limit": 1.0}}