{"config_name": "recursive_grid_0days",
 "logging_level": 0,
 "long": {"auto_unstuck_ema_dist": 0.0012603284290962856,
          "auto_unstuck_wallet_exposure_threshold": 0.05171171590372237,
          "backwards_tp": true,
          "ddown_factor": 1.6381905733535358,
          "ema_span_0": 227.7247939483867,
          "ema_span_1": 313.36324000384013,
          "enabled": true,
          "initial_eprice_ema_dist": 0.007618826470906259,
          "initial_qty_pct": 0.016238789815400695,
          "markup_range": 0.003961012282068409,
          "min_markup": 0.004696860023559291,
          "n_close_orders": 3,
          "rentry_pprice_dist": 0.017208631942530236,
          "rentry_pprice_dist_wallet_exposure_weighting": 0.15242896973172906,
          "wallet_exposure_limit": 0.3},
 "short": {"auto_unstuck_ema_dist": -0.03888464733395494,
           "auto_unstuck_wallet_exposure_threshold": 0.0721079255807981,
           "backwards_tp": true,
           "ddown_factor": 1.949807990591695,
           "ema_span_0": 312.20175039605505,
           "ema_span_1": 564.7247896180962,
           "enabled": false,
           "initial_eprice_ema_dist": 0.004594798634732472,
           "initial_qty_pct": 0.07714653330617255,
           "markup_range": 0.020472695949798288,
           "min_markup": 0.004428056078008466,
           "n_close_orders": 5,
           "rentry_pprice_dist": 0.03709984457718167,
           "rentry_pprice_dist_wallet_exposure_weighting": 23.787503516155795,
           "wallet_exposure_limit": 1.0}}