{"config_name": "emas_0days",
 "long": {"delay_between_fills_minutes_close": 486.7625392742043,
          "delay_between_fills_minutes_entry": 270.3043399299125,
          "delay_weight_close": -79.1751177083484,
          "delay_weight_entry": 16.751863312422834,
          "ema_dist_lower": 0.01084333361357929,
          "ema_dist_upper": 0.001971329097680278,
          "ema_span_0": 71.46887493748177,
          "ema_span_1": 145.06725283637775,
          "enabled": true,
          "markup_range": 0.026248471315057954,
          "min_markup": 0.019839678265306256,
          "n_close_orders": 3,
          "qty_pct_close": 0.016991769791690474,
          "qty_pct_entry": 0.017419727763226596,
          "wallet_exposure_limit": 1,
          "we_multiplier_close": 2.041869554961964,
          "we_multiplier_entry": 105.66300566571795},
 "short": {"delay_between_fills_minutes_close": 257.9475941697921,
           "delay_between_fills_minutes_entry": 400.741886070371,
           "delay_weight_close": 52.77052768022793,
           "delay_weight_entry": 26.236260344197916,
           "ema_dist_lower": 0.018819158652925116,
           "ema_dist_upper": 0.00665881136692881,
           "ema_span_0": 685.552013400255,
           "ema_span_1": 2212.77248943328,
           "enabled": false,
           "markup_range": 0.01585489480417133,
           "min_markup": 0.0020488389246618045,
           "n_close_orders": 3,
           "qty_pct_close": 0.031718926861987,
           "qty_pct_entry": 0.006076889233214211,
           "wallet_exposure_limit": 1.0,
           "we_multiplier_close": 123.57151949496074,
           "we_multiplier_entry": 60.250119328127056}}