{"config_name": "recursive_grid_0days",
 "logging_level": 0,
 "long": {"auto_unstuck_ema_dist": -0.00445372564103928,
          "auto_unstuck_wallet_exposure_threshold": 0.07339628977796245,
          "backwards_tp": true,
          "ddown_factor": 1.9440261372420913,
          "ema_span_0": 537.1607660508026,
          "ema_span_1": 1294.808385809274,
          "enabled": true,
          "initial_eprice_ema_dist": 0.002841678608022415,
          "initial_qty_pct": 0.01726432416416914,
          "markup_range": 0.001487543378587104,
          "min_markup": 0.006656624682096441,
          "n_close_orders": 8,
          "rentry_pprice_dist": 0.014413448897489092,
          "rentry_pprice_dist_wallet_exposure_weighting": 8.060519848067946,
          "wallet_exposure_limit": 0.3},
 "short": {"auto_unstuck_ema_dist": -0.061141475821110576,
           "auto_unstuck_wallet_exposure_threshold": 0.0868880026389123,
           "backwards_tp": true,
           "ddown_factor": 0.28660991832776533,
           "ema_span_0": 662.9026402112715,
           "ema_span_1": 744.9599522703392,
           "enabled": false,
           "initial_eprice_ema_dist": -0.018896844435233512,
           "initial_qty_pct": 0.05834002184728793,
           "markup_range": 0.054146076594229285,
           "min_markup": 0.007306589669993118,
           "n_close_orders": 11,
           "rentry_pprice_dist": 0.048668409260578534,
           "rentry_pprice_dist_wallet_exposure_weighting": 34.53495050449292,
           "wallet_exposure_limit": 1.0}}