{"config_name": "recursive_grid_0days",
 "logging_level": 0,
 "long": {"auto_unstuck_ema_dist": 0.0,
          "auto_unstuck_wallet_exposure_threshold": 0.0,
          "backwards_tp": true,
          "ddown_factor": 2.6074661458428583,
          "ema_span_0": 146.42844374845492,
          "ema_span_1": 161.41730689328824,
          "enabled": true,
          "initial_eprice_ema_dist": -0.0920320215080976,
          "initial_qty_pct": 0.0010065679958188652,
          "markup_range": 0.004818747784230852,
          "min_markup": 0.002150948657457106,
          "n_close_orders": 9,
          "rentry_pprice_dist": 0.02289812342010648,
          "rentry_pprice_dist_wallet_exposure_weighting": 0.09253693759419263,
          "wallet_exposure_limit": 0.1},
 "short": {"auto_unstuck_ema_dist": 0.0168060319391653,
           "auto_unstuck_wallet_exposure_threshold": 0.0344366026816102,
           "backwards_tp": true,
           "ddown_factor": 2.4600604454574886,
           "ema_span_0": 1918.717555354411,
           "ema_span_1": 8880.989082904958,
           "enabled": false,
           "initial_eprice_ema_dist": -0.015307518161352517,
           "initial_qty_pct": 0.015,
           "markup_range": 0.021701447257591253,
           "min_markup": 0.003818218211147757,
           "n_close_orders": 17,
           "rentry_pprice_dist": 0.04592228021557904,
           "rentry_pprice_dist_wallet_exposure_weighting": 13.570687797715937,
           "wallet_exposure_limit": 0.1}}