{"config_name": "recursive_grid_0days",
 "logging_level": 0,
 "long": {"auto_unstuck_ema_dist": 0,
          "auto_unstuck_wallet_exposure_threshold": 0.0,
          "backwards_tp": false,
          "ddown_factor": 2.0531943783490623,
          "ema_span_0": 632.6678618466575,
          "ema_span_1": 892.4446977018869,
          "enabled": true,
          "initial_eprice_ema_dist": -0.031244777392338285,
          "initial_qty_pct": 0.0015843759572947743,
          "markup_range": 0.05194863386166659,
          "min_markup": 0.009552944680128992,
          "n_close_orders": 2,
          "rentry_pprice_dist": 0.025909929461595177,
          "rentry_pprice_dist_wallet_exposure_weighting": 1.8317416161732474,
          "wallet_exposure_limit": 0.2},
 "short": {"auto_unstuck_ema_dist": -0.07970643743322471,
           "auto_unstuck_wallet_exposure_threshold": 0.0877230328277705,
           "backwards_tp": false,
           "ddown_factor": 0.9589316910777619,
           "ema_span_0": 1104.3949307396308,
           "ema_span_1": 282.43445210906464,
           "enabled": false,
           "initial_eprice_ema_dist": -0.0023777949669785553,
           "initial_qty_pct": 0.017033846156168195,
           "markup_range": 0.014475568768294965,
           "min_markup": 0.007533937155992644,
           "n_close_orders": 7,
           "rentry_pprice_dist": 0.03265766553331287,
           "rentry_pprice_dist_wallet_exposure_weighting": 2.9299194267173,
           "wallet_exposure_limit": 1.0}}