{"config_name": "recursive_grid_0days",
 "logging_level": 0,
 "long": {"auto_unstuck_ema_dist": 0,
          "auto_unstuck_wallet_exposure_threshold": 0.0,
          "backwards_tp": false,
          "ddown_factor": 2.1429,
          "ema_span_0": 695.0895639717559,
          "ema_span_1": 44.0852324911481,
          "enabled": true,
          "initial_eprice_ema_dist": 0.0023923558617786576,
          "initial_qty_pct": 0.0031893,
          "markup_range": 0.028078,
          "min_markup": 0.005709,
          "n_close_orders": 5,
          "rentry_pprice_dist": 0.018515,
          "rentry_pprice_dist_wallet_exposure_weighting": 2.1199,
          "wallet_exposure_limit": 0.2},
 "short": {"auto_unstuck_ema_dist": -0.08659565681160854,
           "auto_unstuck_wallet_exposure_threshold": 0.07389250597638494,
           "backwards_tp": false,
           "ddown_factor": 1.0208012269827111,
           "ema_span_0": 467.4727875112215,
           "ema_span_1": 859.8497278580979,
           "enabled": false,
           "initial_eprice_ema_dist": -0.012621456851887286,
           "initial_qty_pct": 0.055935957641177536,
           "markup_range": 0.01309543662740608,
           "min_markup": 0.0058564613597739046,
           "n_close_orders": 4,
           "rentry_pprice_dist": 0.03624974804548732,
           "rentry_pprice_dist_wallet_exposure_weighting": 5.068203978343615,
           "wallet_exposure_limit": 1.0}}