{"config_name": "recursive_grid_0days",
 "logging_level": 0,
 "long": {"auto_unstuck_ema_dist": 0,
          "auto_unstuck_wallet_exposure_threshold": 0.0,
          "backwards_tp": false,
          "ddown_factor": 2.6243974450500778,
          "ema_span_0": 449.2641556693977,
          "ema_span_1": 544.5537743076454,
          "enabled": true,
          "initial_eprice_ema_dist": -0.1627343456301345,
          "initial_qty_pct": 0.0013305081226999593,
          "markup_range": 0.05194863386166659,
          "min_markup": 0.0023597769989060083,
          "n_close_orders": 2,
          "rentry_pprice_dist": 0.03167645219819505,
          "rentry_pprice_dist_wallet_exposure_weighting": 3.5789025492612865,
          "wallet_exposure_limit": 0.2},
 "short": {"auto_unstuck_ema_dist": -0.037683670603826595,
           "auto_unstuck_wallet_exposure_threshold": 0.08169961713345696,
           "backwards_tp": false,
           "ddown_factor": 1.3425646263961315,
           "ema_span_0": 677.405178145873,
           "ema_span_1": 1363.6157559557057,
           "enabled": false,
           "initial_eprice_ema_dist": -0.018532485700766668,
           "initial_qty_pct": 0.05056161498905086,
           "markup_range": 0.029951527638348425,
           "min_markup": 0.0011841760943724123,
           "n_close_orders": 4,
           "rentry_pprice_dist": 0.035585135273900996,
           "rentry_pprice_dist_wallet_exposure_weighting": 11.837335380607684,
           "wallet_exposure_limit": 1.0}}