{"config_name": "recursive_grid_0days",
 "logging_level": 0,
 "long": {"auto_unstuck_ema_dist": 0,
          "auto_unstuck_wallet_exposure_threshold": 0.06346557903827332,
          "backwards_tp": true,
          "ddown_factor": 1.9416526156616978,
          "ema_span_0": 335.55556484846966,
          "ema_span_1": 372.51118858510296,
          "enabled": true,
          "initial_eprice_ema_dist": 0.013137478519059956,
          "initial_qty_pct": 0.018422404452353488,
          "markup_range": 0.00448950114488964,
          "min_markup": 0.0035758333002716813,
          "n_close_orders": 3,
          "rentry_pprice_dist": 0.04191485243282013,
          "rentry_pprice_dist_wallet_exposure_weighting": 1.4373605214950014,
          "wallet_exposure_limit": 0.3},
 "short": {"auto_unstuck_ema_dist": 0.0013318353663973465,
           "auto_unstuck_wallet_exposure_threshold": 0.07856595608445677,
           "backwards_tp": true,
           "ddown_factor": 1.355095612597206,
           "ema_span_0": 1078.041198342737,
           "ema_span_1": 377.15297312649466,
           "enabled": false,
           "initial_eprice_ema_dist": -0.07387295031506481,
           "initial_qty_pct": 0.08698087584462201,
           "markup_range": 0.02811082508683591,
           "min_markup": 0.0014511123404978242,
           "n_close_orders": 11,
           "rentry_pprice_dist": 0.017393491100355117,
           "rentry_pprice_dist_wallet_exposure_weighting": 6.941477485696774,
           "wallet_exposure_limit": 1.0}}