{"config_name": "clock_0days",
 "long": {"backwards_tp": true,
          "delay_between_fills_minutes_close": 401.2161983520816,
          "delay_between_fills_minutes_entry": 107.2586739928509,
          "delay_weight_close": 11.207954195289833,
          "delay_weight_entry": 23.770704540743857,
          "ema_dist_close": 0.0024857127406268252,
          "ema_dist_entry": 0.011149779281312902,
          "ema_span_0": 529.4679348337177,
          "ema_span_1": 619.1705610047244,
          "enabled": true,
          "markup_range": 0.014186074994698405,
          "min_markup": 0.00485092680194254,
          "n_close_orders": 6,
          "qty_pct_close": 0.013010022342809997,
          "qty_pct_entry": 0.011716640385761715,
          "wallet_exposure_limit": 0.3,
          "we_multiplier_close": 38.94696232750995,
          "we_multiplier_entry": 8.044979796212639},
 "short": {"backwards_tp": true,
           "delay_between_fills_minutes_close": 310.9799428253863,
           "delay_between_fills_minutes_entry": 39.248520406236985,
           "delay_weight_close": 31.53584204336116,
           "delay_weight_entry": 17.93326193455594,
           "ema_dist_close": -0.20055729576424064,
           "ema_dist_entry": -0.6920775247792523,
           "ema_span_0": 378.06016719826744,
           "ema_span_1": 200.50187203538715,
           "enabled": false,
           "markup_range": 0.01611735140641703,
           "min_markup": 0.0854296426170799,
           "n_close_orders": 3,
           "qty_pct_close": 0.01,
           "qty_pct_entry": 0.01,
           "wallet_exposure_limit": 1.0,
           "we_multiplier_close": 38.32095256292055,
           "we_multiplier_entry": 2.8595780410462512}}