{"config_name": "recursive_grid_0days",
 "logging_level": 0,
 "long": {"auto_unstuck_ema_dist": -0.002967210226928323,
          "auto_unstuck_wallet_exposure_threshold": 0.07360516422389587,
          "backwards_tp": true,
          "ddown_factor": 2.8889021692853376,
          "ema_span_0": 380.9279718671883,
          "ema_span_1": 758.8844981043147,
          "enabled": true,
          "initial_eprice_ema_dist": 0.004783335188775453,
          "initial_qty_pct": 0.017853082846642637,
          "markup_range": 0.005308543134058638,
          "min_markup": 0.0040917948148520315,
          "n_close_orders": 7,
          "rentry_pprice_dist": 0.030866628874745183,
          "rentry_pprice_dist_wallet_exposure_weighting": 0.6909404826026992,
          "wallet_exposure_limit": 0.3},
 "short": {"auto_unstuck_ema_dist": -0.08336455470716962,
           "auto_unstuck_wallet_exposure_threshold": 0.0438895657829027,
           "backwards_tp": true,
           "ddown_factor": 0.4669071393394567,
           "ema_span_0": 141.0174666337751,
           "ema_span_1": 1086.1644165741868,
           "enabled": false,
           "initial_eprice_ema_dist": -0.0005562922979172186,
           "initial_qty_pct": 0.06749657207476095,
           "markup_range": 0.04541028455333236,
           "min_markup": 0.004263421607730661,
           "n_close_orders": 9,
           "rentry_pprice_dist": 0.045165107304416786,
           "rentry_pprice_dist_wallet_exposure_weighting": 3.322585563453657,
           "wallet_exposure_limit": 1.0}}