{"config_name": "clock_0days",
 "long": {"delay_between_fills_minutes_close": 1281.7385906791555,
          "delay_between_fills_minutes_entry": 1380.5542330497387,
          "delay_weight_close": 59.06677520582752,
          "delay_weight_entry": 5.122975407434984,
          "ema_dist_lower": 0.00487101567640621,
          "ema_dist_upper": 0.019562926262634086,
          "ema_span_0": 10,
          "ema_span_1": 1204.3945476910083,
          "enabled": true,
          "markup_range": 0.005922116798721103,
          "min_markup": 0.0018798291948922963,
          "n_close_orders": 7,
          "qty_pct_close": 0.01394976000611842,
          "qty_pct_entry": 0.002172126735193792,
          "wallet_exposure_limit": 0.25,
          "we_multiplier_close": 51.466887824099956,
          "we_multiplier_entry": 102.45014292241363},
 "short": {"delay_between_fills_minutes_close": 1.0,
           "delay_between_fills_minutes_entry": 1055.973057349092,
           "delay_weight_close": 52.12644069678547,
           "delay_weight_entry": 10.882677761098735,
           "ema_dist_lower": 0.00024198517120193464,
           "ema_dist_upper": 0,
           "ema_span_0": 201.5644642903,
           "ema_span_1": 215.33105392112986,
           "enabled": true,
           "markup_range": 0.005795114886471504,
           "min_markup": 0.028838424831995543,
           "n_close_orders": 16,
           "qty_pct_close": 0.05877059959879657,
           "qty_pct_entry": 0.0884572116307045,
           "wallet_exposure_limit": 0.1,
           "we_multiplier_close": 15.868307070583874,
           "we_multiplier_entry": 150}}