{"config_name": "clock_0days",
 "long": {"backwards_tp": true,
          "delay_between_fills_minutes_close": 468.8663835225906,
          "delay_between_fills_minutes_entry": 328.27518604492934,
          "delay_weight_close": 139.1400776628456,
          "delay_weight_entry": 64.03433655732206,
          "ema_dist_close": -0.02352758212454306,
          "ema_dist_entry": 0.008791885126842975,
          "ema_span_0": 809.8140652885725,
          "ema_span_1": 461.37046776038994,
          "enabled": true,
          "markup_range": 0.019832613105147737,
          "min_markup": 0.025953451886064495,
          "n_close_orders": 9,
          "qty_pct_close": 0.01240605057992867,
          "qty_pct_entry": 0.010194637243226468,
          "wallet_exposure_limit": 0.3,
          "we_multiplier_close": 13.156141342897959,
          "we_multiplier_entry": 20.04269965821665},
 "short": {"backwards_tp": false,
           "delay_between_fills_minutes_close": 60.74354777417571,
           "delay_between_fills_minutes_entry": 793.1182291467518,
           "delay_weight_close": 41.04834375494871,
           "delay_weight_entry": 8.51227633483157,
           "ema_dist_close": 0.004178907490232614,
           "ema_dist_entry": -0.049620506623481046,
           "ema_span_0": 484.989869188896,
           "ema_span_1": 1320.6072454782322,
           "enabled": false,
           "markup_range": 0.05597611779885891,
           "min_markup": 0.01478278912494324,
           "n_close_orders": 11,
           "qty_pct_close": 0.6240910767811192,
           "qty_pct_entry": 0.08515417051367095,
           "wallet_exposure_limit": 1.0,
           "we_multiplier_close": 9.616200013506907,
           "we_multiplier_entry": 84.8611923299713}}