{"config_name": "recursive_grid_0days",
 "logging_level": 0,
 "long": {"auto_unstuck_ema_dist": 0.004770696705669134,
          "auto_unstuck_wallet_exposure_threshold": 0.05636023384591279,
          "backwards_tp": true,
          "ddown_factor": 2.9197005156199047,
          "ema_span_0": 291.63321992003864,
          "ema_span_1": 56.096763677873724,
          "enabled": true,
          "initial_eprice_ema_dist": -0.09953455444697469,
          "initial_qty_pct": 0.012804265000969133,
          "markup_range": 0.005004007912614985,
          "min_markup": 0.004599211122563795,
          "n_close_orders": 4,
          "rentry_pprice_dist": 0.02811083262596409,
          "rentry_pprice_dist_wallet_exposure_weighting": 3.988795659044011,
          "wallet_exposure_limit": 0.3},
 "short": {"auto_unstuck_ema_dist": -0.09444036993227245,
           "auto_unstuck_wallet_exposure_threshold": 0.05905052685554375,
           "backwards_tp": true,
           "ddown_factor": 0.3105999301038409,
           "ema_span_0": 199.71676341223636,
           "ema_span_1": 561.1900003568525,
           "enabled": false,
           "initial_eprice_ema_dist": -0.07592531832085245,
           "initial_qty_pct": 0.07649429195299129,
           "markup_range": 0.04829545208090633,
           "min_markup": 0.0025745130023381905,
           "n_close_orders": 1,
           "rentry_pprice_dist": 0.02633942120952243,
           "rentry_pprice_dist_wallet_exposure_weighting": 33.11693783246595,
           "wallet_exposure_limit": 1.0}}