{"config_name": "recursive_grid_0days",
 "logging_level": 0,
 "long": {"auto_unstuck_ema_dist": 0,
          "auto_unstuck_wallet_exposure_threshold": 0.0,
          "backwards_tp": false,
          "ddown_factor": 2.3780631105069636,
          "ema_span_0": 633.022514277828,
          "ema_span_1": 250.2305677332096,
          "enabled": true,
          "initial_eprice_ema_dist": -0.03190632763989766,
          "initial_qty_pct": 0.003898379406496152,
          "markup_range": 0.049390171240432656,
          "min_markup": 0.005761973124349637,
          "n_close_orders": 2,
          "rentry_pprice_dist": 0.031491451958616586,
          "rentry_pprice_dist_wallet_exposure_weighting": 2.789494681247104,
          "wallet_exposure_limit": 0.2},
 "short": {"auto_unstuck_ema_dist": -0.027258091636347945,
           "auto_unstuck_wallet_exposure_threshold": 0.06448820019118627,
           "backwards_tp": false,
           "ddown_factor": 2.5861884940364606,
           "ema_span_0": 47.972014194516106,
           "ema_span_1": 1131.7999975906557,
           "enabled": false,
           "initial_eprice_ema_dist": -0.07005282969165375,
           "initial_qty_pct": 0.015796687179140532,
           "markup_range": 0.0017232496383975703,
           "min_markup": 0.006273252388748651,
           "n_close_orders": 5,
           "rentry_pprice_dist": 0.026022434507070726,
           "rentry_pprice_dist_wallet_exposure_weighting": 9.319669953107892,
           "wallet_exposure_limit": 1.0}}