{"config_name": "recursive_grid_0days",
 "logging_level": 0,
 "long": {"auto_unstuck_ema_dist": -0.0010180635784156969,
          "auto_unstuck_wallet_exposure_threshold": 0.0778346173713932,
          "backwards_tp": true,
          "ddown_factor": 2.87591220820707,
          "ema_span_0": 467.04418217912195,
          "ema_span_1": 975.4452107374024,
          "enabled": true,
          "initial_eprice_ema_dist": 0.007356361437010766,
          "initial_qty_pct": 0.022651499797169402,
          "markup_range": 0.0,
          "min_markup": 0.006662216017013986,
          "n_close_orders": 9,
          "rentry_pprice_dist": 0.02802448428340684,
          "rentry_pprice_dist_wallet_exposure_weighting": 3.1424946382760846,
          "wallet_exposure_limit": 0.3},
 "short": {"auto_unstuck_ema_dist": -0.0013162421664020263,
           "auto_unstuck_wallet_exposure_threshold": 0.08123298358733765,
           "backwards_tp": true,
           "ddown_factor": 1.0760266374003236,
           "ema_span_0": 488.79604827636444,
           "ema_span_1": 1044.9375638711006,
           "enabled": false,
           "initial_eprice_ema_dist": -0.012240328635226144,
           "initial_qty_pct": 0.0986619129355638,
           "markup_range": 0.024837313162328203,
           "min_markup": 0.007596559326484075,
           "n_close_orders": 16,
           "rentry_pprice_dist": 0.018306817510099643,
           "rentry_pprice_dist_wallet_exposure_weighting": 15.507480313258547,
           "wallet_exposure_limit": 1.0}}