{"config_name": "recursive_grid_0days",
 "logging_level": 0,
 "long": {"auto_unstuck_ema_dist": 0,
          "auto_unstuck_wallet_exposure_threshold": 0.0,
          "backwards_tp": false,
          "ddown_factor": 1.9260977668470287,
          "ema_span_0": 295.19897571877357,
          "ema_span_1": 33.175887187193176,
          "enabled": true,
          "initial_eprice_ema_dist": 0.0023974491725151977,
          "initial_qty_pct": 0.004874286142055294,
          "markup_range": 0.057134840747641996,
          "min_markup": 0.002340594752997174,
          "n_close_orders": 12,
          "rentry_pprice_dist": 0.037452754051087174,
          "rentry_pprice_dist_wallet_exposure_weighting": 0.0,
          "wallet_exposure_limit": 1},
 "short": {"auto_unstuck_ema_dist": -0.014170076525041517,
           "auto_unstuck_wallet_exposure_threshold": 0.07489174876543031,
           "backwards_tp": false,
           "ddown_factor": 2.0940121213188174,
           "ema_span_0": 627.7933831389189,
           "ema_span_1": 83.38185990522688,
           "enabled": false,
           "initial_eprice_ema_dist": -0.07825890547241002,
           "initial_qty_pct": 0.03376608491289041,
           "markup_range": 0.018161547300947534,
           "min_markup": 0.003400255611364495,
           "n_close_orders": 3,
           "rentry_pprice_dist": 0.03450830696456709,
           "rentry_pprice_dist_wallet_exposure_weighting": 6.185075064142431,
           "wallet_exposure_limit": 1}}