{"config_name": "recursive_grid_0days",
 "logging_level": 0,
 "long": {"auto_unstuck_ema_dist": 0.0046800754243514,
          "auto_unstuck_wallet_exposure_threshold": 0.07091459088799922,
          "backwards_tp": true,
          "ddown_factor": 1.6593495055540581,
          "ema_span_0": 10,
          "ema_span_1": 157.26847471514202,
          "enabled": true,
          "initial_eprice_ema_dist": 0.005107031051184929,
          "initial_qty_pct": 0.022494359948193765,
          "markup_range": 0.0102019085182073,
          "min_markup": 0.0023214843285171787,
          "n_close_orders": 3,
          "rentry_pprice_dist": 0.03427670186197985,
          "rentry_pprice_dist_wallet_exposure_weighting": 0.0,
          "wallet_exposure_limit": 0.3},
 "short": {"auto_unstuck_ema_dist": -0.05264594562456135,
           "auto_unstuck_wallet_exposure_threshold": 0.0895437174842228,
           "backwards_tp": true,
           "ddown_factor": 2.1615514963465534,
           "ema_span_0": 116.17540664987615,
           "ema_span_1": 554.260277823671,
           "enabled": false,
           "initial_eprice_ema_dist": -0.031537601435084064,
           "initial_qty_pct": 0.08528843147583634,
           "markup_range": 0.04771033093206232,
           "min_markup": 0.0032508752170334622,
           "n_close_orders": 5,
           "rentry_pprice_dist": 0.02087070486221946,
           "rentry_pprice_dist_wallet_exposure_weighting": 30.948564274133233,
           "wallet_exposure_limit": 1.0}}