{"config_name": "clock_0days",
 "long": {"backwards_tp": false,
          "delay_between_fills_minutes_close": 1440,
          "delay_between_fills_minutes_entry": 706.4785412194929,
          "delay_weight_close": 35.63774154821349,
          "delay_weight_entry": 11.511655829144226,
          "ema_dist_close": -7.785590939462673e-05,
          "ema_dist_entry": -0.012089502354962652,
          "ema_span_0": 327.9414505616668,
          "ema_span_1": 1440,
          "enabled": true,
          "markup_range": 0.03189371267566531,
          "min_markup": 0.006954990325910746,
          "n_close_orders": 14,
          "qty_pct_close": 0.03889169966812338,
          "qty_pct_entry": 0.01,
          "wallet_exposure_limit": 0.2,
          "we_multiplier_close": 0,
          "we_multiplier_entry": 37.85143814937302},
 "short": {"backwards_tp": false,
           "delay_between_fills_minutes_close": 974.5447399130035,
           "delay_between_fills_minutes_entry": 1137.3097177531129,
           "delay_weight_close": 79.86617704139073,
           "delay_weight_entry": 52.33243660800333,
           "ema_dist_close": -0.04643767733275923,
           "ema_dist_entry": -0.03352397513729579,
           "ema_span_0": 696.2884899480019,
           "ema_span_1": 477.4227833044354,
           "enabled": false,
           "markup_range": 0.017647933762303034,
           "min_markup": 0.009686453515340625,
           "n_close_orders": 4,
           "qty_pct_close": 0.07195457747914105,
           "qty_pct_entry": 0.06321512153163854,
           "wallet_exposure_limit": 1.0,
           "we_multiplier_close": 75.5670131867951,
           "we_multiplier_entry": 60.83667290082553}}