{"config_name": "recursive_grid_0days",
 "logging_level": 0,
 "long": {"auto_unstuck_ema_dist": -0.027095000589757234,
          "auto_unstuck_wallet_exposure_threshold": 0.025,
          "backwards_tp": false,
          "ddown_factor": 2.1429,
          "ema_span_0": 1175.161454028762,
          "ema_span_1": 88.5132371876666,
          "enabled": true,
          "initial_eprice_ema_dist": -8.369976534707978e-05,
          "initial_qty_pct": 0.0031893,
          "markup_range": 0.028078,
          "min_markup": 0.005709,
          "n_close_orders": 5,
          "rentry_pprice_dist": 0.018515,
          "rentry_pprice_dist_wallet_exposure_weighting": 2.1199,
          "wallet_exposure_limit": 0.2},
 "short": {"auto_unstuck_ema_dist": -0.03382211114756349,
           "auto_unstuck_wallet_exposure_threshold": 0.03156718209255298,
           "backwards_tp": false,
           "ddown_factor": 0.6554184786198217,
           "ema_span_0": 751.3106177259374,
           "ema_span_1": 49.414978244364434,
           "enabled": false,
           "initial_eprice_ema_dist": -0.09020933716519505,
           "initial_qty_pct": 0.038559311535755175,
           "markup_range": 0.03851209925930596,
           "min_markup": 0.007521741804178033,
           "n_close_orders": 15,
           "rentry_pprice_dist": 0.005147285671284112,
           "rentry_pprice_dist_wallet_exposure_weighting": 0.4216576340003675,
           "wallet_exposure_limit": 1.0}}