{"config_name": "recursive_grid_0days",
 "logging_level": 0,
 "long": {"auto_unstuck_ema_dist": 0.0,
          "auto_unstuck_wallet_exposure_threshold": 0.0,
          "backwards_tp": false,
          "ddown_factor": 2.0918782296567233,
          "ema_span_0": 470.8471970417498,
          "ema_span_1": 514.1801837451468,
          "enabled": true,
          "initial_eprice_ema_dist": -0.02850815686837468,
          "initial_qty_pct": 0.004572917880501154,
          "markup_range": 0.03710790528782888,
          "min_markup": 0.007914712882258876,
          "n_close_orders": 3,
          "rentry_pprice_dist": 0.027204437837925574,
          "rentry_pprice_dist_wallet_exposure_weighting": 0.0,
          "wallet_exposure_limit": 0.25},
 "short": {"auto_unstuck_ema_dist": 0.0,
           "auto_unstuck_wallet_exposure_threshold": 0.0,
           "backwards_tp": false,
           "ddown_factor": 1.615084601105672,
           "ema_span_0": 247.01117462639183,
           "ema_span_1": 115.18666250567198,
           "enabled": true,
           "initial_eprice_ema_dist": -0.01371614899929987,
           "initial_qty_pct": 0.0046333548532329375,
           "markup_range": 0.01108682608505776,
           "min_markup": 0.006903882593879524,
           "n_close_orders": 1,
           "rentry_pprice_dist": 0.026526100953564363,
           "rentry_pprice_dist_wallet_exposure_weighting": 0.0,
           "wallet_exposure_limit": 0.12}}