{"config_name": "clock_0days",
 "long": {"backwards_tp": true,
          "delay_between_fills_minutes_close": 361.41766444849816,
          "delay_between_fills_minutes_entry": 490.3243891899354,
          "delay_weight_close": 108.37920396321155,
          "delay_weight_entry": 23.11588959769911,
          "ema_dist_close": -0.0042146963137189575,
          "ema_dist_entry": 0.015121197238298566,
          "ema_span_0": 231.39449257594646,
          "ema_span_1": 144.3825813500797,
          "enabled": true,
          "markup_range": 0.018249439875467392,
          "min_markup": 0.008381249620888724,
          "n_close_orders": 3,
          "qty_pct_close": 0.019723567048128714,
          "qty_pct_entry": 0.01,
          "wallet_exposure_limit": 0.3,
          "we_multiplier_close": 69.90351385353614,
          "we_multiplier_entry": 41.40406574125217},
 "short": {"backwards_tp": true,
           "delay_between_fills_minutes_close": 756.9855429058128,
           "delay_between_fills_minutes_entry": 486.5441931192146,
           "delay_weight_close": 46.31884430564924,
           "delay_weight_entry": 27.78580459556731,
           "ema_dist_close": -0.01026623550347068,
           "ema_dist_entry": -0.025507799344554983,
           "ema_span_0": 852.5998310652736,
           "ema_span_1": 224.07922444733944,
           "enabled": false,
           "markup_range": 0.032382572925207076,
           "min_markup": 0.0013570065164275433,
           "n_close_orders": 3,
           "qty_pct_close": 0.08258263978928096,
           "qty_pct_entry": 0.08929250703495174,
           "wallet_exposure_limit": 1.0,
           "we_multiplier_close": 51.860124792713215,
           "we_multiplier_entry": 18.177804050963964}}