{"config_name": "recursive_grid_0days",
 "logging_level": 0,
 "long": {"auto_unstuck_ema_dist": 0.0,
          "auto_unstuck_wallet_exposure_threshold": 0.0,
          "backwards_tp": false,
          "ddown_factor": 3.4924295402275662,
          "ema_span_0": 181.69238303369278,
          "ema_span_1": 268.5331036909322,
          "enabled": true,
          "initial_eprice_ema_dist": -0.02118801737337539,
          "initial_qty_pct": 0.005777950185353279,
          "markup_range": 0.024539137741641976,
          "min_markup": 0.0036142628515393924,
          "n_close_orders": 2,
          "rentry_pprice_dist": 0.027637579363525084,
          "rentry_pprice_dist_wallet_exposure_weighting": 0.8193764623466709,
          "wallet_exposure_limit": 1},
 "short": {"auto_unstuck_ema_dist": -0.0783499707985876,
           "auto_unstuck_wallet_exposure_threshold": 0.08749738382623944,
           "backwards_tp": false,
           "ddown_factor": 1.8263404481716945,
           "ema_span_0": 770.311428495144,
           "ema_span_1": 1087.4822265094738,
           "enabled": false,
           "initial_eprice_ema_dist": -0.002717858221959176,
           "initial_qty_pct": 0.014732481977692172,
           "markup_range": 0.023201106064096394,
           "min_markup": 0.009955058762442081,
           "n_close_orders": 7,
           "rentry_pprice_dist": 0.036004722284978544,
           "rentry_pprice_dist_wallet_exposure_weighting": 13.542654296516927,
           "wallet_exposure_limit": 1.0}}