{"config_name": "clock_0days",
 "long": {"delay_between_fills_minutes_close": 417.9268037288768,
          "delay_between_fills_minutes_entry": 471.46348717645697,
          "delay_weight_close": 88.85094617982448,
          "delay_weight_entry": 34.60595205606405,
          "ema_dist_lower": 0.009370399144382535,
          "ema_dist_upper": -0.04565940810146578,
          "ema_span_0": 940.951849973386,
          "ema_span_1": 767.9051359503914,
          "enabled": true,
          "markup_range": 0.017506135434199648,
          "min_markup": 0.025356789077847094,
          "n_close_orders": 5,
          "qty_pct_close": 0.012591096416840272,
          "qty_pct_entry": 0.012006382766074492,
          "wallet_exposure_limit": 0.3,
          "we_multiplier_close": 1.570274696783391,
          "we_multiplier_entry": 23.38862833363051},
 "short": {"delay_between_fills_minutes_close": 549.4435544679525,
           "delay_between_fills_minutes_entry": 560.7860986750937,
           "delay_weight_close": 7.84817527126179,
           "delay_weight_entry": 8.006626599959228,
           "ema_dist_lower": 0.0060775271360930085,
           "ema_dist_upper": 0.006399153960621258,
           "ema_span_0": 443.2858204859337,
           "ema_span_1": 2232.907555798602,
           "enabled": false,
           "markup_range": 0.07729941302127044,
           "min_markup": 0.025256377589703935,
           "n_close_orders": 7,
           "qty_pct_close": 0.06691164968676519,
           "qty_pct_entry": 0.06189833132503861,
           "wallet_exposure_limit": 1.0,
           "we_multiplier_close": 7.1659087095668195,
           "we_multiplier_entry": 58.26075496729038}}