{"config_name": "recursive_grid_0days",
 "logging_level": 0,
 "long": {"auto_unstuck_ema_dist": 0.004040989947894331,
          "auto_unstuck_wallet_exposure_threshold": 0.07022814690071226,
          "backwards_tp": true,
          "ddown_factor": 3,
          "ema_span_0": 449.65292518619424,
          "ema_span_1": 920.2885782299235,
          "enabled": true,
          "initial_eprice_ema_dist": -0.09464261320111546,
          "initial_qty_pct": 0.011899097505090234,
          "markup_range": 0.002244772250252199,
          "min_markup": 0.004450276289757256,
          "n_close_orders": 15,
          "rentry_pprice_dist": 0.025215057540000974,
          "rentry_pprice_dist_wallet_exposure_weighting": 2.9451314115558427,
          "wallet_exposure_limit": 0.3},
 "short": {"auto_unstuck_ema_dist": -0.08458946396533353,
           "auto_unstuck_wallet_exposure_threshold": 0.05747035421856419,
           "backwards_tp": true,
           "ddown_factor": 1.0263303901637075,
           "ema_span_0": 1383.073787863934,
           "ema_span_1": 1154.1259818332016,
           "enabled": false,
           "initial_eprice_ema_dist": -0.0018310636917471678,
           "initial_qty_pct": 0.08797354260884538,
           "markup_range": 0.05084111101145801,
           "min_markup": 0.005091838198299724,
           "n_close_orders": 12,
           "rentry_pprice_dist": 0.044500484207430746,
           "rentry_pprice_dist_wallet_exposure_weighting": 13.412916650265373,
           "wallet_exposure_limit": 1}}