{"config_name": "neat_grid_0days",
 "logging_level": 0,
 "long": {"auto_unstuck_ema_dist": 0,
          "auto_unstuck_wallet_exposure_threshold": 0.0,
          "backwards_tp": true,
          "ema_span_0": 236.7201926717697,
          "ema_span_1": 2445.7036621056345,
          "enabled": true,
          "eprice_exp_base": 1.5687022162816449,
          "eqty_exp_base": 1.8505140003684146,
          "grid_span": 0.11943392084524873,
          "initial_eprice_ema_dist": -0.0002021018713829469,
          "initial_qty_pct": 0.01,
          "markup_range": 0.002,
          "max_n_entry_orders": 5,
          "min_markup": 0.002,
          "n_close_orders": 5,
          "wallet_exposure_limit": 1},
 "short": {"auto_unstuck_ema_dist": 0.0,
           "auto_unstuck_wallet_exposure_threshold": 0,
           "backwards_tp": true,
           "ema_span_0": 1276.6358245489182,
           "ema_span_1": 2259.7127484746597,
           "enabled": true,
           "eprice_exp_base": 1.1608911064733427,
           "eqty_exp_base": 2.5642434268979,
           "grid_span": 0.15851554520508296,
           "initial_eprice_ema_dist": -0.0660393372991373,
           "initial_qty_pct": 0.01,
           "markup_range": 0.0012465434227977115,
           "max_n_entry_orders": 8,
           "min_markup": 0.003,
           "n_close_orders": 10,
           "wallet_exposure_limit": 0.1}}