{"config_name": "clock_0days",
 "long": {"backwards_tp": true,
          "delay_between_fills_minutes_close": 492.6083405805872,
          "delay_between_fills_minutes_entry": 429.9929806180457,
          "delay_weight_close": 136.15668137747204,
          "delay_weight_entry": 24.223712152164357,
          "ema_dist_close": -0.00473368302355441,
          "ema_dist_entry": -0.6147973677838803,
          "ema_span_0": 733.1934548863479,
          "ema_span_1": 783.161682421106,
          "enabled": true,
          "markup_range": 0.027681003472107075,
          "min_markup": 0.003845122315754072,
          "n_close_orders": 8,
          "qty_pct_close": 0.013165969719186937,
          "qty_pct_entry": 0.012364246870343971,
          "wallet_exposure_limit": 0.3,
          "we_multiplier_close": 17.84324887030112,
          "we_multiplier_entry": 77.88897863475091},
 "short": {"backwards_tp": true,
           "delay_between_fills_minutes_close": 154.03203941990995,
           "delay_between_fills_minutes_entry": 257.8315118999109,
           "delay_weight_close": 42.399478876890065,
           "delay_weight_entry": 66.60492231824561,
           "ema_dist_close": -0.04659208915011695,
           "ema_dist_entry": 0.002500051998265862,
           "ema_span_0": 683.2833765337767,
           "ema_span_1": 466.54719000887025,
           "enabled": false,
           "markup_range": 0.016073137391038106,
           "min_markup": 0.03376141152431925,
           "n_close_orders": 15,
           "qty_pct_close": 0.6318453069117339,
           "qty_pct_entry": 0.7928159125915379,
           "wallet_exposure_limit": 1.0,
           "we_multiplier_close": 4.861675099517554,
           "we_multiplier_entry": 22.072591189398672}}