{"config_name": "recursive_grid_0days",
 "logging_level": 0,
 "long": {"auto_unstuck_ema_dist": 0,
          "auto_unstuck_wallet_exposure_threshold": 0.0,
          "backwards_tp": true,
          "ddown_factor": 2.60357783461382,
          "ema_span_0": 290.2090077041636,
          "ema_span_1": 202.2428763517431,
          "enabled": true,
          "initial_eprice_ema_dist": -0.04946158369315362,
          "initial_qty_pct": 0.005390243881011637,
          "markup_range": 0.007828860127683985,
          "min_markup": 0.006454161195972786,
          "n_close_orders": 1,
          "rentry_pprice_dist": 0.03380666222746972,
          "rentry_pprice_dist_wallet_exposure_weighting": 2.5540244315332754,
          "wallet_exposure_limit": 0.2},
 "short": {"auto_unstuck_ema_dist": 0.002772129529816786,
           "auto_unstuck_wallet_exposure_threshold": 0.06990183545458933,
           "backwards_tp": true,
           "ddown_factor": 1.1220232618890587,
           "ema_span_0": 244.13444125635772,
           "ema_span_1": 42.011184844599924,
           "enabled": false,
           "initial_eprice_ema_dist": -0.013149785671208905,
           "initial_qty_pct": 0.08998661919952851,
           "markup_range": 0.03329676084141483,
           "min_markup": 0.0023737777845561697,
           "n_close_orders": 5,
           "rentry_pprice_dist": 0.014453249303076798,
           "rentry_pprice_dist_wallet_exposure_weighting": 17.24420369827702,
           "wallet_exposure_limit": 1.0}}