{"config_name": "clock_0days",
 "long": {"backwards_tp": true,
          "delay_between_fills_minutes_close": 469.311489214213,
          "delay_between_fills_minutes_entry": 235.06883077043838,
          "delay_weight_close": 78.68232551736904,
          "delay_weight_entry": 25.606858127335386,
          "ema_dist_close": 0.02,
          "ema_dist_entry": -0.00011363030278965618,
          "ema_span_0": 343.72089122784314,
          "ema_span_1": 95.40312396593167,
          "enabled": true,
          "markup_range": 0.014689076751073586,
          "min_markup": 0.0016112597515527207,
          "n_close_orders": 5,
          "qty_pct_close": 0.019317269645380254,
          "qty_pct_entry": 0.010513638932407348,
          "wallet_exposure_limit": 0.3,
          "we_multiplier_close": 142.35091756181046,
          "we_multiplier_entry": 43.07566689626831},
 "short": {"backwards_tp": true,
           "delay_between_fills_minutes_close": 25.97084830670383,
           "delay_between_fills_minutes_entry": 685.1041847542026,
           "delay_weight_close": 99.5864664624973,
           "delay_weight_entry": 89.46117419579898,
           "ema_dist_close": 0.0033939810033697185,
           "ema_dist_entry": -0.03545010422957652,
           "ema_span_0": 656.992574125474,
           "ema_span_1": 1191.813636343174,
           "enabled": false,
           "markup_range": 0.09308489579315037,
           "min_markup": 0.01672430873506031,
           "n_close_orders": 3,
           "qty_pct_close": 0.7362174325675852,
           "qty_pct_entry": 0.2772011075136971,
           "wallet_exposure_limit": 1.0,
           "we_multiplier_close": 2.3276646205637275,
           "we_multiplier_entry": 29.85434294723135}}