{"config_name": "recursive_grid_0days",
 "logging_level": 0,
 "long": {"auto_unstuck_ema_dist": 0,
          "auto_unstuck_wallet_exposure_threshold": 0.0,
          "backwards_tp": false,
          "ddown_factor": 1.013536734796734,
          "ema_span_0": 282.75592785747995,
          "ema_span_1": 882.8001550233013,
          "enabled": true,
          "initial_eprice_ema_dist": -0.14781435930000636,
          "initial_qty_pct": 0.002865055449876326,
          "markup_range": 0.007160309516343079,
          "min_markup": 0.006162978422648643,
          "n_close_orders": 4,
          "rentry_pprice_dist": 0.01765264487966127,
          "rentry_pprice_dist_wallet_exposure_weighting": 0.9895292914176855,
          "wallet_exposure_limit": 0.2},
 "short": {"auto_unstuck_ema_dist": -0.08387216148619064,
           "auto_unstuck_wallet_exposure_threshold": 0.07517867324848468,
           "backwards_tp": false,
           "ddown_factor": 2.183797131427047,
           "ema_span_0": 202.5968701471016,
           "ema_span_1": 1316.4005895460969,
           "enabled": false,
           "initial_eprice_ema_dist": -0.04036006485622151,
           "initial_qty_pct": 0.0160793810664396,
           "markup_range": 0.0015369644778339085,
           "min_markup": 0.004580205553128463,
           "n_close_orders": 16,
           "rentry_pprice_dist": 0.037756264308342134,
           "rentry_pprice_dist_wallet_exposure_weighting": 2.9892985539121963,
           "wallet_exposure_limit": 1.0}}