{"config_name": "clock_0days",
 "long": {"backwards_tp": true,
          "delay_between_fills_minutes_close": 348.628887950489,
          "delay_between_fills_minutes_entry": 331.6855445429221,
          "delay_weight_close": 81.46354223419429,
          "delay_weight_entry": 33.49874527593511,
          "ema_dist_close": -0.004132401904370808,
          "ema_dist_entry": 0.01,
          "ema_span_0": 60.79956946008316,
          "ema_span_1": 338.0437198096496,
          "enabled": true,
          "markup_range": 0.02,
          "min_markup": 0.01,
          "n_close_orders": 3,
          "qty_pct_close": 0.01,
          "qty_pct_entry": 0.01,
          "wallet_exposure_limit": 0.3,
          "we_multiplier_close": 24.55737816205447,
          "we_multiplier_entry": 146.8787368025768},
 "short": {"backwards_tp": true,
           "delay_between_fills_minutes_close": 82.98987534235638,
           "delay_between_fills_minutes_entry": 68.7124066871261,
           "delay_weight_close": 68.5839097988612,
           "delay_weight_entry": 42.77999217163991,
           "ema_dist_close": 0.006440836749697226,
           "ema_dist_entry": 0.00475029649349655,
           "ema_span_0": 357.087532190094,
           "ema_span_1": 532.9285968166981,
           "enabled": false,
           "markup_range": 0.07233753624141234,
           "min_markup": 0.0590856674533356,
           "n_close_orders": 6,
           "qty_pct_close": 0.31083525186020783,
           "qty_pct_entry": 0.34250833173222933,
           "wallet_exposure_limit": 1.0,
           "we_multiplier_close": 8.304823439082604,
           "we_multiplier_entry": 39.66845433373517}}