{"config_name": "clock_0days",
 "long": {"backwards_tp": true,
          "delay_between_fills_minutes_close": 488.59998227281864,
          "delay_between_fills_minutes_entry": 499.6980340814775,
          "delay_weight_close": 120.04757121236405,
          "delay_weight_entry": 26.95076046492376,
          "ema_dist_close": -0.3521314961229981,
          "ema_dist_entry": 0.007253349049623395,
          "ema_span_0": 424.31001506246054,
          "ema_span_1": 251.70321370912825,
          "enabled": true,
          "markup_range": 0.027333996307591646,
          "min_markup": 0.004800029957362262,
          "n_close_orders": 7,
          "qty_pct_close": 0.011264015140926986,
          "qty_pct_entry": 0.017322883411487872,
          "wallet_exposure_limit": 0.3,
          "we_multiplier_close": 10.137132877198823,
          "we_multiplier_entry": 117.83585281570001},
 "short": {"backwards_tp": true,
           "delay_between_fills_minutes_close": 135.8234396665776,
           "delay_between_fills_minutes_entry": 88.15807145417467,
           "delay_weight_close": 61.609518519044286,
           "delay_weight_entry": 56.24711782202424,
           "ema_dist_close": -0.9299556131769482,
           "ema_dist_entry": -0.09719669585072555,
           "ema_span_0": 230.6246112641908,
           "ema_span_1": 41.295459635189445,
           "enabled": false,
           "markup_range": 0.017945200655819962,
           "min_markup": 0.005903031107183169,
           "n_close_orders": 4,
           "qty_pct_close": 0.01,
           "qty_pct_entry": 0.01,
           "wallet_exposure_limit": 1.0,
           "we_multiplier_close": 109.14981380487757,
           "we_multiplier_entry": 66.35931146360807}}