{"config_name": "recursive_grid_0days",
 "logging_level": 0,
 "long": {"auto_unstuck_ema_dist": 0.0038305405853238457,
          "auto_unstuck_wallet_exposure_threshold": 0.010531867326638113,
          "backwards_tp": true,
          "ddown_factor": 2.482683555642521,
          "ema_span_0": 53.47178277838095,
          "ema_span_1": 56.93235577734068,
          "enabled": true,
          "initial_eprice_ema_dist": -0.1,
          "initial_qty_pct": 0.0025501803954328813,
          "markup_range": 0.00512664002891734,
          "min_markup": 0.002569889334023362,
          "n_close_orders": 2,
          "rentry_pprice_dist": 0.026713452334321635,
          "rentry_pprice_dist_wallet_exposure_weighting": 0.0,
          "wallet_exposure_limit": 1},
 "short": {"auto_unstuck_ema_dist": -0.012598200222632236,
           "auto_unstuck_wallet_exposure_threshold": 0.07421770691101554,
           "backwards_tp": true,
           "ddown_factor": 1.8179937353982647,
           "ema_span_0": 495.5803450761134,
           "ema_span_1": 1378.5040238472477,
           "enabled": false,
           "initial_eprice_ema_dist": -0.0264637774768975,
           "initial_qty_pct": 0.08010594808275667,
           "markup_range": 0.04422429870266241,
           "min_markup": 0.00921166186326152,
           "n_close_orders": 3,
           "rentry_pprice_dist": 0.01953479931056456,
           "rentry_pprice_dist_wallet_exposure_weighting": 8.07243853517341,
           "wallet_exposure_limit": 1}}