{"config_name": "recursive_grid_0days",
 "logging_level": 0,
 "long": {"auto_unstuck_ema_dist": -0.001832253936985953,
          "auto_unstuck_wallet_exposure_threshold": 0.07501999386779204,
          "backwards_tp": true,
          "ddown_factor": 2.7312482532004627,
          "ema_span_0": 543.111896647907,
          "ema_span_1": 1153.1187845338875,
          "enabled": true,
          "initial_eprice_ema_dist": -0.025497746589601,
          "initial_qty_pct": 0.022149325652413402,
          "markup_range": 0.012450111607736205,
          "min_markup": 0.0071970139589604245,
          "n_close_orders": 14,
          "rentry_pprice_dist": 0.020912159268471422,
          "rentry_pprice_dist_wallet_exposure_weighting": 4.496480834560855,
          "wallet_exposure_limit": 0.3},
 "short": {"auto_unstuck_ema_dist": -0.0460104357805179,
           "auto_unstuck_wallet_exposure_threshold": 0.0572778919788013,
           "backwards_tp": true,
           "ddown_factor": 0.15179246109337988,
           "ema_span_0": 467.71934725445703,
           "ema_span_1": 222.91636863379705,
           "enabled": false,
           "initial_eprice_ema_dist": -0.03607750206759372,
           "initial_qty_pct": 0.04998040180774411,
           "markup_range": 0.03934873627864452,
           "min_markup": 0.009133673640952546,
           "n_close_orders": 3,
           "rentry_pprice_dist": 0.037439351247515476,
           "rentry_pprice_dist_wallet_exposure_weighting": 26.311215856301352,
           "wallet_exposure_limit": 1.0}}