{"config_name": "neat_grid_0days",
 "logging_level": 0,
 "long": {"auto_unstuck_ema_dist": 0.029733148807068913,
          "auto_unstuck_wallet_exposure_threshold": 0.09177266560839276,
          "backwards_tp": true,
          "ema_span_0": 304.8752695858242,
          "ema_span_1": 164.4592424289038,
          "enabled": true,
          "eprice_exp_base": 1.289260775550943,
          "eqty_exp_base": 1.5575434329812647,
          "grid_span": 0.2582566311142819,
          "initial_eprice_ema_dist": -0.04306447649203948,
          "initial_qty_pct": 0.01,
          "markup_range": 0.002,
          "max_n_entry_orders": 9,
          "min_markup": 0.0029279910376590677,
          "n_close_orders": 15,
          "wallet_exposure_limit": 0.1},
 "short": {"auto_unstuck_ema_dist": 0.07596255006156402,
           "auto_unstuck_wallet_exposure_threshold": 0.029986650822527296,
           "backwards_tp": true,
           "ema_span_0": 1342.3619514791847,
           "ema_span_1": 1450.4508357480208,
           "enabled": true,
           "eprice_exp_base": 1.4023241513896845,
           "eqty_exp_base": 1.8809969895559218,
           "grid_span": 0.5022743484063803,
           "initial_eprice_ema_dist": -0.08183092387700018,
           "initial_qty_pct": 0.01,
           "markup_range": 0.0018180232988307997,
           "max_n_entry_orders": 7,
           "min_markup": 0.0028212322314458698,
           "n_close_orders": 6,
           "wallet_exposure_limit": 0.1}}