{"config_name": "neat_grid_0days",
 "logging_level": 0,
 "long": {"auto_unstuck_ema_dist": 0,
          "auto_unstuck_wallet_exposure_threshold": 0,
          "backwards_tp": true,
          "ema_span_0": 473.83722303842256,
          "ema_span_1": 227.62627614643617,
          "enabled": true,
          "eprice_exp_base": 1.5438966696627716,
          "eqty_exp_base": 2.934223484461817,
          "grid_span": 0.14176803367647328,
          "initial_eprice_ema_dist": -0.08919495411067555,
          "initial_qty_pct": 0.01,
          "markup_range": 0.000781159677877663,
          "max_n_entry_orders": 7,
          "min_markup": 0.002,
          "n_close_orders": 12,
          "wallet_exposure_limit": 1},
 "short": {"auto_unstuck_ema_dist": 0,
           "auto_unstuck_wallet_exposure_threshold": 0,
           "backwards_tp": true,
           "ema_span_0": 10,
           "ema_span_1": 10,
           "enabled": true,
           "eprice_exp_base": 1.0437674271759543,
           "eqty_exp_base": 1.807856980179991,
           "grid_span": 0.17802465449295443,
           "initial_eprice_ema_dist": -0.08328109297740598,
           "initial_qty_pct": 0.01,
           "markup_range": 0.001103960091663565,
           "max_n_entry_orders": 8,
           "min_markup": 0.003,
           "n_close_orders": 17,
           "wallet_exposure_limit": 0.1}}