{"config_name": "recursive_grid_0days",
 "logging_level": 0,
 "long": {"auto_unstuck_ema_dist": 0,
          "auto_unstuck_wallet_exposure_threshold": 0.0,
          "backwards_tp": true,
          "ddown_factor": 1.2159611683861375,
          "ema_span_0": 471.522060598055,
          "ema_span_1": 708.0684640158004,
          "enabled": true,
          "initial_eprice_ema_dist": 0.00796938413622245,
          "initial_qty_pct": 0.01,
          "markup_range": 0.005679909241947433,
          "min_markup": 0.004086093181188272,
          "n_close_orders": 2,
          "rentry_pprice_dist": 0.02575235440496813,
          "rentry_pprice_dist_wallet_exposure_weighting": 3.7098991502368994,
          "wallet_exposure_limit": 0.3},
 "short": {"auto_unstuck_ema_dist": -0.08039840384160826,
           "auto_unstuck_wallet_exposure_threshold": 0.03151478632805996,
           "backwards_tp": true,
           "ddown_factor": 0.3147775673232773,
           "ema_span_0": 274.74543271408527,
           "ema_span_1": 269.7095963572175,
           "enabled": false,
           "initial_eprice_ema_dist": -0.07695334760396165,
           "initial_qty_pct": 0.06706494052165664,
           "markup_range": 0.0584975561808111,
           "min_markup": 0.007303000378746103,
           "n_close_orders": 14,
           "rentry_pprice_dist": 0.036416455617928556,
           "rentry_pprice_dist_wallet_exposure_weighting": 15.610475445716439,
           "wallet_exposure_limit": 1}}