{"config_name": "neat_grid_XLMUSDT_893days",
 "logging_level": 0,
 "long": {"auto_unstuck_ema_dist": 0.0,
          "auto_unstuck_wallet_exposure_threshold": 0,
          "backwards_tp": true,
          "ema_span_0": 67.59570903362061,
          "ema_span_1": 54.152240047630784,
          "enabled": true,
          "eprice_exp_base": 1.2348081388906718,
          "eqty_exp_base": 1.677242596070328,
          "grid_span": 0.3336830172168467,
          "initial_eprice_ema_dist": -0.09609218188328962,
          "initial_qty_pct": 0.01,
          "markup_range": 0.014535713035621185,
          "max_n_entry_orders": 7,
          "min_markup": 0.002,
          "n_close_orders": 7,
          "wallet_exposure_limit": 1},
 "short": {"auto_unstuck_ema_dist": 0.0,
           "auto_unstuck_wallet_exposure_threshold": 0,
           "backwards_tp": true,
           "ema_span_0": 167.3336298685159,
           "ema_span_1": 120,
           "enabled": true,
           "eprice_exp_base": 1.4301259232290997,
           "eqty_exp_base": 1.5981960552026333,
           "grid_span": 0.5026235442820051,
           "initial_eprice_ema_dist": -0.0910804378608189,
           "initial_qty_pct": 0.00931326670437742,
           "markup_range": 0.010662650769211126,
           "max_n_entry_orders": 19,
           "min_markup": 0.006212751800307223,
           "n_close_orders": 6,
           "wallet_exposure_limit": 0.13410171028172785}}