{"config_name": "neat_grid_0days",
 "logging_level": 0,
 "long": {"auto_unstuck_ema_dist": 0.0,
          "auto_unstuck_wallet_exposure_threshold": 0,
          "backwards_tp": true,
          "ema_span_0": 481.74489504249595,
          "ema_span_1": 1875.9025364592296,
          "enabled": true,
          "eprice_exp_base": 1,
          "eqty_exp_base": 1.4723411537748161,
          "grid_span": 0.15642639215135995,
          "initial_eprice_ema_dist": -0.0759536486702991,
          "initial_qty_pct": 0.01,
          "markup_range": 0.0054678144860976574,
          "max_n_entry_orders": 11,
          "min_markup": 0.002,
          "n_close_orders": 5,
          "wallet_exposure_limit": 1},
 "short": {"auto_unstuck_ema_dist": 0,
           "auto_unstuck_wallet_exposure_threshold": 0,
           "backwards_tp": true,
           "ema_span_0": 442.84499295694445,
           "ema_span_1": 9924.57598780047,
           "enabled": true,
           "eprice_exp_base": 1.1181297278960283,
           "eqty_exp_base": 2.031291169390937,
           "grid_span": 0.08980770659144334,
           "initial_eprice_ema_dist": -0.044732449237195444,
           "initial_qty_pct": 0.009448652376063455,
           "markup_range": 0.002985223560940495,
           "max_n_entry_orders": 14,
           "min_markup": 0.004725542495856028,
           "n_close_orders": 15,
           "wallet_exposure_limit": 0.1}}