{"config_name": "clock_0days",
 "long": {"backwards_tp": false,
          "delay_between_fills_minutes_close": 500,
          "delay_between_fills_minutes_entry": 466.09798582413794,
          "delay_weight_close": 39.297852202168116,
          "delay_weight_entry": 33.06000817503328,
          "ema_dist_close": -0.10406057877314379,
          "ema_dist_entry": 0.0065892648596776356,
          "ema_span_0": 861.9295880492994,
          "ema_span_1": 174.3126261273395,
          "enabled": true,
          "markup_range": 0.03893468228929304,
          "min_markup": 0.037911771728522954,
          "n_close_orders": 8,
          "qty_pct_close": 0.010903618716374573,
          "qty_pct_entry": 0.010206953079915159,
          "wallet_exposure_limit": 0.3,
          "we_multiplier_close": 82.46558641046383,
          "we_multiplier_entry": 124.58342082356951},
 "short": {"backwards_tp": false,
           "delay_between_fills_minutes_close": 52.34376428497908,
           "delay_between_fills_minutes_entry": 610.8395743980396,
           "delay_weight_close": 59.78942656389524,
           "delay_weight_entry": 43.19695816133875,
           "ema_dist_close": -0.01886327625223703,
           "ema_dist_entry": 0.008260981338324772,
           "ema_span_0": 402.38772022922814,
           "ema_span_1": 26.078126331633896,
           "enabled": false,
           "markup_range": 0.017016755199167944,
           "min_markup": 0.056934570075998024,
           "n_close_orders": 15,
           "qty_pct_close": 0.581053036231159,
           "qty_pct_entry": 0.6733098995694463,
           "wallet_exposure_limit": 1.0,
           "we_multiplier_close": 1.943414901531244,
           "we_multiplier_entry": 5.0821563607141185}}