{"config_name": "clock_0days",
 "long": {"backwards_tp": true,
          "delay_between_fills_minutes_close": 449.24127547162294,
          "delay_between_fills_minutes_entry": 255.92913647923203,
          "delay_weight_close": 83.49042531301353,
          "delay_weight_entry": 26.895531592325455,
          "ema_dist_close": 0.006334102769075953,
          "ema_dist_entry": 0.01,
          "ema_span_0": 33.640692426823705,
          "ema_span_1": 17.985325578612112,
          "enabled": true,
          "markup_range": 0.01980917444373342,
          "min_markup": 0.009156055049737993,
          "n_close_orders": 3,
          "qty_pct_close": 0.01,
          "qty_pct_entry": 0.01,
          "wallet_exposure_limit": 0.2,
          "we_multiplier_close": 5.8907318677011355,
          "we_multiplier_entry": 84.09996713541773},
 "short": {"backwards_tp": true,
           "delay_between_fills_minutes_close": 495.0268350039836,
           "delay_between_fills_minutes_entry": 350.57343620156826,
           "delay_weight_close": 84.70184396689027,
           "delay_weight_entry": 21.152107280210636,
           "ema_dist_close": -0.1475712154522636,
           "ema_dist_entry": -0.9570206525643725,
           "ema_span_0": 404.576065123489,
           "ema_span_1": 86.11750837200915,
           "enabled": true,
           "markup_range": 0.017883488173803235,
           "min_markup": 0.0029994353315857814,
           "n_close_orders": 2,
           "qty_pct_close": 0.01,
           "qty_pct_entry": 0.01,
           "wallet_exposure_limit": 0.1,
           "we_multiplier_close": 0,
           "we_multiplier_entry": 11.054088781558217}}