{"config_name": "recursive_grid_0days",
 "logging_level": 0,
 "long": {"auto_unstuck_ema_dist": 0.0060387832329053676,
          "auto_unstuck_wallet_exposure_threshold": 0.040323102978672296,
          "backwards_tp": true,
          "ddown_factor": 0.9345580057516807,
          "ema_span_0": 571.9863571354479,
          "ema_span_1": 32.64488266978381,
          "enabled": true,
          "initial_eprice_ema_dist": -0.1,
          "initial_qty_pct": 0.002585620515875543,
          "markup_range": 0.021192536376376466,
          "min_markup": 0.0020321181892613968,
          "n_close_orders": 8,
          "rentry_pprice_dist": 0.03664474912966609,
          "rentry_pprice_dist_wallet_exposure_weighting": 0.0,
          "wallet_exposure_limit": 0.5061750510004259},
 "short": {"auto_unstuck_ema_dist": -0.09159602063690206,
           "auto_unstuck_wallet_exposure_threshold": 0.03267232556868466,
           "backwards_tp": true,
           "ddown_factor": 0.8082782973171182,
           "ema_span_0": 109.8549197388813,
           "ema_span_1": 1089.2442693684,
           "enabled": false,
           "initial_eprice_ema_dist": -0.03268867041821509,
           "initial_qty_pct": 0.04818162634407966,
           "markup_range": 0.03357843919840225,
           "min_markup": 0.004749306234476605,
           "n_close_orders": 7,
           "rentry_pprice_dist": 0.041646497739124454,
           "rentry_pprice_dist_wallet_exposure_weighting": 12.290956746580118,
           "wallet_exposure_limit": 1}}