{"config_name": "recursive_grid_0days",
 "logging_level": 0,
 "long": {"auto_unstuck_ema_dist": 0,
          "auto_unstuck_wallet_exposure_threshold": 0.08705432651671519,
          "backwards_tp": true,
          "ddown_factor": 2.2773838259939456,
          "ema_span_0": 436.7540066924196,
          "ema_span_1": 502.52384146699126,
          "enabled": true,
          "initial_eprice_ema_dist": 0.007025856045503641,
          "initial_qty_pct": 0.01374242843974587,
          "markup_range": 0.003515302913439258,
          "min_markup": 0.005836623220337648,
          "n_close_orders": 15,
          "rentry_pprice_dist": 0.03996428396458834,
          "rentry_pprice_dist_wallet_exposure_weighting": 3.3017571211175842,
          "wallet_exposure_limit": 0.3},
 "short": {"auto_unstuck_ema_dist": -0.08948791768109778,
           "auto_unstuck_wallet_exposure_threshold": 0.045021362562179965,
           "backwards_tp": true,
           "ddown_factor": 0.390320167546924,
           "ema_span_0": 97.87915331264068,
           "ema_span_1": 523.0754642817795,
           "enabled": false,
           "initial_eprice_ema_dist": -0.017921713425177205,
           "initial_qty_pct": 0.06914683886420876,
           "markup_range": 0.0390573696964633,
           "min_markup": 0.008398562152227208,
           "n_close_orders": 7,
           "rentry_pprice_dist": 0.008545293082068068,
           "rentry_pprice_dist_wallet_exposure_weighting": 1.281916030783854,
           "wallet_exposure_limit": 1.0}}