{"config_name": "recursive_grid_0days",
 "logging_level": 0,
 "long": {"auto_unstuck_ema_dist": -6.916337286925513e-05,
          "auto_unstuck_wallet_exposure_threshold": 0.05022414310386524,
          "backwards_tp": true,
          "ddown_factor": 2.96951331263261,
          "ema_span_0": 519.7052539489836,
          "ema_span_1": 687.8389921639133,
          "enabled": true,
          "initial_eprice_ema_dist": 0.010565200536243007,
          "initial_qty_pct": 0.013327833208842139,
          "markup_range": 0.009008648889342856,
          "min_markup": 0.006682314241327245,
          "n_close_orders": 11,
          "rentry_pprice_dist": 0.02905842048454157,
          "rentry_pprice_dist_wallet_exposure_weighting": 0.0,
          "wallet_exposure_limit": 0.3},
 "short": {"auto_unstuck_ema_dist": -0.07897310861447748,
           "auto_unstuck_wallet_exposure_threshold": 0.09330894374564858,
           "backwards_tp": true,
           "ddown_factor": 1.4761137925685632,
           "ema_span_0": 311.5450499460357,
           "ema_span_1": 818.5681634303673,
           "enabled": false,
           "initial_eprice_ema_dist": 0.007453976688369501,
           "initial_qty_pct": 0.059013387189217864,
           "markup_range": 0.007145855446383402,
           "min_markup": 0.005236944867844099,
           "n_close_orders": 14,
           "rentry_pprice_dist": 0.01475955497547676,
           "rentry_pprice_dist_wallet_exposure_weighting": 8.157928851714221,
           "wallet_exposure_limit": 1.0}}