{"config_name": "recursive_grid_0days",
 "logging_level": 0,
 "long": {"auto_unstuck_ema_dist": -0.0018564373771846037,
          "auto_unstuck_wallet_exposure_threshold": 0.06518238279980196,
          "backwards_tp": true,
          "ddown_factor": 2.0847082503525023,
          "ema_span_0": 499.4455961768466,
          "ema_span_1": 636.5664309943963,
          "enabled": true,
          "initial_eprice_ema_dist": -0.02775952918040475,
          "initial_qty_pct": 0.015243420804669557,
          "markup_range": 0.005871208732198796,
          "min_markup": 0.003091638974750844,
          "n_close_orders": 2,
          "rentry_pprice_dist": 0.038693665547196325,
          "rentry_pprice_dist_wallet_exposure_weighting": 2.1663294325911555,
          "wallet_exposure_limit": 1},
 "short": {"auto_unstuck_ema_dist": -0.05043250682121882,
           "auto_unstuck_wallet_exposure_threshold": 0.04048500370126304,
           "backwards_tp": true,
           "ddown_factor": 1.2961410726425584,
           "ema_span_0": 337.3805096449583,
           "ema_span_1": 254.79350181915262,
           "enabled": false,
           "initial_eprice_ema_dist": 0.009569263944774115,
           "initial_qty_pct": 0.04896774602093512,
           "markup_range": 0.0038822824703277203,
           "min_markup": 0.007009880803495936,
           "n_close_orders": 5,
           "rentry_pprice_dist": 0.017901017160314284,
           "rentry_pprice_dist_wallet_exposure_weighting": 22.53982488672692,
           "wallet_exposure_limit": 1.0}}