{"config_name": "clock_0days",
 "long": {"backwards_tp": true,
          "delay_between_fills_minutes_close": 437.0672418203728,
          "delay_between_fills_minutes_entry": 363.33755526914047,
          "delay_weight_close": 127.88678776754715,
          "delay_weight_entry": 27.8314014538512,
          "ema_dist_close": -0.06203862503361755,
          "ema_dist_entry": 0.004165141231136645,
          "ema_span_0": 919.0152644059954,
          "ema_span_1": 76.71002670205306,
          "enabled": true,
          "markup_range": 0.029681547648378437,
          "min_markup": 0.0297197414533138,
          "n_close_orders": 4,
          "qty_pct_close": 0.018203783180593805,
          "qty_pct_entry": 0.012393745466960183,
          "wallet_exposure_limit": 0.3,
          "we_multiplier_close": 126.680448478522,
          "we_multiplier_entry": 135.02192517611684},
 "short": {"backwards_tp": true,
           "delay_between_fills_minutes_close": 43.01136309947602,
           "delay_between_fills_minutes_entry": 462.11680922299945,
           "delay_weight_close": 13.660704265074424,
           "delay_weight_entry": 3.7556567830977894,
           "ema_dist_close": 0.011596153641643781,
           "ema_dist_entry": -0.008359929511314727,
           "ema_span_0": 647.2861289631539,
           "ema_span_1": 954.7934672340918,
           "enabled": false,
           "markup_range": 0.012958266390208263,
           "min_markup": 0.05859344007974143,
           "n_close_orders": 8,
           "qty_pct_close": 0.5547655148969531,
           "qty_pct_entry": 0.9171848847929314,
           "wallet_exposure_limit": 1.0,
           "we_multiplier_close": 8.227567927247128,
           "we_multiplier_entry": 65.02428948263292}}