{"config_name": "recursive_grid_0days",
 "logging_level": 0,
 "long": {"auto_unstuck_ema_dist": 0.01643799020015482,
          "auto_unstuck_wallet_exposure_threshold": 0.0791728507216866,
          "backwards_tp": false,
          "ddown_factor": 1.2102082035948845,
          "ema_span_0": 233.19564791475196,
          "ema_span_1": 464.50204190963046,
          "enabled": true,
          "initial_eprice_ema_dist": -0.1,
          "initial_qty_pct": 0.004544169890695032,
          "markup_range": 0.03831585204629591,
          "min_markup": 0.019237587628435124,
          "n_close_orders": 5,
          "rentry_pprice_dist": 0.04406639116964368,
          "rentry_pprice_dist_wallet_exposure_weighting": 0,
          "wallet_exposure_limit": 1},
 "short": {"auto_unstuck_ema_dist": 0.021075660588367573,
           "auto_unstuck_wallet_exposure_threshold": 0.045176882974769426,
           "backwards_tp": false,
           "ddown_factor": 1.798018849477303,
           "ema_span_0": 2500.1830716160416,
           "ema_span_1": 506.6536970848232,
           "enabled": false,
           "initial_eprice_ema_dist": -0.09677554389458899,
           "initial_qty_pct": 0.016085283106791644,
           "markup_range": 0.0032211914076296245,
           "min_markup": 0.010392581092422084,
           "n_close_orders": 13,
           "rentry_pprice_dist": 0.04721996323500747,
           "rentry_pprice_dist_wallet_exposure_weighting": 53.29788028963473,
           "wallet_exposure_limit": 0.1}}