{"config_name": "neat_grid_0days",
 "logging_level": 0,
 "long": {"auto_unstuck_ema_dist": 0.05778654131387369,
          "auto_unstuck_wallet_exposure_threshold": 0.014830257951118435,
          "backwards_tp": true,
          "ema_span_0": 901.9566719712516,
          "ema_span_1": 1171.238449210414,
          "enabled": true,
          "eprice_exp_base": 1.2574621988885768,
          "eqty_exp_base": 1.5267106568500395,
          "grid_span": 0.40258589078312756,
          "initial_eprice_ema_dist": -0.05647090746692101,
          "initial_qty_pct": 0.01,
          "markup_range": 0.001960723168380426,
          "max_n_entry_orders": 7,
          "min_markup": 0.002,
          "n_close_orders": 8,
          "wallet_exposure_limit": 0.1},
 "short": {"auto_unstuck_ema_dist": 0.061658691570097714,
           "auto_unstuck_wallet_exposure_threshold": 0.017646475807505793,
           "backwards_tp": true,
           "ema_span_0": 1506.0744857887091,
           "ema_span_1": 1704.042273542912,
           "enabled": true,
           "eprice_exp_base": 2.480562681958934,
           "eqty_exp_base": 2.7068606129863295,
           "grid_span": 0.46978940493905547,
           "initial_eprice_ema_dist": -0.05770632141668729,
           "initial_qty_pct": 0.01,
           "markup_range": 0.002490843991823815,
           "max_n_entry_orders": 16,
           "min_markup": 0.002,
           "n_close_orders": 10,
           "wallet_exposure_limit": 0.1}}