{"config_name": "clock_0days",
 "long": {"backwards_tp": true,
          "delay_between_fills_minutes_close": 279.6557869027347,
          "delay_between_fills_minutes_entry": 500,
          "delay_weight_close": 50.92022387253239,
          "delay_weight_entry": 25.24892891693561,
          "ema_dist_close": -0.012832097592058861,
          "ema_dist_entry": -0.06135597661295121,
          "ema_span_0": 552.3425692841375,
          "ema_span_1": 618.114408712052,
          "enabled": true,
          "markup_range": 0.019281615582993766,
          "min_markup": 0.00898852342798767,
          "n_close_orders": 9,
          "qty_pct_close": 0.01894442620276893,
          "qty_pct_entry": 0.010266701600612858,
          "wallet_exposure_limit": 0.3,
          "we_multiplier_close": 3.162630543584942,
          "we_multiplier_entry": 77.68194695223455},
 "short": {"backwards_tp": true,
           "delay_between_fills_minutes_close": 128.25492390092796,
           "delay_between_fills_minutes_entry": 27.37952412908445,
           "delay_weight_close": 19.798686072436155,
           "delay_weight_entry": 27.557579547831935,
           "ema_dist_close": -0.034957428001476165,
           "ema_dist_entry": -0.04174448067741751,
           "ema_span_0": 158.38293706506656,
           "ema_span_1": 1272.8279859436875,
           "enabled": false,
           "markup_range": 0.02639614376172449,
           "min_markup": 0.08310574651744383,
           "n_close_orders": 6,
           "qty_pct_close": 0.18513489621657042,
           "qty_pct_entry": 0.9802177998718375,
           "wallet_exposure_limit": 1.0,
           "we_multiplier_close": 1.911542456040597,
           "we_multiplier_entry": 19.884891515365766}}