{"config_name": "neat_grid_0days",
 "logging_level": 0,
 "long": {"auto_unstuck_ema_dist": 0.08616567263309603,
          "auto_unstuck_wallet_exposure_threshold": 0.008635628125819816,
          "backwards_tp": true,
          "ema_span_0": 1911.929982268264,
          "ema_span_1": 2160.3718235144647,
          "enabled": true,
          "eprice_exp_base": 1.230292070261144,
          "eqty_exp_base": 1.5074184955345098,
          "grid_span": 0.2609165709802884,
          "initial_eprice_ema_dist": -0.025225866091379005,
          "initial_qty_pct": 0.01,
          "markup_range": 0.002748049283605457,
          "max_n_entry_orders": 9,
          "min_markup": 0.002,
          "n_close_orders": 15,
          "wallet_exposure_limit": 1.0},
 "short": {"auto_unstuck_ema_dist": 0.0012941642901320785,
           "auto_unstuck_wallet_exposure_threshold": 0.0968000716605362,
           "backwards_tp": true,
           "ema_span_0": 2413.436852329981,
           "ema_span_1": 2172.827380184709,
           "enabled": true,
           "eprice_exp_base": 1.224313492162299,
           "eqty_exp_base": 2.559888015177429,
           "grid_span": 0.4869388041522769,
           "initial_eprice_ema_dist": -0.08953623758870294,
           "initial_qty_pct": 0.01,
           "markup_range": 0,
           "max_n_entry_orders": 7,
           "min_markup": 0.002,
           "n_close_orders": 15,
           "wallet_exposure_limit": 0.1}}