{"config_name": "clock_0days",
 "long": {"backwards_tp": false,
          "delay_between_fills_minutes_close": 492.377306161881,
          "delay_between_fills_minutes_entry": 436.49353619607507,
          "delay_weight_close": 39.03765452467508,
          "delay_weight_entry": 25.558234079030534,
          "ema_dist_close": -0.004803293606402493,
          "ema_dist_entry": 0.010768401229422886,
          "ema_span_0": 661.787054915182,
          "ema_span_1": 410.2031791937546,
          "enabled": true,
          "markup_range": 0.017457671884992275,
          "min_markup": 0.004856839352880231,
          "n_close_orders": 9,
          "qty_pct_close": 0.017460978489362233,
          "qty_pct_entry": 0.013525189647317066,
          "wallet_exposure_limit": 0.3,
          "we_multiplier_close": 0,
          "we_multiplier_entry": 128.4954435635605},
 "short": {"backwards_tp": false,
           "delay_between_fills_minutes_close": 858.1947004027788,
           "delay_between_fills_minutes_entry": 687.4264802418413,
           "delay_weight_close": 17.806321658925338,
           "delay_weight_entry": 64.12874300136833,
           "ema_dist_close": -0.04869540754639404,
           "ema_dist_entry": -0.0031327469566466426,
           "ema_span_0": 1360.4173441828252,
           "ema_span_1": 927.3307623180725,
           "enabled": false,
           "markup_range": 0.025119576422816415,
           "min_markup": 0.008503877804086298,
           "n_close_orders": 5,
           "qty_pct_close": 0.08277091708582678,
           "qty_pct_entry": 0.03747101071373052,
           "wallet_exposure_limit": 1.0,
           "we_multiplier_close": 59.928216862938754,
           "we_multiplier_entry": 63.973267329182235}}