{"config_name": "recursive_grid_0days",
 "logging_level": 0,
 "long": {"auto_unstuck_ema_dist": 0.019086415977036926,
          "auto_unstuck_wallet_exposure_threshold": 0.05373336939477496,
          "backwards_tp": false,
          "ddown_factor": 1.6909261620158584,
          "ema_span_0": 220.33375878910374,
          "ema_span_1": 538.871708845041,
          "enabled": true,
          "initial_eprice_ema_dist": -0.1,
          "initial_qty_pct": 0.005045825504406351,
          "markup_range": 0.03291770995010978,
          "min_markup": 0.0047315465702173895,
          "n_close_orders": 4,
          "rentry_pprice_dist": 0.026043496245162272,
          "rentry_pprice_dist_wallet_exposure_weighting": 0,
          "wallet_exposure_limit": 1},
 "short": {"auto_unstuck_ema_dist": 0.012994931302135061,
           "auto_unstuck_wallet_exposure_threshold": 0.3686036005395483,
           "backwards_tp": false,
           "ddown_factor": 0.49140256066167365,
           "ema_span_0": 2861.0880298310594,
           "ema_span_1": 6167.393391407414,
           "enabled": false,
           "initial_eprice_ema_dist": -0.015388445259731084,
           "initial_qty_pct": 0.02151913740378668,
           "markup_range": 0.00953983683302853,
           "min_markup": 0.019558992543199344,
           "n_close_orders": 5,
           "rentry_pprice_dist": 0.04573486097002534,
           "rentry_pprice_dist_wallet_exposure_weighting": 27.169472360625846,
           "wallet_exposure_limit": 0.1}}