{"config_name": "recursive_grid_0days",
 "logging_level": 0,
 "long": {"auto_unstuck_ema_dist": 0.0010518452420257495,
          "auto_unstuck_wallet_exposure_threshold": 0.07748419097145498,
          "backwards_tp": true,
          "ddown_factor": 1.9050337945157296,
          "ema_span_0": 653.8767230183566,
          "ema_span_1": 379.985122753695,
          "enabled": true,
          "initial_eprice_ema_dist": 0.006363122989808288,
          "initial_qty_pct": 0.03411354454029343,
          "markup_range": 0.006038240618801861,
          "min_markup": 0.003195421242926637,
          "n_close_orders": 9,
          "rentry_pprice_dist": 0.02080808078897675,
          "rentry_pprice_dist_wallet_exposure_weighting": 0.7018972162311377,
          "wallet_exposure_limit": 0.3},
 "short": {"auto_unstuck_ema_dist": -0.08788640626633613,
           "auto_unstuck_wallet_exposure_threshold": 0.07321627768036747,
           "backwards_tp": true,
           "ddown_factor": 2.8961860509294968,
           "ema_span_0": 709.8400287693416,
           "ema_span_1": 1094.4814806136014,
           "enabled": false,
           "initial_eprice_ema_dist": -0.026022067024174436,
           "initial_qty_pct": 0.0877251980299753,
           "markup_range": 0.009254219270314851,
           "min_markup": 0.005029359195072885,
           "n_close_orders": 11,
           "rentry_pprice_dist": 0.026329629880439114,
           "rentry_pprice_dist_wallet_exposure_weighting": 33.618768498073216,
           "wallet_exposure_limit": 1.0}}