{"config_name": "clock_0days",
 "long": {"backwards_tp": true,
          "delay_between_fills_minutes_close": 471.1063976887487,
          "delay_between_fills_minutes_entry": 409.51363641102245,
          "delay_weight_close": 105.63619780972546,
          "delay_weight_entry": 31.707736696708615,
          "ema_dist_close": 0.0021358717430969426,
          "ema_dist_entry": 0.01,
          "ema_span_0": 422.95057518573753,
          "ema_span_1": 372.73468224798455,
          "enabled": true,
          "markup_range": 0.0121695176468379,
          "min_markup": 0.004645923475314044,
          "n_close_orders": 4,
          "qty_pct_close": 0.01,
          "qty_pct_entry": 0.01,
          "wallet_exposure_limit": 0.2,
          "we_multiplier_close": 5.807215050529919,
          "we_multiplier_entry": 95.03664094473733},
 "short": {"backwards_tp": true,
           "delay_between_fills_minutes_close": 396.92843881231073,
           "delay_between_fills_minutes_entry": 500,
           "delay_weight_close": 122.60609966876565,
           "delay_weight_entry": 30.003276381764646,
           "ema_dist_close": -0.019902089217427088,
           "ema_dist_entry": 0.008487545135217886,
           "ema_span_0": 431.5212697600006,
           "ema_span_1": 430.9736645209134,
           "enabled": true,
           "markup_range": 0.01919273017989864,
           "min_markup": 0.009578783554483156,
           "n_close_orders": 3,
           "qty_pct_close": 0.01,
           "qty_pct_entry": 0.01,
           "wallet_exposure_limit": 0.1,
           "we_multiplier_close": 78.82771282331913,
           "we_multiplier_entry": 101.56962401373198}}