{"config_name": "recursive_grid_0days",
 "logging_level": 0,
 "long": {"auto_unstuck_ema_dist": 0.0017999965014632365,
          "auto_unstuck_wallet_exposure_threshold": 0.05,
          "backwards_tp": true,
          "ddown_factor": 2.76431646639478,
          "ema_span_0": 693.0824621023792,
          "ema_span_1": 719.76645253588,
          "enabled": true,
          "initial_eprice_ema_dist": -0.0778800373181223,
          "initial_qty_pct": 0.01899563114292204,
          "markup_range": 0.0021759759636747855,
          "min_markup": 0.005070726995846363,
          "n_close_orders": 12,
          "rentry_pprice_dist": 0.04563776058476252,
          "rentry_pprice_dist_wallet_exposure_weighting": 0.06551729276969165,
          "wallet_exposure_limit": 0.3},
 "short": {"auto_unstuck_ema_dist": 0.0004791935342828707,
           "auto_unstuck_wallet_exposure_threshold": 0.08270507030458188,
           "backwards_tp": true,
           "ddown_factor": 0.9739726405274882,
           "ema_span_0": 132.38427099626244,
           "ema_span_1": 522.4988549813507,
           "enabled": false,
           "initial_eprice_ema_dist": -0.087727931439581,
           "initial_qty_pct": 0.04144295317550311,
           "markup_range": 0.021746932961318622,
           "min_markup": 0.00936619002638217,
           "n_close_orders": 4,
           "rentry_pprice_dist": 0.016232424260002414,
           "rentry_pprice_dist_wallet_exposure_weighting": 9.493904656230168,
           "wallet_exposure_limit": 1.0}}