{"config_name": "clock_0days",
 "long": {"delay_between_fills_minutes_close": 391.5913891065122,
          "delay_between_fills_minutes_entry": 446.1038724299601,
          "delay_weight_close": 21.08426813525155,
          "delay_weight_entry": 34.42305647788709,
          "ema_dist_lower": -0.9635709576099287,
          "ema_dist_upper": -0.06700926949214503,
          "ema_span_0": 661.0596266630838,
          "ema_span_1": 2249.001548294924,
          "enabled": true,
          "markup_range": 0.023484094570669807,
          "min_markup": 0.019678676886949756,
          "n_close_orders": 5,
          "qty_pct_close": 0.024245621060180786,
          "qty_pct_entry": 0.010350988743006448,
          "wallet_exposure_limit": 0.25,
          "we_multiplier_close": 90.49624479492941,
          "we_multiplier_entry": 143.28370930632428},
 "short": {"delay_between_fills_minutes_close": 475.41645235565517,
           "delay_between_fills_minutes_entry": 388.8589931634028,
           "delay_weight_close": 150,
           "delay_weight_entry": 12.417695581587898,
           "ema_dist_lower": -0.265145548376746,
           "ema_dist_upper": 0.002804500651273502,
           "ema_span_0": 347.68062111598584,
           "ema_span_1": 1823.0653154228307,
           "enabled": true,
           "markup_range": 0.03,
           "min_markup": 0.014509722687146953,
           "n_close_orders": 4,
           "qty_pct_close": 0.00647316375914213,
           "qty_pct_entry": 0.016170667248186582,
           "wallet_exposure_limit": 0.1,
           "we_multiplier_close": 34.185453995599204,
           "we_multiplier_entry": 19.716008721733537}}