{"config_name": "clock_0days",
 "long": {"backwards_tp": true,
          "delay_between_fills_minutes_close": 500,
          "delay_between_fills_minutes_entry": 355.7127563601736,
          "delay_weight_close": 73.33294490461432,
          "delay_weight_entry": 25.64558276770608,
          "ema_dist_close": -0.009682222138098901,
          "ema_dist_entry": -0.06956233028975643,
          "ema_span_0": 48.031049584280225,
          "ema_span_1": 255.09867646835124,
          "enabled": true,
          "markup_range": 0.03,
          "min_markup": 0.01,
          "n_close_orders": 9,
          "qty_pct_close": 0.01889038232534408,
          "qty_pct_entry": 0.017424618003935948,
          "wallet_exposure_limit": 0.3,
          "we_multiplier_close": 139.70172325687147,
          "we_multiplier_entry": 131.18536223422132},
 "short": {"backwards_tp": true,
           "delay_between_fills_minutes_close": 20.39906180806969,
           "delay_between_fills_minutes_entry": 656.7166729398091,
           "delay_weight_close": 36.044658039124776,
           "delay_weight_entry": 64.68897499556844,
           "ema_dist_close": -0.048954869766937505,
           "ema_dist_entry": -0.00715416684459063,
           "ema_span_0": 703.9653423271844,
           "ema_span_1": 347.3663556093568,
           "enabled": false,
           "markup_range": 0.06905819945982389,
           "min_markup": 0.09683312478279296,
           "n_close_orders": 16,
           "qty_pct_close": 0.7725335258802772,
           "qty_pct_entry": 0.1537904611722404,
           "wallet_exposure_limit": 1.0,
           "we_multiplier_close": 3.497032417375978,
           "we_multiplier_entry": 10.282632835571103}}