{"config_name": "clock_0days",
 "long": {"backwards_tp": true,
          "delay_between_fills_minutes_close": 484.4349586083336,
          "delay_between_fills_minutes_entry": 469.40799486152093,
          "delay_weight_close": 144.97071642161964,
          "delay_weight_entry": 30.28276517597423,
          "ema_dist_close": -0.6451025296299993,
          "ema_dist_entry": -0.4372981827738709,
          "ema_span_0": 120.11286460106052,
          "ema_span_1": 562.1417633700792,
          "enabled": true,
          "markup_range": 0.029467544336303633,
          "min_markup": 0.00553499531425018,
          "n_close_orders": 3,
          "qty_pct_close": 0.010359750256860688,
          "qty_pct_entry": 0.011807321951101875,
          "wallet_exposure_limit": 0.3,
          "we_multiplier_close": 14.716031406786287,
          "we_multiplier_entry": 106.82948081242003},
 "short": {"backwards_tp": true,
           "delay_between_fills_minutes_close": 110.18776048844545,
           "delay_between_fills_minutes_entry": 1252.1244424783488,
           "delay_weight_close": 61.81149349115634,
           "delay_weight_entry": 81.33117705306798,
           "ema_dist_close": 0.009273353811079799,
           "ema_dist_entry": -0.012623950921639253,
           "ema_span_0": 477.35977883804827,
           "ema_span_1": 1052.1934845818312,
           "enabled": false,
           "markup_range": 0.0031587875268938915,
           "min_markup": 0.040373063485285896,
           "n_close_orders": 7,
           "qty_pct_close": 0.5213300711816075,
           "qty_pct_entry": 0.5152890152168117,
           "wallet_exposure_limit": 1.0,
           "we_multiplier_close": 6.423943195930942,
           "we_multiplier_entry": 75.41977800571516}}