{"config_name": "neat_grid_0days",
 "logging_level": 0,
 "long": {"auto_unstuck_ema_dist": 0.05250102787891515,
          "auto_unstuck_wallet_exposure_threshold": 0.07872562013685183,
          "backwards_tp": true,
          "ema_span_0": 759.9119195214187,
          "ema_span_1": 566.1856292922888,
          "enabled": true,
          "eprice_exp_base": 1.8410669593386297,
          "eqty_exp_base": 2.4290738854868925,
          "grid_span": 0.41233574931197514,
          "initial_eprice_ema_dist": -0.0553904815682646,
          "initial_qty_pct": 0.01,
          "markup_range": 0.0028135332491014517,
          "max_n_entry_orders": 15,
          "min_markup": 0.002,
          "n_close_orders": 5,
          "wallet_exposure_limit": 0.1},
 "short": {"auto_unstuck_ema_dist": 0.08671845474862823,
           "auto_unstuck_wallet_exposure_threshold": 0.01985005460430342,
           "backwards_tp": true,
           "ema_span_0": 1431.2401846097077,
           "ema_span_1": 3870.6669652038404,
           "enabled": true,
           "eprice_exp_base": 1.2035318119320286,
           "eqty_exp_base": 1.5322260582751084,
           "grid_span": 0.4117228314509213,
           "initial_eprice_ema_dist": -0.09529819397367754,
           "initial_qty_pct": 0.01,
           "markup_range": 0.002638299833918501,
           "max_n_entry_orders": 10,
           "min_markup": 0.002,
           "n_close_orders": 3,
           "wallet_exposure_limit": 0.1}}