{"config_name": "recursive_grid_0days",
 "logging_level": 0,
 "long": {"auto_unstuck_ema_dist": 0.001062160817199582,
          "auto_unstuck_wallet_exposure_threshold": 0.07403337696619047,
          "backwards_tp": true,
          "ddown_factor": 2.328157138751862,
          "ema_span_0": 261.7465042935378,
          "ema_span_1": 579.9037715828799,
          "enabled": true,
          "initial_eprice_ema_dist": 0.008697024888996154,
          "initial_qty_pct": 0.02788116488179755,
          "markup_range": 0.001933152620183892,
          "min_markup": 0.0040523167230786675,
          "n_close_orders": 14,
          "rentry_pprice_dist": 0.03849717965577039,
          "rentry_pprice_dist_wallet_exposure_weighting": 1.1033360721685719,
          "wallet_exposure_limit": 0.3},
 "short": {"auto_unstuck_ema_dist": -0.011687685207917992,
           "auto_unstuck_wallet_exposure_threshold": 0.033338467282203924,
           "backwards_tp": true,
           "ddown_factor": 0.4494039307435229,
           "ema_span_0": 93.39849589574645,
           "ema_span_1": 586.0150945039857,
           "enabled": false,
           "initial_eprice_ema_dist": -0.050693745413871096,
           "initial_qty_pct": 0.06266144020849292,
           "markup_range": 0.004189712396144454,
           "min_markup": 0.003150756858400615,
           "n_close_orders": 6,
           "rentry_pprice_dist": 0.018015181942039483,
           "rentry_pprice_dist_wallet_exposure_weighting": 28.61769820140013,
           "wallet_exposure_limit": 1.0}}