{"config_name": "neat_grid_0days",
 "logging_level": 0,
 "long": {"auto_unstuck_ema_dist": 0.003,
          "auto_unstuck_wallet_exposure_threshold": 0.03,
          "backwards_tp": false,
          "ema_span_0": 1064.3630278264404,
          "ema_span_1": 1056.8251949703106,
          "enabled": true,
          "eprice_exp_base": 1.123420403632843,
          "eqty_exp_base": 1.3796492504228526,
          "grid_span": 0.14750153362737192,
          "initial_eprice_ema_dist": -0.0028734202801978174,
          "initial_qty_pct": 0.009992895731326872,
          "markup_range": 0.005277258333801835,
          "max_n_entry_orders": 8,
          "min_markup": 0.004275,
          "n_close_orders": 1,
          "wallet_exposure_limit": 1},
 "short": {"auto_unstuck_ema_dist": -0.0449664954281587,
           "auto_unstuck_wallet_exposure_threshold": 0.09288985961628626,
           "backwards_tp": false,
           "ema_span_0": 835.114559824491,
           "ema_span_1": 1068.9337565201095,
           "enabled": false,
           "eprice_exp_base": 1.5360164853526004,
           "eqty_exp_base": 2.3343849480118215,
           "grid_span": 0.4530934278555474,
           "initial_eprice_ema_dist": -0.04510318965212138,
           "initial_qty_pct": 0.033319721490117506,
           "markup_range": 0.04164396220681795,
           "max_n_entry_orders": 10,
           "min_markup": 0.0028298459347806354,
           "n_close_orders": 4,
           "wallet_exposure_limit": 1}}