{"config_name": "recursive_grid_0days",
 "logging_level": 0,
 "long": {"auto_unstuck_ema_dist": 0.003820188822427023,
          "auto_unstuck_wallet_exposure_threshold": 0.07677838150196116,
          "backwards_tp": true,
          "ddown_factor": 3,
          "ema_span_0": 190.33255480211156,
          "ema_span_1": 67.48846031131971,
          "enabled": true,
          "initial_eprice_ema_dist": -0.07985874962386144,
          "initial_qty_pct": 0.0823917924190684,
          "markup_range": 0.012726594383671562,
          "min_markup": 0.008216947216838803,
          "n_close_orders": 8,
          "rentry_pprice_dist": 0.033220828817759826,
          "rentry_pprice_dist_wallet_exposure_weighting": 4.708050984395725,
          "wallet_exposure_limit": 0.3},
 "short": {"auto_unstuck_ema_dist": -0.048073914619916586,
           "auto_unstuck_wallet_exposure_threshold": 0.03837278850128172,
           "backwards_tp": true,
           "ddown_factor": 2.027707995592313,
           "ema_span_0": 618.3479500179646,
           "ema_span_1": 221.74072548308186,
           "enabled": false,
           "initial_eprice_ema_dist": -0.009790458825190848,
           "initial_qty_pct": 0.07635433516046415,
           "markup_range": 0.004106320574241933,
           "min_markup": 0.004120173676551309,
           "n_close_orders": 7,
           "rentry_pprice_dist": 0.049868461302392614,
           "rentry_pprice_dist_wallet_exposure_weighting": 36.47591414841327,
           "wallet_exposure_limit": 1.0}}