{"config_name": "recursive_grid_0days",
 "logging_level": 0,
 "long": {"auto_unstuck_ema_dist": 0.00218046850014745,
          "auto_unstuck_wallet_exposure_threshold": 0.06558917537297981,
          "backwards_tp": true,
          "ddown_factor": 1.130892077424535,
          "ema_span_0": 720,
          "ema_span_1": 789.3612669038674,
          "enabled": true,
          "initial_eprice_ema_dist": -0.08607930622048161,
          "initial_qty_pct": 0.014834226186307633,
          "markup_range": 0.0030231237995951366,
          "min_markup": 0.003143863886820975,
          "n_close_orders": 13,
          "rentry_pprice_dist": 0.02523190450038727,
          "rentry_pprice_dist_wallet_exposure_weighting": 4.208778444372652,
          "wallet_exposure_limit": 0.3},
 "short": {"auto_unstuck_ema_dist": -0.09073589394688239,
           "auto_unstuck_wallet_exposure_threshold": 0.03895907247625609,
           "backwards_tp": true,
           "ddown_factor": 2.838646024432597,
           "ema_span_0": 1186.9649536452198,
           "ema_span_1": 813.0176731522364,
           "enabled": false,
           "initial_eprice_ema_dist": -0.06945408339739839,
           "initial_qty_pct": 0.02014120428692063,
           "markup_range": 0.035154706233807606,
           "min_markup": 0.005280954919892736,
           "n_close_orders": 14,
           "rentry_pprice_dist": 0.02979822164872734,
           "rentry_pprice_dist_wallet_exposure_weighting": 19.26945573911919,
           "wallet_exposure_limit": 1}}