{"config_name": "recursive_grid_0days",
 "logging_level": 0,
 "long": {"auto_unstuck_ema_dist": 0,
          "auto_unstuck_wallet_exposure_threshold": 0.0,
          "backwards_tp": false,
          "ddown_factor": 2.3542512775701208,
          "ema_span_0": 385.34448720221326,
          "ema_span_1": 706.4540422302093,
          "enabled": true,
          "initial_eprice_ema_dist": -0.1343492096698542,
          "initial_qty_pct": 0.005475079099040392,
          "markup_range": 0.040233123964393006,
          "min_markup": 0.00629054288349272,
          "n_close_orders": 2,
          "rentry_pprice_dist": 0.032831097341903606,
          "rentry_pprice_dist_wallet_exposure_weighting": 2.5707498641294424,
          "wallet_exposure_limit": 0.2},
 "short": {"auto_unstuck_ema_dist": -0.08425935796017274,
           "auto_unstuck_wallet_exposure_threshold": 0.09457970640772621,
           "backwards_tp": false,
           "ddown_factor": 0.7019001451069875,
           "ema_span_0": 241.15420775967146,
           "ema_span_1": 834.0715174456033,
           "enabled": false,
           "initial_eprice_ema_dist": -0.04808013235211333,
           "initial_qty_pct": 0.07579099001162254,
           "markup_range": 0.028331917422370834,
           "min_markup": 0.0088507590628733,
           "n_close_orders": 13,
           "rentry_pprice_dist": 0.0428104137651756,
           "rentry_pprice_dist_wallet_exposure_weighting": 10.373433726128582,
           "wallet_exposure_limit": 1.0}}