{"config_name": "clock_0days",
 "long": {"backwards_tp": true,
          "delay_between_fills_minutes_close": 453.6805128213578,
          "delay_between_fills_minutes_entry": 140.0141029416389,
          "delay_weight_close": 94.47779941067158,
          "delay_weight_entry": 23.396325375076263,
          "ema_dist_close": -0.06638989133700372,
          "ema_dist_entry": 0.006395186570608954,
          "ema_span_0": 270.0631441386905,
          "ema_span_1": 33.87509565180273,
          "enabled": true,
          "markup_range": 0.02193796728941784,
          "min_markup": 0.00944618481140004,
          "n_close_orders": 8,
          "qty_pct_close": 0.011461057678235131,
          "qty_pct_entry": 0.016824339093350422,
          "wallet_exposure_limit": 0.3,
          "we_multiplier_close": 62.65884187647895,
          "we_multiplier_entry": 132.47332936495368},
 "short": {"backwards_tp": true,
           "delay_between_fills_minutes_close": 27.900098634851105,
           "delay_between_fills_minutes_entry": 103.77553927884813,
           "delay_weight_close": 105.315432931926,
           "delay_weight_entry": 76.037462328908,
           "ema_dist_close": -0.9270861525176517,
           "ema_dist_entry": -0.7684466444897922,
           "ema_span_0": 13.396930332718014,
           "ema_span_1": 200.81938861256418,
           "enabled": false,
           "markup_range": 0.014643201472060993,
           "min_markup": 0.03182212974324864,
           "n_close_orders": 3,
           "qty_pct_close": 0.01,
           "qty_pct_entry": 0.01,
           "wallet_exposure_limit": 1.0,
           "we_multiplier_close": 61.35024686591517,
           "we_multiplier_entry": 64.17606206913075}}