{"config_name": "clock_0days",
 "long": {"backwards_tp": true,
          "delay_between_fills_minutes_close": 457.8244656856925,
          "delay_between_fills_minutes_entry": 165.8693988682485,
          "delay_weight_close": 102.3532961874372,
          "delay_weight_entry": 18.09232183713286,
          "ema_dist_close": 0.0040753655061070305,
          "ema_dist_entry": 0.011424612434335749,
          "ema_span_0": 94.50334860909544,
          "ema_span_1": 157.9114807765483,
          "enabled": true,
          "markup_range": 0.029444907895996342,
          "min_markup": 0.009182732355902081,
          "n_close_orders": 9,
          "qty_pct_close": 0.014953363706142987,
          "qty_pct_entry": 0.011459526909177589,
          "wallet_exposure_limit": 0.3,
          "we_multiplier_close": 16.028042082184573,
          "we_multiplier_entry": 126.29610037196406},
 "short": {"backwards_tp": true,
           "delay_between_fills_minutes_close": 101.69870474862655,
           "delay_between_fills_minutes_entry": 31.064514160422355,
           "delay_weight_close": 24.957926570982725,
           "delay_weight_entry": 93.76807847809057,
           "ema_dist_close": -0.02881236774804566,
           "ema_dist_entry": -0.008131212361709675,
           "ema_span_0": 680.6056949874757,
           "ema_span_1": 863.4950633769562,
           "enabled": false,
           "markup_range": 0.027616082707195722,
           "min_markup": 0.08823341982155745,
           "n_close_orders": 4,
           "qty_pct_close": 0.2475962446656662,
           "qty_pct_entry": 0.300341319805759,
           "wallet_exposure_limit": 1.0,
           "we_multiplier_close": 6.051222377852364,
           "we_multiplier_entry": 79.70829780261825}}