{"config_name": "recursive_grid_0days",
 "logging_level": 0,
 "long": {"auto_unstuck_ema_dist": 0.0006688768706217118,
          "auto_unstuck_wallet_exposure_threshold": 0.09315976365893683,
          "backwards_tp": true,
          "ddown_factor": 1.3710640259840294,
          "ema_span_0": 406.3414395244,
          "ema_span_1": 1245.6944611942229,
          "enabled": true,
          "initial_eprice_ema_dist": 0.007333272155236949,
          "initial_qty_pct": 0.01814777861170544,
          "markup_range": 0.00627115411614114,
          "min_markup": 0.004394665954023588,
          "n_close_orders": 12,
          "rentry_pprice_dist": 0.022767474877247413,
          "rentry_pprice_dist_wallet_exposure_weighting": 3.3711977250115654,
          "wallet_exposure_limit": 0.3},
 "short": {"auto_unstuck_ema_dist": -0.0792632229517231,
           "auto_unstuck_wallet_exposure_threshold": 0.048695461835583674,
           "backwards_tp": true,
           "ddown_factor": 2.5212368495828965,
           "ema_span_0": 363.98736100335105,
           "ema_span_1": 1064.0476197933604,
           "enabled": false,
           "initial_eprice_ema_dist": -0.07350647125010726,
           "initial_qty_pct": 0.022130308651610572,
           "markup_range": 0.03161247278513958,
           "min_markup": 0.0022063725494466096,
           "n_close_orders": 9,
           "rentry_pprice_dist": 0.03141453475927059,
           "rentry_pprice_dist_wallet_exposure_weighting": 4.993088868318509,
           "wallet_exposure_limit": 1.0}}