{"config_name": "neat_grid_0days",
 "logging_level": 0,
 "long": {"auto_unstuck_ema_dist": 0.05473246943675102,
          "auto_unstuck_wallet_exposure_threshold": 0.012766843096091761,
          "backwards_tp": true,
          "ema_span_0": 1540.3901575020047,
          "ema_span_1": 1515.1301914408843,
          "enabled": true,
          "eprice_exp_base": 1.212767484182972,
          "eqty_exp_base": 2.6462638548899933,
          "grid_span": 0.3399613462640221,
          "initial_eprice_ema_dist": -0.0727090714214128,
          "initial_qty_pct": 0.01,
          "markup_range": 0.003,
          "max_n_entry_orders": 20,
          "min_markup": 0.002,
          "n_close_orders": 6,
          "wallet_exposure_limit": 1},
 "short": {"auto_unstuck_ema_dist": 0.09346244043952001,
           "auto_unstuck_wallet_exposure_threshold": 0.029352622726119555,
           "backwards_tp": true,
           "ema_span_0": 51.43546960139542,
           "ema_span_1": 6331.331438667669,
           "enabled": true,
           "eprice_exp_base": 1.6396419593336922,
           "eqty_exp_base": 1.7830187833002678,
           "grid_span": 0.36919220019551746,
           "initial_eprice_ema_dist": -0.06028881556250284,
           "initial_qty_pct": 0.01,
           "markup_range": 0.003,
           "max_n_entry_orders": 8,
           "min_markup": 0.002,
           "n_close_orders": 7,
           "wallet_exposure_limit": 0.1}}