{"config_name": "recursive_grid_0days",
 "logging_level": 0,
 "long": {"auto_unstuck_ema_dist": -0.004292724715559022,
          "auto_unstuck_wallet_exposure_threshold": 0.06380239446725833,
          "backwards_tp": true,
          "ddown_factor": 2.3967975330046873,
          "ema_span_0": 652.0086435784201,
          "ema_span_1": 1330.5784933661103,
          "enabled": true,
          "initial_eprice_ema_dist": 0.008083824352770653,
          "initial_qty_pct": 0.013860482754225786,
          "markup_range": 0.0031149412169711815,
          "min_markup": 0.004267366224034867,
          "n_close_orders": 5,
          "rentry_pprice_dist": 0.026627486641415662,
          "rentry_pprice_dist_wallet_exposure_weighting": 2.3010294481976223,
          "wallet_exposure_limit": 0.3},
 "short": {"auto_unstuck_ema_dist": -0.041502359341929716,
           "auto_unstuck_wallet_exposure_threshold": 0.04372961685281004,
           "backwards_tp": true,
           "ddown_factor": 2.414396714806725,
           "ema_span_0": 360.1039297243254,
           "ema_span_1": 691.3477169299872,
           "enabled": false,
           "initial_eprice_ema_dist": -0.048321273079601046,
           "initial_qty_pct": 0.04007786210002182,
           "markup_range": 0.028809825202109743,
           "min_markup": 0.007537933581018517,
           "n_close_orders": 15,
           "rentry_pprice_dist": 0.03735706531291465,
           "rentry_pprice_dist_wallet_exposure_weighting": 4.182244736858656,
           "wallet_exposure_limit": 1.0}}