{"config_name": "emas_0days",
 "long": {"delay_between_fills_minutes_close": 415.3678626451265,
          "delay_between_fills_minutes_entry": 437.605006063459,
          "delay_weight_close": -69.79859502357654,
          "delay_weight_entry": 22.529927195648188,
          "ema_dist_lower": -0.8102689537754743,
          "ema_dist_upper": -0.8070694864374386,
          "ema_span_0": 861.6610060981421,
          "ema_span_1": 922.4289245630606,
          "enabled": true,
          "markup_range": 0.016714892473042278,
          "min_markup": 0.004639953779211993,
          "n_close_orders": 4,
          "qty_pct_close": 0.06510308040594463,
          "qty_pct_entry": 0.02610560503282016,
          "wallet_exposure_limit": 1.0,
          "we_multiplier_close": -39.809870945574126,
          "we_multiplier_entry": -120.00522465921505},
 "short": {"delay_between_fills_minutes_close": 198.47585458813245,
           "delay_between_fills_minutes_entry": 201.81937435831114,
           "delay_weight_close": 90.6733198421887,
           "delay_weight_entry": 146.06389952944372,
           "ema_dist_lower": 0.015742135910353224,
           "ema_dist_upper": 0.002603268194945718,
           "ema_span_0": 432.2623343049957,
           "ema_span_1": 3290.999787303536,
           "enabled": false,
           "markup_range": 0.011905260201278276,
           "min_markup": 0.015359861267851136,
           "n_close_orders": 5,
           "qty_pct_close": 0.003322296339856813,
           "qty_pct_entry": 0.01689892597701403,
           "wallet_exposure_limit": 1.0,
           "we_multiplier_close": 42.98963690766415,
           "we_multiplier_entry": 117.66112001772436}}