{"config_name": "recursive_grid_0days",
 "logging_level": 0,
 "long": {"auto_unstuck_ema_dist": 0,
          "auto_unstuck_wallet_exposure_threshold": 0.0,
          "backwards_tp": false,
          "ddown_factor": 1.351244831635235,
          "ema_span_0": 637.4757533568683,
          "ema_span_1": 130.70393638416837,
          "enabled": true,
          "initial_eprice_ema_dist": 0.004643805264537313,
          "initial_qty_pct": 0.019097617799003437,
          "markup_range": 0.055106371081307004,
          "min_markup": 0.002501876080627898,
          "n_close_orders": 27,
          "rentry_pprice_dist": 0.03246191115616222,
          "rentry_pprice_dist_wallet_exposure_weighting": 0.0,
          "wallet_exposure_limit": 0.2},
 "short": {"auto_unstuck_ema_dist": -0.00023124576374250472,
           "auto_unstuck_wallet_exposure_threshold": 0.06644325570381202,
           "backwards_tp": false,
           "ddown_factor": 1.2480313835670966,
           "ema_span_0": 511.04591351703874,
           "ema_span_1": 35.43819660904812,
           "enabled": false,
           "initial_eprice_ema_dist": -0.06480071181720093,
           "initial_qty_pct": 0.055534044461799194,
           "markup_range": 0.04862559822789252,
           "min_markup": 0.003157470923648881,
           "n_close_orders": 4,
           "rentry_pprice_dist": 0.015288213148752203,
           "rentry_pprice_dist_wallet_exposure_weighting": 10.393763084654207,
           "wallet_exposure_limit": 1.0}}