{"config_name": "recursive_grid_0days",
 "logging_level": 0,
 "long": {"auto_unstuck_ema_dist": 0.005231649929841468,
          "auto_unstuck_wallet_exposure_threshold": 0.09057529065894755,
          "backwards_tp": true,
          "ddown_factor": 1.012184518592483,
          "ema_span_0": 526.6491549192594,
          "ema_span_1": 560.7156758984797,
          "enabled": true,
          "initial_eprice_ema_dist": -0.09882936847506944,
          "initial_qty_pct": 0.012665218983190514,
          "markup_range": 0.0025465717133689595,
          "min_markup": 0.00335406180183224,
          "n_close_orders": 8,
          "rentry_pprice_dist": 0.036189733825610415,
          "rentry_pprice_dist_wallet_exposure_weighting": 1.8621055646536573,
          "wallet_exposure_limit": 0.1},
 "short": {"auto_unstuck_ema_dist": 0.026912335402898325,
           "auto_unstuck_wallet_exposure_threshold": 0.30566846207797504,
           "backwards_tp": true,
           "ddown_factor": 0.7806118832546365,
           "ema_span_0": 1538.4871946651174,
           "ema_span_1": 8624.513756944243,
           "enabled": false,
           "initial_eprice_ema_dist": -0.07595668077640065,
           "initial_qty_pct": 0.019463943208229487,
           "markup_range": 0.029984161204761644,
           "min_markup": 0.017323785756216598,
           "n_close_orders": 7,
           "rentry_pprice_dist": 0.035457682215689075,
           "rentry_pprice_dist_wallet_exposure_weighting": 50.88245502457388,
           "wallet_exposure_limit": 0.1}}