{"config_name": "recursive_grid_0days",
 "logging_level": 0,
 "long": {"auto_unstuck_ema_dist": -0.0030063301504114665,
          "auto_unstuck_wallet_exposure_threshold": 0.08089529513137467,
          "backwards_tp": true,
          "ddown_factor": 2.278474150071687,
          "ema_span_0": 458.2306262612843,
          "ema_span_1": 1176.4754646907822,
          "enabled": true,
          "initial_eprice_ema_dist": 0.0018746756288120369,
          "initial_qty_pct": 0.027630911150841618,
          "markup_range": 0.0012421538073347357,
          "min_markup": 0.008289091006957204,
          "n_close_orders": 7,
          "rentry_pprice_dist": 0.02815627774910014,
          "rentry_pprice_dist_wallet_exposure_weighting": 0.3952190285750426,
          "wallet_exposure_limit": 0.3},
 "short": {"auto_unstuck_ema_dist": -0.05898903777190398,
           "auto_unstuck_wallet_exposure_threshold": 0.07550375572527948,
           "backwards_tp": true,
           "ddown_factor": 2.1365781941434667,
           "ema_span_0": 61.3500499742897,
           "ema_span_1": 689.3175324339863,
           "enabled": false,
           "initial_eprice_ema_dist": -0.08345347352107953,
           "initial_qty_pct": 0.07455418907438296,
           "markup_range": 0.042545398352812284,
           "min_markup": 0.006446827846926271,
           "n_close_orders": 12,
           "rentry_pprice_dist": 0.03521032304424516,
           "rentry_pprice_dist_wallet_exposure_weighting": 8.4828878577349,
           "wallet_exposure_limit": 1.0}}