{"config_name": "clock_0days",
 "long": {"backwards_tp": true,
          "delay_between_fills_minutes_close": 421.5046189385727,
          "delay_between_fills_minutes_entry": 298.5794826959685,
          "delay_weight_close": 67.49436319103836,
          "delay_weight_entry": 23.631239302181886,
          "ema_dist_close": -0.2790022234706427,
          "ema_dist_entry": 0.010722966978635728,
          "ema_span_0": 378.5348041294699,
          "ema_span_1": 429.99167777495154,
          "enabled": true,
          "markup_range": 0.02967192823879548,
          "min_markup": 0.007707949109836224,
          "n_close_orders": 6,
          "qty_pct_close": 0.010257016038097878,
          "qty_pct_entry": 0.015869279619332446,
          "wallet_exposure_limit": 0.3,
          "we_multiplier_close": 9.88121080243272,
          "we_multiplier_entry": 59.277623774596094},
 "short": {"backwards_tp": true,
           "delay_between_fills_minutes_close": 137.20871279866788,
           "delay_between_fills_minutes_entry": 1391.5772144818382,
           "delay_weight_close": 71.81041245238504,
           "delay_weight_entry": 86.2311163436965,
           "ema_dist_close": -0.041907592819519585,
           "ema_dist_entry": -0.03898927380874615,
           "ema_span_0": 585.1354500356098,
           "ema_span_1": 1347.4958362874338,
           "enabled": false,
           "markup_range": 0.07223064018410229,
           "min_markup": 0.0951240756107858,
           "n_close_orders": 8,
           "qty_pct_close": 0.7850962679525592,
           "qty_pct_entry": 0.14214668938027755,
           "wallet_exposure_limit": 1.0,
           "we_multiplier_close": 2.9385347756927302,
           "we_multiplier_entry": 28.03741220388471}}