{"config_name": "neat_grid_0days",
 "logging_level": 0,
 "long": {"auto_unstuck_ema_dist": 0.0010670848459433792,
          "auto_unstuck_wallet_exposure_threshold": 0.08679769535755102,
          "backwards_tp": false,
          "ema_span_0": 339.54141174466724,
          "ema_span_1": 1314.8443437191258,
          "enabled": true,
          "eprice_exp_base": 1.196703042953847,
          "eqty_exp_base": 2.7822833542668652,
          "grid_span": 0.09057149801180478,
          "initial_eprice_ema_dist": -0.004259261224788399,
          "initial_qty_pct": 0.008514127753053899,
          "markup_range": 0.0050803088566812975,
          "max_n_entry_orders": 14,
          "min_markup": 0.004275,
          "n_close_orders": 1,
          "wallet_exposure_limit": 0.2},
 "short": {"auto_unstuck_ema_dist": -0.01972012437179939,
           "auto_unstuck_wallet_exposure_threshold": 0.08430394795148434,
           "backwards_tp": false,
           "ema_span_0": 877.563088011988,
           "ema_span_1": 287.62717533606707,
           "enabled": false,
           "eprice_exp_base": 3.4611974916811055,
           "eqty_exp_base": 3.5040139799932444,
           "grid_span": 0.5850179102807328,
           "initial_eprice_ema_dist": -0.05815925623666091,
           "initial_qty_pct": 0.013106382431443249,
           "markup_range": 0.059504210383575874,
           "max_n_entry_orders": 18,
           "min_markup": 0.008647479187659913,
           "n_close_orders": 13,
           "wallet_exposure_limit": 1.0}}