{"config_name": "recursive_grid_0days",
 "logging_level": 0,
 "long": {"auto_unstuck_ema_dist": 0,
          "auto_unstuck_wallet_exposure_threshold": 0,
          "backwards_tp": false,
          "ddown_factor": 3,
          "ema_span_0": 141.76673628490937,
          "ema_span_1": 198.82954251550728,
          "enabled": true,
          "initial_eprice_ema_dist": -0.1,
          "initial_qty_pct": 0.007688784907256201,
          "markup_range": 0.03397144855133079,
          "min_markup": 0.002,
          "n_close_orders": 5,
          "rentry_pprice_dist": 0.04702325930993758,
          "rentry_pprice_dist_wallet_exposure_weighting": 0,
          "wallet_exposure_limit": 0.3},
 "short": {"auto_unstuck_ema_dist": 0.07872722469646001,
           "auto_unstuck_wallet_exposure_threshold": 0.2811303920824901,
           "backwards_tp": false,
           "ddown_factor": 0.9282027393489416,
           "ema_span_0": 335.67239777122415,
           "ema_span_1": 1116.5200839821518,
           "enabled": false,
           "initial_eprice_ema_dist": -0.04443547494990191,
           "initial_qty_pct": 0.024675515766644965,
           "markup_range": 0.013940331561119644,
           "min_markup": 0.010720071976536554,
           "n_close_orders": 6,
           "rentry_pprice_dist": 0.0292243650258508,
           "rentry_pprice_dist_wallet_exposure_weighting": 33.70964510070392,
           "wallet_exposure_limit": 0.1}}