{"config_name": "recursive_grid_0days",
 "logging_level": 0,
 "long": {"auto_unstuck_ema_dist": 0,
          "auto_unstuck_wallet_exposure_threshold": 0.0,
          "backwards_tp": false,
          "ddown_factor": 1.4834666396511742,
          "ema_span_0": 516.2728213288657,
          "ema_span_1": 515.2575897812526,
          "enabled": true,
          "initial_eprice_ema_dist": -0.020362437850797173,
          "initial_qty_pct": 0.005346731671045267,
          "markup_range": 0.046606596183912885,
          "min_markup": 0.001549723638820548,
          "n_close_orders": 2,
          "rentry_pprice_dist": 0.03379107865764492,
          "rentry_pprice_dist_wallet_exposure_weighting": 1.9022517672356596,
          "wallet_exposure_limit": 0.2},
 "short": {"auto_unstuck_ema_dist": -0.05930778443405796,
           "auto_unstuck_wallet_exposure_threshold": 0.06433407917449746,
           "backwards_tp": false,
           "ddown_factor": 2.27829388603567,
           "ema_span_0": 600.7835825734551,
           "ema_span_1": 185.77536724506103,
           "enabled": false,
           "initial_eprice_ema_dist": -0.005362446791993297,
           "initial_qty_pct": 0.01304037114028028,
           "markup_range": 0.057405320859136084,
           "min_markup": 0.003441510501320292,
           "n_close_orders": 15,
           "rentry_pprice_dist": 0.034438852074684764,
           "rentry_pprice_dist_wallet_exposure_weighting": 10.094973345891411,
           "wallet_exposure_limit": 1.0}}