{"config_name": "recursive_grid_0days",
 "logging_level": 0,
 "long": {"auto_unstuck_ema_dist": 0,
          "auto_unstuck_wallet_exposure_threshold": 0.0,
          "backwards_tp": false,
          "ddown_factor": 2.430335710049437,
          "ema_span_0": 134.98824318407782,
          "ema_span_1": 11.622606249771286,
          "enabled": true,
          "initial_eprice_ema_dist": 0.002195568687629923,
          "initial_qty_pct": 0.003252437838007543,
          "markup_range": 0.016727388414800846,
          "min_markup": 0.0014045193157442009,
          "n_close_orders": 17,
          "rentry_pprice_dist": 0.03845087339404028,
          "rentry_pprice_dist_wallet_exposure_weighting": 0.0,
          "wallet_exposure_limit": 0.2},
 "short": {"auto_unstuck_ema_dist": -0.07039064723530328,
           "auto_unstuck_wallet_exposure_threshold": 0.05588786625712122,
           "backwards_tp": false,
           "ddown_factor": 0.531933704803607,
           "ema_span_0": 956.2472341657475,
           "ema_span_1": 492.9909934680849,
           "enabled": false,
           "initial_eprice_ema_dist": 0.002434482300189472,
           "initial_qty_pct": 0.06425903324717071,
           "markup_range": 0.003541784852407188,
           "min_markup": 0.007835185368831776,
           "n_close_orders": 10,
           "rentry_pprice_dist": 0.03466219580987168,
           "rentry_pprice_dist_wallet_exposure_weighting": 9.948759840390554,
           "wallet_exposure_limit": 1.0}}