{"config_name": "clock_0days",
 "long": {"backwards_tp": true,
          "delay_between_fills_minutes_close": 500,
          "delay_between_fills_minutes_entry": 466.59019679659394,
          "delay_weight_close": 134.54836048965248,
          "delay_weight_entry": 35.41056771322404,
          "ema_dist_close": -0.0658467468792014,
          "ema_dist_entry": 0.01093652754158619,
          "ema_span_0": 328.5007511423124,
          "ema_span_1": 737.2453803963601,
          "enabled": true,
          "markup_range": 0.02927737932405623,
          "min_markup": 0.01,
          "n_close_orders": 7,
          "qty_pct_close": 0.013564500454607003,
          "qty_pct_entry": 0.012306236727489381,
          "wallet_exposure_limit": 0.3,
          "we_multiplier_close": 126.02728312789944,
          "we_multiplier_entry": 139.2698845927838},
 "short": {"backwards_tp": true,
           "delay_between_fills_minutes_close": 1039.1850895589503,
           "delay_between_fills_minutes_entry": 311.7610283735986,
           "delay_weight_close": 34.70034241739653,
           "delay_weight_entry": 84.85147684627272,
           "ema_dist_close": -0.030250470368646074,
           "ema_dist_entry": -0.022359975255490144,
           "ema_span_0": 241.74531987463516,
           "ema_span_1": 1207.0511276367106,
           "enabled": false,
           "markup_range": 0.0099990960974946,
           "min_markup": 0.008457021773939226,
           "n_close_orders": 7,
           "qty_pct_close": 0.06108216066318696,
           "qty_pct_entry": 0.06713526460814127,
           "wallet_exposure_limit": 1.0,
           "we_multiplier_close": 65.74863239213177,
           "we_multiplier_entry": 64.23365302932102}}