{"config_name": "clock_0days",
 "long": {"delay_between_fills_minutes_close": 498.9708297482164,
          "delay_between_fills_minutes_entry": 370.6789533984645,
          "delay_weight_close": 128.533159041293,
          "delay_weight_entry": 14.880424870041182,
          "ema_dist_lower": 0.00677842045612246,
          "ema_dist_upper": -0.0697774487247563,
          "ema_span_0": 925.1376141748877,
          "ema_span_1": 441.6376066257478,
          "enabled": true,
          "markup_range": 0.020805543977785987,
          "min_markup": 0.02999345351907464,
          "n_close_orders": 7,
          "qty_pct_close": 0.012427304543504587,
          "qty_pct_entry": 0.01784239962475074,
          "wallet_exposure_limit": 0.3,
          "we_multiplier_close": 95.79925278940388,
          "we_multiplier_entry": 79.62259766359945},
 "short": {"delay_between_fills_minutes_close": 798.2464164952502,
           "delay_between_fills_minutes_entry": 619.9717405866286,
           "delay_weight_close": 12.441334337296407,
           "delay_weight_entry": 10.367206489906282,
           "ema_dist_lower": 0.0002828480493013519,
           "ema_dist_upper": 0.015564201709037826,
           "ema_span_0": 1137.1933336757058,
           "ema_span_1": 201.61310384406926,
           "enabled": false,
           "markup_range": 0.02943155704521491,
           "min_markup": 0.0028423312698196623,
           "n_close_orders": 5,
           "qty_pct_close": 0.020236249003008144,
           "qty_pct_entry": 0.037003758686260324,
           "wallet_exposure_limit": 1.0,
           "we_multiplier_close": 9.050411199946458,
           "we_multiplier_entry": 60.47639621555076}}