{"config_name": "clock_0days",
 "long": {"delay_between_fills_minutes_close": 455.9080585461814,
          "delay_between_fills_minutes_entry": 311.24035700046556,
          "delay_weight_close": 127.08318702476733,
          "delay_weight_entry": 32.57038684457672,
          "ema_dist_lower": 0.00761740231466021,
          "ema_dist_upper": -0.041887486427984164,
          "ema_span_0": 105.93563367700466,
          "ema_span_1": 549.9540306187885,
          "enabled": true,
          "markup_range": 0.026043098642193386,
          "min_markup": 0.028538841471262313,
          "n_close_orders": 10,
          "qty_pct_close": 0.01098973453434441,
          "qty_pct_entry": 0.014419530865518077,
          "wallet_exposure_limit": 0.3,
          "we_multiplier_close": 91.94725444150198,
          "we_multiplier_entry": 77.77992519468577},
 "short": {"delay_between_fills_minutes_close": 65.04679708166648,
           "delay_between_fills_minutes_entry": 798.7605111760626,
           "delay_weight_close": 8.276923467059557,
           "delay_weight_entry": 11.535434073509013,
           "ema_dist_lower": 0.013042760332233101,
           "ema_dist_upper": 0.01901497527202825,
           "ema_span_0": 371.7315392651896,
           "ema_span_1": 336.6637360963244,
           "enabled": false,
           "markup_range": 0.05438053916501017,
           "min_markup": 0.044317344997383504,
           "n_close_orders": 2,
           "qty_pct_close": 0.05787262161945837,
           "qty_pct_entry": 0.07160310908730379,
           "wallet_exposure_limit": 1.0,
           "we_multiplier_close": 3.5597714350014287,
           "we_multiplier_entry": 13.771040391058747}}