{"config_name": "clock_0days",
 "long": {"backwards_tp": false,
          "delay_between_fills_minutes_close": 850.661956189206,
          "delay_between_fills_minutes_entry": 455.455757793427,
          "delay_weight_close": 81.01200188327962,
          "delay_weight_entry": 18.884250039075756,
          "ema_dist_close": -7.785590939462673e-05,
          "ema_dist_entry": -0.0029587929337055088,
          "ema_span_0": 626.5817460409719,
          "ema_span_1": 1364.9237998315093,
          "enabled": true,
          "markup_range": 0.03464216871238597,
          "min_markup": 0.005752297144992737,
          "n_close_orders": 12,
          "qty_pct_close": 0.0957190272984266,
          "qty_pct_entry": 0.01,
          "wallet_exposure_limit": 0.2,
          "we_multiplier_close": 0.24901961154081914,
          "we_multiplier_entry": 97.21306533782081},
 "short": {"backwards_tp": false,
           "delay_between_fills_minutes_close": 855.7784164275824,
           "delay_between_fills_minutes_entry": 437.2191558500513,
           "delay_weight_close": 53.66896251082207,
           "delay_weight_entry": 2.2008104691145447,
           "ema_dist_close": -0.026635253270873283,
           "ema_dist_entry": -0.010794438235216385,
           "ema_span_0": 1186.8885812266712,
           "ema_span_1": 1282.2905101095619,
           "enabled": false,
           "markup_range": 0.00914081630513103,
           "min_markup": 0.009146100915420119,
           "n_close_orders": 14,
           "qty_pct_close": 0.04216531746028803,
           "qty_pct_entry": 0.0398172854011707,
           "wallet_exposure_limit": 1.0,
           "we_multiplier_close": 19.2135518539683,
           "we_multiplier_entry": 97.15941574626797}}