{"config_name": "recursive_grid_0days",
 "logging_level": 0,
 "long": {"auto_unstuck_ema_dist": 0,
          "auto_unstuck_wallet_exposure_threshold": 0,
          "backwards_tp": false,
          "ddown_factor": 1.6876564034464814,
          "ema_span_0": 815.4620600742247,
          "ema_span_1": 763.5496979418116,
          "enabled": true,
          "initial_eprice_ema_dist": -0.1,
          "initial_qty_pct": 0.003187392257451289,
          "markup_range": 0.03550354868571362,
          "min_markup": 0.008645296066553917,
          "n_close_orders": 5,
          "rentry_pprice_dist": 0.03514624419368737,
          "rentry_pprice_dist_wallet_exposure_weighting": 0.0,
          "wallet_exposure_limit": 0.5},
 "short": {"auto_unstuck_ema_dist": 0.0717556139709091,
           "auto_unstuck_wallet_exposure_threshold": 0.013632169127010773,
           "backwards_tp": false,
           "ddown_factor": 0.8296802603900688,
           "ema_span_0": 1540.5374530919612,
           "ema_span_1": 4974.2972570410075,
           "enabled": false,
           "initial_eprice_ema_dist": -0.005432506005523807,
           "initial_qty_pct": 0.049153840115009395,
           "markup_range": 0.02535705114758361,
           "min_markup": 0.0065108742669022345,
           "n_close_orders": 15,
           "rentry_pprice_dist": 0.024252120371179155,
           "rentry_pprice_dist_wallet_exposure_weighting": 13.006019861431023,
           "wallet_exposure_limit": 0.1}}