{"config_name": "recursive_grid_0days",
 "logging_level": 0,
 "long": {"auto_unstuck_ema_dist": 0.0,
          "auto_unstuck_wallet_exposure_threshold": 0.0,
          "backwards_tp": false,
          "ddown_factor": 1.6738637057772467,
          "ema_span_0": 582.3202405813846,
          "ema_span_1": 577.6530347744126,
          "enabled": true,
          "initial_eprice_ema_dist": -0.10382114113246038,
          "initial_qty_pct": 0.0014818680592886464,
          "markup_range": 0.045295734801721214,
          "min_markup": 0.0022876829442896136,
          "n_close_orders": 6,
          "rentry_pprice_dist": 0.023689734171249012,
          "rentry_pprice_dist_wallet_exposure_weighting": 3.428201719713529,
          "wallet_exposure_limit": 0.2},
 "short": {"auto_unstuck_ema_dist": -0.014401325106968427,
           "auto_unstuck_wallet_exposure_threshold": 0.08083365615470461,
           "backwards_tp": false,
           "ddown_factor": 2.3606241235124448,
           "ema_span_0": 762.1916027475875,
           "ema_span_1": 648.8682271410688,
           "enabled": false,
           "initial_eprice_ema_dist": -0.08947178672231854,
           "initial_qty_pct": 0.05812593984931667,
           "markup_range": 0.05084853846045948,
           "min_markup": 0.007493025366151766,
           "n_close_orders": 16,
           "rentry_pprice_dist": 0.04083634439156722,
           "rentry_pprice_dist_wallet_exposure_weighting": 8.508201986636452,
           "wallet_exposure_limit": 1.0}}