{"config_name": "recursive_grid_0days",
 "logging_level": 0,
 "long": {"auto_unstuck_ema_dist": 0.0032922301642824086,
          "auto_unstuck_wallet_exposure_threshold": 0.06939530186898088,
          "backwards_tp": true,
          "ddown_factor": 2.2134121214176004,
          "ema_span_0": 704.7464287919083,
          "ema_span_1": 791.0671003998457,
          "enabled": true,
          "initial_eprice_ema_dist": -0.01777557238412001,
          "initial_qty_pct": 0.019461882402444237,
          "markup_range": 0.010004083710153815,
          "min_markup": 0.008349578196489387,
          "n_close_orders": 14,
          "rentry_pprice_dist": 0.04431539049658,
          "rentry_pprice_dist_wallet_exposure_weighting": 2.971691089738455,
          "wallet_exposure_limit": 0.3},
 "short": {"auto_unstuck_ema_dist": -0.05412166670850169,
           "auto_unstuck_wallet_exposure_threshold": 0.07193245925033029,
           "backwards_tp": true,
           "ddown_factor": 1.026624845642368,
           "ema_span_0": 296.1008076385646,
           "ema_span_1": 1329.4980760167766,
           "enabled": false,
           "initial_eprice_ema_dist": 0.005094852976296763,
           "initial_qty_pct": 0.041198746577696746,
           "markup_range": 0.026921771384543033,
           "min_markup": 0.004248601278236267,
           "n_close_orders": 15,
           "rentry_pprice_dist": 0.016888970155764967,
           "rentry_pprice_dist_wallet_exposure_weighting": 32.648697763368624,
           "wallet_exposure_limit": 1.0}}