{"config_name": "clock_0days",
 "long": {"delay_between_fills_minutes_close": 427.1180405103047,
          "delay_between_fills_minutes_entry": 348.9224099012902,
          "delay_weight_close": 128.28853562412138,
          "delay_weight_entry": 30.072163793088393,
          "ema_dist_lower": 0.007931830485140448,
          "ema_dist_upper": -0.0010502382197798872,
          "ema_span_0": 175.93909378425522,
          "ema_span_1": 178.82005485607408,
          "enabled": true,
          "markup_range": 0.026170699840430925,
          "min_markup": 0.027085895319174418,
          "n_close_orders": 10,
          "qty_pct_close": 0.01520949189310682,
          "qty_pct_entry": 0.014601135131184101,
          "wallet_exposure_limit": 0.3,
          "we_multiplier_close": 119.46022058944048,
          "we_multiplier_entry": 146.0491419284629},
 "short": {"delay_between_fills_minutes_close": 219.38176396933557,
           "delay_between_fills_minutes_entry": 623.7882212083015,
           "delay_weight_close": 10.357484628993976,
           "delay_weight_entry": 12.413429886636818,
           "ema_dist_lower": 0.00870581628068708,
           "ema_dist_upper": 0.001961687485476129,
           "ema_span_0": 1193.1715365568464,
           "ema_span_1": 992.0224833060635,
           "enabled": false,
           "markup_range": 0.031660369893126074,
           "min_markup": 0.09626180701911732,
           "n_close_orders": 12,
           "qty_pct_close": 0.0549255997117271,
           "qty_pct_entry": 0.03926804869653117,
           "wallet_exposure_limit": 1.0,
           "we_multiplier_close": 0.46602042277538946,
           "we_multiplier_entry": 5.355444750559247}}