{"config_name": "clock_0days",
 "long": {"backwards_tp": true,
          "delay_between_fills_minutes_close": 461.73702303444406,
          "delay_between_fills_minutes_entry": 405.2306346326466,
          "delay_weight_close": 44.41251635381282,
          "delay_weight_entry": 30.797521663610546,
          "ema_dist_close": -0.039537201071149414,
          "ema_dist_entry": 0.006357887919222094,
          "ema_span_0": 816.6906524283265,
          "ema_span_1": 259.78457188002216,
          "enabled": true,
          "markup_range": 0.05,
          "min_markup": 0.00798804700990119,
          "n_close_orders": 2,
          "qty_pct_close": 0.010220854854340336,
          "qty_pct_entry": 0.01235717948225912,
          "wallet_exposure_limit": 0.3,
          "we_multiplier_close": 121.95562855987845,
          "we_multiplier_entry": 93.88060260262301},
 "short": {"backwards_tp": true,
           "delay_between_fills_minutes_close": 309.15054608173136,
           "delay_between_fills_minutes_entry": 357.0836913330974,
           "delay_weight_close": 88.3606083772488,
           "delay_weight_entry": 91.94976706485687,
           "ema_dist_close": -0.5604801506766319,
           "ema_dist_entry": -0.06540144570467166,
           "ema_span_0": 441.7268586798186,
           "ema_span_1": 485.5672469569151,
           "enabled": false,
           "markup_range": 0.016203135802175896,
           "min_markup": 0.09822132853113685,
           "n_close_orders": 4,
           "qty_pct_close": 0.01,
           "qty_pct_entry": 0.01,
           "wallet_exposure_limit": 1.0,
           "we_multiplier_close": 23.660695310950906,
           "we_multiplier_entry": 51.702342960721026}}