{"config_name": "clock_0days",
 "long": {"backwards_tp": true,
          "delay_between_fills_minutes_close": 322.8995794346828,
          "delay_between_fills_minutes_entry": 411.80667103685334,
          "delay_weight_close": 84.28788481266974,
          "delay_weight_entry": 19.811474437573633,
          "ema_dist_close": -0.015663020445562115,
          "ema_dist_entry": -0.19850894181274273,
          "ema_span_0": 483.3158198081531,
          "ema_span_1": 664.5294182984844,
          "enabled": true,
          "markup_range": 0.013684162431805445,
          "min_markup": 0.007992250937815474,
          "n_close_orders": 4,
          "qty_pct_close": 0.015167804064862907,
          "qty_pct_entry": 0.01029201973016224,
          "wallet_exposure_limit": 0.3,
          "we_multiplier_close": 0,
          "we_multiplier_entry": 51.21011359989189},
 "short": {"backwards_tp": true,
           "delay_between_fills_minutes_close": 77.0164141869053,
           "delay_between_fills_minutes_entry": 948.9990794530248,
           "delay_weight_close": 32.3759175157813,
           "delay_weight_entry": 67.27406793427149,
           "ema_dist_close": -0.03534792127556129,
           "ema_dist_entry": -0.02116429401522546,
           "ema_span_0": 431.2504222654385,
           "ema_span_1": 948.5429770622425,
           "enabled": false,
           "markup_range": 0.01714187486047656,
           "min_markup": 0.029216246621123654,
           "n_close_orders": 16,
           "qty_pct_close": 0.8656515355479741,
           "qty_pct_entry": 0.4387751960687477,
           "wallet_exposure_limit": 1.0,
           "we_multiplier_close": 7.933292548444813,
           "we_multiplier_entry": 57.84091466168512}}