{"config_name": "recursive_grid_0days",
 "logging_level": 0,
 "long": {"auto_unstuck_ema_dist": 0,
          "auto_unstuck_wallet_exposure_threshold": 0.06286276253131247,
          "backwards_tp": true,
          "ddown_factor": 1.394571418210032,
          "ema_span_0": 285.31954750100033,
          "ema_span_1": 1124.0990741155917,
          "enabled": true,
          "initial_eprice_ema_dist": -0.006949277206020871,
          "initial_qty_pct": 0.015297768543988849,
          "markup_range": 0.0038481986077410425,
          "min_markup": 0.002046102005905323,
          "n_close_orders": 2,
          "rentry_pprice_dist": 0.02801580637727973,
          "rentry_pprice_dist_wallet_exposure_weighting": 0.0,
          "wallet_exposure_limit": 0.3},
 "short": {"auto_unstuck_ema_dist": -0.08199286622646854,
           "auto_unstuck_wallet_exposure_threshold": 0.07139967851820471,
           "backwards_tp": true,
           "ddown_factor": 2.822724178718193,
           "ema_span_0": 620.6462883892084,
           "ema_span_1": 1028.830094101797,
           "enabled": false,
           "initial_eprice_ema_dist": -0.08214321672402439,
           "initial_qty_pct": 0.021039170631074168,
           "markup_range": 0.02941640040117023,
           "min_markup": 0.007061255422420549,
           "n_close_orders": 11,
           "rentry_pprice_dist": 0.027948954101111558,
           "rentry_pprice_dist_wallet_exposure_weighting": 6.589472902135118,
           "wallet_exposure_limit": 1.0}}