{"config_name": "recursive_grid_0days",
 "logging_level": 0,
 "long": {"auto_unstuck_ema_dist": 0,
          "auto_unstuck_wallet_exposure_threshold": 0.05241917957813358,
          "backwards_tp": true,
          "ddown_factor": 1.581019037637292,
          "ema_span_0": 445.3299003840275,
          "ema_span_1": 1353.1947138491169,
          "enabled": true,
          "initial_eprice_ema_dist": 0.00677503915848373,
          "initial_qty_pct": 0.031749828389163105,
          "markup_range": 0.004252205829210152,
          "min_markup": 0.008244508404239046,
          "n_close_orders": 13,
          "rentry_pprice_dist": 0.03244428099719173,
          "rentry_pprice_dist_wallet_exposure_weighting": 2.2836896190109734,
          "wallet_exposure_limit": 0.3},
 "short": {"auto_unstuck_ema_dist": -0.03466217611069418,
           "auto_unstuck_wallet_exposure_threshold": 0.08196212152673607,
           "backwards_tp": true,
           "ddown_factor": 1.1877500431978745,
           "ema_span_0": 1080.979705681959,
           "ema_span_1": 923.3934139177449,
           "enabled": false,
           "initial_eprice_ema_dist": -0.08079394737687046,
           "initial_qty_pct": 0.06720864436355298,
           "markup_range": 0.05937771536539052,
           "min_markup": 0.0027534695004322396,
           "n_close_orders": 12,
           "rentry_pprice_dist": 0.013577266989899878,
           "rentry_pprice_dist_wallet_exposure_weighting": 19.30330378283702,
           "wallet_exposure_limit": 1.0}}