{"config_name": "emas_0days",
 "long": {"delay_between_fills_minutes_close": 500,
          "delay_between_fills_minutes_entry": 1.0,
          "delay_weight_close": 97.35223350071664,
          "delay_weight_entry": 29.066074302933448,
          "ema_dist_lower": -0.05611902304995352,
          "ema_dist_upper": 0.0057601715047346045,
          "ema_span_0": 17.57782324759334,
          "ema_span_1": 1496.813988177865,
          "enabled": true,
          "markup_range": 0.02163781632477616,
          "min_markup": 0.02,
          "n_close_orders": 5,
          "qty_pct_close": 0.0013257779775272662,
          "qty_pct_entry": 0.07300628964352662,
          "wallet_exposure_limit": 0.25,
          "we_multiplier_close": 2.461316203863778,
          "we_multiplier_entry": 137.21722980984413},
 "short": {"delay_between_fills_minutes_close": 1.0,
           "delay_between_fills_minutes_entry": 482.5062593761561,
           "delay_weight_close": 11.279048687431306,
           "delay_weight_entry": 13.910581236506061,
           "ema_dist_lower": 0.0033749062447928193,
           "ema_dist_upper": -0.023059189692098397,
           "ema_span_0": 10,
           "ema_span_1": 187.1472223501573,
           "enabled": true,
           "markup_range": 0.0255609425550218,
           "min_markup": 0.001,
           "n_close_orders": 3,
           "qty_pct_close": 0.03258430544663777,
           "qty_pct_entry": 0.007250163161461918,
           "wallet_exposure_limit": 0.1,
           "we_multiplier_close": 38.61430327582268,
           "we_multiplier_entry": 137.03776082387233}}