{"config_name": "clock_0days",
 "long": {"delay_between_fills_minutes_close": 445.7431139305298,
          "delay_between_fills_minutes_entry": 379.89423296805245,
          "delay_weight_close": 143.81843276375454,
          "delay_weight_entry": 28.61201877264018,
          "ema_dist_lower": 0.007805548107763346,
          "ema_dist_upper": -0.016083075885683473,
          "ema_span_0": 825.0549267579208,
          "ema_span_1": 710.1903930175533,
          "enabled": true,
          "markup_range": 0.01900183881656351,
          "min_markup": 0.018895306163815087,
          "n_close_orders": 6,
          "qty_pct_close": 0.01054703271818129,
          "qty_pct_entry": 0.013001811820395295,
          "wallet_exposure_limit": 0.3,
          "we_multiplier_close": 32.20608958506421,
          "we_multiplier_entry": 47.86910172967589},
 "short": {"delay_between_fills_minutes_close": 1339.742121600074,
           "delay_between_fills_minutes_entry": 1164.9961051621458,
           "delay_weight_close": 10.605214929136011,
           "delay_weight_entry": 16.445958738097065,
           "ema_dist_lower": 0.01830910651978015,
           "ema_dist_upper": 0.008763444044878341,
           "ema_span_0": 470.13977787296164,
           "ema_span_1": 2565.7341732443724,
           "enabled": false,
           "markup_range": 0.025472245325148402,
           "min_markup": 0.02740337647556962,
           "n_close_orders": 16,
           "qty_pct_close": 0.06982623718863576,
           "qty_pct_entry": 0.023516472326506728,
           "wallet_exposure_limit": 1.0,
           "we_multiplier_close": 1.930590867089944,
           "we_multiplier_entry": 5.036389252781523}}