{"config_name": "recursive_grid_0days",
 "logging_level": 0,
 "long": {"auto_unstuck_ema_dist": 0.0027819471944442544,
          "auto_unstuck_wallet_exposure_threshold": 0.013503675041085315,
          "backwards_tp": true,
          "ddown_factor": 2.2968959491237433,
          "ema_span_0": 507.3894892283877,
          "ema_span_1": 136.1597688669293,
          "enabled": true,
          "initial_eprice_ema_dist": -0.1,
          "initial_qty_pct": 0.004602263607396838,
          "markup_range": 0.01366953555893002,
          "min_markup": 0.0016120394022331504,
          "n_close_orders": 21,
          "rentry_pprice_dist": 0.034029929129641465,
          "rentry_pprice_dist_wallet_exposure_weighting": 0.0,
          "wallet_exposure_limit": 0.47383638996055477},
 "short": {"auto_unstuck_ema_dist": -0.06106051296374836,
           "auto_unstuck_wallet_exposure_threshold": 0.047613513639026564,
           "backwards_tp": true,
           "ddown_factor": 2.4237032128740967,
           "ema_span_0": 442.34466509538004,
           "ema_span_1": 491.6033727107975,
           "enabled": false,
           "initial_eprice_ema_dist": -0.009441269854589165,
           "initial_qty_pct": 0.010654997392734162,
           "markup_range": 0.010829913961992288,
           "min_markup": 0.006650608798733349,
           "n_close_orders": 13,
           "rentry_pprice_dist": 0.032691357635824494,
           "rentry_pprice_dist_wallet_exposure_weighting": 9.206860731394624,
           "wallet_exposure_limit": 1.0}}