{"config_name": "clock_0days",
 "long": {"backwards_tp": true,
          "delay_between_fills_minutes_close": 485.9308528684589,
          "delay_between_fills_minutes_entry": 427.41392983867064,
          "delay_weight_close": 124.42085266255741,
          "delay_weight_entry": 12.883884969586061,
          "ema_dist_close": 0.0018020007703485395,
          "ema_dist_entry": -0.36336331650409776,
          "ema_span_0": 893.9260995528116,
          "ema_span_1": 279.0577276783388,
          "enabled": true,
          "markup_range": 0.017501148557378443,
          "min_markup": 0.009766821328750409,
          "n_close_orders": 7,
          "qty_pct_close": 0.011389696254232915,
          "qty_pct_entry": 0.012647562428076598,
          "wallet_exposure_limit": 0.3,
          "we_multiplier_close": 137.69559852137334,
          "we_multiplier_entry": 59.92273579477957},
 "short": {"backwards_tp": true,
           "delay_between_fills_minutes_close": 72.52675986266253,
           "delay_between_fills_minutes_entry": 1121.9337398410225,
           "delay_weight_close": 62.41930542002885,
           "delay_weight_entry": 57.88743947926643,
           "ema_dist_close": -0.024796217482682008,
           "ema_dist_entry": -0.043596993764974855,
           "ema_span_0": 605.334639928876,
           "ema_span_1": 863.7535225543404,
           "enabled": false,
           "markup_range": 0.05505817163093414,
           "min_markup": 0.015627464190890075,
           "n_close_orders": 3,
           "qty_pct_close": 0.11903298498656537,
           "qty_pct_entry": 0.7014125039705463,
           "wallet_exposure_limit": 1.0,
           "we_multiplier_close": 6.9323300238138135,
           "we_multiplier_entry": 2.14895342881275}}