{"config_name": "emas_0days",
 "long": {"delay_between_fills_minutes_close": 396.62570181494664,
          "delay_between_fills_minutes_entry": 433.99358869603105,
          "delay_weight_close": 84.64768190616135,
          "delay_weight_entry": 22.625222393965288,
          "ema_dist_lower": 0.0010319450024521904,
          "ema_dist_upper": 0.01290115338899739,
          "ema_span_0": 1051.879582210071,
          "ema_span_1": 1724.154849461233,
          "enabled": true,
          "markup_range": 0.03,
          "min_markup": 0.02,
          "n_close_orders": 2,
          "qty_pct_close": 0.05825983856262501,
          "qty_pct_entry": 0.011743144662382311,
          "wallet_exposure_limit": 1,
          "we_multiplier_close": 30.39924329671565,
          "we_multiplier_entry": 11.125518030308891},
 "short": {"delay_between_fills_minutes_close": 126.64482011640243,
           "delay_between_fills_minutes_entry": 417.5177269710047,
           "delay_weight_close": 96.02367392973801,
           "delay_weight_entry": 130.40767078837195,
           "ema_dist_lower": 0.009479045129566028,
           "ema_dist_upper": 0.00912729444968376,
           "ema_span_0": 1480.0327244032178,
           "ema_span_1": 2987.2964502505756,
           "enabled": false,
           "markup_range": 0.021752986758076003,
           "min_markup": 0.009457212820942563,
           "n_close_orders": 3,
           "qty_pct_close": 0.027952121508250553,
           "qty_pct_entry": 0.04325441576267982,
           "wallet_exposure_limit": 1.0,
           "we_multiplier_close": 39.73465717367929,
           "we_multiplier_entry": 67.35860455731894}}