{"config_name": "recursive_grid_0days",
 "logging_level": 0,
 "long": {"auto_unstuck_ema_dist": 0,
          "auto_unstuck_wallet_exposure_threshold": 0.0,
          "backwards_tp": false,
          "ddown_factor": 3.614948107226614,
          "ema_span_0": 101.42486763292878,
          "ema_span_1": 414.52316623537945,
          "enabled": true,
          "initial_eprice_ema_dist": -0.17566822164127283,
          "initial_qty_pct": 0.0007195484218880011,
          "markup_range": 0.014384526693200731,
          "min_markup": 0.010261879449020853,
          "n_close_orders": 4,
          "rentry_pprice_dist": 0.03263115048505217,
          "rentry_pprice_dist_wallet_exposure_weighting": 3.6788317942501743,
          "wallet_exposure_limit": 0.2},
 "short": {"auto_unstuck_ema_dist": -0.03243688637855753,
           "auto_unstuck_wallet_exposure_threshold": 0.04548429861602028,
           "backwards_tp": false,
           "ddown_factor": 2.062809036440788,
           "ema_span_0": 1049.319183569016,
           "ema_span_1": 363.35570006307734,
           "enabled": false,
           "initial_eprice_ema_dist": -0.04473554736314988,
           "initial_qty_pct": 0.08189609715884102,
           "markup_range": 0.03282798066270365,
           "min_markup": 0.004178922292331756,
           "n_close_orders": 3,
           "rentry_pprice_dist": 0.044611526965011014,
           "rentry_pprice_dist_wallet_exposure_weighting": 12.294374667540842,
           "wallet_exposure_limit": 1.0}}