{"config_name": "recursive_grid_0days",
 "logging_level": 0,
 "long": {"auto_unstuck_ema_dist": 0.0,
          "auto_unstuck_wallet_exposure_threshold": 0.0,
          "backwards_tp": true,
          "ddown_factor": 0.5205735914296421,
          "ema_span_0": 815.4470037391275,
          "ema_span_1": 935.9538728938153,
          "enabled": true,
          "initial_eprice_ema_dist": -0.06921116792530907,
          "initial_qty_pct": 0.012058326485445787,
          "markup_range": 0.004138989780422788,
          "min_markup": 0.002926872512414821,
          "n_close_orders": 11,
          "rentry_pprice_dist": 0.03981882208659449,
          "rentry_pprice_dist_wallet_exposure_weighting": 4.708686696733437,
          "wallet_exposure_limit": 0.1},
 "short": {"auto_unstuck_ema_dist": 0.07833274475185766,
           "auto_unstuck_wallet_exposure_threshold": 0.03367731212726129,
           "backwards_tp": true,
           "ddown_factor": 2.245294768235037,
           "ema_span_0": 3851.017767027069,
           "ema_span_1": 8656.160759474978,
           "enabled": false,
           "initial_eprice_ema_dist": -0.009174235632368858,
           "initial_qty_pct": 0.015,
           "markup_range": 0.014130179945484699,
           "min_markup": 0.00279326583822861,
           "n_close_orders": 8,
           "rentry_pprice_dist": 0.027942941498164942,
           "rentry_pprice_dist_wallet_exposure_weighting": 60.35961058626824,
           "wallet_exposure_limit": 0.1}}