{"config_name": "recursive_grid_0days",
 "logging_level": 0,
 "long": {"auto_unstuck_ema_dist": 0.0002727490112488336,
          "auto_unstuck_wallet_exposure_threshold": 0.09135628079802054,
          "backwards_tp": true,
          "ddown_factor": 2.4949222896372123,
          "ema_span_0": 467.4039581518221,
          "ema_span_1": 265.4386452548383,
          "enabled": true,
          "initial_eprice_ema_dist": 0.011260545589274747,
          "initial_qty_pct": 0.03203391163872049,
          "markup_range": 0.003534651102704989,
          "min_markup": 0.007414952935652534,
          "n_close_orders": 15,
          "rentry_pprice_dist": 0.04000356356303103,
          "rentry_pprice_dist_wallet_exposure_weighting": 2.9096665911876842,
          "wallet_exposure_limit": 0.3},
 "short": {"auto_unstuck_ema_dist": -0.09997773254194257,
           "auto_unstuck_wallet_exposure_threshold": 0.07678244145171939,
           "backwards_tp": true,
           "ddown_factor": 1.747792759026871,
           "ema_span_0": 225.4387601553048,
           "ema_span_1": 918.5166479874346,
           "enabled": false,
           "initial_eprice_ema_dist": -0.08046721329940401,
           "initial_qty_pct": 0.01779164987226573,
           "markup_range": 0.043547402867943986,
           "min_markup": 0.008068539633793675,
           "n_close_orders": 3,
           "rentry_pprice_dist": 0.006290432881113608,
           "rentry_pprice_dist_wallet_exposure_weighting": 26.31407561965623,
           "wallet_exposure_limit": 1.0}}